id_venta,id_producto,cantidad,precio_unitario
1,P01,1,3000
1,P02,1,5000
2,P06,1,11000
2,P01,2,3000
3,P07,1,6000
4,P06,1,11000
5,P01,2,3000
5,P06,1,11000
6,P01,1,3000
6,P08,1,8000
7,P01,1,3000
8,P07,1,6000
8,P03,1,8500
9,P03,1,8500
9,P06,1,11000
10,P06,1,11000
10,P07,1,6000
11,P03,1,8500
11,P01,1,3000
12,P01,1,3000
13,P03,1,8500
13,P02,2,5000
13,P01,1,3000
14,P07,1,6000
14,P06,1,11000
15,P06,1,11000
15,P03,1,8500
16,P02,1,5000
17,P08,1,8000
17,P04,3,9000
18,P07,2,6000
19,P07,1,6000
20,P05,1,7500
21,P08,1,8000
22,P03,1,8500
22,P06,1,11000
23,P04,1,9000
24,P03,1,8500
25,P01,1,3000
26,P01,1,3000
26,P07,1,6000
27,P01,1,3000
28,P04,1,9000
29,P02,1,5000
29,P07,1,6000
29,P03,1,8500
30,P04,2,9000
30,P08,1,8000
31,P05,2,7500
31,P01,1,3000
32,P03,1,8500
33,P05,1,7500
34,P01,1,3000
35,P06,1,11000
36,P05,1,7500
37,P08,3,8000
37,P07,2,6000
38,P05,2,7500
38,P02,1,5000
38,P06,2,11000
39,P06,2,11000
40,P07,1,6000
40,P08,1,8000
40,P06,1,11000
41,P03,1,8500
42,P02,1,5000
43,P07,1,6000
43,P03,2,8500
44,P08,1,8000
45,P07,1,6000
45,P02,1,5000
46,P06,2,11000
47,P06,1,11000
47,P02,1,5000
48,P04,1,9000
49,P01,1,3000
49,P03,1,8500
50,P07,2,6000
51,P01,1,3000
51,P07,1,6000
52,P01,1,3000
53,P04,1,9000
53,P08,1,8000
53,P06,1,11000
54,P01,1,3000
55,P01,1,3000
56,P05,1,7500
57,P07,1,6000
58,P03,1,8500
58,P07,2,6000
59,P07,1,6000
60,P01,1,3000
60,P06,1,11000
61,P03,1,8500
62,P06,1,11000
62,P03,2,8500
63,P04,1,9000
64,P02,1,5000
65,P03,1,8500
66,P01,1,3000
67,P01,1,3000
68,P02,1,5000
68,P05,1,7500
69,P08,1,8000
69,P01,1,3000
70,P07,1,6000
70,P06,1,11000
71,P01,2,3000
71,P07,1,6000
71,P03,1,8500
72,P02,2,5000
72,P07,1,6000
73,P01,3,3000
73,P04,2,9000
74,P07,1,6000
75,P01,1,3000
76,P08,1,8000
77,P02,1,5000
78,P02,1,5000
79,P07,1,6000
80,P08,1,8000
81,P02,1,5000
82,P04,1,9000
82,P01,1,3000
82,P07,1,6000
83,P07,1,6000
83,P01,1,3000
84,P01,2,3000
85,P01,1,3000
86,P06,1,11000
87,P06,1,11000
87,P07,1,6000
88,P03,1,8500
88,P08,2,8000
88,P04,1,9000
89,P03,2,8500
90,P01,1,3000
91,P02,1,5000
91,P01,1,3000
92,P03,1,8500
92,P02,1,5000
93,P02,1,5000
93,P07,1,6000
94,P04,1,9000
95,P07,1,6000
96,P03,1,8500
97,P02,1,5000
98,P05,1,7500
99,P03,1,8500
99,P01,1,3000
100,P04,1,9000
100,P07,1,6000
101,P07,1,6000
101,P04,1,9000
102,P01,1,3000
103,P03,1,8500
103,P01,1,3000
104,P03,2,8500
104,P07,1,6000
105,P01,1,3000
105,P05,1,7500
105,P07,1,6000
106,P01,1,3000
106,P07,1,6000
107,P07,1,6000
108,P03,1,8500
108,P02,1,5000
109,P05,1,7500
110,P04,1,9000
110,P03,1,8500
111,P01,1,3000
111,P02,1,5000
112,P01,2,3000
112,P05,2,7500
113,P03,2,8500
114,P05,1,7500
115,P03,2,8500
115,P02,1,5000
116,P07,1,6000
117,P01,1,3000
118,P06,1,11000
119,P06,1,11000
120,P02,1,5000
120,P05,1,7500
121,P04,2,9000
121,P07,1,6000
122,P01,3,3000
122,P04,1,9000
123,P05,1,7500
123,P02,1,5000
123,P03,1,8500
124,P03,1,8500
124,P01,1,3000
124,P02,1,5000
125,P04,3,9000
125,P07,1,6000
125,P01,1,3000
126,P02,1,5000
126,P04,1,9000
127,P07,1,6000
128,P03,2,8500
129,P01,3,3000
130,P04,1,9000
131,P07,3,6000
131,P01,2,3000
132,P01,3,3000
133,P04,1,9000
134,P01,1,3000
135,P03,1,8500
135,P05,1,7500
135,P01,1,3000
136,P08,1,8000
136,P03,2,8500
137,P04,1,9000
138,P07,2,6000
139,P07,1,6000
139,P03,1,8500
140,P03,1,8500
140,P02,1,5000
140,P05,2,7500
141,P08,2,8000
141,P03,1,8500
141,P07,1,6000
142,P06,1,11000
143,P01,1,3000
144,P05,1,7500
145,P03,2,8500
145,P08,2,8000
146,P07,1,6000
146,P05,1,7500
147,P03,2,8500
148,P08,1,8000
148,P03,1,8500
149,P04,1,9000
150,P05,1,7500
150,P01,1,3000
151,P07,1,6000
152,P03,1,8500
153,P03,1,8500
153,P05,1,7500
153,P01,1,3000
154,P05,1,7500
154,P07,1,6000
154,P04,1,9000
155,P03,1,8500
155,P04,1,9000
156,P05,2,7500
157,P03,1,8500
158,P05,1,7500
159,P02,1,5000
159,P07,2,6000
159,P04,3,9000
160,P07,1,6000
161,P03,2,8500
162,P07,1,6000
163,P03,1,8500
163,P01,1,3000
163,P02,1,5000
164,P04,1,9000
165,P01,1,3000
165,P02,1,5000
166,P03,1,8500
167,P08,1,8000
167,P07,1,6000
168,P02,1,5000
169,P03,3,8500
170,P05,1,7500
171,P03,1,8500
171,P01,1,3000
172,P08,1,8000
173,P03,1,8500
173,P05,1,7500
173,P01,1,3000
174,P03,1,8500
174,P07,2,6000
175,P01,1,3000
175,P03,1,8500
176,P05,1,7500
176,P04,1,9000
176,P07,1,6000
177,P07,1,6000
177,P04,1,9000
177,P02,1,5000
178,P01,1,3000
178,P04,1,9000
179,P02,2,5000
180,P02,1,5000
181,P03,1,8500
181,P04,1,9000
182,P03,1,8500
183,P04,1,9000
184,P03,2,8500
184,P02,1,5000
184,P04,1,9000
185,P04,1,9000
186,P04,1,9000
187,P04,1,9000
187,P05,1,7500
187,P02,1,5000
188,P05,1,7500
189,P08,1,8000
189,P02,1,5000
190,P02,1,5000
190,P01,1,3000
191,P03,3,8500
191,P01,1,3000
192,P02,1,5000
193,P08,1,8000
193,P01,1,3000
193,P02,2,5000
194,P02,1,5000
195,P01,1,3000
196,P03,1,8500
196,P01,1,3000
197,P03,1,8500
198,P07,1,6000
198,P05,1,7500
199,P08,1,8000
199,P01,1,3000
199,P05,2,7500
200,P05,1,7500
200,P07,3,6000
200,P03,1,8500
201,P01,2,3000
201,P03,2,8500
202,P01,1,3000
203,P07,1,6000
204,P04,2,9000
205,P05,1,7500
206,P05,1,7500
206,P03,1,8500
207,P05,1,7500
208,P03,1,8500
209,P08,1,8000
210,P01,1,3000
210,P03,1,8500
211,P01,1,3000
211,P07,1,6000
211,P03,1,8500
212,P07,3,6000
213,P03,3,8500
214,P01,1,3000
215,P03,2,8500
215,P07,1,6000
216,P07,2,6000
217,P07,1,6000
218,P04,1,9000
218,P07,1,6000
219,P07,2,6000
219,P02,1,5000
219,P01,1,3000
220,P01,1,3000
221,P08,1,8000
222,P01,1,3000
222,P07,1,6000
223,P03,1,8500
224,P07,2,6000
224,P04,1,9000
225,P07,1,6000
226,P04,1,9000
227,P02,3,5000
228,P05,1,7500
228,P07,3,6000
228,P02,1,5000
229,P08,1,8000
229,P07,1,6000
229,P03,1,8500
230,P07,1,6000
231,P04,1,9000
231,P07,1,6000
232,P01,1,3000
233,P03,1,8500
234,P05,2,7500
235,P01,1,3000
236,P08,1,8000
236,P07,2,6000
237,P04,1,9000
237,P08,3,8000
238,P07,1,6000
239,P03,1,8500
239,P07,1,6000
240,P04,1,9000
241,P03,1,8500
241,P05,2,7500
242,P06,3,11000
242,P04,1,9000
242,P03,1,8500
243,P04,1,9000
244,P08,1,8000
245,P02,2,5000
246,P02,1,5000
246,P01,2,3000
247,P01,2,3000
248,P02,1,5000
249,P02,1,5000
249,P06,1,11000
250,P03,1,8500
251,P01,1,3000
251,P08,1,8000
251,P07,2,6000
252,P01,1,3000
253,P02,1,5000
254,P05,1,7500
255,P04,1,9000
256,P05,1,7500
256,P02,1,5000
257,P07,1,6000
257,P03,1,8500
258,P04,3,9000
259,P01,1,3000
260,P02,2,5000
261,P08,1,8000
262,P02,1,5000
263,P04,1,9000
264,P04,1,9000
265,P07,1,6000
266,P02,1,5000
266,P01,1,3000
266,P04,2,9000
267,P06,1,11000
267,P03,1,8500
267,P02,2,5000
268,P03,1,8500
269,P07,1,6000
270,P08,2,8000
270,P03,1,8500
271,P03,1,8500
271,P05,1,7500
272,P02,1,5000
273,P08,1,8000
273,P06,1,11000
273,P02,1,5000
274,P01,1,3000
275,P01,2,3000
275,P06,1,11000
275,P03,1,8500
276,P01,1,3000
277,P02,1,5000
278,P01,2,3000
278,P03,1,8500
279,P06,3,11000
280,P06,1,11000
280,P01,2,3000
280,P05,1,7500
281,P07,1,6000
281,P05,1,7500
282,P03,1,8500
282,P07,1,6000
282,P06,1,11000
283,P03,3,8500
283,P05,1,7500
284,P01,1,3000
285,P05,1,7500
285,P07,1,6000
285,P03,1,8500
286,P02,1,5000
286,P07,1,6000
287,P03,1,8500
287,P07,1,6000
288,P01,1,3000
289,P03,1,8500
289,P06,1,11000
290,P06,1,11000
290,P01,1,3000
291,P03,1,8500
292,P05,1,7500
292,P08,2,8000
293,P01,1,3000
294,P03,1,8500
295,P01,1,3000
296,P01,1,3000
297,P03,1,8500
297,P07,1,6000
297,P02,1,5000
298,P02,1,5000
299,P04,1,9000
300,P01,1,3000
300,P04,2,9000
301,P03,1,8500
301,P04,1,9000
302,P05,3,7500
302,P03,1,8500
302,P08,1,8000
303,P03,3,8500
303,P05,1,7500
304,P04,1,9000
305,P08,1,8000
305,P03,1,8500
306,P02,1,5000
307,P02,1,5000
307,P04,3,9000
308,P06,2,11000
308,P07,1,6000
309,P07,1,6000
309,P01,1,3000
310,P03,3,8500
310,P07,1,6000
311,P04,1,9000
311,P01,1,3000
311,P08,1,8000
312,P05,1,7500
313,P07,1,6000
314,P02,1,5000
314,P07,2,6000
315,P02,1,5000
315,P01,1,3000
316,P04,1,9000
317,P03,1,8500
318,P04,2,9000
319,P08,2,8000
320,P07,1,6000
320,P04,2,9000
320,P03,1,8500
321,P01,1,3000
322,P03,1,8500
322,P02,2,5000
323,P04,1,9000
323,P06,1,11000
323,P01,1,3000
324,P07,3,6000
325,P01,2,3000
326,P02,1,5000
326,P03,1,8500
327,P01,1,3000
328,P02,1,5000
328,P03,1,8500
329,P07,1,6000
330,P01,1,3000
331,P03,1,8500
332,P05,1,7500
333,P02,1,5000
334,P05,1,7500
335,P01,1,3000
336,P01,2,3000
337,P03,1,8500
337,P04,1,9000
337,P05,2,7500
338,P02,1,5000
338,P06,1,11000
339,P02,1,5000
339,P01,1,3000
339,P04,1,9000
340,P04,1,9000
341,P03,1,8500
341,P06,1,11000
341,P01,2,3000
342,P07,1,6000
342,P04,1,9000
343,P08,1,8000
344,P03,1,8500
344,P01,1,3000
344,P08,1,8000
345,P02,2,5000
346,P07,1,6000
346,P01,1,3000
347,P02,2,5000
347,P04,1,9000
348,P01,1,3000
348,P08,1,8000
349,P06,2,11000
350,P07,1,6000
350,P04,1,9000
351,P01,1,3000
351,P08,1,8000
352,P05,2,7500
352,P04,1,9000
353,P06,1,11000
353,P07,2,6000
353,P04,2,9000
354,P02,1,5000
355,P01,1,3000
355,P07,1,6000
356,P07,1,6000
357,P03,1,8500
357,P07,1,6000
358,P04,1,9000
359,P07,1,6000
360,P03,1,8500
361,P03,2,8500
361,P06,1,11000
362,P04,1,9000
363,P07,1,6000
363,P03,1,8500
364,P01,3,3000
365,P07,1,6000
366,P01,1,3000
366,P03,1,8500
367,P01,1,3000
368,P03,1,8500
368,P05,1,7500
369,P02,2,5000
370,P05,1,7500
371,P07,2,6000
371,P04,1,9000
372,P07,1,6000
373,P05,1,7500
374,P05,1,7500
375,P01,1,3000
375,P07,1,6000
375,P03,1,8500
376,P06,1,11000
376,P07,1,6000
377,P03,1,8500
378,P01,1,3000
378,P02,1,5000
379,P07,1,6000
379,P05,3,7500
380,P01,1,3000
381,P07,1,6000
381,P08,1,8000
381,P03,1,8500
382,P04,1,9000
382,P07,2,6000
383,P06,1,11000
384,P05,1,7500
384,P01,1,3000
385,P03,1,8500
386,P07,1,6000
386,P03,1,8500
387,P08,2,8000
388,P07,1,6000
388,P05,1,7500
389,P05,2,7500
390,P07,1,6000
391,P01,1,3000
391,P05,2,7500
392,P02,1,5000
393,P08,1,8000
394,P06,1,11000
394,P01,1,3000
394,P05,2,7500
395,P03,3,8500
396,P07,2,6000
396,P08,1,8000
397,P01,1,3000
398,P07,1,6000
399,P01,1,3000
399,P04,1,9000
400,P04,1,9000
400,P02,1,5000
401,P04,2,9000
402,P08,1,8000
402,P02,2,5000
403,P06,1,11000
403,P03,2,8500
404,P07,1,6000
404,P05,1,7500
405,P01,1,3000
405,P07,1,6000
405,P02,2,5000
406,P03,1,8500
407,P07,2,6000
407,P04,2,9000
408,P04,2,9000
408,P01,1,3000
409,P02,1,5000
410,P02,3,5000
411,P07,1,6000
412,P07,1,6000
413,P06,1,11000
414,P04,3,9000
415,P02,1,5000
415,P07,1,6000
416,P02,1,5000
416,P06,1,11000
417,P02,1,5000
418,P07,1,6000
419,P04,1,9000
420,P03,1,8500
421,P05,1,7500
422,P02,2,5000
422,P05,2,7500
423,P01,1,3000
424,P02,3,5000
424,P01,1,3000
425,P05,1,7500
426,P06,1,11000
426,P01,1,3000
426,P07,1,6000
427,P01,1,3000
427,P08,2,8000
428,P02,1,5000
428,P03,2,8500
429,P01,2,3000
429,P05,1,7500
430,P07,1,6000
430,P04,1,9000
430,P03,1,8500
431,P06,1,11000
432,P01,1,3000
433,P07,1,6000
434,P08,1,8000
435,P03,2,8500
435,P04,3,9000
436,P03,1,8500
437,P07,1,6000
437,P02,1,5000
438,P02,1,5000
439,P07,1,6000
440,P01,1,3000
441,P04,2,9000
441,P03,1,8500
441,P07,1,6000
442,P04,2,9000
443,P04,1,9000
443,P02,1,5000
444,P07,2,6000
444,P04,2,9000
445,P05,1,7500
446,P02,1,5000
447,P01,1,3000
447,P07,1,6000
448,P08,1,8000
449,P04,1,9000
450,P07,1,6000
451,P01,1,3000
452,P01,2,3000
452,P06,1,11000
453,P08,1,8000
454,P07,1,6000
455,P04,1,9000
455,P08,1,8000
455,P03,1,8500
456,P07,2,6000
457,P02,1,5000
458,P07,1,6000
458,P08,1,8000
459,P08,2,8000
459,P07,1,6000
460,P01,3,3000
460,P03,2,8500
461,P07,1,6000
461,P03,3,8500
462,P02,1,5000
463,P04,1,9000
463,P05,1,7500
463,P07,1,6000
464,P02,2,5000
465,P06,1,11000
466,P03,1,8500
466,P07,1,6000
466,P04,1,9000
467,P07,1,6000
467,P03,1,8500
468,P07,2,6000
469,P01,1,3000
470,P08,1,8000
470,P04,2,9000
470,P02,1,5000
471,P05,1,7500
472,P02,1,5000
473,P04,1,9000
474,P02,2,5000
474,P04,1,9000
474,P03,1,8500
475,P03,1,8500
476,P05,2,7500
476,P07,1,6000
476,P03,3,8500
477,P06,1,11000
478,P02,1,5000
479,P07,1,6000
479,P04,1,9000
479,P08,1,8000
480,P04,1,9000
481,P02,1,5000
481,P04,1,9000
482,P08,1,8000
482,P04,2,9000
483,P04,1,9000
483,P07,1,6000
483,P03,1,8500
484,P07,1,6000
485,P02,1,5000
486,P05,1,7500
486,P01,1,3000
487,P07,2,6000
487,P03,1,8500
488,P07,2,6000
488,P01,1,3000
489,P05,3,7500
489,P07,1,6000
490,P02,1,5000
491,P01,1,3000
491,P03,1,8500
491,P08,1,8000
492,P04,1,9000
493,P02,1,5000
493,P05,1,7500
494,P07,1,6000
495,P07,1,6000
496,P08,1,8000
496,P03,2,8500
497,P08,1,8000
497,P02,2,5000
497,P07,1,6000
498,P01,1,3000
498,P03,1,8500
499,P02,1,5000
500,P05,2,7500
501,P05,1,7500
501,P04,1,9000
502,P03,2,8500
503,P02,1,5000
503,P04,2,9000
504,P01,1,3000
504,P05,1,7500
505,P07,1,6000
506,P08,1,8000
506,P02,1,5000
507,P08,2,8000
508,P02,1,5000
508,P07,1,6000
509,P08,1,8000
509,P02,1,5000
510,P04,1,9000
511,P03,1,8500
511,P06,1,11000
512,P05,1,7500
512,P07,1,6000
513,P03,1,8500
514,P06,1,11000
514,P03,1,8500
514,P07,1,6000
515,P03,2,8500
515,P02,1,5000
516,P04,3,9000
517,P03,3,8500
518,P04,1,9000
519,P03,2,8500
519,P04,1,9000
520,P02,3,5000
520,P03,1,8500
520,P08,1,8000
521,P03,1,8500
521,P01,1,3000
522,P03,1,8500
523,P04,1,9000
523,P03,1,8500
524,P07,2,6000
524,P01,1,3000
525,P01,2,3000
525,P07,1,6000
526,P07,1,6000
527,P03,2,8500
528,P07,1,6000
528,P04,1,9000
528,P01,1,3000
529,P03,1,8500
530,P01,1,3000
531,P02,1,5000
532,P07,1,6000
532,P03,1,8500
532,P01,1,3000
533,P07,1,6000
533,P05,1,7500
533,P04,1,9000
534,P07,1,6000
535,P02,1,5000
535,P03,3,8500
536,P01,1,3000
537,P01,1,3000
538,P03,1,8500
538,P01,2,3000
539,P01,1,3000
540,P02,1,5000
540,P03,1,8500
541,P05,1,7500
542,P01,1,3000
543,P05,2,7500
544,P08,1,8000
545,P07,1,6000
545,P01,1,3000
546,P07,1,6000
546,P05,1,7500
546,P01,1,3000
547,P03,2,8500
548,P02,1,5000
549,P08,1,8000
550,P02,1,5000
551,P04,1,9000
552,P01,2,3000
553,P02,1,5000
554,P04,1,9000
554,P02,1,5000
554,P07,1,6000
555,P04,1,9000
556,P02,1,5000
557,P01,1,3000
558,P05,1,7500
558,P04,1,9000
559,P04,1,9000
559,P07,1,6000
560,P01,2,3000
561,P01,2,3000
561,P07,2,6000
562,P06,1,11000
563,P02,1,5000
564,P08,1,8000
565,P01,2,3000
565,P06,2,11000
566,P08,1,8000
566,P04,1,9000
566,P03,1,8500
567,P04,2,9000
567,P01,1,3000
568,P05,1,7500
569,P03,1,8500
570,P06,1,11000
571,P07,1,6000
572,P08,1,8000
572,P07,1,6000
572,P03,2,8500
573,P08,1,8000
573,P07,1,6000
574,P01,2,3000
574,P02,2,5000
575,P03,1,8500
575,P05,1,7500
576,P01,1,3000
577,P05,2,7500
578,P08,1,8000
579,P02,1,5000
579,P01,1,3000
580,P02,3,5000
581,P01,1,3000
581,P07,1,6000
581,P05,1,7500
582,P03,1,8500
583,P01,2,3000
583,P04,1,9000
584,P07,1,6000
585,P03,1,8500
585,P01,2,3000
586,P04,1,9000
587,P02,1,5000
587,P01,1,3000
588,P03,1,8500
588,P01,1,3000
589,P03,1,8500
590,P01,1,3000
591,P07,1,6000
592,P07,1,6000
593,P07,1,6000
593,P02,1,5000
594,P07,1,6000
595,P01,1,3000
595,P02,1,5000
596,P08,1,8000
597,P01,1,3000
597,P05,1,7500
598,P07,2,6000
598,P05,1,7500
599,P03,1,8500
599,P01,1,3000
599,P06,1,11000
600,P01,1,3000
600,P07,1,6000
600,P05,1,7500
601,P02,1,5000
602,P02,1,5000
603,P01,1,3000
603,P05,1,7500
604,P02,1,5000
605,P04,1,9000
606,P03,1,8500
606,P07,1,6000
607,P08,1,8000
607,P07,1,6000
608,P03,2,8500
609,P01,1,3000
609,P04,1,9000
609,P02,1,5000
610,P05,2,7500
611,P08,1,8000
611,P01,3,3000
611,P03,1,8500
612,P02,1,5000
612,P01,1,3000
613,P02,1,5000
613,P03,2,8500
614,P04,1,9000
614,P01,2,3000
615,P02,1,5000
615,P01,2,3000
616,P01,2,3000
617,P03,1,8500
617,P07,1,6000
618,P01,2,3000
619,P02,1,5000
620,P01,1,3000
620,P07,1,6000
621,P07,1,6000
622,P03,2,8500
622,P07,1,6000
623,P03,1,8500
624,P04,1,9000
625,P04,1,9000
626,P01,1,3000
626,P07,1,6000
626,P03,1,8500
627,P05,1,7500
628,P01,1,3000
629,P08,1,8000
629,P01,1,3000
630,P03,1,8500
631,P07,1,6000
631,P03,1,8500
632,P03,1,8500
633,P08,1,8000
633,P07,2,6000
634,P01,1,3000
635,P01,1,3000
635,P07,2,6000
635,P04,3,9000
636,P08,1,8000
636,P01,3,3000
637,P04,1,9000
637,P05,1,7500
638,P07,2,6000
638,P05,1,7500
639,P07,2,6000
639,P02,1,5000
640,P01,2,3000
641,P01,1,3000
642,P04,1,9000
643,P05,1,7500
644,P07,1,6000
645,P03,1,8500
645,P01,1,3000
646,P07,1,6000
646,P01,1,3000
647,P01,1,3000
648,P03,1,8500
649,P08,1,8000
650,P07,2,6000
650,P03,1,8500
651,P02,1,5000
651,P03,1,8500
651,P04,1,9000
652,P04,3,9000
653,P01,2,3000
654,P02,2,5000
655,P02,1,5000
656,P07,2,6000
656,P05,1,7500
657,P03,2,8500
658,P04,1,9000
658,P01,2,3000
658,P07,1,6000
659,P08,1,8000
659,P05,1,7500
660,P01,1,3000
660,P02,2,5000
661,P07,3,6000
662,P01,1,3000
663,P07,1,6000
664,P03,1,8500
665,P01,1,3000
665,P03,1,8500
666,P08,1,8000
667,P08,1,8000
668,P01,1,3000
668,P03,3,8500
669,P07,1,6000
670,P02,1,5000
670,P01,2,3000
671,P03,1,8500
671,P02,1,5000
672,P04,1,9000
673,P02,1,5000
674,P01,1,3000
675,P01,1,3000
676,P02,1,5000
676,P03,1,8500
677,P05,1,7500
677,P07,1,6000
678,P04,1,9000
679,P01,1,3000
679,P05,1,7500
680,P05,1,7500
681,P01,1,3000
681,P08,1,8000
682,P03,1,8500
682,P01,1,3000
683,P05,1,7500
684,P01,2,3000
685,P01,1,3000
686,P03,2,8500
687,P01,1,3000
687,P07,1,6000
688,P05,1,7500
688,P04,2,9000
689,P04,2,9000
689,P01,1,3000
690,P02,1,5000
690,P08,2,8000
691,P03,1,8500
691,P07,1,6000
691,P04,1,9000
692,P02,2,5000
692,P01,1,3000
692,P04,2,9000
693,P04,1,9000
693,P08,2,8000
694,P02,1,5000
694,P03,1,8500
695,P07,2,6000
695,P03,1,8500
695,P02,1,5000
696,P08,1,8000
696,P05,1,7500
697,P04,1,9000
698,P02,1,5000
698,P01,1,3000
698,P05,2,7500
699,P07,1,6000
700,P01,1,3000
701,P07,1,6000
701,P02,2,5000
701,P04,1,9000
702,P03,1,8500
703,P07,1,6000
703,P01,2,3000
703,P03,1,8500
704,P05,1,7500
704,P04,1,9000
704,P02,1,5000
705,P02,1,5000
706,P03,3,8500
707,P03,1,8500
708,P02,1,5000
709,P07,1,6000
710,P03,1,8500
711,P02,1,5000
711,P06,1,11000
712,P04,1,9000
712,P08,1,8000
713,P07,1,6000
714,P01,1,3000
715,P02,1,5000
716,P05,1,7500
716,P03,1,8500
717,P01,1,3000
717,P02,1,5000
718,P02,1,5000
719,P06,3,11000
719,P02,3,5000
720,P02,1,5000
720,P07,1,6000
721,P01,2,3000
721,P07,2,6000
721,P03,1,8500
722,P03,1,8500
722,P04,2,9000
723,P02,1,5000
724,P03,1,8500
724,P07,1,6000
725,P07,2,6000
726,P03,1,8500
727,P01,3,3000
727,P04,1,9000
728,P04,1,9000
728,P03,1,8500
729,P01,1,3000
730,P07,1,6000
731,P03,1,8500
731,P07,1,6000
732,P03,1,8500
732,P07,1,6000
733,P07,2,6000
733,P02,2,5000
734,P02,1,5000
734,P01,1,3000
735,P07,1,6000
735,P01,1,3000
736,P05,1,7500
737,P01,3,3000
737,P02,1,5000
738,P03,1,8500
739,P07,1,6000
740,P02,1,5000
740,P07,1,6000
741,P02,1,5000
741,P04,1,9000
742,P03,3,8500
743,P02,1,5000
743,P08,1,8000
744,P07,1,6000
745,P04,1,9000
746,P04,1,9000
747,P08,1,8000
747,P01,1,3000
747,P03,1,8500
748,P03,1,8500
749,P02,1,5000
750,P05,3,7500
751,P02,1,5000
752,P08,2,8000
753,P04,1,9000
753,P03,1,8500
754,P08,1,8000
754,P04,1,9000
755,P03,1,8500
756,P03,1,8500
756,P01,1,3000
756,P05,1,7500
757,P03,1,8500
757,P05,1,7500
758,P02,1,5000
758,P06,3,11000
759,P04,1,9000
760,P05,1,7500
761,P03,1,8500
762,P05,1,7500
763,P03,1,8500
763,P01,1,3000
764,P01,1,3000
765,P03,1,8500
765,P05,1,7500
766,P02,3,5000
767,P03,2,8500
768,P03,1,8500
768,P08,1,8000
769,P07,1,6000
770,P04,1,9000
770,P08,1,8000
771,P05,1,7500
772,P04,1,9000
773,P05,1,7500
774,P01,1,3000
775,P03,1,8500
776,P03,1,8500
777,P02,1,5000
778,P02,1,5000
778,P01,1,3000
778,P03,1,8500
779,P05,1,7500
779,P02,1,5000
780,P01,1,3000
781,P02,1,5000
781,P08,3,8000
782,P08,1,8000
782,P02,2,5000
783,P04,1,9000
783,P07,1,6000
784,P01,1,3000
784,P04,1,9000
785,P07,1,6000
786,P03,1,8500
787,P08,3,8000
787,P02,1,5000
788,P05,1,7500
788,P07,1,6000
789,P02,1,5000
790,P01,1,3000
790,P05,1,7500
791,P05,1,7500
791,P07,1,6000
792,P03,1,8500
793,P03,1,8500
794,P01,3,3000
795,P07,1,6000
796,P01,1,3000
797,P02,1,5000
798,P04,2,9000
798,P03,3,8500
799,P07,1,6000
800,P01,1,3000
800,P03,1,8500
801,P08,1,8000
801,P04,1,9000
802,P08,1,8000
802,P03,1,8500
803,P02,1,5000
804,P05,1,7500
804,P07,1,6000
805,P03,1,8500
806,P07,1,6000
806,P02,1,5000
806,P04,1,9000
807,P08,1,8000
807,P02,1,5000
808,P03,2,8500
808,P01,1,3000
808,P08,1,8000
809,P07,1,6000
810,P03,1,8500
811,P07,1,6000
812,P04,1,9000
812,P01,1,3000
813,P02,1,5000
813,P01,1,3000
814,P05,1,7500
814,P08,2,8000
815,P03,1,8500
815,P07,1,6000
816,P04,1,9000
816,P02,1,5000
817,P01,1,3000
817,P08,1,8000
817,P02,1,5000
818,P01,1,3000
818,P07,1,6000
819,P08,1,8000
819,P02,1,5000
819,P07,1,6000
820,P05,1,7500
820,P01,1,3000
821,P03,1,8500
821,P04,1,9000
822,P08,1,8000
822,P04,2,9000
823,P04,3,9000
824,P05,1,7500
824,P03,3,8500
825,P07,1,6000
826,P05,2,7500
827,P08,2,8000
827,P05,1,7500
827,P07,1,6000
828,P04,2,9000
828,P05,1,7500
829,P08,1,8000
829,P03,1,8500
830,P01,1,3000
830,P04,1,9000
831,P08,1,8000
832,P01,2,3000
832,P05,2,7500
832,P03,1,8500
833,P01,2,3000
834,P05,1,7500
835,P01,2,3000
836,P01,1,3000
837,P08,3,8000
838,P04,1,9000
838,P02,1,5000
838,P01,1,3000
839,P04,1,9000
839,P03,1,8500
840,P03,1,8500
841,P03,1,8500
842,P07,3,6000
843,P02,1,5000
844,P04,1,9000
845,P07,1,6000
845,P03,1,8500
846,P01,1,3000
847,P04,1,9000
848,P03,1,8500
848,P05,1,7500
849,P01,1,3000
849,P05,1,7500
850,P02,1,5000
850,P01,1,3000
851,P01,1,3000
851,P06,1,11000
852,P02,1,5000
853,P04,1,9000
854,P04,1,9000
855,P06,1,11000
856,P03,1,8500
856,P04,1,9000
857,P07,1,6000
858,P06,1,11000
859,P01,1,3000
860,P03,1,8500
860,P07,1,6000
861,P08,3,8000
862,P04,2,9000
862,P08,1,8000
862,P03,2,8500
863,P08,3,8000
864,P01,1,3000
865,P01,1,3000
866,P06,1,11000
867,P08,3,8000
868,P02,2,5000
868,P01,1,3000
869,P07,1,6000
869,P02,2,5000
870,P07,1,6000
870,P01,1,3000
871,P05,1,7500
872,P04,1,9000
873,P03,1,8500
873,P05,1,7500
874,P07,1,6000
874,P02,1,5000
875,P04,1,9000
875,P07,1,6000
876,P07,1,6000
876,P02,1,5000
877,P01,1,3000
877,P07,3,6000
878,P07,2,6000
879,P07,1,6000
879,P03,3,8500
880,P06,1,11000
880,P07,1,6000
880,P05,3,7500
881,P07,1,6000
882,P07,1,6000
882,P01,1,3000
883,P07,1,6000
884,P07,1,6000
884,P04,1,9000
884,P03,1,8500
885,P07,1,6000
886,P04,2,9000
887,P08,1,8000
887,P01,1,3000
888,P07,1,6000
889,P08,1,8000
889,P04,3,9000
890,P03,1,8500
890,P08,1,8000
891,P04,2,9000
891,P07,1,6000
892,P05,2,7500
893,P08,1,8000
893,P01,1,3000
893,P05,1,7500
894,P02,1,5000
894,P01,1,3000
895,P07,1,6000
896,P07,1,6000
896,P01,1,3000
896,P04,1,9000
897,P01,1,3000
898,P01,3,3000
898,P03,1,8500
899,P07,1,6000
899,P03,1,8500
900,P07,1,6000
901,P06,1,11000
901,P03,1,8500
902,P01,1,3000
903,P06,1,11000
904,P02,1,5000
905,P07,1,6000
906,P02,1,5000
907,P04,2,9000
908,P03,1,8500
909,P06,1,11000
910,P01,1,3000
911,P08,2,8000
912,P04,1,9000
912,P07,1,6000
912,P02,1,5000
913,P03,1,8500
913,P05,1,7500
914,P06,1,11000
914,P03,2,8500
915,P03,1,8500
915,P02,1,5000
916,P03,1,8500
916,P04,1,9000
917,P07,1,6000
917,P03,2,8500
918,P08,1,8000
918,P05,2,7500
918,P02,1,5000
919,P03,3,8500
919,P05,1,7500
919,P07,1,6000
920,P05,2,7500
920,P04,2,9000
921,P01,1,3000
921,P02,1,5000
921,P06,1,11000
922,P01,1,3000
923,P01,1,3000
924,P08,1,8000
925,P03,1,8500
925,P02,1,5000
926,P04,1,9000
926,P07,1,6000
927,P04,1,9000
928,P04,1,9000
928,P02,1,5000
928,P01,2,3000
929,P06,1,11000
930,P07,1,6000
931,P07,2,6000
932,P01,1,3000
932,P07,1,6000
933,P04,1,9000
933,P03,1,8500
934,P01,1,3000
935,P05,2,7500
935,P02,1,5000
936,P03,1,8500
937,P01,1,3000
938,P07,1,6000
939,P01,1,3000
940,P03,2,8500
940,P08,3,8000
941,P06,2,11000
942,P04,1,9000
942,P07,1,6000
943,P08,1,8000
943,P07,1,6000
944,P05,1,7500
945,P03,1,8500
946,P04,1,9000
946,P06,2,11000
947,P03,2,8500
947,P06,1,11000
948,P02,1,5000
948,P04,1,9000
949,P07,1,6000
949,P04,1,9000
949,P05,2,7500
950,P08,1,8000
950,P02,1,5000
951,P01,1,3000
951,P07,1,6000
952,P03,1,8500
952,P07,2,6000
952,P01,1,3000
953,P01,1,3000
954,P08,1,8000
954,P03,1,8500
955,P04,1,9000
956,P04,1,9000
956,P08,1,8000
957,P03,1,8500
958,P05,1,7500
958,P06,1,11000
959,P01,1,3000
960,P05,2,7500
960,P02,1,5000
961,P02,1,5000
961,P01,1,3000
961,P07,1,6000
962,P08,2,8000
962,P01,1,3000
962,P07,2,6000
963,P01,1,3000
964,P06,1,11000
964,P08,2,8000
965,P05,1,7500
966,P07,1,6000
966,P04,1,9000
967,P06,1,11000
967,P03,1,8500
968,P05,1,7500
969,P03,1,8500
970,P02,1,5000
971,P03,1,8500
972,P01,1,3000
973,P01,1,3000
973,P04,1,9000
974,P06,1,11000
974,P03,1,8500
975,P08,1,8000
975,P04,1,9000
976,P03,1,8500
977,P07,2,6000
978,P07,1,6000
979,P01,1,3000
979,P03,1,8500
979,P02,1,5000
980,P07,1,6000
980,P02,1,5000
980,P08,1,8000
981,P05,1,7500
981,P04,1,9000
982,P07,1,6000
982,P01,2,3000
983,P06,1,11000
984,P04,2,9000
985,P07,1,6000
986,P08,1,8000
986,P04,2,9000
987,P04,1,9000
987,P03,1,8500
987,P06,1,11000
988,P03,1,8500
989,P07,1,6000
990,P08,1,8000
990,P05,1,7500
991,P02,1,5000
992,P07,1,6000
992,P03,2,8500
993,P03,1,8500
994,P01,1,3000
995,P04,2,9000
996,P07,2,6000
997,P01,1,3000
998,P01,1,3000
998,P02,1,5000
999,P03,2,8500
1000,P05,1,7500
1001,P08,1,8000
1002,P01,1,3000
1002,P07,1,6000
1003,P07,2,6000
1003,P08,1,8000
1004,P01,1,3000
1004,P08,1,8000
1005,P03,1,8500
1006,P03,1,8500
1006,P01,1,3000
1007,P08,1,8000
1007,P07,1,6000
1008,P03,1,8500
1008,P01,1,3000
1009,P07,2,6000
1009,P02,1,5000
1009,P01,1,3000
1010,P07,1,6000
1011,P03,1,8500
1012,P02,1,5000
1013,P06,1,11000
1013,P03,3,8500
1014,P03,1,8500
1014,P07,2,6000
1015,P03,1,8500
1015,P04,1,9000
1016,P08,1,8000
1017,P03,1,8500
1018,P02,1,5000
1018,P05,1,7500
1019,P03,1,8500
1019,P01,1,3000
1020,P02,1,5000
1021,P01,1,3000
1022,P07,1,6000
1022,P05,2,7500
1023,P01,2,3000
1024,P02,2,5000
1025,P01,1,3000
1026,P07,1,6000
1027,P05,1,7500
1027,P06,1,11000
1028,P02,1,5000
1029,P06,1,11000
1029,P03,2,8500
1030,P04,1,9000
1031,P03,2,8500
1032,P07,2,6000
1032,P05,1,7500
1033,P08,1,8000
1034,P03,2,8500
1034,P06,1,11000
1035,P08,1,8000
1036,P07,2,6000
1036,P04,1,9000
1037,P01,1,3000
1038,P04,1,9000
1038,P02,1,5000
1039,P04,2,9000
1039,P07,1,6000
1040,P07,1,6000
1041,P01,1,3000
1041,P03,1,8500
1042,P08,1,8000
1042,P03,1,8500
1042,P04,1,9000
1043,P07,1,6000
1044,P08,1,8000
1044,P01,1,3000
1045,P05,2,7500
1046,P04,2,9000
1047,P02,1,5000
1048,P07,2,6000
1048,P02,1,5000
1049,P06,1,11000
1050,P03,1,8500
1051,P07,2,6000
1052,P02,1,5000
1052,P01,1,3000
1053,P06,1,11000
1053,P07,1,6000
1054,P03,2,8500
1055,P03,1,8500
1055,P05,2,7500
1056,P07,2,6000
1056,P02,1,5000
1057,P02,3,5000
1057,P07,1,6000
1058,P07,1,6000
1059,P03,1,8500
1060,P07,1,6000
1060,P04,1,9000
1061,P02,1,5000
1061,P06,1,11000
1061,P03,1,8500
1062,P02,1,5000
1062,P08,1,8000
1063,P07,1,6000
1064,P02,1,5000
1065,P03,1,8500
1066,P01,1,3000
1066,P07,1,6000
1067,P02,3,5000
1068,P03,1,8500
1068,P08,1,8000
1069,P05,1,7500
1069,P03,1,8500
1070,P08,2,8000
1071,P02,1,5000
1072,P06,1,11000
1073,P01,1,3000
1073,P03,1,8500
1074,P03,1,8500
1074,P08,1,8000
1075,P07,1,6000
1076,P04,2,9000
1077,P01,1,3000
1077,P02,1,5000
1078,P07,1,6000
1079,P01,1,3000
1079,P03,2,8500
1080,P07,1,6000
1080,P01,1,3000
1081,P03,2,8500
1081,P02,2,5000
1082,P08,1,8000
1083,P05,2,7500
1083,P02,1,5000
1084,P02,1,5000
1084,P07,1,6000
1085,P05,1,7500
1085,P02,1,5000
1085,P01,2,3000
1086,P02,1,5000
1086,P08,1,8000
1087,P03,1,8500
1088,P02,1,5000
1088,P01,1,3000
1089,P01,1,3000
1090,P04,1,9000
1091,P07,2,6000
1091,P08,1,8000
1092,P03,2,8500
1093,P08,1,8000
1094,P03,1,8500
1095,P01,1,3000
1096,P07,1,6000
1097,P08,1,8000
1098,P07,1,6000
1099,P08,1,8000
1100,P07,2,6000
1100,P01,1,3000
1100,P05,1,7500
1101,P07,1,6000
1101,P05,1,7500
1101,P02,1,5000
1102,P03,1,8500
1103,P02,1,5000
1104,P01,1,3000
1104,P08,1,8000
1105,P03,1,8500
1106,P02,1,5000
1107,P01,1,3000
1108,P03,3,8500
1109,P02,1,5000
1110,P01,1,3000
1111,P02,1,5000
1112,P03,1,8500
1112,P07,2,6000
1113,P05,2,7500
1113,P02,1,5000
1114,P05,2,7500
1115,P01,1,3000
1115,P04,1,9000
1116,P01,1,3000
1116,P02,2,5000
1117,P03,1,8500
1117,P07,1,6000
1118,P01,1,3000
1118,P08,1,8000
1119,P01,1,3000
1119,P04,1,9000
1120,P04,1,9000
1120,P06,1,11000
1121,P04,1,9000
1122,P04,1,9000
1123,P07,1,6000
1123,P06,1,11000
1124,P01,1,3000
1125,P07,1,6000
1125,P05,2,7500
1125,P02,1,5000
1126,P03,1,8500
1127,P01,1,3000
1127,P03,1,8500
1127,P06,1,11000
1128,P06,1,11000
1128,P03,1,8500
1129,P04,1,9000
1129,P07,2,6000
1130,P07,1,6000
1130,P04,1,9000
1131,P05,1,7500
1132,P01,2,3000
1132,P08,1,8000
1132,P07,3,6000
1133,P03,2,8500
1133,P01,1,3000
1133,P02,1,5000
1134,P03,1,8500
1135,P01,1,3000
1135,P07,1,6000
1136,P03,1,8500
1137,P07,1,6000
1137,P04,1,9000
1137,P06,1,11000
1138,P01,2,3000
1139,P02,2,5000
1139,P01,1,3000
1140,P04,2,9000
1141,P01,1,3000
1142,P07,1,6000
1143,P06,2,11000
1143,P01,1,3000
1143,P07,2,6000
1144,P03,1,8500
1144,P02,2,5000
1145,P01,1,3000
1146,P01,1,3000
1146,P03,3,8500
1147,P06,1,11000
1147,P02,1,5000
1148,P03,1,8500
1148,P06,2,11000
1149,P08,1,8000
1150,P04,1,9000
1150,P08,1,8000
1150,P07,1,6000
1151,P03,1,8500
1151,P07,1,6000
1152,P01,1,3000
1153,P04,3,9000
1154,P07,1,6000
1154,P04,1,9000
1155,P04,1,9000
1155,P02,2,5000
1156,P07,1,6000
1156,P06,1,11000
1157,P08,1,8000
1157,P01,3,3000
1158,P02,1,5000
1158,P07,1,6000
1158,P01,2,3000
1159,P04,1,9000
1160,P03,1,8500
1161,P03,2,8500
1162,P03,1,8500
1163,P04,1,9000
1163,P02,1,5000
1164,P06,2,11000
1164,P01,1,3000
1165,P03,1,8500
1166,P06,1,11000
1167,P01,1,3000
1168,P01,1,3000
1169,P03,1,8500
1170,P06,1,11000
1170,P01,1,3000
1171,P03,2,8500
1172,P03,1,8500
1173,P03,1,8500
1173,P07,1,6000
1174,P04,1,9000
1175,P01,1,3000
1176,P08,1,8000
1176,P07,3,6000
1177,P06,3,11000
1177,P08,1,8000
1177,P01,1,3000
1178,P07,3,6000
1179,P02,1,5000
1179,P08,1,8000
1179,P04,1,9000
1180,P07,1,6000
1180,P04,2,9000
1181,P04,1,9000
1182,P03,1,8500
1182,P05,1,7500
1183,P04,1,9000
1183,P07,1,6000
1184,P01,3,3000
1184,P08,1,8000
1185,P04,2,9000
1185,P08,1,8000
1185,P01,1,3000
1186,P07,2,6000
1186,P02,1,5000
1187,P07,1,6000
1187,P03,1,8500
1188,P03,2,8500
1188,P07,1,6000
1189,P07,2,6000
1190,P07,1,6000
1191,P07,1,6000
1191,P01,1,3000
1192,P04,3,9000
1192,P07,1,6000
1193,P03,1,8500
1194,P06,1,11000
1195,P07,2,6000
1195,P02,2,5000
1195,P04,1,9000
1196,P07,1,6000
1197,P01,1,3000
1198,P07,2,6000
1198,P01,1,3000
1199,P03,1,8500
1199,P07,2,6000
1200,P03,1,8500
1200,P02,1,5000
1201,P07,1,6000
1202,P01,1,3000
1203,P04,1,9000
1204,P08,1,8000
1205,P02,1,5000
1205,P08,1,8000
1206,P02,2,5000
1207,P07,1,6000
1208,P07,2,6000
1209,P04,1,9000
1209,P01,1,3000
1210,P08,2,8000
1210,P03,1,8500
1210,P04,1,9000
1211,P07,1,6000
1212,P03,1,8500
1213,P01,1,3000
1213,P02,1,5000
1214,P04,1,9000
1215,P04,1,9000
1216,P08,1,8000
1216,P01,1,3000
1216,P02,1,5000
1217,P08,1,8000
1218,P08,1,8000
1218,P02,1,5000
1219,P07,1,6000
1220,P02,1,5000
1220,P01,2,3000
1221,P07,1,6000
1222,P01,2,3000
1222,P03,1,8500
1223,P03,1,8500
1223,P01,1,3000
1223,P07,2,6000
1224,P01,1,3000
1224,P06,1,11000
1225,P07,1,6000
1226,P05,2,7500
1226,P06,1,11000
1226,P04,1,9000
1227,P08,1,8000
1228,P01,1,3000
1228,P04,1,9000
1228,P03,1,8500
1229,P05,1,7500
1229,P08,1,8000
1230,P06,1,11000
1230,P01,1,3000
1231,P03,3,8500
1232,P01,1,3000
1232,P07,1,6000
1233,P07,1,6000
1233,P08,1,8000
1234,P07,1,6000
1234,P01,1,3000
1235,P07,1,6000
1235,P04,2,9000
1236,P01,1,3000
1236,P04,1,9000
1237,P01,1,3000
1238,P01,2,3000
1238,P07,1,6000
1238,P03,1,8500
1239,P07,2,6000
1239,P06,2,11000
1240,P04,1,9000
1240,P01,1,3000
1241,P02,3,5000
1242,P06,2,11000
1243,P02,2,5000
1244,P03,1,8500
1245,P05,1,7500
1246,P06,1,11000
1246,P04,1,9000
1247,P01,1,3000
1248,P02,3,5000
1249,P04,1,9000
1250,P04,1,9000
1251,P08,2,8000
1251,P07,1,6000
1252,P02,1,5000
1252,P03,1,8500
1253,P01,1,3000
1254,P07,1,6000
1254,P06,1,11000
1255,P03,1,8500
1256,P01,1,3000
1256,P07,1,6000
1256,P06,1,11000
1257,P07,1,6000
1257,P01,1,3000
1258,P01,2,3000
1259,P03,1,8500
1260,P06,1,11000
1261,P07,1,6000
1261,P01,1,3000
1262,P07,1,6000
1262,P02,1,5000
1263,P07,1,6000
1264,P07,1,6000
1264,P04,1,9000
1264,P02,1,5000
1265,P08,3,8000
1265,P01,1,3000
1266,P08,1,8000
1266,P06,1,11000
1266,P05,1,7500
1267,P03,1,8500
1268,P02,1,5000
1268,P03,2,8500
1269,P01,1,3000
1270,P07,1,6000
1270,P04,1,9000
1271,P03,1,8500
1271,P02,1,5000
1272,P08,1,8000
1272,P02,1,5000
1273,P07,1,6000
1274,P01,1,3000
1275,P03,1,8500
1276,P01,1,3000
1277,P05,1,7500
1277,P03,1,8500
1278,P01,1,3000
1278,P06,1,11000
1279,P03,1,8500
1279,P07,1,6000
1280,P07,2,6000
1280,P02,1,5000
1280,P08,2,8000
1281,P01,1,3000
1282,P05,1,7500
1282,P01,1,3000
1283,P07,1,6000
1284,P01,1,3000
1284,P03,1,8500
1285,P01,2,3000
1286,P03,1,8500
1286,P07,1,6000
1287,P07,1,6000
1288,P01,2,3000
1288,P03,1,8500
1289,P01,1,3000
1289,P04,1,9000
1290,P02,3,5000
1290,P05,1,7500
1291,P01,2,3000
1291,P07,1,6000
1291,P02,1,5000
1292,P08,2,8000
1293,P01,1,3000
1294,P06,2,11000
1295,P03,1,8500
1296,P01,1,3000
1297,P04,1,9000
1298,P07,1,6000
1298,P08,1,8000
1299,P08,1,8000
1300,P01,1,3000
1301,P03,1,8500
1302,P08,2,8000
1303,P01,1,3000
1303,P03,1,8500
1304,P03,1,8500
1305,P07,2,6000
1306,P01,1,3000
1306,P04,1,9000
1307,P06,2,11000
1307,P07,1,6000
1308,P07,1,6000
1308,P04,1,9000
1308,P03,1,8500
1309,P07,1,6000
1310,P07,1,6000
1311,P03,1,8500
1311,P05,2,7500
1312,P07,1,6000
1313,P03,1,8500
1314,P02,1,5000
1315,P01,1,3000
1316,P07,1,6000
1317,P01,1,3000
1317,P07,1,6000
1318,P02,1,5000
1319,P02,1,5000
1319,P03,3,8500
1320,P07,2,6000
1321,P05,2,7500
1322,P05,1,7500
1323,P06,1,11000
1323,P01,1,3000
1324,P01,1,3000
1325,P07,1,6000
1326,P05,1,7500
1327,P04,1,9000
1328,P05,1,7500
1329,P08,1,8000
1329,P07,1,6000
1330,P05,1,7500
1330,P01,2,3000
1331,P03,3,8500
1332,P01,1,3000
1332,P08,1,8000
1333,P03,1,8500
1333,P01,1,3000
1334,P02,1,5000
1335,P07,1,6000
1335,P04,1,9000
1336,P05,1,7500
1337,P03,3,8500
1337,P02,1,5000
1338,P04,1,9000
1339,P03,1,8500
1339,P07,1,6000
1340,P01,1,3000
1341,P06,1,11000
1342,P05,1,7500
1342,P02,2,5000
1342,P04,1,9000
1343,P05,1,7500
1344,P05,2,7500
1345,P01,1,3000
1345,P07,1,6000
1346,P03,1,8500
1347,P05,1,7500
1348,P07,2,6000
1349,P06,2,11000
1350,P06,1,11000
1351,P02,1,5000
1352,P03,1,8500
1352,P02,1,5000
1352,P01,1,3000
1353,P01,1,3000
1354,P06,1,11000
1355,P02,1,5000
1355,P07,1,6000
1355,P01,1,3000
1356,P08,1,8000
1357,P01,1,3000
1357,P02,1,5000
1358,P08,1,8000
1358,P04,1,9000
1359,P01,3,3000
1360,P02,1,5000
1361,P06,1,11000
1361,P08,1,8000
1362,P07,2,6000
1363,P04,1,9000
1364,P07,2,6000
1364,P01,1,3000
1365,P01,1,3000
1366,P06,1,11000
1367,P07,1,6000
1368,P04,1,9000
1368,P02,1,5000
1369,P02,1,5000
1369,P04,1,9000
1369,P08,1,8000
1370,P08,2,8000
1371,P03,1,8500
1371,P06,1,11000
1371,P01,3,3000
1372,P03,1,8500
1372,P07,1,6000
1373,P01,1,3000
1373,P02,1,5000
1373,P03,1,8500
1374,P02,1,5000
1374,P07,2,6000
1374,P01,1,3000
1375,P03,1,8500
1376,P08,1,8000
1376,P04,3,9000
1377,P01,2,3000
1377,P03,1,8500
1378,P01,1,3000
1378,P03,1,8500
1379,P02,1,5000
1380,P05,3,7500
1381,P05,2,7500
1382,P05,2,7500
1383,P01,1,3000
1383,P08,1,8000
1384,P03,1,8500
1384,P01,1,3000
1385,P06,1,11000
1385,P01,1,3000
1386,P07,1,6000
1386,P04,1,9000
1387,P03,1,8500
1388,P03,2,8500
1389,P03,1,8500
1390,P06,1,11000
1390,P01,2,3000
1391,P01,1,3000
1392,P05,1,7500
1393,P01,1,3000
1394,P04,1,9000
1394,P07,1,6000
1395,P04,1,9000
1395,P01,3,3000
1395,P07,1,6000
1396,P07,2,6000
1396,P01,1,3000
1397,P01,1,3000
1398,P08,1,8000
1399,P08,1,8000
1399,P01,1,3000
1399,P06,1,11000
1400,P05,2,7500
1401,P02,3,5000
1402,P02,1,5000
1403,P07,1,6000
1403,P08,1,8000
1404,P01,2,3000
1404,P04,1,9000
1404,P06,1,11000
1405,P05,1,7500
1406,P01,1,3000
1406,P02,2,5000
1407,P05,1,7500
1407,P03,2,8500
1407,P02,1,5000
1408,P03,1,8500
1409,P07,1,6000
1410,P08,1,8000
1411,P07,2,6000
1412,P03,1,8500
1412,P02,1,5000
1412,P08,1,8000
1413,P03,1,8500
1413,P06,1,11000
1414,P02,2,5000
1414,P05,1,7500
1415,P07,1,6000
1415,P06,2,11000
1415,P03,1,8500
1416,P07,3,6000
1417,P04,1,9000
1418,P02,1,5000
1418,P08,1,8000
1418,P05,1,7500
1419,P03,1,8500
1420,P01,1,3000
1420,P04,2,9000
1421,P06,1,11000
1421,P01,1,3000
1422,P01,1,3000
1423,P03,2,8500
1424,P03,1,8500
1425,P07,2,6000
1426,P01,1,3000
1427,P03,2,8500
1427,P07,1,6000
1428,P06,1,11000
1429,P06,1,11000
1430,P06,1,11000
1430,P02,1,5000
1431,P03,1,8500
1431,P02,1,5000
1432,P03,1,8500
1432,P08,1,8000
1433,P02,3,5000
1434,P02,1,5000
1435,P03,2,8500
1435,P08,2,8000
1436,P07,2,6000
1437,P04,2,9000
1437,P08,1,8000
1437,P07,2,6000
1438,P07,1,6000
1439,P07,2,6000
1439,P01,1,3000
1440,P01,1,3000
1440,P03,1,8500
1441,P01,1,3000
1442,P02,1,5000
1442,P03,1,8500
1443,P02,1,5000
1443,P03,1,8500
1444,P07,1,6000
1444,P06,1,11000
1445,P03,1,8500
1445,P01,1,3000
1446,P04,1,9000
1447,P08,1,8000
1448,P05,1,7500
1449,P03,1,8500
1450,P02,1,5000
1451,P07,1,6000
1452,P03,1,8500
1453,P04,1,9000
1453,P06,2,11000
1453,P02,1,5000
1454,P01,3,3000
1454,P02,1,5000
1455,P04,1,9000
1455,P05,1,7500
1455,P03,1,8500
1456,P02,1,5000
1457,P01,2,3000
1458,P01,1,3000
1459,P07,2,6000
1459,P01,2,3000
1459,P05,1,7500
1460,P01,1,3000
1461,P02,1,5000
1461,P03,2,8500
1462,P07,1,6000
1463,P07,2,6000
1464,P02,1,5000
1465,P01,1,3000
1465,P02,1,5000
1466,P03,1,8500
1466,P04,1,9000
1467,P03,2,8500
1468,P01,1,3000
1468,P03,1,8500
1468,P04,2,9000
1469,P08,1,8000
1469,P02,1,5000
1469,P01,1,3000
1470,P07,1,6000
1471,P01,1,3000
1472,P05,1,7500
1473,P01,1,3000
1473,P03,2,8500
1474,P02,1,5000
1475,P07,1,6000
1476,P05,1,7500
1477,P07,2,6000
1478,P08,1,8000
1479,P02,1,5000
1479,P01,1,3000
1479,P08,1,8000
1480,P03,1,8500
1480,P02,1,5000
1481,P01,1,3000
1481,P04,1,9000
1482,P03,2,8500
1483,P08,1,8000
1484,P01,1,3000
1485,P07,2,6000
1486,P07,1,6000
1486,P01,1,3000
1487,P02,1,5000
1488,P05,1,7500
1488,P01,1,3000
1488,P04,1,9000
1489,P04,2,9000
1490,P01,1,3000
1491,P01,1,3000
1492,P06,1,11000
1493,P07,1,6000
1494,P03,1,8500
1494,P02,1,5000
1494,P07,2,6000
1495,P05,1,7500
1495,P07,2,6000
1496,P07,1,6000
1497,P03,1,8500
1498,P07,3,6000
1499,P03,1,8500
1500,P07,2,6000
1500,P03,1,8500
1501,P05,2,7500
1501,P02,1,5000
1501,P01,1,3000
1502,P03,1,8500
1502,P08,1,8000
1502,P04,1,9000
1503,P08,1,8000
1503,P06,2,11000
1504,P05,1,7500
1505,P05,1,7500
1505,P03,1,8500
1506,P01,1,3000
1507,P08,1,8000
1508,P03,1,8500
1508,P04,1,9000
1509,P01,1,3000
1509,P04,1,9000
1510,P07,1,6000
1511,P03,1,8500
1512,P01,2,3000
1513,P04,1,9000
1514,P01,1,3000
1514,P08,2,8000
1514,P04,1,9000
1515,P03,2,8500
1516,P04,1,9000
1516,P03,1,8500
1517,P02,3,5000
1518,P04,1,9000
1518,P03,1,8500
1519,P05,1,7500
1519,P01,3,3000
1519,P07,1,6000
1520,P01,1,3000
1521,P01,1,3000
1522,P03,1,8500
1522,P02,1,5000
1523,P03,1,8500
1523,P06,1,11000
1523,P04,1,9000
1524,P06,1,11000
1524,P03,3,8500
1525,P07,1,6000
1525,P06,1,11000
1525,P08,1,8000
1526,P06,1,11000
1526,P07,1,6000
1527,P07,1,6000
1527,P03,2,8500
1528,P08,1,8000
1528,P02,1,5000
1529,P03,1,8500
1529,P04,1,9000
1530,P04,1,9000
1531,P07,1,6000
1532,P08,2,8000
1532,P03,2,8500
1533,P04,1,9000
1534,P08,1,8000
1534,P03,1,8500
1535,P01,2,3000
1535,P03,1,8500
1536,P01,1,3000
1537,P06,1,11000
1537,P04,1,9000
1538,P02,1,5000
1538,P04,1,9000
1538,P07,1,6000
1539,P02,1,5000
1540,P07,1,6000
1541,P03,3,8500
1542,P04,1,9000
1543,P08,1,8000
1543,P04,1,9000
1544,P07,1,6000
1544,P08,1,8000
1545,P04,1,9000
1546,P07,2,6000
1546,P08,1,8000
1546,P01,1,3000
1547,P07,2,6000
1548,P08,1,8000
1549,P01,1,3000
1550,P03,1,8500
1551,P03,1,8500
1552,P08,1,8000
1553,P03,2,8500
1553,P05,1,7500
1554,P07,1,6000
1554,P03,1,8500
1555,P08,2,8000
1556,P04,1,9000
1556,P01,1,3000
1557,P03,1,8500
1557,P05,1,7500
1558,P07,2,6000
1559,P06,1,11000
1559,P03,2,8500
1560,P02,1,5000
1560,P08,1,8000
1561,P05,1,7500
1561,P08,1,8000
1562,P03,2,8500
1563,P02,1,5000
1563,P04,1,9000
1564,P05,1,7500
1565,P07,1,6000
1566,P03,3,8500
1566,P07,1,6000
1567,P01,3,3000
1567,P08,1,8000
1568,P02,2,5000
1569,P08,1,8000
1570,P05,1,7500
1571,P07,1,6000
1571,P05,1,7500
1572,P08,2,8000
1573,P03,1,8500
1574,P03,1,8500
1575,P07,1,6000
1576,P03,1,8500
1577,P05,1,7500
1577,P02,1,5000
1578,P05,1,7500
1578,P08,1,8000
1579,P07,1,6000
1580,P04,1,9000
1580,P05,1,7500
1581,P04,1,9000
1582,P07,1,6000
1583,P07,3,6000
1583,P04,1,9000
1584,P07,1,6000
1584,P05,1,7500
1585,P03,1,8500
1585,P04,3,9000
1586,P07,1,6000
1587,P01,1,3000
1587,P08,2,8000
1588,P01,3,3000
1588,P03,2,8500
1589,P07,1,6000
1590,P08,1,8000
1591,P02,1,5000
1591,P03,1,8500
1591,P01,2,3000
1592,P03,2,8500
1592,P01,1,3000
1593,P08,2,8000
1594,P05,1,7500
1594,P01,1,3000
1595,P07,2,6000
1595,P01,1,3000
1596,P03,1,8500
1596,P01,1,3000
1597,P01,1,3000
1597,P02,1,5000
1598,P07,1,6000
1599,P06,1,11000
1600,P01,1,3000
1601,P05,3,7500
1602,P08,3,8000
1602,P06,1,11000
1602,P03,1,8500
1603,P03,1,8500
1603,P01,1,3000
1604,P03,1,8500
1605,P07,2,6000
1605,P02,1,5000
1606,P07,1,6000
1607,P02,1,5000
1607,P07,1,6000
1608,P03,1,8500
1609,P06,1,11000
1610,P06,2,11000
1610,P01,1,3000
1611,P06,1,11000
1612,P08,2,8000
1612,P02,1,5000
1613,P06,1,11000
1614,P02,2,5000
1614,P07,2,6000
1615,P04,1,9000
1616,P04,1,9000
1617,P05,1,7500
1618,P07,1,6000
1618,P06,1,11000
1619,P02,1,5000
1620,P07,1,6000
1620,P06,2,11000
1621,P07,1,6000
1622,P01,1,3000
1623,P02,2,5000
1623,P03,3,8500
1624,P05,1,7500
1624,P07,1,6000
1625,P03,1,8500
1626,P02,1,5000
1627,P03,1,8500
1627,P07,2,6000
1628,P01,1,3000
1629,P01,1,3000
1630,P04,1,9000
1631,P02,1,5000
1632,P05,1,7500
1633,P02,2,5000
1634,P04,1,9000
1634,P08,1,8000
1635,P02,1,5000
1635,P07,1,6000
1636,P08,1,8000
1636,P07,1,6000
1637,P04,1,9000
1638,P03,2,8500
1639,P01,1,3000
1639,P05,1,7500
1640,P04,1,9000
1640,P02,2,5000
1641,P07,2,6000
1641,P02,1,5000
1642,P05,1,7500
1643,P07,1,6000
1644,P04,1,9000
1644,P07,2,6000
1645,P02,1,5000
1646,P04,1,9000
1647,P03,1,8500
1648,P02,1,5000
1649,P02,2,5000
1650,P03,1,8500
1650,P07,1,6000
1650,P08,1,8000
1651,P07,1,6000
1651,P08,1,8000
1652,P01,1,3000
1652,P04,1,9000
1652,P06,3,11000
1653,P01,1,3000
1654,P04,2,9000
1655,P01,1,3000
1656,P08,1,8000
1657,P01,1,3000
1658,P03,1,8500
1659,P03,1,8500
1659,P04,1,9000
1659,P06,1,11000
1660,P01,2,3000
1661,P05,2,7500
1661,P01,2,3000
1662,P03,2,8500
1662,P05,1,7500
1662,P04,1,9000
1663,P07,1,6000
1663,P03,1,8500
1664,P07,1,6000
1664,P08,2,8000
1665,P07,1,6000
1666,P06,1,11000
1667,P06,1,11000
1667,P04,1,9000
1668,P01,1,3000
1669,P04,1,9000
1670,P03,1,8500
1671,P03,1,8500
1672,P03,3,8500
1672,P07,1,6000
1673,P02,1,5000
1673,P07,1,6000
1674,P03,1,8500
1675,P02,1,5000
1676,P01,1,3000
1676,P08,1,8000
1677,P07,1,6000
1678,P01,1,3000
1679,P03,1,8500
1679,P05,2,7500
1680,P04,1,9000
1681,P01,1,3000
1682,P08,1,8000
1683,P03,2,8500
1683,P05,1,7500
1683,P02,2,5000
1684,P07,1,6000
1684,P01,1,3000
1684,P08,1,8000
1685,P07,1,6000
1686,P07,1,6000
1686,P02,1,5000
1686,P08,1,8000
1687,P03,2,8500
1688,P03,1,8500
1688,P02,1,5000
1689,P03,2,8500
1690,P06,1,11000
1691,P07,1,6000
1692,P07,1,6000
1693,P01,1,3000
1694,P04,1,9000
1694,P03,1,8500
1694,P01,1,3000
1695,P08,1,8000
1696,P08,1,8000
1697,P02,1,5000
1698,P04,1,9000
1699,P07,2,6000
1700,P01,3,3000
1700,P02,1,5000
1701,P02,1,5000
1702,P07,1,6000
1703,P02,1,5000
1703,P01,1,3000
1703,P08,1,8000
1704,P08,2,8000
1704,P06,1,11000
1705,P02,2,5000
1706,P01,2,3000
1706,P03,1,8500
1706,P08,1,8000
1707,P03,1,8500
1708,P02,2,5000
1708,P06,1,11000
1708,P08,1,8000
1709,P04,1,9000
1710,P02,1,5000
1711,P01,1,3000
1711,P07,1,6000
1712,P02,1,5000
1712,P01,1,3000
1713,P04,2,9000
1713,P02,1,5000
1713,P03,1,8500
1714,P04,1,9000
1714,P06,1,11000
1715,P01,1,3000
1715,P03,1,8500
1716,P01,1,3000
1717,P08,1,8000
1718,P06,1,11000
1718,P05,1,7500
1719,P04,1,9000
1720,P05,1,7500
1721,P08,2,8000
1722,P05,1,7500
1723,P03,1,8500
1723,P02,2,5000
1724,P07,1,6000
1724,P06,1,11000
1725,P07,1,6000
1726,P04,1,9000
1726,P03,2,8500
1727,P01,1,3000
1727,P02,1,5000
1728,P07,1,6000
1729,P03,1,8500
1729,P07,1,6000
1729,P04,1,9000
1730,P03,1,8500
1731,P03,1,8500
1732,P02,1,5000
1732,P06,1,11000
1733,P04,1,9000
1734,P03,1,8500
1735,P05,1,7500
1736,P06,1,11000
1737,P04,1,9000
1738,P04,2,9000
1739,P01,1,3000
1740,P07,1,6000
1741,P04,1,9000
1742,P01,3,3000
1743,P03,1,8500
1743,P05,2,7500
1744,P01,1,3000
1744,P04,2,9000
1745,P05,1,7500
1745,P04,2,9000
1746,P03,1,8500
1746,P07,1,6000
1747,P03,1,8500
1747,P07,1,6000
1747,P02,1,5000
1748,P05,1,7500
1748,P04,1,9000
1749,P08,1,8000
1749,P05,2,7500
1750,P04,1,9000
1750,P05,1,7500
1751,P04,1,9000
1751,P03,1,8500
1752,P03,1,8500
1752,P01,2,3000
1753,P05,1,7500
1753,P04,1,9000
1753,P03,1,8500
1754,P06,1,11000
1755,P07,2,6000
1755,P08,2,8000
1755,P01,2,3000
1756,P03,1,8500
1757,P01,1,3000
1758,P03,2,8500
1759,P01,1,3000
1760,P06,1,11000
1760,P01,1,3000
1760,P02,2,5000
1761,P02,2,5000
1761,P07,1,6000
1761,P01,1,3000
1762,P03,1,8500
1762,P05,2,7500
1762,P07,1,6000
1763,P06,1,11000
1763,P04,1,9000
1764,P08,1,8000
1765,P04,1,9000
1765,P03,1,8500
1766,P05,1,7500
1766,P07,1,6000
1767,P01,1,3000
1768,P04,1,9000
1768,P03,1,8500
1769,P02,1,5000
1770,P02,1,5000
1771,P06,1,11000
1771,P03,1,8500
1772,P05,1,7500
1773,P02,1,5000
1774,P01,1,3000
1774,P04,1,9000
1775,P06,1,11000
1776,P08,1,8000
1777,P07,1,6000
1778,P03,2,8500
1778,P02,1,5000
1779,P08,1,8000
1780,P04,1,9000
1781,P04,1,9000
1782,P06,1,11000
1782,P07,3,6000
1783,P07,2,6000
1783,P04,1,9000
1784,P04,1,9000
1784,P03,2,8500
1785,P02,1,5000
1786,P07,1,6000
1787,P05,1,7500
1788,P01,1,3000
1788,P07,1,6000
1789,P01,1,3000
1789,P04,1,9000
1790,P07,1,6000
1791,P05,1,7500
1791,P06,1,11000
1791,P04,1,9000
1792,P02,2,5000
1792,P04,1,9000
1793,P04,1,9000
1793,P08,1,8000
1793,P02,1,5000
1794,P06,3,11000
1795,P01,1,3000
1796,P08,1,8000
1797,P04,1,9000
1798,P01,1,3000
1799,P05,1,7500
1800,P04,1,9000
1801,P08,1,8000
1802,P07,1,6000
1802,P05,1,7500
1802,P03,2,8500
1803,P04,2,9000
1803,P08,1,8000
1804,P02,1,5000
1805,P01,2,3000
1805,P07,1,6000
1805,P02,1,5000
1806,P04,1,9000
1806,P07,3,6000
1806,P02,1,5000
1807,P03,1,8500
1807,P04,1,9000
1808,P01,1,3000
1808,P08,1,8000
1808,P03,1,8500
1809,P01,1,3000
1810,P04,1,9000
1810,P07,1,6000
1811,P04,1,9000
1812,P04,1,9000
1813,P04,2,9000
1813,P06,1,11000
1814,P08,2,8000
1815,P07,1,6000
1815,P04,1,9000
1816,P06,1,11000
1817,P03,1,8500
1817,P01,1,3000
1818,P07,1,6000
1819,P08,1,8000
1819,P01,1,3000
1820,P07,1,6000
1820,P08,1,8000
1820,P01,1,3000
1821,P03,1,8500
1821,P05,1,7500
1822,P07,1,6000
1823,P03,2,8500
1824,P02,1,5000
1825,P04,1,9000
1826,P03,1,8500
1827,P04,1,9000
1827,P03,1,8500
1828,P06,1,11000
1829,P03,1,8500
1830,P07,1,6000
1831,P01,2,3000
1832,P04,1,9000
1833,P07,1,6000
1834,P08,1,8000
1835,P01,1,3000
1836,P03,1,8500
1836,P08,1,8000
1837,P01,1,3000
1837,P08,1,8000
1838,P02,1,5000
1839,P01,1,3000
1840,P05,1,7500
1841,P08,1,8000
1841,P02,1,5000
1842,P06,1,11000
1843,P08,1,8000
1843,P01,1,3000
1844,P02,1,5000
1844,P04,1,9000
1845,P02,1,5000
1845,P04,1,9000
1846,P03,2,8500
1846,P02,2,5000
1847,P03,1,8500
1847,P07,1,6000
1848,P04,1,9000
1848,P01,1,3000
1848,P03,1,8500
1849,P03,1,8500
1849,P07,1,6000
1850,P03,1,8500
1851,P07,2,6000
1852,P04,1,9000
1852,P08,2,8000
1853,P05,1,7500
1854,P08,1,8000
1855,P01,1,3000
1856,P01,1,3000
1857,P05,1,7500
1857,P01,1,3000
1858,P06,1,11000
1859,P02,1,5000
1859,P04,1,9000
1860,P01,1,3000
1861,P04,1,9000
1861,P08,1,8000
1862,P05,1,7500
1863,P04,1,9000
1864,P07,1,6000
1865,P03,1,8500
1866,P01,1,3000
1866,P03,1,8500
1867,P03,2,8500
1868,P04,2,9000
1868,P06,1,11000
1868,P01,1,3000
1869,P07,1,6000
1869,P01,1,3000
1870,P01,1,3000
1870,P04,2,9000
1871,P03,1,8500
1871,P01,2,3000
1872,P08,2,8000
1872,P01,1,3000
1873,P03,1,8500
1873,P01,1,3000
1874,P07,1,6000
1875,P01,1,3000
1875,P06,1,11000
1875,P07,1,6000
1876,P08,3,8000
1877,P06,1,11000
1877,P04,2,9000
1877,P03,1,8500
1878,P07,2,6000
1878,P04,1,9000
1879,P01,1,3000
1879,P07,1,6000
1880,P01,1,3000
1881,P02,1,5000
1882,P01,2,3000
1883,P03,1,8500
1884,P02,1,5000
1885,P05,1,7500
1885,P07,1,6000
1886,P02,1,5000
1886,P04,1,9000
1887,P02,1,5000
1888,P04,2,9000
1888,P07,2,6000
1889,P01,1,3000
1890,P07,1,6000
1891,P03,1,8500
1891,P01,2,3000
1892,P07,1,6000
1892,P03,1,8500
1893,P04,1,9000
1893,P02,1,5000
1894,P03,1,8500
1895,P04,1,9000
1895,P05,1,7500
1896,P03,1,8500
1897,P08,1,8000
1898,P04,1,9000
1899,P02,1,5000
1899,P08,1,8000
1899,P06,1,11000
1900,P07,1,6000
1900,P08,1,8000
1900,P03,1,8500
1901,P03,1,8500
1902,P07,1,6000
1902,P01,1,3000
1903,P04,1,9000
1904,P05,2,7500
1905,P03,1,8500
1905,P08,1,8000
1906,P03,1,8500
1906,P01,2,3000
1907,P02,1,5000
1908,P04,1,9000
1909,P07,1,6000
1909,P02,1,5000
1910,P05,1,7500
1910,P01,1,3000
1910,P06,2,11000
1911,P05,1,7500
1911,P03,1,8500
1912,P01,1,3000
1912,P07,1,6000
1912,P08,3,8000
1913,P04,2,9000
1913,P06,1,11000
1914,P03,1,8500
1915,P01,1,3000
1915,P04,1,9000
1916,P05,1,7500
1916,P01,2,3000
1916,P07,2,6000
1917,P05,1,7500
1918,P02,1,5000
1919,P03,1,8500
1919,P08,1,8000
1920,P03,2,8500
1921,P07,1,6000
1922,P06,1,11000
1922,P03,1,8500
1923,P03,1,8500
1924,P03,2,8500
1925,P04,1,9000
1926,P03,3,8500
1926,P08,1,8000
1927,P04,1,9000
1928,P07,2,6000
1928,P02,1,5000
1928,P05,1,7500
1929,P02,1,5000
1929,P06,1,11000
1930,P02,3,5000
1931,P07,1,6000
1932,P04,1,9000
1932,P02,1,5000
1932,P06,1,11000
1933,P07,2,6000
1934,P08,1,8000
1934,P01,2,3000
1935,P03,1,8500
1936,P06,1,11000
1937,P05,1,7500
1937,P06,1,11000
1938,P06,1,11000
1939,P01,1,3000
1940,P03,2,8500
1941,P03,1,8500
1941,P07,2,6000
1942,P03,1,8500
1942,P07,1,6000
1943,P07,2,6000
1943,P03,1,8500
1943,P01,1,3000
1944,P03,1,8500
1945,P08,1,8000
1946,P01,1,3000
1947,P04,1,9000
1948,P07,1,6000
1948,P03,1,8500
1949,P05,1,7500
1949,P07,1,6000
1950,P02,1,5000
1951,P02,2,5000
1952,P08,1,8000
1953,P04,3,9000
1954,P08,2,8000
1954,P01,1,3000
1955,P03,2,8500
1955,P07,1,6000
1956,P01,1,3000
1956,P06,2,11000
1957,P01,1,3000
1958,P07,1,6000
1958,P02,1,5000
1958,P01,1,3000
1959,P03,3,8500
1959,P06,2,11000
1960,P06,1,11000
1961,P06,3,11000
1962,P02,1,5000
1962,P04,1,9000
1963,P03,1,8500
1964,P02,1,5000
1964,P03,1,8500
1964,P05,1,7500
1965,P02,1,5000
1966,P01,1,3000
1967,P07,1,6000
1967,P03,1,8500
1967,P04,1,9000
1968,P08,2,8000
1968,P04,2,9000
1969,P07,1,6000
1970,P03,1,8500
1970,P07,3,6000
1971,P01,1,3000
1972,P07,2,6000
1973,P04,2,9000
1974,P07,1,6000
1974,P06,1,11000
1975,P01,1,3000
1976,P01,1,3000
1976,P07,1,6000
1976,P04,1,9000
1977,P01,3,3000
1978,P03,1,8500
1979,P03,1,8500
1979,P02,1,5000
1980,P04,1,9000
1980,P01,1,3000
1981,P02,1,5000
1982,P07,1,6000
1983,P03,1,8500
1984,P07,1,6000
1985,P03,1,8500
1985,P07,1,6000
1986,P05,1,7500
1987,P06,1,11000
1988,P05,1,7500
1988,P07,1,6000
1989,P05,1,7500
1990,P05,1,7500
1991,P01,1,3000
1992,P07,1,6000
1993,P01,1,3000
1994,P05,1,7500
1994,P03,1,8500
1995,P01,1,3000
1995,P08,2,8000
1996,P08,2,8000
1996,P03,1,8500
1996,P07,1,6000
1997,P03,1,8500
1997,P04,1,9000
1998,P06,1,11000
1998,P07,1,6000
1998,P02,1,5000
1999,P04,1,9000
2000,P01,1,3000
2001,P04,1,9000
2002,P03,2,8500
2003,P08,1,8000
2004,P05,3,7500
2004,P02,1,5000
2005,P01,1,3000
2006,P07,1,6000
2006,P01,1,3000
2006,P08,1,8000
2007,P07,2,6000
2007,P05,1,7500
2007,P08,1,8000
2008,P07,1,6000
2009,P08,1,8000
2009,P07,1,6000
2010,P03,1,8500
2010,P06,2,11000
2011,P06,1,11000
2012,P03,1,8500
2013,P02,1,5000
2013,P01,2,3000
2014,P01,1,3000
2015,P07,2,6000
2015,P02,2,5000
2016,P07,2,6000
2017,P01,1,3000
2018,P02,1,5000
2018,P03,1,8500
2019,P04,1,9000
2020,P07,3,6000
2020,P05,1,7500
2021,P03,1,8500
2021,P04,1,9000
2022,P03,1,8500
2022,P07,1,6000
2022,P01,1,3000
2023,P07,1,6000
2024,P07,1,6000
2025,P06,1,11000
2026,P07,1,6000
2026,P02,1,5000
2026,P05,1,7500
2027,P08,1,8000
2028,P03,1,8500
2029,P01,1,3000
2030,P07,1,6000
2031,P07,1,6000
2031,P01,1,3000
2032,P01,1,3000
2033,P02,1,5000
2033,P04,1,9000
2034,P08,1,8000
2034,P01,1,3000
2035,P07,1,6000
2035,P03,1,8500
2036,P02,1,5000
2037,P07,1,6000
2037,P03,1,8500
2037,P01,1,3000
2038,P01,1,3000
2038,P04,1,9000
2039,P07,1,6000
2040,P01,1,3000
2040,P07,1,6000
2041,P07,1,6000
2042,P04,1,9000
2042,P02,1,5000
2043,P06,1,11000
2044,P02,2,5000
2045,P04,1,9000
2045,P07,2,6000
2046,P07,1,6000
2046,P02,1,5000
2047,P05,1,7500
2047,P02,1,5000
2047,P07,1,6000
2048,P07,1,6000
2049,P03,1,8500
2050,P08,1,8000
2051,P07,1,6000
2052,P07,1,6000
2053,P01,1,3000
2053,P02,1,5000
2053,P03,2,8500
2054,P02,1,5000
2054,P07,3,6000
2054,P01,1,3000
2055,P01,1,3000
2055,P05,1,7500
2055,P07,1,6000
2056,P07,1,6000
2057,P07,1,6000
2058,P02,1,5000
2059,P07,2,6000
2059,P03,3,8500
2060,P08,1,8000
2061,P01,2,3000
2061,P02,2,5000
2061,P04,2,9000
2062,P02,3,5000
2063,P07,1,6000
2064,P05,1,7500
2065,P03,1,8500
2065,P07,1,6000
2065,P05,1,7500
2066,P03,1,8500
2067,P02,1,5000
2067,P03,1,8500
2068,P01,1,3000
2069,P02,1,5000
2069,P07,1,6000
2070,P03,1,8500
2070,P01,1,3000
2071,P05,1,7500
2072,P07,1,6000
2073,P01,2,3000
2074,P08,1,8000
2075,P06,1,11000
2075,P01,1,3000
2076,P01,1,3000
2076,P07,1,6000
2077,P07,2,6000
2078,P07,1,6000
2078,P01,1,3000
2078,P06,1,11000
2079,P06,1,11000
2079,P02,1,5000
2080,P04,1,9000
2081,P08,1,8000
2081,P04,2,9000
2082,P06,1,11000
2083,P03,1,8500
2084,P01,1,3000
2084,P08,2,8000
2085,P06,2,11000
2086,P04,1,9000
2086,P07,2,6000
2087,P07,1,6000
2087,P03,3,8500
2088,P04,1,9000
2089,P03,3,8500
2090,P01,1,3000
2090,P06,1,11000
2091,P02,1,5000
2092,P03,1,8500
2092,P04,1,9000
2093,P01,1,3000
2094,P04,1,9000
2094,P07,1,6000
2095,P04,1,9000
2096,P01,1,3000
2096,P07,1,6000
2097,P05,1,7500
2097,P06,2,11000
2098,P02,1,5000
2098,P04,1,9000
2099,P06,1,11000
2099,P01,1,3000
2100,P02,1,5000
2101,P02,1,5000
2101,P04,1,9000
2102,P03,1,8500
2103,P01,1,3000
2103,P07,1,6000
2103,P08,1,8000
2104,P08,1,8000
2104,P02,1,5000
2105,P01,1,3000
2106,P03,2,8500
2106,P04,1,9000
2107,P04,1,9000
2108,P03,1,8500
2109,P07,2,6000
2109,P08,1,8000
2110,P07,1,6000
2111,P06,1,11000
2111,P01,1,3000
2112,P07,1,6000
2112,P05,2,7500
2112,P02,1,5000
2113,P03,1,8500
2113,P06,1,11000
2113,P07,2,6000
2114,P02,1,5000
2115,P02,1,5000
2115,P07,1,6000
2115,P01,1,3000
2116,P01,3,3000
2116,P08,1,8000
2117,P01,1,3000
2117,P04,3,9000
2118,P03,1,8500
2119,P02,1,5000
2119,P03,2,8500
2119,P06,1,11000
2120,P01,1,3000
2120,P07,1,6000
2120,P04,3,9000
2121,P01,1,3000
2122,P08,1,8000
2123,P07,2,6000
2123,P05,1,7500
2124,P07,1,6000
2124,P06,1,11000
2125,P03,2,8500
2125,P06,2,11000
2126,P07,2,6000
2127,P01,1,3000
2127,P08,1,8000
2128,P04,1,9000
2128,P08,1,8000
2129,P03,1,8500
2130,P01,1,3000
2131,P05,1,7500
2132,P07,1,6000
2133,P08,1,8000
2133,P06,1,11000
2134,P07,1,6000
2134,P08,1,8000
2135,P07,2,6000
2135,P01,1,3000
2136,P06,1,11000
2137,P01,1,3000
2138,P02,1,5000
2138,P05,1,7500
2139,P05,1,7500
2140,P03,1,8500
2141,P03,1,8500
2142,P01,1,3000
2143,P03,1,8500
2143,P07,1,6000
2143,P02,1,5000
2144,P06,1,11000
2145,P01,1,3000
2146,P02,1,5000
2147,P01,2,3000
2148,P02,1,5000
2148,P05,1,7500
2149,P07,2,6000
2149,P05,1,7500
2150,P02,1,5000
2150,P01,1,3000
2151,P04,2,9000
2152,P02,1,5000
2153,P06,1,11000
2154,P07,1,6000
2154,P04,2,9000
2155,P07,1,6000
2156,P04,1,9000
2156,P07,2,6000
2157,P01,3,3000
2158,P02,1,5000
2158,P03,1,8500
2159,P07,1,6000
2160,P07,1,6000
2160,P04,1,9000
2160,P01,1,3000
2161,P04,2,9000
2162,P07,1,6000
2163,P05,1,7500
2164,P04,1,9000
2164,P01,1,3000
2165,P02,1,5000
2166,P03,1,8500
2166,P08,1,8000
2167,P01,1,3000
2168,P06,1,11000
2168,P03,1,8500
2168,P07,2,6000
2169,P03,1,8500
2170,P03,1,8500
2171,P03,1,8500
2171,P01,1,3000
2172,P07,2,6000
2173,P07,1,6000
2174,P02,1,5000
2175,P07,1,6000
2176,P04,1,9000
2176,P02,1,5000
2177,P07,1,6000
2177,P03,1,8500
2177,P04,1,9000
2178,P01,1,3000
2179,P01,2,3000
2180,P04,3,9000
2181,P04,1,9000
2181,P08,1,8000
2182,P03,1,8500
2183,P06,1,11000
2184,P06,1,11000
2185,P06,1,11000
2185,P07,1,6000
2186,P06,1,11000
2186,P01,2,3000
2187,P01,2,3000
2188,P01,1,3000
2188,P04,1,9000
2189,P02,3,5000
2189,P08,1,8000
2190,P01,1,3000
2190,P03,1,8500
2190,P02,1,5000
2191,P03,1,8500
2191,P07,1,6000
2191,P01,1,3000
2192,P06,1,11000
2193,P08,1,8000
2193,P02,2,5000
2194,P02,1,5000
2195,P01,1,3000
2196,P07,2,6000
2197,P02,1,5000
2197,P07,2,6000
2198,P06,1,11000
2198,P01,1,3000
2199,P03,1,8500
2200,P07,2,6000
2200,P06,1,11000
2201,P07,1,6000
2202,P07,1,6000
2202,P01,1,3000
2203,P07,1,6000
2204,P02,1,5000
2204,P01,3,3000
2205,P02,1,5000
2206,P03,2,8500
2207,P04,1,9000
2207,P08,1,8000
2208,P03,1,8500
2208,P01,1,3000
2209,P07,1,6000
2210,P07,1,6000
2210,P01,2,3000
2211,P01,2,3000
2212,P03,1,8500
2213,P08,2,8000
2214,P07,1,6000
2215,P03,1,8500
2215,P07,2,6000
2216,P07,2,6000
2216,P05,1,7500
2216,P01,1,3000
2217,P04,1,9000
2217,P03,1,8500
2218,P08,2,8000
2219,P07,1,6000
2220,P08,1,8000
2221,P08,2,8000
2221,P05,3,7500
2222,P06,1,11000
2223,P02,2,5000
2223,P01,1,3000
2224,P03,1,8500
2225,P03,1,8500
2226,P02,1,5000
2226,P07,1,6000
2227,P05,1,7500
2228,P07,3,6000
2229,P08,1,8000
2229,P04,1,9000
2230,P01,1,3000
2231,P02,1,5000
2231,P07,1,6000
2232,P03,1,8500
2233,P01,1,3000
2233,P03,1,8500
2234,P08,1,8000
2235,P06,1,11000
2236,P02,1,5000
2237,P07,1,6000
2238,P01,1,3000
2238,P06,2,11000
2239,P08,2,8000
2240,P03,1,8500
2241,P06,2,11000
2241,P05,1,7500
2242,P06,1,11000
2243,P01,1,3000
2244,P01,1,3000
2244,P08,1,8000
2245,P06,1,11000
2246,P04,1,9000
2247,P05,1,7500
2247,P04,1,9000
2247,P03,1,8500
2248,P03,1,8500
2249,P01,1,3000
2250,P02,1,5000
2251,P07,1,6000
2251,P02,1,5000
2252,P05,1,7500
2252,P04,1,9000
2253,P06,1,11000
2253,P01,1,3000
2254,P05,1,7500
2255,P04,1,9000
2256,P02,2,5000
2257,P03,2,8500
2258,P07,1,6000
2259,P04,2,9000
2259,P02,1,5000
2260,P08,1,8000
2261,P01,1,3000
2261,P03,1,8500
2262,P03,1,8500
2262,P05,1,7500
2262,P06,1,11000
2263,P07,1,6000
2263,P02,1,5000
2264,P07,1,6000
2264,P08,1,8000
2265,P04,2,9000
2266,P06,1,11000
2266,P01,2,3000
2267,P03,1,8500
2268,P02,1,5000
2269,P04,1,9000
2269,P01,1,3000
2270,P01,1,3000
2270,P03,1,8500
2271,P04,1,9000
2272,P03,1,8500
2273,P04,2,9000
2273,P07,1,6000
2274,P02,1,5000
2274,P08,1,8000
2275,P07,1,6000
2276,P06,1,11000
2277,P08,2,8000
2277,P07,1,6000
2277,P06,1,11000
2278,P07,1,6000
2278,P04,1,9000
2279,P08,2,8000
2280,P02,2,5000
2280,P06,1,11000
2281,P01,1,3000
2282,P03,2,8500
2283,P03,1,8500
2283,P04,2,9000
2284,P03,1,8500
2285,P03,1,8500
2285,P04,2,9000
2285,P02,1,5000
2286,P04,1,9000
2287,P03,1,8500
2288,P07,1,6000
2288,P04,1,9000
2289,P01,3,3000
2289,P03,1,8500
2290,P07,1,6000
2291,P03,1,8500
2291,P01,2,3000
2292,P03,1,8500
2292,P07,1,6000
2293,P07,2,6000
2293,P03,1,8500
2294,P06,1,11000
2294,P04,1,9000
2294,P03,1,8500
2295,P05,1,7500
2295,P03,1,8500
2296,P07,1,6000
2296,P04,2,9000
2297,P04,2,9000
2298,P02,2,5000
2299,P01,1,3000
2299,P03,1,8500
2300,P07,2,6000
2300,P06,1,11000
2301,P07,1,6000
2302,P07,1,6000
2303,P01,2,3000
2303,P08,1,8000
2304,P01,1,3000
2304,P03,1,8500
2305,P03,1,8500
2306,P01,1,3000
2306,P03,1,8500
2306,P07,2,6000
2307,P06,1,11000
2308,P08,2,8000
2308,P02,1,5000
2308,P01,1,3000
2309,P02,1,5000
2310,P07,1,6000
2311,P07,1,6000
2312,P02,1,5000
2312,P01,1,3000
2313,P07,1,6000
2314,P07,1,6000
2314,P04,1,9000
2314,P05,1,7500
2315,P01,1,3000
2315,P04,2,9000
2316,P08,2,8000
2316,P02,1,5000
2317,P08,1,8000
2318,P01,1,3000
2318,P04,2,9000
2319,P03,1,8500
2320,P03,1,8500
2320,P08,1,8000
2321,P08,1,8000
2322,P01,1,3000
2323,P08,1,8000
2324,P06,2,11000
2325,P03,1,8500
2326,P07,1,6000
2327,P05,2,7500
2328,P06,2,11000
2328,P02,1,5000
2329,P04,1,9000
2329,P05,1,7500
2330,P05,1,7500
2331,P03,1,8500
2332,P03,1,8500
2333,P07,1,6000
2333,P03,1,8500
2334,P01,1,3000
2335,P08,1,8000
2336,P04,1,9000
2336,P08,2,8000
2337,P01,1,3000
2338,P04,2,9000
2338,P05,2,7500
2339,P01,1,3000
2340,P02,1,5000
2340,P03,1,8500
2341,P05,1,7500
2342,P02,1,5000
2342,P07,1,6000
2342,P04,2,9000
2343,P07,2,6000
2343,P01,1,3000
2343,P02,1,5000
2344,P06,1,11000
2345,P03,1,8500
2345,P02,1,5000
2346,P05,3,7500
2347,P01,1,3000
2348,P04,1,9000
2348,P03,1,8500
2349,P01,1,3000
2349,P02,2,5000
2350,P07,1,6000
2351,P04,1,9000
2351,P01,2,3000
2352,P04,2,9000
2353,P04,1,9000
2354,P08,1,8000
2355,P02,2,5000
2355,P01,1,3000
2356,P05,1,7500
2357,P03,1,8500
2357,P04,1,9000
2357,P08,1,8000
2358,P03,1,8500
2358,P07,1,6000
2358,P01,1,3000
2359,P02,1,5000
2359,P07,1,6000
2360,P05,1,7500
2361,P01,1,3000
2362,P04,1,9000
2362,P07,1,6000
2362,P08,3,8000
2363,P01,1,3000
2364,P04,1,9000
2364,P07,1,6000
2364,P01,1,3000
2365,P06,1,11000
2366,P03,1,8500
2367,P01,1,3000
2368,P05,3,7500
2369,P03,1,8500
2369,P01,1,3000
2370,P03,1,8500
2370,P08,1,8000
2371,P01,1,3000
2371,P04,2,9000
2372,P04,3,9000
2372,P08,1,8000
2373,P01,1,3000
2373,P06,1,11000
2374,P04,1,9000
2375,P08,1,8000
2375,P07,1,6000
2375,P05,2,7500
2376,P04,1,9000
2376,P01,1,3000
2377,P03,1,8500
2378,P01,1,3000
2379,P06,1,11000
2379,P08,1,8000
2380,P05,1,7500
2381,P07,2,6000
2382,P04,2,9000
2382,P02,2,5000
2383,P07,1,6000
2383,P02,1,5000
2384,P01,1,3000
2384,P02,1,5000
2385,P04,1,9000
2386,P01,2,3000
2387,P03,1,8500
2388,P07,1,6000
2389,P04,1,9000
2390,P07,2,6000
2391,P02,1,5000
2392,P07,1,6000
2393,P03,1,8500
2394,P05,1,7500
2395,P02,1,5000
2396,P07,2,6000
2397,P01,1,3000
2397,P04,1,9000
2398,P04,2,9000
2399,P06,1,11000
2399,P03,1,8500
2400,P06,1,11000
2400,P01,1,3000
2400,P04,1,9000
2401,P05,3,7500
2402,P01,1,3000
2403,P03,1,8500
2403,P04,1,9000
2404,P03,1,8500
2405,P02,1,5000
2405,P05,2,7500
2406,P01,1,3000
2407,P07,1,6000
2408,P01,1,3000
2409,P06,1,11000
2409,P02,1,5000
2410,P04,2,9000
2411,P07,1,6000
2412,P03,1,8500
2412,P02,2,5000
2413,P02,1,5000
2414,P06,1,11000
2414,P04,2,9000
2415,P08,1,8000
2416,P07,1,6000
2417,P03,2,8500
2418,P06,1,11000
2419,P02,1,5000
2420,P01,1,3000
2421,P06,1,11000
2421,P07,3,6000
2421,P01,1,3000
2422,P02,1,5000
2423,P02,1,5000
2424,P01,1,3000
2425,P02,1,5000
2425,P07,2,6000
2426,P03,1,8500
2427,P03,1,8500
2428,P02,1,5000
2429,P05,1,7500
2430,P08,1,8000
2431,P05,3,7500
2432,P01,1,3000
2433,P03,1,8500
2433,P01,1,3000
2433,P07,2,6000
2434,P03,1,8500
2435,P08,1,8000
2435,P07,1,6000
2436,P04,1,9000
2437,P04,1,9000
2437,P07,1,6000
2438,P01,1,3000
2439,P02,3,5000
2440,P01,1,3000
2441,P08,1,8000
2442,P01,1,3000
2443,P04,1,9000
2443,P01,2,3000
2444,P01,1,3000
2445,P03,1,8500
2446,P01,1,3000
2447,P02,1,5000
2448,P04,1,9000
2449,P04,1,9000
2450,P07,1,6000
2450,P03,1,8500
2451,P03,2,8500
2452,P02,1,5000
2452,P03,1,8500
2453,P02,1,5000
2454,P01,1,3000
2454,P05,2,7500
2454,P07,1,6000
2455,P05,1,7500
2455,P07,2,6000
2456,P07,1,6000
2457,P02,1,5000
2458,P01,1,3000
2459,P01,1,3000
2460,P08,1,8000
2461,P06,1,11000
2462,P06,1,11000
2463,P07,1,6000
2463,P01,1,3000
2464,P04,2,9000
2464,P07,1,6000
2465,P01,1,3000
2465,P02,1,5000
2465,P08,2,8000
2466,P01,1,3000
2466,P04,1,9000
2467,P01,1,3000
2467,P04,1,9000
2468,P08,1,8000
2468,P04,1,9000
2468,P03,1,8500
2469,P05,2,7500
2469,P03,1,8500
2470,P02,1,5000
2471,P07,1,6000
2472,P03,1,8500
2472,P07,1,6000
2473,P04,1,9000
2473,P01,1,3000
2474,P01,1,3000
2474,P08,1,8000
2475,P04,1,9000
2475,P03,1,8500
2476,P07,1,6000
2476,P05,1,7500
2477,P08,1,8000
2478,P07,1,6000
2478,P05,1,7500
2478,P04,1,9000
2479,P01,1,3000
2480,P01,2,3000
2481,P07,2,6000
2482,P05,1,7500
2482,P02,1,5000
2483,P01,1,3000
2484,P02,1,5000
2485,P04,1,9000
2486,P07,1,6000
2486,P03,1,8500
2486,P04,2,9000
2487,P01,1,3000
2488,P07,1,6000
2488,P03,1,8500
2489,P07,1,6000
2490,P03,1,8500
2490,P02,1,5000
2490,P01,2,3000
2491,P04,1,9000
2491,P01,1,3000
2492,P05,1,7500
2492,P02,2,5000
2493,P02,1,5000
2494,P04,1,9000
2494,P08,2,8000
2495,P03,1,8500
2496,P05,1,7500
2496,P04,1,9000
2497,P01,1,3000
2498,P07,1,6000
2498,P04,2,9000
2498,P03,1,8500
2499,P01,1,3000
2500,P03,1,8500
2500,P02,2,5000
2501,P01,1,3000
2502,P07,1,6000
2503,P02,1,5000
2504,P03,1,8500
2504,P01,1,3000
2505,P07,1,6000
2505,P02,1,5000
2506,P08,1,8000
2506,P07,1,6000
2507,P07,2,6000
2508,P07,1,6000
2508,P04,1,9000
2508,P01,1,3000
2509,P01,1,3000
2509,P06,1,11000
2509,P03,1,8500
2510,P05,1,7500
2511,P02,1,5000
2511,P04,1,9000
2512,P02,1,5000
2513,P02,1,5000
2514,P02,1,5000
2514,P04,1,9000
2515,P08,1,8000
2515,P03,1,8500
2516,P04,1,9000
2516,P07,1,6000
2517,P03,2,8500
2518,P01,2,3000
2518,P05,1,7500
2518,P07,2,6000
2519,P03,3,8500
2520,P03,1,8500
2521,P07,1,6000
2522,P05,1,7500
2523,P08,1,8000
2523,P04,1,9000
2524,P07,1,6000
2525,P03,1,8500
2526,P04,1,9000
2526,P07,1,6000
2527,P04,2,9000
2527,P03,1,8500
2528,P05,2,7500
2529,P03,1,8500
2530,P03,2,8500
2531,P03,1,8500
2532,P01,1,3000
2532,P03,1,8500
2533,P07,1,6000
2533,P02,1,5000
2533,P03,1,8500
2534,P01,2,3000
2535,P07,1,6000
2536,P03,1,8500
2536,P04,1,9000
2537,P03,1,8500
2538,P08,1,8000
2539,P03,1,8500
2540,P03,1,8500
2541,P05,1,7500
2542,P07,1,6000
2543,P03,1,8500
2544,P07,1,6000
2544,P03,1,8500
2544,P01,1,3000
2545,P01,1,3000
2546,P01,1,3000
2547,P08,1,8000
2548,P02,1,5000
2549,P03,1,8500
2549,P04,1,9000
2550,P03,1,8500
2551,P02,1,5000
2551,P01,1,3000
2551,P08,1,8000
2552,P01,1,3000
2552,P03,1,8500
2552,P08,1,8000
2553,P02,1,5000
2554,P01,1,3000
2554,P04,1,9000
2555,P03,2,8500
2555,P01,1,3000
2556,P08,1,8000
2556,P05,1,7500
2556,P01,1,3000
2557,P04,3,9000
2558,P08,2,8000
2559,P01,1,3000
2559,P02,2,5000
2560,P01,2,3000
2560,P07,1,6000
2561,P03,1,8500
2562,P07,1,6000
2562,P03,1,8500
2563,P05,2,7500
2564,P02,1,5000
2564,P07,1,6000
2565,P03,1,8500
2566,P01,1,3000
2567,P07,1,6000
2568,P03,1,8500
2568,P05,3,7500
2569,P04,1,9000
2569,P03,1,8500
2570,P04,1,9000
2571,P03,1,8500
2572,P05,1,7500
2572,P04,1,9000
2573,P07,1,6000
2573,P04,1,9000
2574,P08,1,8000
2574,P02,2,5000
2574,P07,2,6000
2575,P04,1,9000
2576,P03,1,8500
2576,P04,1,9000
2577,P01,1,3000
2577,P07,1,6000
2577,P02,1,5000
2578,P04,1,9000
2578,P03,2,8500
2579,P01,1,3000
2579,P03,1,8500
2580,P02,1,5000
2581,P02,3,5000
2582,P07,1,6000
2582,P02,1,5000
2583,P01,2,3000
2584,P05,1,7500
2585,P06,2,11000
2585,P07,2,6000
2586,P01,1,3000
2587,P04,1,9000
2588,P08,3,8000
2588,P07,1,6000
2589,P07,1,6000
2589,P01,3,3000
2590,P01,1,3000
2590,P07,1,6000
2591,P04,1,9000
2592,P05,1,7500
2593,P01,1,3000
2593,P07,1,6000
2593,P02,3,5000
2594,P03,1,8500
2594,P08,1,8000
2595,P06,1,11000
2596,P01,2,3000
2596,P08,1,8000
2597,P03,1,8500
2598,P04,1,9000
2598,P05,1,7500
2599,P07,2,6000
2600,P03,1,8500
2601,P02,2,5000
2602,P08,1,8000
2602,P05,1,7500
2603,P04,1,9000
2604,P01,1,3000
2605,P01,1,3000
2605,P03,1,8500
2606,P02,1,5000
2607,P01,1,3000
2607,P02,1,5000
2608,P08,2,8000
2609,P01,1,3000
2610,P06,1,11000
2610,P08,1,8000
2611,P02,1,5000
2611,P03,1,8500
2612,P02,1,5000
2612,P04,1,9000
2613,P07,3,6000
2614,P01,2,3000
2615,P03,1,8500
2616,P01,1,3000
2617,P03,1,8500
2618,P06,1,11000
2619,P02,3,5000
2620,P08,1,8000
2620,P06,1,11000
2621,P03,1,8500
2622,P03,2,8500
2623,P02,2,5000
2623,P06,1,11000
2624,P07,1,6000
2624,P01,1,3000
2625,P01,1,3000
2625,P02,1,5000
2626,P03,2,8500
2627,P01,1,3000
2627,P06,2,11000
2627,P05,1,7500
2628,P01,1,3000
2628,P07,1,6000
2629,P01,1,3000
2630,P05,1,7500
2631,P05,1,7500
2632,P07,1,6000
2632,P08,1,8000
2633,P08,3,8000
2634,P03,1,8500
2634,P06,1,11000
2635,P07,2,6000
2636,P01,1,3000
2636,P07,1,6000
2637,P03,1,8500
2637,P01,1,3000
2638,P01,1,3000
2639,P04,1,9000
2640,P02,2,5000
2640,P07,1,6000
2641,P03,1,8500
2641,P01,1,3000
2642,P03,1,8500
2643,P02,1,5000
2644,P07,2,6000
2644,P04,3,9000
2644,P02,1,5000
2645,P05,1,7500
2646,P04,1,9000
2647,P02,1,5000
2647,P04,1,9000
2648,P07,1,6000
2648,P02,1,5000
2649,P07,1,6000
2649,P08,1,8000
2650,P07,2,6000
2651,P04,1,9000
2651,P01,1,3000
2652,P08,1,8000
2653,P01,2,3000
2653,P07,2,6000
2653,P02,1,5000
2654,P02,1,5000
2655,P02,1,5000
2655,P03,1,8500
2656,P08,1,8000
2657,P07,1,6000
2658,P03,1,8500
2659,P01,1,3000
2659,P02,1,5000
2660,P08,1,8000
2661,P07,1,6000
2661,P05,1,7500
2661,P02,1,5000
2662,P06,1,11000
2663,P03,1,8500
2664,P07,1,6000
2664,P05,1,7500
2665,P06,1,11000
2665,P02,1,5000
2666,P03,1,8500
2666,P07,1,6000
2667,P03,2,8500
2667,P07,1,6000
2668,P01,1,3000
2668,P04,1,9000
2669,P07,1,6000
2669,P01,1,3000
2670,P01,1,3000
2671,P04,1,9000
2671,P02,1,5000
2672,P07,1,6000
2673,P01,1,3000
2673,P08,1,8000
2674,P04,1,9000
2675,P04,1,9000
2676,P01,1,3000
2677,P08,2,8000
2678,P06,1,11000
2678,P01,1,3000
2678,P02,3,5000
2679,P03,1,8500
2679,P08,1,8000
2680,P03,1,8500
2681,P04,1,9000
2681,P08,1,8000
2681,P01,1,3000
2682,P07,1,6000
2682,P08,1,8000
2683,P03,1,8500
2684,P01,1,3000
2685,P07,1,6000
2686,P03,3,8500
2686,P05,1,7500
2686,P07,3,6000
2687,P07,1,6000
2688,P07,1,6000
2689,P04,2,9000
2689,P07,1,6000
2690,P07,1,6000
2690,P04,1,9000
2690,P03,1,8500
2691,P07,1,6000
2691,P03,1,8500
2691,P08,1,8000
2692,P06,1,11000
2692,P07,1,6000
2692,P01,3,3000
2693,P03,2,8500
2693,P04,1,9000
2693,P05,1,7500
2694,P03,1,8500
2694,P07,1,6000
2695,P01,2,3000
2695,P06,2,11000
2696,P07,1,6000
2696,P03,1,8500
2697,P03,1,8500
2697,P08,1,8000
2698,P01,2,3000
2698,P07,1,6000
2698,P03,1,8500
2699,P01,1,3000
2700,P07,2,6000
2701,P03,2,8500
2702,P02,1,5000
2702,P01,1,3000
2702,P05,1,7500
2703,P03,1,8500
2703,P06,2,11000
2704,P08,1,8000
2704,P05,1,7500
2704,P01,1,3000
2705,P01,1,3000
2706,P02,1,5000
2706,P07,1,6000
2707,P07,1,6000
2708,P01,1,3000
2709,P02,2,5000
2709,P04,2,9000
2709,P01,1,3000
2710,P04,1,9000
2711,P03,1,8500
2712,P07,1,6000
2713,P07,1,6000
2714,P03,3,8500
2715,P07,1,6000
2715,P01,1,3000
2716,P07,1,6000
2716,P01,2,3000
2716,P04,1,9000
2717,P07,1,6000
2718,P08,1,8000
2718,P02,1,5000
2718,P04,1,9000
2719,P08,2,8000
2719,P07,1,6000
2720,P04,1,9000
2720,P06,1,11000
2721,P06,1,11000
2722,P01,2,3000
2722,P04,1,9000
2723,P07,3,6000
2724,P05,1,7500
2724,P03,3,8500
2724,P01,1,3000
2725,P02,1,5000
2726,P08,1,8000
2726,P04,2,9000
2727,P01,1,3000
2728,P03,1,8500
2728,P04,1,9000
2729,P04,2,9000
2729,P06,1,11000
2730,P01,1,3000
2731,P08,1,8000
2732,P01,3,3000
2732,P07,1,6000
2733,P07,1,6000
2733,P04,1,9000
2733,P05,1,7500
2734,P04,1,9000
2735,P03,1,8500
2735,P05,1,7500
2735,P04,1,9000
2736,P03,1,8500
2736,P06,1,11000
2737,P01,1,3000
2738,P07,1,6000
2739,P06,1,11000
2739,P07,1,6000
2740,P03,2,8500
2740,P07,2,6000
2741,P02,1,5000
2742,P06,1,11000
2742,P05,1,7500
2743,P01,1,3000
2743,P08,1,8000
2743,P02,1,5000
2744,P05,2,7500
2745,P03,1,8500
2746,P03,1,8500
2747,P01,1,3000
2748,P04,1,9000
2749,P04,3,9000
2749,P02,3,5000
2750,P04,1,9000
2751,P03,1,8500
2751,P01,1,3000
2752,P02,1,5000
2753,P02,2,5000
2754,P08,1,8000
2755,P03,1,8500
2755,P07,1,6000
2755,P02,1,5000
2756,P02,1,5000
2757,P06,1,11000
2758,P01,1,3000
2758,P07,1,6000
2759,P01,2,3000
2759,P07,1,6000
2760,P03,1,8500
2761,P04,1,9000
2761,P03,1,8500
2762,P01,1,3000
2762,P08,1,8000
2763,P08,2,8000
2763,P01,2,3000
2763,P07,2,6000
2764,P02,1,5000
2764,P01,1,3000
2765,P02,1,5000
2765,P03,1,8500
2765,P05,1,7500
2766,P07,1,6000
2767,P04,1,9000
2768,P07,2,6000
2768,P01,1,3000
2769,P04,1,9000
2769,P01,1,3000
2770,P02,1,5000
2770,P07,1,6000
2770,P03,1,8500
2771,P05,1,7500
2772,P01,1,3000
2772,P06,1,11000
2773,P03,1,8500
2774,P03,1,8500
2775,P02,2,5000
2776,P08,1,8000
2777,P06,1,11000
2778,P04,1,9000
2779,P04,1,9000
2780,P07,1,6000
2781,P07,1,6000
2782,P03,1,8500
2783,P05,1,7500
2783,P07,1,6000
2784,P04,1,9000
2785,P02,1,5000
2786,P07,1,6000
2787,P07,2,6000
2788,P07,1,6000
2788,P04,1,9000
2789,P04,1,9000
2790,P01,1,3000
2791,P03,2,8500
2791,P05,1,7500
2792,P03,1,8500
2793,P02,1,5000
2793,P04,1,9000
2794,P02,1,5000
2795,P05,1,7500
2796,P02,1,5000
2797,P08,1,8000
2798,P07,1,6000
2798,P01,2,3000
2799,P02,1,5000
2800,P08,2,8000
2801,P08,1,8000
2802,P02,3,5000
2803,P03,1,8500
2803,P04,1,9000
2804,P07,2,6000
2805,P04,1,9000
2805,P07,1,6000
2805,P02,1,5000
2806,P01,1,3000
2806,P05,1,7500
2807,P04,1,9000
2807,P01,2,3000
2808,P08,1,8000
2808,P04,1,9000
2809,P08,2,8000
2809,P03,1,8500
2810,P08,1,8000
2810,P03,3,8500
2811,P07,1,6000
2811,P08,1,8000
2812,P01,1,3000
2813,P03,2,8500
2813,P07,1,6000
2814,P01,1,3000
2815,P03,1,8500
2816,P07,2,6000
2816,P03,1,8500
2817,P01,1,3000
2817,P04,2,9000
2818,P02,1,5000
2818,P08,1,8000
2819,P07,1,6000
2820,P06,3,11000
2820,P07,2,6000
2821,P04,2,9000
2822,P04,1,9000
2822,P03,1,8500
2823,P08,1,8000
2824,P05,1,7500
2825,P01,1,3000
2826,P07,1,6000
2827,P07,2,6000
2828,P05,1,7500
2828,P03,1,8500
2829,P07,1,6000
2830,P05,1,7500
2830,P01,3,3000
2831,P05,1,7500
2831,P07,1,6000
2832,P07,1,6000
2833,P02,1,5000
2833,P06,1,11000
2833,P03,2,8500
2834,P01,1,3000
2835,P01,1,3000
2835,P07,2,6000
2836,P07,1,6000
2836,P02,1,5000
2837,P02,1,5000
2837,P05,1,7500
2838,P03,1,8500
2838,P05,1,7500
2839,P02,1,5000
2839,P01,1,3000
2839,P07,1,6000
2840,P06,1,11000
2841,P05,1,7500
2841,P01,1,3000
2841,P02,1,5000
2842,P05,2,7500
2842,P01,1,3000
2842,P03,2,8500
2843,P08,1,8000
2843,P01,1,3000
2844,P02,1,5000
2845,P07,1,6000
2846,P02,1,5000
2846,P03,2,8500
2847,P01,1,3000
2848,P01,1,3000
2848,P04,1,9000
2849,P04,1,9000
2849,P03,1,8500
2849,P08,1,8000
2850,P08,1,8000
2850,P07,1,6000
2850,P01,1,3000
2851,P05,1,7500
2852,P07,2,6000
2853,P07,1,6000
2854,P07,1,6000
2854,P02,1,5000
2855,P01,3,3000
2855,P05,1,7500
2856,P04,1,9000
2856,P01,1,3000
2857,P07,1,6000
2857,P06,1,11000
2858,P03,1,8500
2858,P01,1,3000
2859,P04,1,9000
2860,P01,1,3000
2861,P01,1,3000
2861,P08,1,8000
2862,P07,1,6000
2862,P03,1,8500
2863,P05,1,7500
2863,P03,3,8500
2864,P01,2,3000
2865,P03,1,8500
2866,P03,1,8500
2866,P02,1,5000
2866,P07,1,6000
2867,P05,1,7500
2867,P04,2,9000
2867,P07,1,6000
2868,P07,1,6000
2868,P01,1,3000
2869,P04,1,9000
2869,P03,1,8500
2870,P08,1,8000
2871,P02,1,5000
2871,P07,1,6000
2872,P06,1,11000
2873,P05,1,7500
2874,P07,1,6000
2874,P04,1,9000
2874,P01,1,3000
2875,P08,2,8000
2876,P07,1,6000
2877,P08,1,8000
2878,P08,1,8000
2879,P04,1,9000
2880,P01,1,3000
2881,P07,1,6000
2881,P01,1,3000
2881,P03,1,8500
2882,P01,1,3000
2882,P03,1,8500
2882,P06,1,11000
2883,P08,1,8000
2883,P02,1,5000
2884,P06,1,11000
2885,P01,1,3000
2885,P07,2,6000
2886,P02,1,5000
2886,P01,1,3000
2887,P01,1,3000
2887,P02,1,5000
2888,P07,2,6000
2888,P02,1,5000
2889,P03,1,8500
2890,P07,1,6000
2890,P02,2,5000
2891,P01,1,3000
2891,P04,1,9000
2892,P06,2,11000
2893,P02,1,5000
2894,P03,2,8500
2894,P06,1,11000
2895,P01,1,3000
2896,P07,2,6000
2897,P03,1,8500
2897,P04,1,9000
2897,P01,1,3000
2898,P04,1,9000
2898,P06,1,11000
2899,P08,2,8000
2899,P01,1,3000
2899,P05,1,7500
2900,P03,3,8500
2900,P01,1,3000
2901,P07,1,6000
2902,P01,1,3000
2903,P03,1,8500
2903,P08,1,8000
2904,P04,3,9000
2905,P04,1,9000
2905,P07,1,6000
2906,P03,1,8500
2906,P04,1,9000
2907,P04,2,9000
2908,P01,1,3000
2909,P03,1,8500
2910,P02,1,5000
2910,P07,1,6000
2911,P04,2,9000
2911,P03,1,8500
2912,P01,1,3000
2912,P03,1,8500
2913,P07,2,6000
2913,P01,1,3000
2914,P03,1,8500
2915,P07,1,6000
2916,P03,1,8500
2917,P01,1,3000
2917,P05,1,7500
2917,P02,1,5000
2918,P03,1,8500
2919,P06,1,11000
2920,P02,1,5000
2920,P05,1,7500
2921,P02,1,5000
2922,P01,1,3000
2923,P04,1,9000
2923,P03,1,8500
2924,P08,1,8000
2925,P07,2,6000
2926,P02,1,5000
2927,P01,1,3000
2927,P03,1,8500
2928,P01,1,3000
2929,P03,1,8500
2929,P08,1,8000
2930,P06,1,11000
2930,P08,1,8000
2930,P02,1,5000
2931,P07,1,6000
2932,P04,1,9000
2933,P08,1,8000
2933,P06,1,11000
2934,P02,1,5000
2935,P08,1,8000
2935,P03,2,8500
2936,P04,1,9000
2937,P04,1,9000
2938,P07,1,6000
2939,P02,1,5000
2940,P07,1,6000
2940,P03,2,8500
2941,P02,1,5000
2942,P07,1,6000
2943,P01,1,3000
2943,P02,1,5000
2944,P02,1,5000
2944,P08,1,8000
2944,P07,1,6000
2945,P06,1,11000
2945,P04,1,9000
2946,P07,1,6000
2946,P02,1,5000
2947,P07,1,6000
2947,P06,1,11000
2948,P03,1,8500
2948,P04,1,9000
2949,P01,1,3000
2950,P07,2,6000
2951,P07,1,6000
2952,P01,1,3000
2952,P06,3,11000
2952,P07,2,6000
2953,P04,1,9000
2954,P08,1,8000
2955,P07,1,6000
2956,P03,1,8500
2957,P08,2,8000
2958,P02,1,5000
2959,P05,1,7500
2960,P03,1,8500
2960,P06,1,11000
2960,P07,1,6000
2961,P04,1,9000
2962,P03,1,8500
2963,P08,2,8000
2964,P07,1,6000
2964,P04,2,9000
2965,P05,1,7500
2966,P02,1,5000
2967,P05,1,7500
2968,P01,1,3000
2968,P07,1,6000
2969,P01,1,3000
2969,P07,1,6000
2970,P02,1,5000
2970,P07,2,6000
2971,P03,1,8500
2972,P02,1,5000
2973,P04,1,9000
2973,P02,2,5000
2974,P07,1,6000
2975,P07,2,6000
2975,P05,1,7500
2976,P07,1,6000
2977,P04,2,9000
2978,P03,1,8500
2978,P05,1,7500
2978,P02,1,5000
2979,P05,1,7500
2979,P03,1,8500
2979,P01,3,3000
2980,P03,1,8500
2980,P04,1,9000
2981,P04,2,9000
2981,P02,1,5000
2982,P01,1,3000
2983,P07,1,6000
2983,P03,1,8500
2984,P08,2,8000
2984,P02,1,5000
2984,P01,1,3000
2985,P08,1,8000
2986,P05,1,7500
2986,P01,2,3000
2987,P07,1,6000
2988,P06,2,11000
2989,P02,2,5000
2989,P07,1,6000
2990,P07,1,6000
2990,P08,1,8000
2991,P06,1,11000
2991,P07,2,6000
2992,P03,1,8500
2993,P03,1,8500
2994,P07,3,6000
2994,P06,1,11000
2995,P03,1,8500
2996,P06,1,11000
2996,P01,1,3000
2996,P04,1,9000
2997,P01,2,3000
2998,P01,1,3000
2998,P07,1,6000
2999,P02,1,5000
2999,P03,1,8500
3000,P01,1,3000
3001,P03,1,8500
3002,P07,1,6000
3003,P08,1,8000
3004,P07,1,6000
3005,P03,1,8500
3006,P06,2,11000
3006,P02,2,5000
3007,P08,1,8000
3008,P03,1,8500
3009,P01,3,3000
3010,P07,1,6000
3010,P05,1,7500
3011,P03,2,8500
3012,P02,1,5000
3012,P01,1,3000
3013,P06,1,11000
3014,P05,1,7500
3015,P02,1,5000
3015,P08,1,8000
3016,P02,1,5000
3017,P04,1,9000
3018,P05,1,7500
3019,P02,2,5000
3019,P08,1,8000
3020,P02,1,5000
3020,P06,1,11000
3021,P03,1,8500
3021,P02,1,5000
3021,P04,2,9000
3022,P04,1,9000
3022,P03,1,8500
3023,P07,1,6000
3023,P05,1,7500
3024,P02,1,5000
3025,P07,2,6000
3026,P04,1,9000
3027,P07,1,6000
3027,P06,1,11000
3028,P02,1,5000
3029,P03,2,8500
3029,P07,1,6000
3029,P05,1,7500
3030,P05,1,7500
3030,P03,1,8500
3031,P04,1,9000
3031,P01,1,3000
3032,P03,1,8500
3033,P02,1,5000
3034,P01,2,3000
3034,P06,1,11000
3035,P01,2,3000
3035,P04,1,9000
3036,P06,2,11000
3036,P04,1,9000
3037,P05,1,7500
3037,P07,1,6000
3038,P02,1,5000
3039,P01,1,3000
3039,P06,1,11000
3040,P04,2,9000
3040,P01,1,3000
3041,P07,1,6000
3041,P02,1,5000
3042,P07,1,6000
3043,P03,1,8500
3043,P02,1,5000
3044,P03,1,8500
3045,P01,1,3000
3045,P05,1,7500
3046,P04,1,9000
3046,P01,1,3000
3047,P01,1,3000
3047,P06,1,11000
3048,P06,2,11000
3048,P02,3,5000
3049,P08,1,8000
3050,P04,1,9000
3051,P02,1,5000
3051,P06,1,11000
3051,P03,3,8500
3052,P01,1,3000
3053,P05,1,7500
3054,P01,1,3000
3055,P07,1,6000
3055,P08,1,8000
3056,P03,3,8500
3056,P01,1,3000
3057,P07,1,6000
3058,P03,1,8500
3059,P04,1,9000
3060,P02,1,5000
3061,P07,2,6000
3062,P07,1,6000
3063,P03,2,8500
3063,P07,2,6000
3064,P05,1,7500
3064,P08,1,8000
3065,P05,3,7500
3066,P02,2,5000
3067,P03,1,8500
3067,P04,1,9000
3068,P07,3,6000
3068,P01,1,3000
3069,P04,1,9000
3070,P04,1,9000
3071,P07,1,6000
3071,P08,1,8000
3072,P02,1,5000
3072,P07,3,6000
3072,P08,1,8000
3073,P01,1,3000
3074,P03,1,8500
3075,P03,1,8500
3076,P02,1,5000
3077,P01,1,3000
3077,P03,1,8500
3078,P04,1,9000
3078,P07,1,6000
3079,P04,3,9000
3080,P07,1,6000
3081,P07,1,6000
3082,P05,1,7500
3082,P07,3,6000
3083,P07,2,6000
3084,P02,1,5000
3084,P03,3,8500
3085,P02,1,5000
3086,P08,1,8000
3087,P03,1,8500
3088,P07,2,6000
3089,P03,1,8500
3089,P04,1,9000
3090,P01,1,3000
3090,P08,1,8000
3091,P01,1,3000
3091,P03,1,8500
3092,P08,1,8000
3093,P01,1,3000
3093,P06,1,11000
3094,P01,2,3000
3094,P06,1,11000
3095,P07,2,6000
3095,P06,2,11000
3096,P02,2,5000
3097,P06,1,11000
3098,P02,2,5000
3098,P07,1,6000
3099,P07,1,6000
3099,P02,1,5000
3100,P03,1,8500
3100,P01,1,3000
3100,P08,1,8000
3101,P04,2,9000
3101,P03,2,8500
3102,P04,2,9000
3103,P07,1,6000
3104,P01,1,3000
3105,P02,1,5000
3106,P01,1,3000
3106,P03,2,8500
3107,P01,1,3000
3107,P07,1,6000
3108,P04,1,9000
3109,P07,2,6000
3109,P06,1,11000
3109,P04,1,9000
3110,P08,3,8000
3111,P03,1,8500
3111,P07,1,6000
3112,P03,2,8500
3112,P04,2,9000
3113,P03,1,8500
3114,P01,1,3000
3115,P06,2,11000
3115,P02,1,5000
3116,P01,1,3000
3117,P08,2,8000
3118,P01,1,3000
3118,P03,2,8500
3118,P04,1,9000
3119,P02,1,5000
3119,P06,1,11000
3119,P05,1,7500
3120,P03,3,8500
3121,P03,1,8500
3121,P07,1,6000
3122,P05,1,7500
3122,P01,1,3000
3123,P03,3,8500
3124,P03,1,8500
3124,P08,1,8000
3125,P01,1,3000
3125,P03,1,8500
3126,P01,1,3000
3126,P02,1,5000
3127,P07,1,6000
3128,P01,1,3000
3129,P01,1,3000
3130,P02,1,5000
3131,P07,3,6000
3132,P07,1,6000
3133,P01,2,3000
3133,P06,1,11000
3134,P03,2,8500
3135,P05,2,7500
3135,P03,1,8500
3136,P02,1,5000
3136,P08,1,8000
3137,P07,1,6000
3138,P08,2,8000
3138,P02,1,5000
3139,P02,1,5000
3140,P03,2,8500
3140,P02,1,5000
3141,P08,1,8000
3142,P07,2,6000
3142,P04,1,9000
3143,P04,1,9000
3144,P07,1,6000
3144,P02,3,5000
3145,P08,1,8000
3145,P07,1,6000
3146,P04,1,9000
3147,P03,1,8500
3147,P07,1,6000
3148,P03,1,8500
3148,P07,2,6000
3148,P08,1,8000
3149,P01,1,3000
3150,P01,1,3000
3151,P07,1,6000
3152,P05,1,7500
3153,P07,1,6000
3153,P03,1,8500
3153,P01,2,3000
3154,P08,2,8000
3155,P02,1,5000
3155,P04,1,9000
3156,P02,1,5000
3156,P07,1,6000
3156,P01,1,3000
3157,P01,1,3000
3157,P05,1,7500
3158,P04,1,9000
3159,P03,2,8500
3160,P02,1,5000
3160,P07,1,6000
3161,P02,1,5000
3161,P07,1,6000
3162,P03,2,8500
3163,P07,1,6000
3163,P01,1,3000
3164,P08,1,8000
3165,P02,1,5000
3166,P03,1,8500
3166,P07,1,6000
3167,P03,1,8500
3168,P06,1,11000
3169,P01,3,3000
3169,P08,3,8000
3170,P01,2,3000
3170,P05,1,7500
3171,P06,1,11000
3172,P02,1,5000
3172,P07,2,6000
3173,P03,1,8500
3173,P07,1,6000
3173,P08,1,8000
3174,P04,2,9000
3174,P03,1,8500
3174,P07,1,6000
3175,P01,1,3000
3176,P07,3,6000
3177,P03,1,8500
3178,P06,2,11000
3178,P04,1,9000
3179,P08,1,8000
3180,P07,1,6000
3181,P04,1,9000
3182,P01,1,3000
3182,P03,1,8500
3183,P02,2,5000
3184,P07,2,6000
3185,P08,1,8000
3185,P05,1,7500
3186,P04,2,9000
3186,P01,1,3000
3187,P04,1,9000
3187,P07,2,6000
3188,P01,1,3000
3188,P02,1,5000
3189,P02,1,5000
3190,P01,1,3000
3190,P04,1,9000
3190,P05,2,7500
3191,P03,2,8500
3192,P04,1,9000
3193,P08,1,8000
3194,P02,1,5000
3195,P03,1,8500
3196,P07,1,6000
3196,P05,2,7500
3196,P01,1,3000
3197,P05,1,7500
3197,P03,1,8500
3198,P01,1,3000
3199,P04,2,9000
3199,P08,1,8000
3200,P07,1,6000
3201,P02,1,5000
3202,P02,1,5000
3203,P06,1,11000
3204,P07,1,6000
3205,P03,1,8500
3205,P07,1,6000
3206,P02,1,5000
3207,P03,1,8500
3207,P05,2,7500
3208,P03,1,8500
3208,P04,1,9000
3209,P05,1,7500
3210,P07,2,6000
3210,P01,1,3000
3211,P06,1,11000
3212,P01,1,3000
3212,P07,1,6000
3213,P08,1,8000
3214,P08,2,8000
3214,P02,1,5000
3214,P07,1,6000
3215,P01,1,3000
3215,P07,2,6000
3216,P07,1,6000
3217,P08,2,8000
3218,P01,1,3000
3219,P04,1,9000
3220,P04,1,9000
3220,P07,3,6000
3221,P02,1,5000
3222,P01,1,3000
3223,P02,3,5000
3223,P03,2,8500
3224,P08,2,8000
3225,P05,1,7500
3226,P01,1,3000
3226,P04,1,9000
3227,P06,2,11000
3227,P01,1,3000
3227,P02,2,5000
3228,P01,1,3000
3228,P02,1,5000
3229,P05,1,7500
3230,P07,1,6000
3230,P03,2,8500
3231,P01,1,3000
3232,P08,1,8000
3232,P02,1,5000
3233,P01,1,3000
3234,P06,1,11000
3235,P03,1,8500
3236,P04,1,9000
3236,P07,1,6000
3237,P02,1,5000
3237,P03,1,8500
3238,P03,1,8500
3239,P08,1,8000
3240,P03,1,8500
3241,P02,1,5000
3242,P06,2,11000
3243,P01,1,3000
3243,P02,1,5000
3244,P07,1,6000
3245,P01,2,3000
3245,P02,1,5000
3246,P02,1,5000
3246,P01,1,3000
3247,P07,1,6000
3248,P02,1,5000
3248,P04,2,9000
3249,P07,1,6000
3249,P01,2,3000
3250,P07,1,6000
3250,P01,1,3000
3251,P03,1,8500
3251,P01,2,3000
3252,P07,1,6000
3252,P02,1,5000
3252,P04,1,9000
3253,P04,1,9000
3253,P01,1,3000
3254,P06,1,11000
3254,P03,1,8500
3254,P02,1,5000
3255,P04,2,9000
3256,P01,3,3000
3257,P05,1,7500
3258,P07,1,6000
3258,P01,1,3000
3258,P03,1,8500
3259,P01,1,3000
3260,P01,1,3000
3260,P03,1,8500
3261,P03,1,8500
3262,P06,1,11000
3263,P01,1,3000
3264,P07,2,6000
3265,P03,1,8500
3265,P07,1,6000
3266,P03,1,8500
3267,P01,2,3000
3268,P04,1,9000
3268,P07,2,6000
3268,P02,3,5000
3269,P04,1,9000
3270,P08,3,8000
3271,P06,1,11000
3272,P05,1,7500
3272,P02,1,5000
3273,P01,1,3000
3273,P08,1,8000
3274,P02,1,5000
3274,P05,1,7500
3274,P01,1,3000
3275,P04,1,9000
3276,P03,1,8500
3276,P04,1,9000
3277,P03,1,8500
3277,P07,1,6000
3277,P01,1,3000
3278,P03,2,8500
3278,P08,2,8000
3279,P03,1,8500
3280,P07,1,6000
3281,P03,1,8500
3282,P01,1,3000
3282,P06,1,11000
3282,P07,1,6000
3283,P01,1,3000
3283,P03,1,8500
3283,P07,2,6000
3284,P07,1,6000
3284,P01,3,3000
3285,P07,1,6000
3285,P06,3,11000
3285,P01,1,3000
3286,P07,2,6000
3286,P02,1,5000
3287,P07,1,6000
3287,P02,1,5000
3288,P03,1,8500
3289,P04,1,9000
3289,P05,1,7500
3290,P02,1,5000
3290,P03,2,8500
3291,P02,1,5000
3291,P03,2,8500
3292,P05,1,7500
3292,P04,1,9000
3292,P01,2,3000
3293,P07,1,6000
3293,P01,1,3000
3294,P02,1,5000
3295,P04,1,9000
3296,P05,1,7500
3296,P01,1,3000
3297,P01,1,3000
3297,P03,2,8500
3298,P01,1,3000
3299,P07,1,6000
3300,P06,1,11000
3301,P02,1,5000
3302,P01,1,3000
3303,P06,1,11000
3304,P04,1,9000
3305,P03,1,8500
3306,P04,1,9000
3307,P05,2,7500
3308,P01,1,3000
3309,P08,1,8000
3309,P02,2,5000
3310,P08,1,8000
3311,P01,1,3000
3311,P03,1,8500
3312,P07,1,6000
3312,P08,1,8000
3313,P04,2,9000
3314,P04,2,9000
3315,P01,1,3000
3316,P01,1,3000
3317,P05,2,7500
3317,P03,1,8500
3318,P08,1,8000
3319,P03,1,8500
3319,P01,1,3000
3320,P07,2,6000
3321,P07,2,6000
3322,P07,1,6000
3323,P04,2,9000
3323,P02,1,5000
3324,P02,1,5000
3325,P05,1,7500
3325,P04,2,9000
3326,P07,1,6000
3326,P08,2,8000
3326,P01,2,3000
3327,P07,1,6000
3328,P07,1,6000
3328,P08,1,8000
3329,P02,1,5000
3330,P03,1,8500
3331,P07,1,6000
3331,P03,1,8500
3331,P08,1,8000
3332,P03,1,8500
3333,P02,1,5000
3334,P07,1,6000
3335,P01,2,3000
3335,P03,1,8500
3336,P03,1,8500
3337,P07,1,6000
3337,P03,2,8500
3338,P07,1,6000
3339,P01,2,3000
3340,P05,1,7500
3341,P07,1,6000
3342,P08,1,8000
3343,P01,2,3000
3343,P02,1,5000
3344,P05,1,7500
3345,P08,2,8000
3346,P03,1,8500
3347,P02,1,5000
3347,P01,1,3000
3348,P07,1,6000
3348,P02,1,5000
3348,P05,1,7500
3349,P05,1,7500
3350,P02,2,5000
3351,P01,1,3000
3352,P07,1,6000
3352,P05,1,7500
3352,P01,1,3000
3353,P06,2,11000
3354,P07,1,6000
3354,P04,2,9000
3354,P01,2,3000
3355,P07,1,6000
3355,P03,1,8500
3356,P03,1,8500
3357,P05,1,7500
3357,P07,1,6000
3357,P02,1,5000
3358,P03,1,8500
3359,P03,1,8500
3360,P08,2,8000
3360,P04,2,9000
3360,P02,1,5000
3361,P02,1,5000
3362,P05,1,7500
3362,P07,2,6000
3363,P07,1,6000
3363,P04,3,9000
3364,P07,1,6000
3365,P01,1,3000
3365,P02,2,5000
3365,P07,1,6000
3366,P01,3,3000
3367,P08,2,8000
3367,P07,1,6000
3368,P02,1,5000
3368,P04,2,9000
3369,P02,1,5000
3369,P07,1,6000
3370,P03,1,8500
3371,P07,1,6000
3371,P03,1,8500
3372,P08,1,8000
3372,P03,1,8500
3373,P03,1,8500
3373,P07,1,6000
3374,P05,1,7500
3374,P03,1,8500
3375,P02,1,5000
3376,P04,1,9000
3377,P05,2,7500
3378,P08,1,8000
3379,P07,2,6000
3380,P04,1,9000
3381,P03,1,8500
3382,P01,1,3000
3382,P04,2,9000
3383,P07,1,6000
3383,P04,1,9000
3384,P02,1,5000
3384,P01,1,3000
3385,P03,1,8500
3386,P07,1,6000
3386,P01,1,3000
3386,P08,1,8000
3387,P03,2,8500
3387,P01,1,3000
3387,P04,1,9000
3388,P01,1,3000
3389,P04,1,9000
3390,P06,1,11000
3391,P04,2,9000
3392,P03,3,8500
3393,P03,1,8500
3393,P02,1,5000
3393,P01,1,3000
3394,P04,1,9000
3395,P03,1,8500
3396,P07,2,6000
3397,P04,1,9000
3398,P01,1,3000
3399,P07,1,6000
3400,P02,1,5000
3401,P01,1,3000
3402,P03,1,8500
3403,P01,1,3000
3404,P07,1,6000
3404,P02,1,5000
3405,P05,1,7500
3406,P04,1,9000
3406,P03,1,8500
3407,P07,1,6000
3407,P01,2,3000
3408,P07,1,6000
3408,P02,2,5000
3408,P04,1,9000
3409,P03,2,8500
3409,P01,1,3000
3410,P08,1,8000
3411,P06,1,11000
3412,P04,1,9000
3413,P02,1,5000
3413,P07,1,6000
3413,P01,1,3000
3414,P02,1,5000
3414,P03,1,8500
3414,P06,1,11000
3415,P03,1,8500
3416,P04,1,9000
3417,P01,1,3000
3418,P05,2,7500
3419,P04,3,9000
3420,P05,3,7500
3421,P08,1,8000
3422,P04,1,9000
3423,P03,3,8500
3424,P07,1,6000
3424,P01,3,3000
3425,P03,1,8500
3425,P06,1,11000
3426,P04,1,9000
3426,P03,2,8500
3426,P02,1,5000
3427,P02,1,5000
3428,P02,1,5000
3429,P03,1,8500
3430,P06,1,11000
3431,P01,2,3000
3431,P08,1,8000
3432,P07,1,6000
3433,P08,1,8000
3434,P06,1,11000
3434,P03,1,8500
3434,P08,1,8000
3435,P04,1,9000
3436,P03,1,8500
3437,P07,1,6000
3438,P06,1,11000
3438,P01,1,3000
3438,P08,1,8000
3439,P07,1,6000
3439,P04,1,9000
3439,P02,1,5000
3440,P08,2,8000
3440,P01,1,3000
3441,P07,2,6000
3441,P04,2,9000
3442,P07,1,6000
3443,P04,1,9000
3444,P02,1,5000
3445,P04,1,9000
3445,P07,1,6000
3446,P02,1,5000
3446,P07,2,6000
3447,P08,1,8000
3448,P07,1,6000
3448,P04,1,9000
3449,P08,1,8000
3449,P07,1,6000
3450,P08,1,8000
3451,P03,1,8500
3452,P03,1,8500
3452,P07,1,6000
3453,P03,1,8500
3454,P02,1,5000
3455,P03,1,8500
3456,P04,1,9000
3456,P07,1,6000
3457,P07,1,6000
3457,P08,2,8000
3458,P04,1,9000
3458,P02,1,5000
3458,P01,1,3000
3459,P08,1,8000
3459,P05,1,7500
3460,P03,1,8500
3460,P04,2,9000
3461,P04,1,9000
3461,P08,1,8000
3462,P08,1,8000
3463,P08,1,8000
3464,P07,1,6000
3464,P01,1,3000
3465,P01,1,3000
3465,P07,2,6000
3466,P02,1,5000
3466,P01,1,3000
3466,P04,1,9000
3467,P01,1,3000
3468,P07,1,6000
3468,P03,1,8500
3469,P02,1,5000
3469,P03,2,8500
3470,P02,1,5000
3470,P06,1,11000
3471,P01,1,3000
3471,P08,1,8000
3472,P04,3,9000
3473,P03,1,8500
3474,P07,1,6000
3474,P01,1,3000
3474,P03,1,8500
3475,P03,3,8500
3476,P02,1,5000
3476,P01,1,3000
3477,P06,1,11000
3478,P04,1,9000
3479,P08,1,8000
3479,P03,1,8500
3480,P02,1,5000
3481,P03,1,8500
3482,P04,2,9000
3483,P07,2,6000
3484,P01,2,3000
3484,P08,2,8000
3485,P03,1,8500
3486,P01,1,3000
3487,P06,1,11000
3488,P07,1,6000
3489,P01,1,3000
3489,P06,1,11000
3490,P02,1,5000
3490,P03,3,8500
3490,P04,1,9000
3491,P06,1,11000
3491,P07,1,6000
3492,P01,1,3000
3492,P03,3,8500
3493,P07,1,6000
3494,P08,1,8000
3495,P07,2,6000
3496,P02,3,5000
3497,P02,1,5000
3497,P03,1,8500
3498,P05,1,7500
3498,P07,2,6000
3499,P02,1,5000
3499,P04,1,9000
3500,P01,2,3000
3500,P03,1,8500
3501,P07,1,6000
3501,P02,1,5000
3502,P03,1,8500
3503,P02,1,5000
3504,P06,1,11000
3505,P03,1,8500
3506,P07,3,6000
3506,P04,2,9000
3507,P06,1,11000
3508,P02,1,5000
3509,P01,1,3000
3510,P07,1,6000
3510,P03,1,8500
3511,P05,1,7500
3512,P01,1,3000
3513,P01,1,3000
3513,P08,1,8000
3514,P07,2,6000
3514,P08,1,8000
3514,P03,1,8500
3515,P03,2,8500
3515,P04,1,9000
3516,P01,2,3000
3517,P01,2,3000
3518,P01,1,3000
3518,P07,1,6000
3519,P04,1,9000
3520,P07,1,6000
3521,P08,1,8000
3521,P01,1,3000
3522,P01,1,3000
3523,P07,1,6000
3524,P01,1,3000
3524,P06,1,11000
3524,P04,1,9000
3525,P03,1,8500
3525,P01,1,3000
3526,P07,1,6000
3527,P01,3,3000
3527,P04,1,9000
3527,P02,1,5000
3528,P03,1,8500
3528,P07,1,6000
3528,P04,1,9000
3529,P04,1,9000
3530,P01,1,3000
3530,P02,1,5000
3531,P03,2,8500
3532,P05,1,7500
3533,P07,1,6000
3534,P06,1,11000
3535,P02,1,5000
3536,P08,3,8000
3536,P01,1,3000
3537,P07,1,6000
3538,P02,1,5000
3539,P04,2,9000
3540,P03,1,8500
3540,P05,1,7500
3540,P04,2,9000
3541,P07,2,6000
3542,P02,1,5000
3542,P07,1,6000
3543,P04,1,9000
3544,P07,1,6000
3545,P08,1,8000
3546,P04,2,9000
3546,P06,1,11000
3547,P01,1,3000
3548,P02,1,5000
3549,P01,1,3000
3550,P06,1,11000
3551,P03,2,8500
3552,P07,1,6000
3552,P08,1,8000
3553,P05,1,7500
3553,P04,1,9000
3554,P01,2,3000
3555,P02,2,5000
3556,P08,1,8000
3557,P03,1,8500
3557,P07,1,6000
3558,P01,1,3000
3558,P03,1,8500
3559,P07,1,6000
3559,P01,1,3000
3560,P07,1,6000
3561,P04,1,9000
3562,P03,1,8500
3563,P04,3,9000
3564,P07,1,6000
3565,P04,1,9000
3566,P07,1,6000
3567,P01,1,3000
3567,P02,1,5000
3568,P04,3,9000
3568,P02,1,5000
3569,P05,1,7500
3570,P02,1,5000
3571,P03,2,8500
3571,P06,1,11000
3572,P07,1,6000
3573,P02,2,5000
3573,P06,2,11000
3574,P06,1,11000
3574,P04,1,9000
3575,P02,2,5000
3575,P06,1,11000
3575,P07,1,6000
3576,P04,1,9000
3576,P07,1,6000
3577,P08,1,8000
3578,P01,1,3000
3579,P08,1,8000
3580,P03,1,8500
3580,P04,1,9000
3580,P08,1,8000
3581,P04,1,9000
3582,P05,1,7500
3582,P08,1,8000
3583,P03,1,8500
3584,P01,1,3000
3584,P02,1,5000
3585,P07,1,6000
3586,P05,1,7500
3587,P08,1,8000
3587,P03,2,8500
3587,P01,1,3000
3588,P07,1,6000
3589,P04,2,9000
3590,P05,1,7500
3591,P02,3,5000
3591,P03,1,8500
3592,P04,1,9000
3593,P03,1,8500
3593,P02,2,5000
3594,P01,1,3000
3595,P05,1,7500
3595,P01,1,3000
3596,P03,1,8500
3597,P07,1,6000
3598,P06,1,11000
3598,P04,3,9000
3599,P01,1,3000
3599,P08,1,8000
3600,P01,2,3000
3601,P02,1,5000
3601,P07,1,6000
3602,P06,1,11000
3603,P01,1,3000
3603,P05,1,7500
3604,P01,2,3000
3604,P06,1,11000
3605,P04,1,9000
3605,P05,1,7500
3606,P02,1,5000
3607,P08,1,8000
3608,P06,1,11000
3608,P07,1,6000
3609,P06,1,11000
3610,P01,1,3000
3610,P03,1,8500
3611,P07,2,6000
3611,P04,1,9000
3611,P01,1,3000
3612,P02,1,5000
3613,P07,1,6000
3613,P04,2,9000
3614,P04,1,9000
3615,P07,1,6000
3615,P04,1,9000
3616,P07,1,6000
3616,P08,1,8000
3617,P03,1,8500
3617,P08,1,8000
3617,P01,1,3000
3618,P07,3,6000
3618,P01,1,3000
3619,P04,1,9000
3619,P03,1,8500
3619,P08,2,8000
3620,P01,1,3000
3621,P02,1,5000
3622,P04,2,9000
3623,P05,1,7500
3624,P07,1,6000
3625,P03,2,8500
3626,P01,1,3000
3627,P01,1,3000
3627,P05,1,7500
3628,P01,1,3000
3629,P03,1,8500
3629,P06,1,11000
3630,P03,1,8500
3631,P08,1,8000
3631,P03,1,8500
3631,P01,1,3000
3632,P07,1,6000
3633,P01,1,3000
3634,P06,1,11000
3635,P04,1,9000
3636,P03,2,8500
3637,P01,1,3000
3638,P02,1,5000
3638,P03,1,8500
3638,P01,1,3000
3639,P05,1,7500
3640,P07,1,6000
3641,P02,1,5000
3642,P08,1,8000
3642,P05,1,7500
3643,P07,2,6000
3644,P06,1,11000
3645,P01,1,3000
3646,P03,1,8500
3646,P02,1,5000
3647,P07,1,6000
3648,P01,1,3000
3648,P02,1,5000
3649,P06,2,11000
3650,P07,1,6000
3650,P02,1,5000
3651,P06,1,11000
3652,P01,2,3000
3653,P07,1,6000
3654,P02,1,5000
3654,P01,1,3000
3654,P06,1,11000
3655,P08,1,8000
3655,P07,1,6000
3655,P05,2,7500
3656,P07,2,6000
3656,P01,1,3000
3656,P04,1,9000
3657,P01,1,3000
3657,P08,1,8000
3658,P02,1,5000
3658,P03,1,8500
3658,P04,2,9000
3659,P07,2,6000
3659,P02,2,5000
3660,P06,1,11000
3661,P08,1,8000
3662,P01,1,3000
3662,P08,1,8000
3663,P03,2,8500
3664,P01,1,3000
3664,P02,1,5000
3665,P02,2,5000
3666,P07,1,6000
3666,P06,1,11000
3667,P03,1,8500
3668,P04,1,9000
3669,P04,1,9000
3669,P01,1,3000
3670,P04,1,9000
3671,P03,1,8500
3671,P01,1,3000
3671,P07,1,6000
3672,P07,1,6000
3672,P02,1,5000
3673,P04,1,9000
3673,P03,1,8500
3674,P07,1,6000
3674,P06,1,11000
3675,P07,1,6000
3675,P04,1,9000
3676,P08,1,8000
3677,P07,1,6000
3677,P02,1,5000
3678,P01,1,3000
3679,P07,1,6000
3680,P04,1,9000
3681,P07,1,6000
3681,P05,1,7500
3682,P07,2,6000
3683,P07,1,6000
3683,P03,1,8500
3684,P07,1,6000
3684,P06,1,11000
3685,P07,2,6000
3686,P04,1,9000
3686,P02,1,5000
3687,P01,1,3000
3688,P06,1,11000
3689,P01,1,3000
3690,P02,1,5000
3691,P04,1,9000
3691,P01,1,3000
3692,P03,2,8500
3692,P08,1,8000
3693,P04,1,9000
3693,P01,1,3000
3694,P01,1,3000
3695,P07,1,6000
3696,P03,1,8500
3696,P07,1,6000
3697,P05,1,7500
3697,P03,1,8500
3698,P07,1,6000
3698,P06,1,11000
3699,P07,1,6000
3700,P01,1,3000
3701,P01,1,3000
3702,P04,2,9000
3703,P04,1,9000
3704,P01,3,3000
3705,P06,1,11000
3705,P03,1,8500
3706,P07,1,6000
3706,P08,1,8000
3707,P06,2,11000
3708,P02,1,5000
3708,P07,1,6000
3709,P07,1,6000
3709,P06,1,11000
3709,P02,1,5000
3710,P07,1,6000
3710,P08,1,8000
3711,P01,1,3000
3712,P05,1,7500
3713,P07,2,6000
3714,P07,1,6000
3714,P01,2,3000
3715,P04,1,9000
3715,P03,1,8500
3715,P01,2,3000
3716,P04,1,9000
3717,P05,1,7500
3717,P07,1,6000
3718,P06,1,11000
3718,P01,1,3000
3719,P07,2,6000
3719,P01,1,3000
3719,P05,1,7500
3720,P08,1,8000
3721,P01,1,3000
3722,P01,1,3000
3722,P03,1,8500
3722,P06,1,11000
3723,P07,1,6000
3724,P05,1,7500
3725,P08,1,8000
3725,P01,1,3000
3725,P05,1,7500
3726,P04,1,9000
3727,P01,1,3000
3728,P04,1,9000
3728,P02,1,5000
3729,P02,1,5000
3730,P02,1,5000
3730,P07,1,6000
3730,P03,2,8500
3731,P07,1,6000
3731,P03,1,8500
3731,P06,1,11000
3732,P01,1,3000
3733,P01,2,3000
3734,P02,1,5000
3735,P07,1,6000
3736,P06,1,11000
3736,P01,1,3000
3736,P07,1,6000
3737,P03,2,8500
3737,P08,1,8000
3737,P01,1,3000
3738,P08,1,8000
3739,P08,2,8000
3739,P04,1,9000
3739,P07,2,6000
3740,P03,1,8500
3740,P07,1,6000
3741,P03,1,8500
3742,P01,1,3000
3742,P08,1,8000
3742,P07,2,6000
3743,P07,1,6000
3744,P08,1,8000
3744,P03,1,8500
3745,P05,1,7500
3746,P01,1,3000
3746,P02,1,5000
3747,P07,1,6000
3748,P01,1,3000
3748,P08,1,8000
3749,P04,1,9000
3750,P01,1,3000
3751,P07,1,6000
3751,P02,1,5000
3751,P08,1,8000
3752,P05,1,7500
3753,P07,1,6000
3754,P03,1,8500
3755,P08,1,8000
3756,P04,2,9000
3757,P02,1,5000
3757,P07,1,6000
3758,P08,3,8000
3758,P05,1,7500
3759,P03,1,8500
3760,P06,1,11000
3760,P01,1,3000
3760,P08,1,8000
3761,P05,1,7500
3761,P06,1,11000
3761,P07,1,6000
3762,P03,1,8500
3763,P08,1,8000
3764,P02,1,5000
3764,P04,1,9000
3764,P03,1,8500
3765,P02,1,5000
3765,P07,1,6000
3765,P03,1,8500
3766,P07,1,6000
3767,P07,2,6000
3768,P07,1,6000
3769,P03,2,8500
3769,P01,1,3000
3770,P08,1,8000
3771,P02,1,5000
3771,P06,1,11000
3771,P01,1,3000
3772,P01,1,3000
3772,P07,1,6000
3773,P02,1,5000
3773,P08,2,8000
3774,P02,1,5000
3775,P04,1,9000
3776,P03,1,8500
3777,P03,1,8500
3778,P01,1,3000
3779,P05,2,7500
3780,P03,1,8500
3780,P01,1,3000
3780,P08,1,8000
3781,P01,3,3000
3782,P04,1,9000
3783,P05,1,7500
3784,P08,1,8000
3784,P03,1,8500
3785,P04,1,9000
3786,P02,1,5000
3787,P01,1,3000
3787,P08,1,8000
3788,P07,1,6000
3789,P01,2,3000
3789,P03,1,8500
3790,P03,1,8500
3791,P02,1,5000
3792,P02,1,5000
3792,P05,1,7500
3793,P03,1,8500
3793,P07,1,6000
3794,P03,1,8500
3794,P01,1,3000
3794,P05,1,7500
3795,P07,1,6000
3796,P08,1,8000
3797,P04,1,9000
3798,P02,2,5000
3799,P07,1,6000
3799,P01,1,3000
3800,P08,1,8000
3801,P05,1,7500
3802,P07,1,6000
3802,P01,2,3000
3803,P06,2,11000
3804,P03,1,8500
3804,P01,1,3000
3804,P07,1,6000
3805,P02,3,5000
3806,P05,1,7500
3807,P03,1,8500
3808,P01,1,3000
3809,P01,1,3000
3810,P04,3,9000
3810,P03,2,8500
3811,P07,1,6000
3811,P05,2,7500
3812,P03,1,8500
3813,P05,1,7500
3814,P07,1,6000
3815,P04,1,9000
3816,P07,1,6000
3817,P01,1,3000
3817,P02,1,5000
3818,P05,2,7500
3819,P01,1,3000
3820,P08,1,8000
3821,P03,1,8500
3822,P05,1,7500
3822,P02,1,5000
3822,P08,1,8000
3823,P07,1,6000
3823,P03,1,8500
3823,P02,1,5000
3824,P05,1,7500
3824,P01,1,3000
3824,P03,1,8500
3825,P06,2,11000
3825,P07,1,6000
3826,P06,2,11000
3826,P05,1,7500
3827,P03,1,8500
3827,P07,1,6000
3828,P04,2,9000
3828,P02,1,5000
3829,P02,1,5000
3829,P03,1,8500
3830,P02,1,5000
3830,P07,1,6000
3831,P04,1,9000
3832,P01,1,3000
3833,P07,2,6000
3834,P01,1,3000
3834,P05,1,7500
3835,P07,1,6000
3836,P08,1,8000
3837,P05,1,7500
3838,P04,1,9000
3838,P07,1,6000
3838,P03,2,8500
3839,P08,2,8000
3839,P07,3,6000
3839,P02,1,5000
3840,P07,1,6000
3841,P01,1,3000
3842,P06,2,11000
3842,P08,1,8000
3843,P01,1,3000
3843,P04,1,9000
3844,P05,2,7500
3844,P01,1,3000
3844,P02,1,5000
3845,P01,1,3000
3845,P05,2,7500
3846,P07,1,6000
3847,P03,3,8500
3847,P08,1,8000
3848,P08,1,8000
3848,P04,1,9000
3849,P01,2,3000
3850,P03,1,8500
3851,P02,2,5000
3852,P04,1,9000
3853,P07,1,6000
3854,P01,1,3000
3855,P01,1,3000
3856,P07,2,6000
3857,P04,2,9000
3857,P07,1,6000
3858,P01,1,3000
3858,P07,2,6000
3859,P03,1,8500
3860,P04,1,9000
3860,P06,1,11000
3860,P07,1,6000
3861,P07,1,6000
3862,P06,1,11000
3862,P07,1,6000
3863,P08,1,8000
3863,P07,1,6000
3864,P07,1,6000
3864,P03,2,8500
3865,P07,1,6000
3866,P01,2,3000
3867,P04,1,9000
3868,P04,2,9000
3868,P03,1,8500
3869,P02,1,5000
3870,P03,2,8500
3871,P06,1,11000
3872,P08,1,8000
3872,P02,1,5000
3873,P07,1,6000
3874,P01,2,3000
3875,P04,1,9000
3875,P06,1,11000
3876,P02,2,5000
3876,P07,1,6000
3877,P06,1,11000
3878,P01,1,3000
3878,P02,1,5000
3879,P07,3,6000
3879,P01,2,3000
3879,P03,1,8500
3880,P06,1,11000
3880,P07,1,6000
3881,P01,1,3000
3881,P02,1,5000
3881,P03,1,8500
3882,P06,1,11000
3882,P01,1,3000
3883,P04,1,9000
3883,P01,1,3000
3884,P03,1,8500
3885,P03,1,8500
3886,P08,3,8000
3886,P07,1,6000
3887,P06,1,11000
3888,P01,1,3000
3889,P08,1,8000
3890,P06,1,11000
3891,P02,1,5000
3892,P02,2,5000
3893,P08,2,8000
3893,P07,1,6000
3894,P06,1,11000
3894,P01,1,3000
3895,P03,1,8500
3896,P04,2,9000
3897,P07,1,6000
3897,P01,1,3000
3898,P07,1,6000
3899,P08,1,8000
3899,P06,1,11000
3900,P07,2,6000
3901,P06,2,11000
3902,P03,1,8500
3903,P01,1,3000
3903,P03,1,8500
3904,P04,1,9000
3905,P05,3,7500
3906,P04,2,9000
3906,P02,1,5000
3907,P01,1,3000
3908,P01,1,3000
3908,P04,1,9000
3908,P08,1,8000
3909,P07,1,6000
3910,P02,1,5000
3911,P03,2,8500
3911,P07,1,6000
3912,P04,1,9000
3913,P08,1,8000
3913,P06,1,11000
3914,P01,1,3000
3915,P02,2,5000
3916,P04,1,9000
3916,P05,1,7500
3917,P03,1,8500
3918,P03,2,8500
3918,P05,1,7500
3919,P01,1,3000
3920,P02,2,5000
3920,P03,1,8500
3921,P04,1,9000
3921,P03,1,8500
3922,P01,2,3000
3923,P01,1,3000
3924,P04,1,9000
3924,P06,1,11000
3925,P04,1,9000
3925,P01,1,3000
3926,P04,1,9000
3926,P03,1,8500
3927,P03,1,8500
3927,P07,2,6000
3928,P01,1,3000
3928,P02,2,5000
3929,P07,1,6000
3930,P04,1,9000
3930,P03,1,8500
3931,P08,1,8000
3932,P05,1,7500
3932,P04,1,9000
3933,P07,1,6000
3934,P07,1,6000
3935,P04,1,9000
3935,P03,1,8500
3936,P05,1,7500
3937,P04,1,9000
3938,P07,1,6000
3939,P08,1,8000
3940,P02,1,5000
3941,P08,2,8000
3941,P07,1,6000
3942,P08,2,8000
3943,P08,2,8000
3943,P01,2,3000
3943,P06,1,11000
3944,P02,2,5000
3945,P06,1,11000
3945,P07,1,6000
3946,P02,2,5000
3946,P04,1,9000
3947,P07,1,6000
3948,P02,1,5000
3949,P07,1,6000
3949,P04,1,9000
3950,P03,1,8500
3950,P01,1,3000
3951,P02,1,5000
3951,P01,2,3000
3952,P03,1,8500
3952,P01,2,3000
3953,P02,1,5000
3954,P05,1,7500
3955,P04,1,9000
3956,P03,1,8500
3957,P05,1,7500
3958,P04,1,9000
3959,P07,3,6000
3959,P03,1,8500
3960,P04,1,9000
3961,P08,1,8000
3961,P05,2,7500
3961,P07,1,6000
3962,P02,1,5000
3963,P04,1,9000
3963,P01,1,3000
3964,P05,2,7500
3964,P07,1,6000
3965,P03,1,8500
3965,P01,1,3000
3965,P08,1,8000
3966,P04,1,9000
3967,P03,3,8500
3968,P02,1,5000
3969,P03,1,8500
3970,P08,1,8000
3971,P03,1,8500
3971,P06,1,11000
3972,P04,1,9000
3973,P02,1,5000
3973,P08,1,8000
3973,P01,1,3000
3974,P03,1,8500
3975,P04,1,9000
3976,P04,2,9000
3977,P06,1,11000
3977,P04,1,9000
3978,P05,1,7500
3978,P02,1,5000
3979,P08,1,8000
3980,P07,1,6000
3980,P01,1,3000
3981,P07,1,6000
3982,P01,1,3000
3982,P03,1,8500
3983,P04,1,9000
3984,P02,1,5000
3984,P07,1,6000
3985,P05,1,7500
3985,P07,1,6000
3985,P02,1,5000
3986,P07,1,6000
3986,P03,1,8500
3987,P03,1,8500
3988,P02,1,5000
3989,P08,1,8000
3990,P07,1,6000
3991,P07,2,6000
3991,P03,1,8500
3991,P01,1,3000
3992,P08,1,8000
3993,P08,1,8000
3994,P01,1,3000
3994,P07,2,6000
3995,P03,1,8500
3996,P05,2,7500
3997,P05,1,7500
3998,P04,1,9000
3999,P06,1,11000
3999,P08,1,8000
3999,P01,1,3000
4000,P03,1,8500
4001,P01,1,3000
4002,P03,1,8500
4003,P06,1,11000
4004,P08,1,8000
4005,P07,1,6000
4005,P03,1,8500
4006,P03,1,8500
4006,P04,2,9000
4007,P03,1,8500
4008,P04,1,9000
4009,P05,1,7500
4010,P07,2,6000
4011,P01,2,3000
4011,P02,3,5000
4012,P07,1,6000
4013,P07,1,6000
4014,P07,1,6000
4014,P01,1,3000
4015,P07,2,6000
4016,P03,1,8500
4017,P06,1,11000
4017,P04,1,9000
4018,P07,1,6000
4018,P02,1,5000
4019,P01,1,3000
4019,P03,1,8500
4020,P02,1,5000
4021,P02,1,5000
4022,P03,2,8500
4023,P03,1,8500
4024,P07,1,6000
4025,P03,1,8500
4026,P01,1,3000
4026,P03,1,8500
4027,P08,1,8000
4028,P07,1,6000
4029,P08,1,8000
4029,P03,1,8500
4030,P05,1,7500
4031,P07,3,6000
4031,P01,2,3000
4032,P04,1,9000
4032,P05,1,7500
4033,P02,1,5000
4033,P04,2,9000
4034,P04,1,9000
4035,P08,1,8000
4036,P04,1,9000
4037,P06,1,11000
4038,P04,1,9000
4039,P01,1,3000
4039,P07,2,6000
4040,P04,1,9000
4040,P03,1,8500
4041,P02,1,5000
4042,P02,1,5000
4042,P04,1,9000
4042,P08,2,8000
4043,P04,1,9000
4043,P07,1,6000
4043,P03,1,8500
4044,P01,1,3000
4045,P08,1,8000
4045,P03,1,8500
4046,P07,1,6000
4046,P01,1,3000
4047,P03,1,8500
4048,P03,1,8500
4049,P07,1,6000
4049,P02,1,5000
4050,P04,2,9000
4051,P02,1,5000
4051,P07,1,6000
4052,P03,1,8500
4053,P03,2,8500
4054,P07,1,6000
4055,P08,3,8000
4055,P07,1,6000
4056,P03,1,8500
4056,P08,2,8000
4056,P07,1,6000
4057,P05,2,7500
4058,P03,1,8500
4059,P04,1,9000
4060,P07,1,6000
4061,P08,1,8000
4062,P08,1,8000
4063,P07,1,6000
4064,P05,1,7500
4065,P05,1,7500
4065,P02,1,5000
4066,P01,2,3000
4066,P03,1,8500
4067,P07,1,6000
4068,P01,2,3000
4068,P04,1,9000
4069,P07,1,6000
4070,P08,1,8000
4071,P02,2,5000
4072,P07,1,6000
4072,P01,1,3000
4073,P02,1,5000
4074,P03,1,8500
4075,P07,2,6000
4076,P01,1,3000
4076,P07,1,6000
4077,P01,1,3000
4078,P04,1,9000
4078,P03,2,8500
4078,P06,2,11000
4079,P07,1,6000
4079,P02,1,5000
4079,P06,3,11000
4080,P08,1,8000
4080,P03,2,8500
4081,P03,2,8500
4082,P08,1,8000
4083,P05,1,7500
4084,P08,1,8000
4085,P07,1,6000
4085,P06,1,11000
4086,P01,1,3000
4086,P07,1,6000
4087,P01,1,3000
4087,P07,1,6000
4088,P04,2,9000
4089,P01,1,3000
4089,P03,1,8500
4089,P02,1,5000
4090,P01,1,3000
4091,P01,1,3000
4092,P08,1,8000
4092,P01,1,3000
4093,P08,1,8000
4093,P03,1,8500
4093,P07,1,6000
4094,P08,1,8000
4095,P01,1,3000
4095,P07,2,6000
4095,P04,1,9000
4096,P01,1,3000
4097,P07,2,6000
4098,P08,1,8000
4098,P07,1,6000
4099,P01,1,3000
4100,P04,1,9000
4100,P01,1,3000
4101,P07,1,6000
4101,P01,1,3000
4102,P07,1,6000
4103,P03,1,8500
4104,P05,1,7500
4104,P01,1,3000
4105,P03,1,8500
4106,P01,1,3000
4106,P05,1,7500
4107,P06,1,11000
4108,P02,1,5000
4109,P02,1,5000
4110,P05,1,7500
4111,P07,1,6000
4111,P04,1,9000
4112,P07,1,6000
4112,P08,3,8000
4112,P02,1,5000
4113,P01,2,3000
4113,P07,2,6000
4114,P07,2,6000
4115,P01,1,3000
4115,P02,1,5000
4116,P07,1,6000
4117,P07,1,6000
4118,P03,1,8500
4119,P01,1,3000
4120,P03,1,8500
4120,P01,1,3000
4121,P02,1,5000
4121,P01,1,3000
4121,P04,2,9000
4122,P03,1,8500
4123,P04,1,9000
4124,P03,1,8500
4125,P07,1,6000
4126,P03,2,8500
4127,P02,1,5000
4128,P03,1,8500
4129,P07,1,6000
4130,P07,1,6000
4130,P03,1,8500
4131,P04,1,9000
4132,P04,1,9000
4133,P06,1,11000
4134,P06,1,11000
4135,P03,1,8500
4135,P05,1,7500
4136,P03,2,8500
4137,P01,2,3000
4138,P08,1,8000
4139,P01,1,3000
4140,P07,1,6000
4140,P04,1,9000
4141,P02,1,5000
4142,P05,1,7500
4143,P01,1,3000
4143,P05,1,7500
4143,P07,1,6000
4144,P05,1,7500
4145,P08,2,8000
4146,P02,1,5000
4147,P07,1,6000
4147,P02,2,5000
4148,P07,3,6000
4149,P07,2,6000
4150,P08,1,8000
4151,P01,2,3000
4152,P04,1,9000
4153,P01,2,3000
4154,P05,1,7500
4154,P02,1,5000
4154,P03,1,8500
4155,P03,1,8500
4156,P07,1,6000
4156,P03,1,8500
4157,P04,1,9000
4157,P07,1,6000
4158,P07,1,6000
4159,P05,1,7500
4159,P01,1,3000
4160,P03,1,8500
4161,P01,1,3000
4161,P07,2,6000
4162,P01,2,3000
4163,P04,1,9000
4163,P02,1,5000
4164,P07,1,6000
4164,P03,2,8500
4164,P02,1,5000
4165,P07,1,6000
4166,P07,2,6000
4167,P04,1,9000
4168,P08,2,8000
4168,P05,1,7500
4168,P02,1,5000
4169,P01,2,3000
4169,P03,1,8500
4170,P01,1,3000
4171,P01,1,3000
4172,P07,1,6000
4173,P01,2,3000
4174,P02,2,5000
4175,P07,1,6000
4176,P03,2,8500
4177,P03,1,8500
4178,P02,1,5000
4179,P08,1,8000
4179,P01,1,3000
4179,P03,1,8500
4180,P01,1,3000
4181,P02,1,5000
4182,P05,1,7500
4183,P07,1,6000
4183,P01,1,3000
4184,P05,1,7500
4184,P01,1,3000
4185,P07,1,6000
4186,P02,1,5000
4186,P01,1,3000
4187,P04,1,9000
4188,P04,1,9000
4188,P03,1,8500
4189,P03,1,8500
4190,P03,1,8500
4191,P03,1,8500
4191,P02,3,5000
4191,P04,1,9000
4192,P05,1,7500
4193,P02,1,5000
4194,P02,1,5000
4195,P07,1,6000
4196,P07,1,6000
4196,P03,1,8500
4196,P01,1,3000
4197,P02,1,5000
4197,P06,1,11000
4197,P03,3,8500
4198,P08,2,8000
4198,P01,1,3000
4199,P01,1,3000
4200,P06,1,11000
4200,P08,1,8000
4201,P06,1,11000
4201,P05,1,7500
4202,P02,2,5000
4203,P05,1,7500
4204,P04,1,9000
4204,P03,1,8500
4205,P07,1,6000
4206,P08,2,8000
4206,P03,1,8500
4207,P03,1,8500
4207,P04,1,9000
4208,P03,1,8500
4208,P01,1,3000
4209,P04,1,9000
4210,P01,2,3000
4210,P04,1,9000
4211,P07,1,6000
4211,P02,1,5000
4212,P02,1,5000
4212,P07,1,6000
4213,P03,1,8500
4214,P02,1,5000
4214,P01,3,3000
4215,P05,1,7500
4216,P01,1,3000
4217,P02,1,5000
4217,P07,1,6000
4218,P07,1,6000
4219,P03,1,8500
4219,P08,1,8000
4220,P02,1,5000
4221,P03,2,8500
4221,P01,1,3000
4222,P06,1,11000
4222,P03,3,8500
4223,P08,1,8000
4224,P05,2,7500
4225,P04,1,9000
4225,P07,1,6000
4226,P04,2,9000
4226,P01,1,3000
4227,P04,1,9000
4227,P07,1,6000
4228,P02,1,5000
4228,P03,1,8500
4229,P01,1,3000
4230,P04,1,9000
4231,P01,1,3000
4231,P07,1,6000
4232,P08,1,8000
4232,P07,2,6000
4233,P04,1,9000
4234,P03,2,8500
4235,P07,1,6000
4235,P01,1,3000
4236,P03,1,8500
4236,P04,1,9000
4237,P08,1,8000
4238,P03,2,8500
4239,P01,3,3000
4240,P03,2,8500
4240,P06,1,11000
4241,P08,1,8000
4241,P01,1,3000
4242,P02,1,5000
4243,P07,1,6000
4244,P05,1,7500
4245,P03,2,8500
4245,P07,1,6000
4246,P02,1,5000
4246,P07,2,6000
4247,P06,3,11000
4248,P03,1,8500
4249,P01,1,3000
4250,P04,1,9000
4251,P03,1,8500
4252,P03,1,8500
4252,P02,3,5000
4252,P07,1,6000
4253,P01,1,3000
4253,P03,1,8500
4254,P04,1,9000
4255,P02,2,5000
4255,P06,1,11000
4256,P07,2,6000
4257,P03,1,8500
4258,P03,1,8500
4259,P01,1,3000
4260,P01,1,3000
4260,P04,1,9000
4261,P05,1,7500
4261,P01,3,3000
4262,P01,1,3000
4263,P04,1,9000
4264,P04,1,9000
4264,P08,1,8000
4265,P06,1,11000
4265,P05,3,7500
4266,P07,1,6000
4267,P01,1,3000
4267,P03,1,8500
4268,P06,1,11000
4268,P01,2,3000
4268,P03,1,8500
4269,P03,2,8500
4269,P01,1,3000
4270,P01,1,3000
4270,P03,1,8500
4271,P04,1,9000
4272,P01,1,3000
4273,P03,1,8500
4274,P07,1,6000
4275,P02,1,5000
4276,P04,1,9000
4276,P03,1,8500
4277,P07,1,6000
4277,P01,1,3000
4278,P08,1,8000
4279,P01,1,3000
4280,P04,2,9000
4281,P02,1,5000
4281,P01,2,3000
4281,P03,1,8500
4282,P07,1,6000
4282,P02,1,5000
4283,P03,1,8500
4283,P04,1,9000
4284,P01,1,3000
4284,P07,1,6000
4285,P03,1,8500
4286,P05,1,7500
4287,P02,1,5000
4287,P07,1,6000
4287,P01,1,3000
4288,P04,2,9000
4288,P07,1,6000
4289,P02,1,5000
4289,P01,3,3000
4290,P04,1,9000
4291,P01,1,3000
4292,P03,2,8500
4293,P03,2,8500
4293,P07,2,6000
4294,P08,1,8000
4295,P06,1,11000
4296,P01,2,3000
4296,P04,1,9000
4297,P01,2,3000
4297,P04,1,9000
4298,P01,1,3000
4299,P07,1,6000
4299,P01,1,3000
4300,P03,1,8500
4301,P04,1,9000
4302,P07,1,6000
4303,P01,1,3000
4303,P07,1,6000
4304,P07,2,6000
4305,P02,1,5000
4306,P02,1,5000
4307,P03,1,8500
4308,P01,1,3000
4309,P02,1,5000
4309,P05,1,7500
4310,P03,2,8500
4311,P06,2,11000
4311,P01,1,3000
4311,P02,2,5000
4312,P07,2,6000
4312,P01,1,3000
4313,P03,1,8500
4314,P01,1,3000
4315,P03,1,8500
4316,P02,1,5000
4316,P05,1,7500
4317,P02,1,5000
4317,P03,2,8500
4318,P04,1,9000
4319,P08,2,8000
4320,P06,3,11000
4321,P02,1,5000
4321,P07,1,6000
4322,P02,1,5000
4323,P03,2,8500
4324,P07,2,6000
4325,P01,1,3000
4326,P01,1,3000
4327,P05,2,7500
4328,P03,1,8500
4329,P07,1,6000
4330,P03,1,8500
4331,P02,1,5000
4331,P07,1,6000
4332,P02,1,5000
4333,P07,1,6000
4334,P01,1,3000
4334,P07,1,6000
4334,P08,1,8000
4335,P02,1,5000
4336,P07,1,6000
4337,P04,1,9000
4338,P02,3,5000
4339,P01,2,3000
4339,P08,1,8000
4339,P02,1,5000
4340,P06,1,11000
4340,P04,1,9000
4341,P03,2,8500
4342,P02,2,5000
4342,P08,1,8000
4343,P07,1,6000
4344,P01,2,3000
4344,P08,1,8000
4345,P06,1,11000
4345,P07,1,6000
4346,P07,1,6000
4346,P06,1,11000
4347,P06,2,11000
4347,P05,2,7500
4348,P02,1,5000
4348,P01,3,3000
4348,P05,2,7500
4349,P01,1,3000
4349,P05,1,7500
4350,P07,1,6000
4351,P04,1,9000
4352,P05,1,7500
4352,P06,2,11000
4353,P03,1,8500
4353,P08,1,8000
4353,P07,3,6000
4354,P02,1,5000
4355,P07,3,6000
4356,P05,1,7500
4357,P01,1,3000
4357,P03,1,8500
4358,P03,1,8500
4359,P07,1,6000
4359,P03,1,8500
4360,P04,1,9000
4360,P07,1,6000
4361,P01,1,3000
4362,P03,1,8500
4362,P04,1,9000
4363,P01,1,3000
4364,P07,1,6000
4365,P06,1,11000
4365,P04,1,9000
4366,P03,2,8500
4367,P05,1,7500
4368,P07,1,6000
4369,P08,2,8000
4370,P01,1,3000
4371,P08,1,8000
4372,P03,1,8500
4372,P07,2,6000
4373,P07,1,6000
4374,P06,3,11000
4375,P05,1,7500
4376,P04,1,9000
4376,P06,1,11000
4377,P06,1,11000
4378,P02,1,5000
4379,P03,1,8500
4380,P04,1,9000
4381,P01,1,3000
4381,P02,1,5000
4382,P08,1,8000
4382,P05,1,7500
4383,P07,2,6000
4384,P07,1,6000
4384,P08,2,8000
4384,P04,1,9000
4385,P08,1,8000
4386,P04,1,9000
4386,P01,1,3000
4387,P08,1,8000
4387,P01,1,3000
4388,P03,1,8500
4388,P08,2,8000
4389,P02,3,5000
4390,P02,1,5000
4391,P07,1,6000
4391,P03,1,8500
4392,P04,3,9000
4393,P07,1,6000
4394,P01,1,3000
4394,P02,2,5000
4395,P08,1,8000
4396,P08,1,8000
4396,P07,1,6000
4396,P01,1,3000
4397,P01,3,3000
4398,P07,1,6000
4398,P01,1,3000
4399,P07,1,6000
4399,P02,1,5000
4400,P06,1,11000
4401,P04,1,9000
4401,P02,3,5000
4402,P05,1,7500
4403,P07,1,6000
4403,P05,2,7500
4404,P06,3,11000
4405,P03,1,8500
4405,P07,1,6000
4406,P04,2,9000
4406,P07,2,6000
4407,P04,1,9000
4407,P03,1,8500
4408,P07,1,6000
4408,P01,1,3000
4409,P03,1,8500
4410,P04,1,9000
4411,P04,1,9000
4412,P06,1,11000
4412,P03,1,8500
4413,P01,1,3000
4413,P02,1,5000
4414,P01,1,3000
4414,P05,2,7500
4415,P03,1,8500
4415,P08,3,8000
4416,P08,1,8000
4416,P05,1,7500
4417,P02,1,5000
4417,P08,1,8000
4418,P07,2,6000
4418,P01,1,3000
4419,P04,1,9000
4419,P01,1,3000
4420,P01,2,3000
4421,P01,1,3000
4422,P01,1,3000
4423,P04,2,9000
4423,P06,1,11000
4424,P04,1,9000
4425,P01,2,3000
4426,P07,1,6000
4427,P07,1,6000
4428,P06,1,11000
4429,P07,1,6000
4429,P03,1,8500
4430,P05,1,7500
4430,P07,1,6000
4430,P08,1,8000
4431,P07,1,6000
4431,P04,1,9000
4432,P08,1,8000
4433,P04,2,9000
4433,P01,1,3000
4434,P04,1,9000
4434,P06,1,11000
4435,P03,1,8500
4435,P07,1,6000
4436,P01,1,3000
4436,P03,1,8500
4437,P01,1,3000
4438,P07,1,6000
4439,P03,1,8500
4439,P01,1,3000
4440,P04,1,9000
4441,P07,1,6000
4441,P02,1,5000
4442,P04,1,9000
4443,P01,3,3000
4443,P04,1,9000
4443,P02,1,5000
4444,P04,1,9000
4444,P02,1,5000
4445,P04,1,9000
4445,P06,1,11000
4446,P05,3,7500
4447,P04,2,9000
4448,P08,1,8000
4449,P03,1,8500
4449,P06,1,11000
4450,P02,1,5000
4450,P01,1,3000
4451,P03,1,8500
4452,P01,1,3000
4453,P02,1,5000
4454,P04,2,9000
4455,P08,2,8000
4456,P07,1,6000
4457,P02,2,5000
4458,P01,1,3000
4459,P02,1,5000
4459,P05,1,7500
4460,P03,1,8500
4460,P01,1,3000
4461,P07,1,6000
4462,P07,1,6000
4462,P01,1,3000
4462,P06,1,11000
4463,P07,1,6000
4463,P01,1,3000
4464,P04,1,9000
4465,P07,1,6000
4466,P08,1,8000
4467,P03,1,8500
4468,P07,2,6000
4469,P04,1,9000
4469,P01,1,3000
4470,P03,1,8500
4471,P07,1,6000
4471,P04,1,9000
4472,P08,1,8000
4472,P01,1,3000
4472,P03,1,8500
4473,P01,1,3000
4473,P07,1,6000
4474,P08,1,8000
4474,P01,1,3000
4475,P05,1,7500
4476,P03,1,8500
4477,P08,2,8000
4478,P04,1,9000
4479,P02,1,5000
4479,P01,1,3000
4480,P04,1,9000
4481,P03,1,8500
4482,P08,3,8000
4482,P02,1,5000
4483,P06,1,11000
4484,P02,1,5000
4485,P04,1,9000
4486,P03,1,8500
4486,P07,1,6000
4486,P01,1,3000
4487,P02,1,5000
4488,P07,1,6000
4489,P03,1,8500
4490,P07,1,6000
4491,P07,1,6000
4492,P03,1,8500
4493,P04,1,9000
4493,P03,1,8500
4494,P06,1,11000
4494,P01,1,3000
4495,P07,1,6000
4495,P03,3,8500
4496,P04,1,9000
4496,P05,1,7500
4497,P06,1,11000
4497,P01,1,3000
4497,P02,1,5000
4498,P01,1,3000
4499,P02,1,5000
4499,P01,1,3000
4500,P07,1,6000
4501,P01,1,3000
4502,P04,1,9000
4502,P01,1,3000
4502,P03,3,8500
4503,P08,1,8000
4504,P08,3,8000
4504,P07,1,6000
4505,P07,1,6000
4506,P04,1,9000
4506,P03,1,8500
4506,P07,2,6000
4507,P06,3,11000
4507,P05,1,7500
4508,P03,2,8500
4509,P07,1,6000
4509,P08,2,8000
4510,P04,1,9000
4511,P01,1,3000
4512,P06,2,11000
4513,P08,1,8000
4514,P01,1,3000
4514,P02,2,5000
4515,P07,1,6000
4515,P01,1,3000
4515,P04,1,9000
4516,P03,1,8500
4516,P04,1,9000
4517,P07,1,6000
4518,P07,1,6000
4518,P02,1,5000
4519,P01,1,3000
4519,P07,2,6000
4520,P08,2,8000
4520,P03,1,8500
4521,P04,1,9000
4522,P07,1,6000
4522,P01,1,3000
4523,P07,1,6000
4523,P01,2,3000
4524,P08,3,8000
4524,P03,1,8500
4525,P02,1,5000
4525,P07,1,6000
4525,P04,2,9000
4526,P07,2,6000
4527,P02,1,5000
4528,P03,1,8500
4528,P06,1,11000
4529,P01,1,3000
4529,P02,2,5000
4530,P03,2,8500
4531,P05,1,7500
4532,P08,1,8000
4533,P07,1,6000
4534,P08,1,8000
4535,P07,1,6000
4536,P04,1,9000
4537,P06,1,11000
4538,P04,2,9000
4538,P07,1,6000
4539,P05,1,7500
4539,P04,1,9000
4540,P01,1,3000
4540,P03,1,8500
4541,P01,1,3000
4542,P04,3,9000
4542,P01,1,3000
4543,P08,1,8000
4543,P07,1,6000
4544,P04,3,9000
4545,P03,1,8500
4545,P07,1,6000
4546,P05,1,7500
4547,P05,2,7500
4547,P01,1,3000
4548,P06,1,11000
4549,P01,1,3000
4549,P02,1,5000
4550,P07,1,6000
4550,P08,1,8000
4551,P07,3,6000
4551,P08,1,8000
4552,P01,1,3000
4553,P01,2,3000
4554,P05,1,7500
4554,P06,1,11000
4555,P07,1,6000
4556,P01,1,3000
4556,P04,1,9000
4557,P06,1,11000
4558,P01,1,3000
4558,P07,3,6000
4558,P02,1,5000
4559,P07,1,6000
4559,P02,1,5000
4560,P01,1,3000
4560,P06,1,11000
4561,P02,1,5000
4562,P02,1,5000
4563,P04,1,9000
4563,P07,1,6000
4564,P07,1,6000
4564,P02,1,5000
4564,P08,1,8000
4565,P03,1,8500
4565,P02,1,5000
4566,P02,1,5000
4567,P03,3,8500
4567,P01,1,3000
4568,P03,1,8500
4569,P03,1,8500
4570,P08,1,8000
4571,P01,1,3000
4571,P04,1,9000
4571,P02,1,5000
4572,P03,1,8500
4572,P01,1,3000
4573,P08,1,8000
4574,P02,1,5000
4575,P03,2,8500
4575,P07,1,6000
4576,P06,1,11000
4576,P02,1,5000
4577,P06,2,11000
4578,P01,1,3000
4579,P04,1,9000
4579,P08,1,8000
4580,P03,1,8500
4580,P07,2,6000
4581,P01,3,3000
4581,P08,1,8000
4581,P06,1,11000
4582,P02,1,5000
4582,P01,2,3000
4583,P04,2,9000
4584,P02,1,5000
4584,P03,1,8500
4585,P07,1,6000
4585,P06,1,11000
4586,P07,1,6000
4587,P06,1,11000
4588,P02,1,5000
4588,P01,1,3000
4589,P05,1,7500
4590,P06,1,11000
4590,P04,1,9000
4591,P01,1,3000
4592,P04,2,9000
4592,P03,1,8500
4593,P01,1,3000
4593,P07,3,6000
4594,P06,1,11000
4594,P01,1,3000
4595,P03,2,8500
4595,P02,2,5000
4595,P01,1,3000
4596,P03,2,8500
4596,P07,1,6000
4597,P07,1,6000
4598,P01,1,3000
4599,P01,1,3000
4600,P03,2,8500
4601,P01,1,3000
4602,P03,1,8500
4603,P02,2,5000
4604,P07,1,6000
4605,P04,1,9000
4606,P05,1,7500
4606,P01,1,3000
4607,P07,2,6000
4608,P07,1,6000
4609,P07,1,6000
4610,P07,1,6000
4611,P07,1,6000
4611,P05,1,7500
4612,P02,1,5000
4613,P07,1,6000
4614,P01,1,3000
4615,P01,1,3000
4615,P08,1,8000
4616,P06,2,11000
4616,P01,1,3000
4617,P03,1,8500
4617,P01,1,3000
4618,P07,2,6000
4619,P03,1,8500
4620,P01,1,3000
4621,P08,1,8000
4622,P07,1,6000
4623,P06,3,11000
4624,P05,2,7500
4625,P03,1,8500
4626,P02,1,5000
4627,P01,1,3000
4627,P07,2,6000
4628,P01,1,3000
4629,P08,1,8000
4630,P01,2,3000
4630,P03,1,8500
4631,P07,2,6000
4632,P03,1,8500
4632,P06,1,11000
4633,P06,1,11000
4634,P03,1,8500
4634,P07,1,6000
4635,P08,1,8000
4635,P01,1,3000
4636,P03,1,8500
4636,P07,1,6000
4636,P02,2,5000
4637,P06,1,11000
4638,P01,1,3000
4638,P02,1,5000
4639,P01,3,3000
4639,P08,1,8000
4640,P07,1,6000
4640,P01,1,3000
4641,P03,1,8500
4641,P01,1,3000
4642,P06,1,11000
4643,P07,1,6000
4644,P06,1,11000
4645,P03,2,8500
4646,P03,1,8500
4646,P08,1,8000
4647,P04,3,9000
4648,P03,1,8500
4649,P03,1,8500
4650,P07,1,6000
4651,P04,1,9000
4652,P07,1,6000
4653,P02,1,5000
4653,P03,2,8500
4653,P07,1,6000
4654,P02,3,5000
4655,P04,1,9000
4656,P06,1,11000
4657,P07,3,6000
4657,P01,1,3000
4658,P03,2,8500
4658,P07,1,6000
4658,P08,1,8000
4659,P06,1,11000
4659,P04,1,9000
4659,P03,1,8500
4660,P04,1,9000
4660,P08,1,8000
4661,P08,2,8000
4661,P05,2,7500
4662,P08,2,8000
4663,P08,1,8000
4663,P07,1,6000
4664,P08,1,8000
4664,P06,1,11000
4665,P01,1,3000
4666,P08,1,8000
4666,P03,1,8500
4667,P06,1,11000
4667,P03,1,8500
4667,P01,1,3000
4668,P07,1,6000
4668,P03,1,8500
4669,P03,1,8500
4669,P01,1,3000
4670,P04,1,9000
4670,P03,1,8500
4671,P02,1,5000
4671,P07,2,6000
4672,P07,1,6000
4673,P07,1,6000
4673,P01,1,3000
4674,P01,1,3000
4675,P03,1,8500
4676,P04,2,9000
4676,P06,1,11000
4676,P01,2,3000
4677,P06,1,11000
4677,P03,1,8500
4678,P03,1,8500
4679,P02,2,5000
4679,P07,1,6000
4680,P01,1,3000
4681,P05,1,7500
4682,P03,1,8500
4683,P03,2,8500
4684,P08,1,8000
4685,P05,1,7500
4685,P06,1,11000
4686,P02,1,5000
4687,P05,1,7500
4688,P08,3,8000
4689,P04,2,9000
4690,P05,1,7500
4690,P01,2,3000
4691,P03,1,8500
4691,P01,1,3000
4692,P03,2,8500
4692,P07,1,6000
4693,P02,2,5000
4693,P04,1,9000
4694,P01,1,3000
4695,P02,1,5000
4695,P08,2,8000
4696,P05,1,7500
4696,P07,1,6000
4697,P07,2,6000
4698,P04,1,9000
4699,P02,2,5000
4700,P03,1,8500
4700,P02,1,5000
4700,P04,1,9000
4701,P04,1,9000
4702,P01,1,3000
4703,P04,1,9000
4704,P04,1,9000
4705,P03,1,8500
4705,P02,1,5000
4706,P03,1,8500
4706,P01,1,3000
4707,P07,1,6000
4708,P02,1,5000
4709,P06,1,11000
4710,P03,1,8500
4710,P02,1,5000
4711,P07,1,6000
4711,P05,1,7500
4712,P02,2,5000
4712,P07,2,6000
4712,P06,1,11000
4713,P05,1,7500
4714,P06,2,11000
4715,P01,1,3000
4716,P01,1,3000
4717,P04,1,9000
4718,P07,1,6000
4718,P05,1,7500
4718,P03,2,8500
4719,P02,1,5000
4720,P04,1,9000
4720,P07,1,6000
4721,P06,3,11000
4722,P04,1,9000
4722,P03,1,8500
4723,P01,1,3000
4723,P07,1,6000
4724,P02,1,5000
4725,P01,2,3000
4726,P05,1,7500
4727,P02,1,5000
4728,P02,2,5000
4729,P02,1,5000
4729,P08,1,8000
4730,P02,1,5000
4730,P07,3,6000
4731,P02,1,5000
4732,P05,1,7500
4733,P06,1,11000
4734,P01,1,3000
4735,P04,1,9000
4735,P07,2,6000
4736,P04,1,9000
4737,P05,1,7500
4738,P06,1,11000
4739,P03,1,8500
4739,P07,2,6000
4740,P02,1,5000
4741,P07,1,6000
4741,P01,1,3000
4741,P06,2,11000
4742,P04,1,9000
4743,P08,1,8000
4744,P06,1,11000
4744,P04,1,9000
4745,P02,1,5000
4746,P04,1,9000
4747,P03,1,8500
4748,P05,2,7500
4748,P07,2,6000
4749,P07,1,6000
4749,P03,2,8500
4750,P01,1,3000
4750,P05,1,7500
4751,P07,2,6000
4752,P08,2,8000
4752,P05,1,7500
4753,P07,1,6000
4754,P02,2,5000
4754,P03,1,8500
4755,P02,1,5000
4755,P07,1,6000
4756,P02,2,5000
4757,P01,1,3000
4757,P04,3,9000
4757,P03,1,8500
4758,P03,1,8500
4759,P03,1,8500
4759,P01,1,3000
4760,P05,1,7500
4760,P01,1,3000
4761,P07,1,6000
4762,P01,2,3000
4763,P01,1,3000
4764,P07,1,6000
4765,P07,3,6000
4765,P04,1,9000
4765,P03,1,8500
4766,P03,1,8500
4767,P08,1,8000
4768,P07,1,6000
4768,P02,1,5000
4769,P06,1,11000
4770,P03,2,8500
4770,P08,1,8000
4770,P01,1,3000
4771,P07,1,6000
4771,P01,1,3000
4772,P01,1,3000
4772,P03,1,8500
4773,P08,1,8000
4774,P02,1,5000
4775,P07,2,6000
4775,P04,1,9000
4776,P02,1,5000
4777,P01,1,3000
4777,P07,1,6000
4778,P03,2,8500
4778,P01,2,3000
4779,P07,1,6000
4780,P06,1,11000
4781,P03,1,8500
4781,P01,2,3000
4782,P03,1,8500
4783,P03,1,8500
4784,P03,1,8500
4785,P08,1,8000
4785,P05,2,7500
4786,P07,1,6000
4787,P08,1,8000
4787,P03,1,8500
4788,P01,1,3000
4788,P08,1,8000
4789,P02,1,5000
4789,P06,1,11000
4790,P07,1,6000
4790,P08,1,8000
4791,P07,1,6000
4792,P03,1,8500
4792,P01,1,3000
4792,P08,1,8000
4793,P03,1,8500
4794,P01,1,3000
4794,P07,1,6000
4795,P04,1,9000
4796,P05,1,7500
4796,P03,1,8500
4796,P01,1,3000
4797,P07,2,6000
4798,P01,1,3000
4799,P05,1,7500
4799,P04,1,9000
4800,P01,1,3000
4801,P05,1,7500
4802,P07,1,6000
4802,P03,1,8500
4803,P02,1,5000
4804,P07,2,6000
4805,P03,1,8500
4805,P06,2,11000
4806,P04,1,9000
4807,P06,1,11000
4808,P07,1,6000
4809,P01,1,3000
4809,P07,1,6000
4810,P08,1,8000
4810,P03,2,8500
4810,P04,1,9000
4811,P02,2,5000
4812,P02,2,5000
4812,P01,1,3000
4813,P08,1,8000
4813,P07,1,6000
4814,P07,1,6000
4814,P02,1,5000
4815,P06,1,11000
4816,P03,1,8500
4816,P01,1,3000
4817,P04,1,9000
4818,P03,1,8500
4819,P06,1,11000
4819,P03,1,8500
4820,P03,2,8500
4821,P02,1,5000
4821,P05,1,7500
4822,P04,1,9000
4823,P02,1,5000
4823,P07,1,6000
4823,P08,1,8000
4824,P04,1,9000
4825,P01,2,3000
4826,P01,1,3000
4826,P08,3,8000
4826,P06,1,11000
4827,P06,1,11000
4828,P02,1,5000
4828,P03,1,8500
4829,P01,2,3000
4830,P03,1,8500
4830,P02,1,5000
4831,P03,1,8500
4832,P06,1,11000
4832,P03,1,8500
4833,P01,1,3000
4834,P02,1,5000
4834,P07,1,6000
4835,P04,1,9000
4836,P08,1,8000
4836,P01,1,3000
4837,P02,1,5000
4837,P07,1,6000
4838,P08,1,8000
4839,P02,1,5000
4840,P01,2,3000
4840,P06,2,11000
4841,P05,1,7500
4841,P01,1,3000
4842,P01,1,3000
4843,P04,2,9000
4844,P01,1,3000
4844,P05,2,7500
4845,P04,1,9000
4846,P02,1,5000
4847,P01,1,3000
4848,P02,1,5000
4848,P06,1,11000
4849,P01,1,3000
4849,P03,1,8500
4849,P04,1,9000
4850,P07,1,6000
4850,P01,1,3000
4851,P04,1,9000
4852,P02,1,5000
4853,P03,2,8500
4854,P08,1,8000
4855,P03,1,8500
4856,P06,1,11000
4857,P03,1,8500
4858,P07,1,6000
4858,P06,1,11000
4859,P02,1,5000
4860,P04,1,9000
4860,P01,3,3000
4861,P08,1,8000
4862,P01,2,3000
4862,P02,2,5000
4863,P05,1,7500
4863,P02,2,5000
4864,P02,1,5000
4865,P04,1,9000
4865,P07,1,6000
4866,P03,1,8500
4866,P07,1,6000
4867,P06,1,11000
4868,P06,1,11000
4868,P03,1,8500
4869,P01,1,3000
4869,P04,1,9000
4870,P07,1,6000
4871,P03,1,8500
4871,P08,1,8000
4871,P07,1,6000
4872,P04,1,9000
4873,P08,1,8000
4874,P04,1,9000
4875,P06,1,11000
4875,P01,1,3000
4876,P01,1,3000
4876,P02,1,5000
4877,P01,1,3000
4877,P04,1,9000
4878,P05,2,7500
4879,P06,1,11000
4880,P01,1,3000
4881,P01,2,3000
4881,P08,2,8000
4882,P04,1,9000
4882,P01,1,3000
4883,P08,1,8000
4883,P04,1,9000
4884,P06,1,11000
4885,P01,1,3000
4886,P01,2,3000
4887,P01,1,3000
4888,P03,2,8500
4889,P03,1,8500
4890,P03,1,8500
4890,P01,2,3000
4891,P03,1,8500
4891,P01,1,3000
4892,P01,1,3000
4892,P04,1,9000
4893,P06,1,11000
4894,P01,1,3000
4894,P07,1,6000
4895,P01,1,3000
4896,P01,1,3000
4897,P07,1,6000
4898,P05,2,7500
4899,P02,1,5000
4900,P04,1,9000
4901,P02,1,5000
4902,P03,1,8500
4903,P03,1,8500
4904,P07,1,6000
4905,P07,1,6000
4906,P08,2,8000
4907,P03,1,8500
4908,P03,2,8500
4908,P01,1,3000
4909,P02,1,5000
4910,P07,2,6000
4911,P07,1,6000
4911,P04,2,9000
4912,P02,1,5000
4913,P06,1,11000
4913,P05,3,7500
4914,P03,2,8500
4915,P03,1,8500
4916,P03,1,8500
4917,P03,1,8500
4917,P08,1,8000
4918,P07,2,6000
4919,P04,1,9000
4919,P05,1,7500
4920,P05,1,7500
4921,P07,1,6000
4921,P08,1,8000
4922,P07,1,6000
4922,P08,1,8000
4923,P02,2,5000
4924,P04,2,9000
4924,P03,1,8500
4925,P07,2,6000
4925,P08,1,8000
4926,P05,1,7500
4926,P06,1,11000
4927,P03,1,8500
4928,P01,2,3000
4929,P06,1,11000
4930,P04,1,9000
4931,P03,1,8500
4932,P02,1,5000
4933,P01,2,3000
4933,P05,3,7500
4934,P08,1,8000
4935,P01,1,3000
4935,P03,2,8500
4936,P05,1,7500
4936,P02,1,5000
4936,P01,1,3000
4937,P04,1,9000
4938,P04,1,9000
4938,P08,1,8000
4939,P08,2,8000
4940,P02,1,5000
4941,P03,1,8500
4942,P06,1,11000
4943,P07,2,6000
4943,P08,1,8000
4944,P03,1,8500
4945,P01,1,3000
4946,P01,1,3000
4947,P01,1,3000
4947,P03,1,8500
4948,P03,1,8500
4949,P04,2,9000
4950,P03,1,8500
4951,P08,1,8000
4952,P07,1,6000
4952,P02,1,5000
4953,P03,1,8500
4954,P04,1,9000
4954,P08,2,8000
4955,P02,1,5000
4955,P03,1,8500
4956,P05,1,7500
4957,P03,1,8500
4957,P05,1,7500
4958,P04,1,9000
4959,P02,2,5000
4960,P04,1,9000
4960,P08,1,8000
4961,P04,1,9000
4961,P07,1,6000
4962,P04,1,9000
4962,P01,1,3000
4963,P01,1,3000
4963,P07,2,6000
4964,P03,1,8500
4965,P01,1,3000
4966,P07,2,6000
4966,P03,1,8500
4966,P04,2,9000
4967,P02,1,5000
4967,P03,1,8500
4967,P01,1,3000
4968,P04,1,9000
4968,P07,1,6000
4969,P03,1,8500
4969,P06,1,11000
4970,P02,1,5000
4971,P08,1,8000
4972,P01,1,3000
4972,P04,1,9000
4973,P01,1,3000
4973,P08,1,8000
4974,P05,1,7500
4975,P05,2,7500
4976,P07,1,6000
4977,P01,1,3000
4977,P05,1,7500
4978,P08,1,8000
4978,P02,1,5000
4979,P01,1,3000
4979,P03,1,8500
4980,P03,1,8500
4981,P01,2,3000
4981,P03,1,8500
4982,P07,1,6000
4983,P02,2,5000
4984,P06,1,11000
4984,P02,1,5000
4985,P01,1,3000
4985,P07,2,6000
4986,P04,1,9000
4987,P04,3,9000
4988,P05,1,7500
4989,P07,1,6000
4990,P06,1,11000
4990,P04,2,9000
4991,P05,2,7500
4992,P04,1,9000
4993,P03,1,8500
4994,P01,1,3000
4995,P01,1,3000
4996,P08,1,8000
4997,P03,1,8500
4998,P02,1,5000
4998,P05,1,7500
4998,P03,1,8500
4999,P01,1,3000
4999,P04,2,9000
4999,P07,1,6000
5000,P08,2,8000
5001,P07,2,6000
5001,P05,1,7500
5002,P04,1,9000
5002,P03,1,8500
5003,P03,2,8500
5003,P07,1,6000
5004,P03,1,8500
5004,P06,1,11000
5005,P04,1,9000
5005,P03,1,8500
5005,P08,1,8000
5006,P04,2,9000
5006,P07,1,6000
5007,P01,1,3000
5008,P05,1,7500
5009,P08,1,8000
5009,P07,1,6000
5010,P02,1,5000
5011,P01,1,3000
5011,P04,1,9000
5012,P07,1,6000
5013,P01,1,3000
5013,P03,3,8500
5013,P04,1,9000
5014,P02,2,5000
5015,P04,1,9000
5015,P05,1,7500
5016,P07,1,6000
5016,P01,1,3000
5017,P08,1,8000
5018,P05,1,7500
5018,P03,1,8500
5019,P04,3,9000
5019,P03,1,8500
5020,P01,1,3000
5021,P02,2,5000
5021,P08,1,8000
5022,P08,1,8000
5022,P04,1,9000
5023,P04,2,9000
5024,P01,1,3000
5025,P01,3,3000
5026,P08,1,8000
5027,P01,1,3000
5027,P02,2,5000
5027,P07,1,6000
5028,P03,2,8500
5029,P07,2,6000
5030,P02,2,5000
5031,P06,2,11000
5032,P07,1,6000
5032,P01,1,3000
5033,P04,2,9000
5033,P07,1,6000
5034,P02,1,5000
5035,P03,1,8500
5035,P02,1,5000
5035,P08,1,8000
5036,P07,1,6000
5036,P01,1,3000
5037,P06,1,11000
5038,P01,2,3000
5038,P07,2,6000
5039,P08,1,8000
5039,P03,1,8500
5040,P05,1,7500
5041,P02,1,5000
5041,P04,1,9000
5042,P03,2,8500
5043,P01,1,3000
5043,P03,2,8500
5044,P05,1,7500
5045,P04,1,9000
5046,P06,2,11000
5047,P08,1,8000
5048,P02,1,5000
5049,P01,1,3000
5050,P03,2,8500
5050,P07,1,6000
5051,P02,1,5000
5051,P05,1,7500
5052,P06,1,11000
5053,P01,1,3000
5054,P06,1,11000
5055,P04,1,9000
5056,P04,1,9000
5056,P03,3,8500
5057,P07,1,6000
5057,P02,1,5000
5058,P01,1,3000
5059,P04,1,9000
5059,P03,1,8500
5059,P01,1,3000
5060,P08,1,8000
5061,P01,1,3000
5062,P08,2,8000
5063,P01,1,3000
5063,P07,1,6000
5063,P05,1,7500
5064,P04,1,9000
5064,P06,2,11000
5065,P02,1,5000
5066,P01,1,3000
5067,P04,1,9000
5067,P07,2,6000
5068,P03,2,8500
5069,P08,2,8000
5069,P04,1,9000
5070,P02,1,5000
5070,P07,1,6000
5071,P04,1,9000
5071,P01,1,3000
5071,P03,1,8500
5072,P05,1,7500
5073,P08,1,8000
5074,P04,1,9000
5074,P03,1,8500
5075,P06,2,11000
5075,P03,1,8500
5076,P08,1,8000
5077,P02,3,5000
5077,P05,1,7500
5078,P02,1,5000
5078,P04,1,9000
5078,P01,1,3000
5079,P06,2,11000
5080,P03,1,8500
5081,P06,1,11000
5081,P08,1,8000
5082,P03,1,8500
5083,P05,2,7500
5083,P07,2,6000
5084,P06,1,11000
5085,P01,1,3000
5086,P02,1,5000
5087,P08,1,8000
5088,P04,1,9000
5089,P05,1,7500
5090,P08,1,8000
5091,P02,2,5000
5092,P08,2,8000
5093,P02,1,5000
5093,P03,1,8500
5093,P01,1,3000
5094,P01,1,3000
5095,P02,1,5000
5095,P08,1,8000
5096,P07,1,6000
5096,P05,1,7500
5097,P01,1,3000
5098,P01,2,3000
5099,P04,1,9000
5100,P01,1,3000
5101,P04,1,9000
5101,P03,1,8500
5102,P01,1,3000
5103,P05,1,7500
5103,P08,1,8000
5104,P04,1,9000
5105,P06,1,11000
5105,P02,1,5000
5106,P04,1,9000
5106,P08,2,8000
5106,P01,2,3000
5107,P08,1,8000
5107,P07,1,6000
5108,P06,2,11000
5108,P07,1,6000
5109,P03,3,8500
5110,P02,1,5000
5110,P03,1,8500
5110,P06,3,11000
5111,P03,1,8500
5112,P02,1,5000
5113,P08,2,8000
5114,P07,1,6000
5115,P01,1,3000
5115,P07,1,6000
5115,P03,1,8500
5116,P03,1,8500
5117,P04,1,9000
5118,P04,1,9000
5119,P02,1,5000
5120,P02,1,5000
5121,P01,1,3000
5122,P04,1,9000
5123,P05,1,7500
5123,P03,1,8500
5124,P07,1,6000
5124,P01,1,3000
5125,P02,1,5000
5125,P07,3,6000
5126,P01,1,3000
5126,P05,1,7500
5127,P02,1,5000
5128,P06,1,11000
5129,P01,1,3000
5130,P05,1,7500
5130,P02,1,5000
5130,P03,1,8500
5131,P07,1,6000
5132,P07,1,6000
5132,P03,1,8500
5133,P07,1,6000
5134,P02,1,5000
5135,P06,1,11000
5136,P03,1,8500
5137,P04,1,9000
5138,P01,1,3000
5138,P07,1,6000
5138,P03,1,8500
5139,P07,1,6000
5139,P04,1,9000
5140,P06,1,11000
5141,P01,1,3000
5141,P02,1,5000
5142,P01,1,3000
5142,P04,1,9000
5143,P03,1,8500
5144,P07,1,6000
5145,P07,1,6000
5145,P04,1,9000
5146,P06,1,11000
5146,P08,1,8000
5147,P01,1,3000
5147,P02,1,5000
5148,P06,2,11000
5148,P01,1,3000
5148,P03,3,8500
5149,P08,1,8000
5150,P08,2,8000
5150,P05,1,7500
5151,P07,1,6000
5151,P08,1,8000
5152,P01,1,3000
5153,P03,1,8500
5153,P08,1,8000
5154,P01,2,3000
5155,P08,1,8000
5156,P05,1,7500
5156,P06,2,11000
5157,P01,1,3000
5157,P08,1,8000
5158,P07,2,6000
5159,P07,1,6000
5160,P04,1,9000
5161,P04,1,9000
5162,P08,3,8000
5162,P04,1,9000
5163,P01,1,3000
5163,P08,1,8000
5164,P06,1,11000
5165,P03,3,8500
5166,P08,1,8000
5167,P08,2,8000
5167,P01,1,3000
5168,P02,1,5000
5169,P01,2,3000
5170,P03,2,8500
5171,P04,2,9000
5172,P03,1,8500
5173,P03,1,8500
5173,P01,1,3000
5174,P07,2,6000
5174,P06,2,11000
5175,P08,1,8000
5176,P04,1,9000
5176,P05,1,7500
5177,P07,1,6000
5178,P03,1,8500
5178,P07,1,6000
5178,P05,1,7500
5179,P02,1,5000
5179,P06,1,11000
5179,P07,1,6000
5180,P08,3,8000
5181,P02,1,5000
5182,P08,1,8000
5183,P03,1,8500
5184,P03,1,8500
5185,P04,1,9000
5185,P07,1,6000
5186,P08,1,8000
5186,P02,1,5000
5187,P08,1,8000
5188,P02,1,5000
5188,P07,1,6000
5189,P01,1,3000
5189,P06,1,11000
5189,P08,2,8000
5190,P07,1,6000
5191,P04,3,9000
5191,P05,1,7500
5192,P08,1,8000
5193,P01,1,3000
5193,P08,2,8000
5194,P07,1,6000
5194,P03,1,8500
5195,P07,1,6000
5195,P06,1,11000
5196,P01,1,3000
5196,P07,1,6000
5197,P07,1,6000
5198,P01,1,3000
5199,P08,1,8000
5199,P03,1,8500
5200,P03,1,8500
5200,P06,1,11000
5200,P01,1,3000
5201,P03,1,8500
5201,P05,1,7500
5202,P07,1,6000
5203,P02,1,5000
5203,P01,1,3000
5204,P01,1,3000
5205,P05,1,7500
5206,P07,1,6000
5206,P02,2,5000
5207,P04,1,9000
5207,P02,1,5000
5208,P07,1,6000
5209,P04,2,9000
5210,P04,1,9000
5210,P02,1,5000
5211,P03,1,8500
5212,P02,1,5000
5213,P03,1,8500
5214,P05,1,7500
5214,P01,1,3000
5214,P03,1,8500
5215,P01,1,3000
5215,P07,1,6000
5215,P03,1,8500
5216,P02,1,5000
5216,P08,2,8000
5217,P04,1,9000
5217,P03,2,8500
5217,P05,1,7500
5218,P07,1,6000
5219,P02,1,5000
5220,P07,2,6000
5221,P07,2,6000
5222,P03,1,8500
5222,P01,1,3000
5223,P01,1,3000
5223,P03,2,8500
5224,P08,2,8000
5224,P03,1,8500
5225,P04,1,9000
5225,P07,1,6000
5226,P08,1,8000
5226,P05,1,7500
5226,P02,1,5000
5227,P08,1,8000
5228,P01,3,3000
5229,P02,2,5000
5229,P05,1,7500
5230,P02,1,5000
5231,P07,2,6000
5232,P07,2,6000
5232,P01,1,3000
5233,P07,2,6000
5233,P02,1,5000
5234,P04,1,9000
5235,P04,1,9000
5236,P05,1,7500
5237,P03,1,8500
5237,P02,1,5000
5238,P08,1,8000
5239,P05,1,7500
5239,P02,1,5000
5239,P04,1,9000
5240,P02,3,5000
5241,P05,1,7500
5241,P06,1,11000
5242,P04,2,9000
5243,P08,1,8000
5244,P02,1,5000
5245,P01,1,3000
5245,P05,1,7500
5246,P02,1,5000
5247,P07,1,6000
5248,P08,1,8000
5248,P01,2,3000
5249,P07,2,6000
5250,P04,1,9000
5250,P07,1,6000
5251,P08,1,8000
5252,P04,1,9000
5252,P01,1,3000
5252,P07,1,6000
5253,P03,1,8500
5254,P01,2,3000
5255,P03,1,8500
5255,P01,3,3000
5256,P08,1,8000
5257,P05,1,7500
5257,P02,1,5000
5258,P04,1,9000
5258,P03,1,8500
5259,P02,1,5000
5260,P02,1,5000
5261,P01,1,3000
5262,P04,1,9000
5262,P03,1,8500
5262,P01,1,3000
5263,P07,1,6000
5263,P01,1,3000
5264,P08,1,8000
5265,P06,1,11000
5265,P01,1,3000
5266,P04,1,9000
5267,P04,1,9000
5268,P05,3,7500
5269,P06,1,11000
5270,P01,1,3000
5271,P07,1,6000
5271,P04,1,9000
5272,P07,1,6000
5273,P07,1,6000
5273,P02,3,5000
5274,P02,1,5000
5275,P07,1,6000
5275,P08,1,8000
5276,P04,1,9000
5277,P03,1,8500
5278,P04,2,9000
5278,P08,1,8000
5279,P05,1,7500
5280,P08,1,8000
5281,P01,1,3000
5282,P01,1,3000
5282,P02,2,5000
5283,P03,1,8500
5284,P05,1,7500
5284,P02,1,5000
5285,P07,3,6000
5286,P02,1,5000
5286,P03,1,8500
5287,P07,1,6000
5288,P08,1,8000
5288,P03,1,8500
5288,P07,2,6000
5289,P03,1,8500
5290,P02,1,5000
5291,P07,2,6000
5292,P05,1,7500
5293,P08,1,8000
5294,P01,1,3000
5294,P02,1,5000
5295,P05,1,7500
5295,P02,1,5000
5295,P04,1,9000
5296,P01,1,3000
5296,P07,2,6000
5296,P02,1,5000
5297,P01,1,3000
5297,P07,1,6000
5298,P08,1,8000
5298,P05,1,7500
5299,P07,2,6000
5300,P05,1,7500
5300,P02,1,5000
5300,P03,1,8500
5301,P03,1,8500
5301,P08,1,8000
5302,P04,1,9000
5302,P03,2,8500
5303,P01,1,3000
5304,P02,1,5000
5304,P07,1,6000
5304,P04,1,9000
5305,P01,1,3000
5306,P07,1,6000
5307,P03,2,8500
5307,P01,1,3000
5308,P07,1,6000
5309,P03,1,8500
5309,P01,1,3000
5309,P04,1,9000
5310,P03,1,8500
5310,P04,2,9000
5311,P03,1,8500
5312,P01,1,3000
5312,P02,1,5000
5312,P07,2,6000
5313,P01,1,3000
5314,P01,1,3000
5314,P08,2,8000
5315,P03,1,8500
5316,P04,2,9000
5317,P03,1,8500
5318,P04,1,9000
5318,P07,1,6000
5319,P03,2,8500
5319,P07,1,6000
5320,P02,1,5000
5320,P08,1,8000
5321,P07,1,6000
5322,P07,1,6000
5322,P05,1,7500
5323,P04,3,9000
5324,P04,1,9000
5324,P07,1,6000
5325,P01,2,3000
5326,P07,2,6000
5327,P01,1,3000
5328,P07,1,6000
5329,P07,1,6000
5330,P05,1,7500
5331,P01,1,3000
5331,P07,1,6000
5332,P08,1,8000
5332,P03,1,8500
5333,P04,1,9000
5334,P03,1,8500
5334,P04,1,9000
5335,P07,1,6000
5336,P01,1,3000
5337,P05,1,7500
5338,P07,1,6000
5338,P04,1,9000
5338,P01,1,3000
5339,P03,1,8500
5340,P05,1,7500
5341,P03,1,8500
5341,P02,1,5000
5342,P01,1,3000
5342,P08,1,8000
5342,P07,1,6000
5343,P03,1,8500
5344,P07,1,6000
5344,P01,1,3000
5345,P02,1,5000
5346,P07,1,6000
5346,P05,2,7500
5347,P02,1,5000
5348,P01,1,3000
5348,P05,1,7500
5349,P07,1,6000
5350,P03,2,8500
5351,P01,1,3000
5351,P04,1,9000
5352,P05,1,7500
5353,P04,2,9000
5353,P07,1,6000
5354,P01,1,3000
5355,P02,1,5000
5355,P07,1,6000
5356,P03,2,8500
5357,P05,1,7500
5357,P03,1,8500
5358,P04,1,9000
5359,P07,1,6000
5360,P07,1,6000
5360,P06,1,11000
5360,P05,2,7500
5361,P04,2,9000
5362,P01,1,3000
5362,P03,1,8500
5362,P07,1,6000
5363,P03,1,8500
5364,P03,3,8500
5364,P08,1,8000
5365,P08,2,8000
5365,P05,1,7500
5366,P02,1,5000
5367,P04,1,9000
5367,P03,2,8500
5367,P01,1,3000
5368,P02,1,5000
5369,P03,2,8500
5369,P02,1,5000
5370,P01,1,3000
5371,P01,1,3000
5372,P04,1,9000
5373,P04,1,9000
5374,P01,3,3000
5375,P04,2,9000
5375,P07,2,6000
5376,P03,1,8500
5376,P07,1,6000
5376,P04,1,9000
5377,P07,2,6000
5378,P04,2,9000
5379,P07,1,6000
5379,P02,1,5000
5380,P04,1,9000
5381,P02,1,5000
5381,P07,1,6000
5381,P01,3,3000
5382,P03,1,8500
5383,P07,1,6000
5383,P05,2,7500
5383,P03,2,8500
5384,P05,1,7500
5385,P02,2,5000
5385,P04,1,9000
5386,P03,1,8500
5386,P07,2,6000
5387,P07,1,6000
5388,P08,1,8000
5388,P01,1,3000
5388,P03,1,8500
5389,P03,2,8500
5389,P05,3,7500
5390,P02,1,5000
5391,P01,1,3000
5392,P03,1,8500
5393,P08,1,8000
5393,P03,1,8500
5394,P03,3,8500
5395,P07,1,6000
5396,P04,1,9000
5396,P08,1,8000
5396,P01,1,3000
5397,P08,1,8000
5397,P03,1,8500
5397,P04,1,9000
5398,P02,1,5000
5399,P01,1,3000
5400,P07,1,6000
5400,P04,2,9000
5400,P02,1,5000
5401,P05,2,7500
5401,P01,1,3000
5402,P07,2,6000
5403,P07,2,6000
5404,P02,1,5000
5404,P07,1,6000
5405,P01,1,3000
5405,P08,2,8000
5406,P05,1,7500
5406,P01,1,3000
5407,P01,1,3000
5408,P01,1,3000
5409,P05,1,7500
5410,P06,2,11000
5410,P03,1,8500
5411,P01,1,3000
5411,P02,1,5000
5412,P08,1,8000
5413,P03,2,8500
5414,P03,1,8500
5415,P06,1,11000
5416,P03,1,8500
5417,P08,2,8000
5417,P03,2,8500
5417,P04,1,9000
5418,P02,1,5000
5418,P01,2,3000
5419,P08,1,8000
5420,P03,1,8500
5420,P01,2,3000
5421,P07,1,6000
5422,P01,1,3000
5422,P03,1,8500
5423,P03,1,8500
5424,P03,2,8500
5425,P07,1,6000
5426,P02,1,5000
5427,P07,1,6000
5427,P02,1,5000
5428,P02,3,5000
5429,P06,2,11000
5430,P07,3,6000
5430,P01,1,3000
5431,P08,1,8000
5431,P02,1,5000
5432,P05,1,7500
5433,P04,1,9000
5434,P07,2,6000
5434,P04,1,9000
5435,P07,1,6000
5436,P07,1,6000
5436,P03,1,8500
5437,P08,1,8000
5438,P07,2,6000
5438,P03,1,8500
5439,P08,1,8000
5440,P07,1,6000
5440,P06,2,11000
5441,P07,1,6000
5442,P07,1,6000
5443,P04,1,9000
5444,P08,1,8000
5445,P06,1,11000
5445,P07,1,6000
5445,P01,1,3000
5446,P01,3,3000
5446,P07,1,6000
5447,P02,2,5000
5447,P08,1,8000
5448,P07,1,6000
5449,P01,3,3000
5450,P08,1,8000
5451,P05,1,7500
5451,P07,1,6000
5452,P04,1,9000
5453,P02,1,5000
5454,P07,1,6000
5455,P03,1,8500
5456,P03,1,8500
5456,P08,1,8000
5457,P08,1,8000
5457,P03,1,8500
5458,P05,2,7500
5459,P02,1,5000
5460,P08,1,8000
5461,P07,2,6000
5461,P03,1,8500
5462,P05,1,7500
5463,P07,1,6000
5463,P02,1,5000
5464,P07,1,6000
5465,P07,1,6000
5466,P07,1,6000
5466,P03,1,8500
5466,P01,1,3000
5467,P07,1,6000
5468,P07,1,6000
5468,P04,1,9000
5469,P07,1,6000
5469,P01,1,3000
5470,P07,1,6000
5471,P01,1,3000
5472,P02,1,5000
5473,P04,2,9000
5474,P01,3,3000
5475,P07,1,6000
5476,P04,1,9000
5477,P05,1,7500
5477,P04,1,9000
5477,P01,1,3000
5478,P08,1,8000
5478,P01,3,3000
5479,P03,1,8500
5479,P08,1,8000
5480,P02,1,5000
5481,P07,2,6000
5481,P03,1,8500
5482,P03,1,8500
5483,P05,1,7500
5483,P01,1,3000
5483,P06,1,11000
5484,P03,1,8500
5485,P03,1,8500
5486,P02,3,5000
5487,P07,1,6000
5488,P03,2,8500
5488,P04,1,9000
5489,P01,2,3000
5490,P07,1,6000
5490,P06,1,11000
5491,P07,1,6000
5491,P06,2,11000
5492,P04,1,9000
5493,P07,2,6000
5493,P04,1,9000
5494,P05,2,7500
5495,P06,1,11000
5495,P05,1,7500
5496,P01,1,3000
5497,P06,1,11000
5498,P06,1,11000
5499,P08,1,8000
5499,P02,2,5000
5500,P03,1,8500
5500,P06,1,11000
5501,P07,1,6000
5502,P07,2,6000
5502,P08,1,8000
5502,P02,2,5000
5503,P03,2,8500
5503,P07,1,6000
5504,P01,1,3000
5505,P07,1,6000
5506,P04,3,9000
5507,P04,1,9000
5507,P07,2,6000
5507,P03,1,8500
5508,P07,2,6000
5508,P01,1,3000
5509,P01,1,3000
5510,P01,1,3000
5511,P03,1,8500
5511,P04,1,9000
5511,P07,1,6000
5512,P02,1,5000
5513,P02,3,5000
5514,P07,1,6000
5514,P05,1,7500
5515,P02,1,5000
5515,P01,1,3000
5516,P03,1,8500
5516,P01,1,3000
5517,P05,2,7500
5518,P06,1,11000
5518,P05,1,7500
5518,P03,1,8500
5519,P08,1,8000
5520,P04,3,9000
5521,P04,1,9000
5522,P03,1,8500
5523,P01,2,3000
5524,P01,1,3000
5524,P03,3,8500
5525,P01,1,3000
5526,P02,1,5000
5526,P04,2,9000
5527,P03,3,8500
5528,P01,1,3000
5528,P08,1,8000
5529,P01,1,3000
5529,P07,1,6000
5530,P08,1,8000
5530,P03,2,8500
5531,P07,1,6000
5531,P05,2,7500
5531,P08,1,8000
5532,P03,1,8500
5533,P07,1,6000
5533,P01,1,3000
5533,P03,1,8500
5534,P08,1,8000
5534,P05,2,7500
5535,P01,1,3000
5536,P07,1,6000
5537,P01,2,3000
5538,P08,1,8000
5538,P07,3,6000
5539,P03,1,8500
5540,P03,1,8500
5540,P07,1,6000
5541,P03,1,8500
5542,P07,1,6000
5542,P05,1,7500
5543,P07,1,6000
5544,P02,1,5000
5545,P01,1,3000
5546,P03,1,8500
5547,P02,1,5000
5548,P07,1,6000
5548,P03,1,8500
5549,P08,2,8000
5549,P06,1,11000
5550,P04,1,9000
5550,P01,1,3000
5550,P02,1,5000
5551,P01,1,3000
5552,P01,1,3000
5553,P06,2,11000
5553,P07,1,6000
5554,P08,2,8000
5554,P02,2,5000
5555,P08,1,8000
5555,P02,1,5000
5556,P02,1,5000
5556,P03,1,8500
5557,P04,1,9000
5558,P04,2,9000
5558,P08,1,8000
5559,P01,1,3000
5559,P05,1,7500
5559,P02,2,5000
5560,P01,2,3000
5561,P01,1,3000
5562,P04,2,9000
5562,P02,1,5000
5563,P07,1,6000
5564,P04,1,9000
5565,P08,1,8000
5566,P05,1,7500
5567,P07,2,6000
5568,P05,1,7500
5569,P07,1,6000
5570,P04,3,9000
5570,P01,1,3000
5570,P02,2,5000
5571,P04,2,9000
5572,P02,1,5000
5573,P01,1,3000
5573,P04,2,9000
5573,P07,1,6000
5574,P04,1,9000
5574,P07,1,6000
5575,P03,1,8500
5576,P07,1,6000
5577,P02,2,5000
5577,P04,1,9000
5578,P03,1,8500
5579,P07,1,6000
5580,P01,1,3000
5581,P07,1,6000
5582,P03,1,8500
5582,P08,1,8000
5583,P05,1,7500
5583,P07,1,6000
5584,P02,1,5000
5585,P04,1,9000
5586,P04,2,9000
5587,P01,2,3000
5587,P03,1,8500
5587,P08,1,8000
5588,P04,1,9000
5588,P02,1,5000
5589,P08,2,8000
5590,P05,1,7500
5591,P04,1,9000
5591,P01,1,3000
5592,P08,1,8000
5593,P02,1,5000
5594,P05,1,7500
5595,P04,2,9000
5596,P03,1,8500
5596,P07,1,6000
5596,P06,1,11000
5597,P07,1,6000
5597,P04,1,9000
5598,P01,1,3000
5598,P03,2,8500
5599,P02,3,5000
5599,P03,1,8500
5600,P03,1,8500
5600,P04,1,9000
5600,P07,2,6000
5601,P05,1,7500
5601,P01,1,3000
5602,P08,1,8000
5603,P03,2,8500
5603,P04,1,9000
5604,P03,1,8500
5605,P04,1,9000
5605,P07,1,6000
5606,P06,1,11000
5606,P04,1,9000
5607,P03,1,8500
5608,P04,1,9000
5609,P01,2,3000
5610,P02,1,5000
5611,P02,1,5000
5611,P01,1,3000
5611,P03,1,8500
5612,P07,2,6000
5612,P01,1,3000
5613,P08,3,8000
5614,P01,1,3000
5615,P07,1,6000
5615,P04,2,9000
5616,P08,1,8000
5617,P08,1,8000
5617,P05,1,7500
5618,P04,1,9000
5618,P03,1,8500
5618,P02,1,5000
5619,P07,1,6000
5619,P03,2,8500
5620,P01,2,3000
5621,P07,2,6000
5621,P04,1,9000
5622,P02,2,5000
5623,P02,1,5000
5624,P01,2,3000
5624,P05,1,7500
5625,P01,2,3000
5626,P08,1,8000
5627,P07,1,6000
5627,P01,1,3000
5628,P07,1,6000
5628,P03,2,8500
5629,P03,1,8500
5630,P08,1,8000
5631,P02,1,5000
5631,P07,1,6000
5632,P03,1,8500
5632,P01,2,3000
5632,P04,1,9000
5633,P03,1,8500
5633,P05,1,7500
5634,P07,1,6000
5635,P03,1,8500
5636,P07,1,6000
5637,P03,1,8500
5637,P05,3,7500
5638,P01,1,3000
5639,P07,1,6000
5640,P08,1,8000
5641,P05,1,7500
5642,P02,1,5000
5643,P04,1,9000
5644,P08,3,8000
5645,P05,1,7500
5646,P07,1,6000
5647,P04,2,9000
5647,P03,1,8500
5648,P07,1,6000
5649,P01,2,3000
5650,P07,1,6000
5650,P06,1,11000
5651,P07,1,6000
5651,P01,1,3000
5652,P03,1,8500
5652,P05,1,7500
5653,P04,2,9000
5653,P02,2,5000
5654,P08,1,8000
5655,P03,1,8500
5656,P07,1,6000
5656,P04,2,9000
5656,P03,1,8500
5657,P07,1,6000
5657,P02,1,5000
5658,P03,1,8500
5658,P07,1,6000
5659,P07,2,6000
5659,P04,2,9000
5660,P03,1,8500
5661,P08,2,8000
5662,P02,1,5000
5662,P01,2,3000
5663,P07,1,6000
5664,P05,1,7500
5664,P04,2,9000
5665,P02,1,5000
5666,P05,1,7500
5667,P03,1,8500
5667,P01,1,3000
5668,P04,1,9000
5669,P01,2,3000
5670,P03,1,8500
5671,P08,1,8000
5671,P05,1,7500
5672,P01,1,3000
5673,P04,1,9000
5673,P03,1,8500
5674,P07,1,6000
5674,P08,3,8000
5675,P07,3,6000
5675,P04,1,9000
5676,P03,1,8500
5676,P07,3,6000
5677,P07,1,6000
5677,P01,1,3000
5678,P06,1,11000
5678,P03,2,8500
5679,P06,1,11000
5679,P08,1,8000
5680,P01,3,3000
5680,P08,1,8000
5681,P08,3,8000
5681,P05,1,7500
5681,P01,1,3000
5682,P01,1,3000
5682,P03,1,8500
5682,P02,1,5000
5683,P06,1,11000
5684,P04,1,9000
5685,P01,1,3000
5686,P04,2,9000
5686,P08,1,8000
5687,P03,1,8500
5687,P02,1,5000
5688,P01,1,3000
5688,P05,2,7500
5689,P08,2,8000
5690,P07,1,6000
5691,P08,1,8000
5692,P07,2,6000
5693,P03,1,8500
5694,P08,1,8000
5694,P03,3,8500
5694,P07,1,6000
5695,P06,1,11000
5696,P04,2,9000
5696,P03,2,8500
5697,P06,3,11000
5697,P01,2,3000
5697,P03,1,8500
5698,P04,1,9000
5699,P07,1,6000
5699,P08,1,8000
5700,P06,1,11000
5701,P07,1,6000
5702,P03,2,8500
5703,P03,1,8500
5703,P07,1,6000
5704,P03,1,8500
5705,P02,1,5000
5706,P07,2,6000
5706,P01,1,3000
5707,P06,1,11000
5707,P03,1,8500
5708,P08,1,8000
5708,P01,2,3000
5709,P07,1,6000
5710,P05,1,7500
5711,P01,2,3000
5711,P03,1,8500
5712,P07,1,6000
5713,P07,3,6000
5714,P01,1,3000
5715,P03,1,8500
5716,P03,1,8500
5716,P01,2,3000
5717,P01,1,3000
5718,P07,1,6000
5718,P02,1,5000
5718,P03,1,8500
5719,P06,2,11000
5720,P07,1,6000
5721,P02,1,5000
5721,P07,1,6000
5722,P06,1,11000
5722,P03,1,8500
5723,P02,1,5000
5723,P01,1,3000
5724,P01,1,3000
5724,P05,1,7500
5725,P03,1,8500
5726,P06,1,11000
5726,P03,1,8500
5727,P01,2,3000
5728,P07,3,6000
5729,P02,1,5000
5729,P01,1,3000
5729,P06,2,11000
5730,P07,1,6000
5730,P06,1,11000
5731,P08,3,8000
5732,P05,3,7500
5732,P06,2,11000
5733,P07,1,6000
5734,P01,1,3000
5735,P01,1,3000
5735,P03,1,8500
5736,P02,1,5000
5737,P03,2,8500
5738,P03,2,8500
5739,P01,1,3000
5739,P07,2,6000
5739,P05,1,7500
5740,P07,1,6000
5741,P01,1,3000
5741,P03,1,8500
5742,P06,2,11000
5743,P01,1,3000
5743,P06,1,11000
5744,P03,1,8500
5744,P07,1,6000
5745,P08,1,8000
5746,P03,1,8500
5747,P08,2,8000
5747,P04,1,9000
5748,P03,1,8500
5749,P07,1,6000
5749,P02,1,5000
5750,P04,1,9000
5751,P04,1,9000
5752,P01,1,3000
5752,P02,2,5000
5753,P07,1,6000
5753,P04,1,9000
5753,P03,1,8500
5754,P05,1,7500
5754,P06,2,11000
5755,P06,1,11000
5756,P06,1,11000
5757,P08,1,8000
5758,P08,1,8000
5758,P01,1,3000
5759,P05,2,7500
5760,P03,1,8500
5761,P03,1,8500
5761,P05,1,7500
5762,P08,2,8000
5762,P03,1,8500
5763,P06,1,11000
5764,P04,1,9000
5765,P03,2,8500
5765,P01,3,3000
5766,P01,1,3000
5766,P02,1,5000
5767,P01,1,3000
5768,P01,1,3000
5768,P07,1,6000
5769,P07,2,6000
5769,P03,1,8500
5770,P07,1,6000
5771,P01,1,3000
5771,P05,1,7500
5772,P02,1,5000
5772,P01,2,3000
5773,P04,1,9000
5774,P02,1,5000
5774,P07,1,6000
5775,P07,1,6000
5776,P06,2,11000
5777,P03,1,8500
5778,P02,1,5000
5778,P03,2,8500
5779,P03,1,8500
5780,P05,2,7500
5781,P01,1,3000
5782,P04,1,9000
5782,P01,1,3000
5783,P02,1,5000
5784,P07,1,6000
5784,P08,1,8000
5785,P02,1,5000
5786,P03,2,8500
5787,P01,1,3000
5787,P03,1,8500
5788,P05,1,7500
5788,P04,1,9000
5789,P02,1,5000
5789,P01,2,3000
5789,P05,1,7500
5790,P02,1,5000
5791,P07,1,6000
5792,P03,1,8500
5793,P01,1,3000
5794,P05,1,7500
5794,P06,1,11000
5795,P02,1,5000
5796,P03,1,8500
5796,P05,1,7500
5797,P07,1,6000
5797,P02,1,5000
5798,P01,1,3000
5798,P03,2,8500
5799,P04,3,9000
5799,P03,1,8500
5800,P05,1,7500
5800,P02,1,5000
5801,P07,2,6000
5802,P08,1,8000
5803,P07,1,6000
5804,P04,2,9000
5805,P03,2,8500
5806,P08,1,8000
5806,P03,1,8500
5807,P01,1,3000
5807,P08,1,8000
5808,P05,3,7500
5809,P01,1,3000
5810,P02,1,5000
5811,P02,1,5000
5811,P06,1,11000
5812,P03,2,8500
5812,P04,3,9000
5812,P08,1,8000
5813,P07,2,6000
5814,P02,1,5000
5815,P02,2,5000
5815,P04,1,9000
5816,P02,1,5000
5817,P07,1,6000
5817,P02,1,5000
5817,P05,1,7500
5818,P03,1,8500
5818,P04,3,9000
5819,P06,1,11000
5820,P07,1,6000
5820,P01,1,3000
5821,P04,1,9000
5822,P07,1,6000
5822,P01,1,3000
5823,P06,1,11000
5824,P04,2,9000
5825,P08,1,8000
5825,P04,1,9000
5826,P08,1,8000
5826,P05,1,7500
5827,P04,1,9000
5828,P01,1,3000
5829,P07,2,6000
5830,P01,1,3000
5831,P03,1,8500
5832,P01,1,3000
5833,P08,1,8000
5834,P01,1,3000
5835,P08,1,8000
5835,P06,2,11000
5836,P08,1,8000
5836,P06,1,11000
5837,P07,1,6000
5837,P04,1,9000
5837,P01,3,3000
5838,P07,1,6000
5838,P02,1,5000
5839,P08,1,8000
5839,P03,1,8500
5839,P04,1,9000
5840,P04,1,9000
5841,P02,1,5000
5842,P01,1,3000
5842,P02,2,5000
5843,P01,1,3000
5843,P02,1,5000
5844,P02,1,5000
5844,P08,1,8000
5844,P03,1,8500
5845,P07,1,6000
5845,P06,1,11000
5846,P03,1,8500
5846,P07,1,6000
5847,P02,1,5000
5848,P01,3,3000
5849,P03,1,8500
5850,P01,2,3000
5851,P03,2,8500
5852,P01,1,3000
5852,P02,1,5000
5853,P01,1,3000
5853,P07,1,6000
5853,P08,1,8000
5854,P07,2,6000
5855,P05,2,7500
5855,P03,1,8500
5856,P02,2,5000
5857,P07,1,6000
5857,P05,1,7500
5857,P01,1,3000
5858,P01,1,3000
5858,P02,1,5000
5858,P08,1,8000
5859,P04,2,9000
5859,P07,2,6000
5860,P07,1,6000
5860,P01,1,3000
5861,P07,1,6000
5861,P02,1,5000
5862,P01,1,3000
5862,P06,2,11000
5862,P03,1,8500
5863,P04,1,9000
5864,P07,1,6000
5865,P01,1,3000
5865,P06,1,11000
5866,P08,1,8000
5866,P05,2,7500
5867,P03,1,8500
5868,P06,1,11000
5868,P07,1,6000
5868,P04,3,9000
5869,P07,1,6000
5870,P04,1,9000
5871,P03,1,8500
5872,P01,1,3000
5873,P04,1,9000
5874,P07,1,6000
5874,P01,2,3000
5875,P02,1,5000
5876,P03,1,8500
5877,P03,3,8500
5877,P04,2,9000
5878,P02,1,5000
5878,P01,3,3000
5878,P03,1,8500
5879,P05,1,7500
5880,P04,1,9000
5880,P08,1,8000
5881,P02,1,5000
5881,P04,1,9000
5882,P05,1,7500
5883,P07,1,6000
5883,P03,1,8500
5884,P07,1,6000
5884,P03,1,8500
5885,P08,1,8000
5886,P03,1,8500
5887,P08,1,8000
5888,P03,1,8500
5888,P07,3,6000
5889,P05,1,7500
5890,P06,2,11000
5891,P08,1,8000
5891,P01,1,3000
5892,P01,1,3000
5893,P02,1,5000
5894,P08,2,8000
5894,P01,1,3000
5895,P01,1,3000
5895,P05,1,7500
5896,P02,1,5000
5896,P04,1,9000
5897,P01,1,3000
5897,P04,2,9000
5898,P08,2,8000
5899,P07,1,6000
5900,P03,1,8500
5900,P04,2,9000
5901,P07,1,6000
5902,P04,1,9000
5903,P03,1,8500
5903,P01,1,3000
5903,P04,1,9000
5904,P06,1,11000
5904,P01,1,3000
5905,P03,1,8500
5906,P02,1,5000
5906,P07,1,6000
5907,P07,1,6000
5907,P04,1,9000
5908,P03,1,8500
5908,P07,1,6000
5909,P02,1,5000
5910,P06,1,11000
5910,P08,1,8000
5911,P08,1,8000
5911,P07,1,6000
5912,P07,1,6000
5913,P07,1,6000
5914,P07,1,6000
5914,P08,1,8000
5914,P02,1,5000
5915,P02,2,5000
5915,P07,1,6000
5916,P07,1,6000
5917,P05,1,7500
5917,P02,1,5000
5918,P01,1,3000
5918,P07,1,6000
5919,P08,1,8000
5919,P04,1,9000
5920,P07,1,6000
5921,P06,1,11000
5922,P04,1,9000
5923,P04,1,9000
5924,P06,3,11000
5924,P08,2,8000
5925,P07,3,6000
5925,P02,1,5000
5926,P04,1,9000
5926,P07,1,6000
5927,P07,2,6000
5928,P08,1,8000
5929,P03,1,8500
5929,P02,1,5000
5930,P07,1,6000
5931,P07,1,6000
5932,P07,2,6000
5932,P04,1,9000
5933,P02,1,5000
5934,P03,2,8500
5934,P02,1,5000
5934,P06,1,11000
5935,P02,3,5000
5936,P04,1,9000
5937,P02,1,5000
5937,P07,2,6000
5938,P01,1,3000
5939,P08,1,8000
5940,P03,3,8500
5941,P05,1,7500
5942,P06,1,11000
5943,P07,1,6000
5944,P04,1,9000
5945,P07,1,6000
5945,P08,1,8000
5946,P05,1,7500
5946,P01,1,3000
5946,P04,1,9000
5947,P02,1,5000
5948,P01,1,3000
5948,P03,1,8500
5949,P05,2,7500
5950,P07,1,6000
5951,P02,1,5000
5952,P08,1,8000
5953,P01,1,3000
5954,P07,1,6000
5955,P01,1,3000
5956,P03,1,8500
5957,P07,1,6000
5957,P01,1,3000
5958,P01,1,3000
5959,P02,1,5000
5960,P01,1,3000
5961,P03,1,8500
5961,P07,1,6000
5962,P08,1,8000
5962,P03,1,8500
5963,P05,1,7500
5964,P05,1,7500
5965,P06,1,11000
5965,P03,3,8500
5965,P01,1,3000
5966,P02,1,5000
5967,P03,1,8500
5968,P08,1,8000
5969,P01,1,3000
5970,P04,2,9000
5970,P01,2,3000
5970,P06,1,11000
5971,P04,1,9000
5972,P04,1,9000
5973,P07,1,6000
5974,P05,1,7500
5974,P03,1,8500
5975,P08,1,8000
5976,P03,1,8500
5977,P07,1,6000
5977,P04,1,9000
5977,P03,2,8500
5978,P04,1,9000
5979,P03,1,8500
5979,P01,1,3000
5979,P04,1,9000
5980,P08,1,8000
5980,P05,1,7500
5981,P03,1,8500
5982,P02,1,5000
5983,P07,2,6000
5984,P03,1,8500
5985,P05,3,7500
5985,P03,2,8500
5986,P07,3,6000
5986,P01,2,3000
5986,P03,1,8500
5987,P01,1,3000
5987,P04,1,9000
5987,P05,1,7500
5988,P01,2,3000
5988,P03,1,8500
5988,P07,1,6000
5989,P05,3,7500
5989,P03,1,8500
5990,P04,1,9000
5991,P01,1,3000
5991,P07,1,6000
5991,P08,1,8000
5992,P01,1,3000
5992,P04,1,9000
5993,P07,1,6000
5994,P08,1,8000
5995,P01,1,3000
5996,P02,1,5000
5997,P01,1,3000
5997,P07,1,6000
5998,P03,1,8500
5998,P01,1,3000
5999,P03,1,8500
5999,P06,1,11000
6000,P04,2,9000
6000,P07,1,6000
6001,P03,1,8500
6002,P01,1,3000
6002,P02,1,5000
6003,P07,1,6000
6003,P05,1,7500
6003,P04,1,9000
6004,P05,1,7500
6004,P01,1,3000
6004,P07,2,6000
6005,P01,1,3000
6005,P07,1,6000
6006,P03,1,8500
6007,P01,1,3000
6007,P02,1,5000
6008,P01,1,3000
6008,P05,2,7500
6009,P05,2,7500
6009,P01,2,3000
6010,P03,2,8500
6010,P08,1,8000
6011,P02,2,5000
6012,P08,1,8000
6013,P05,1,7500
6014,P03,1,8500
6015,P03,1,8500
6016,P01,1,3000
6016,P03,1,8500
6017,P01,1,3000
6018,P03,2,8500
6018,P07,1,6000
6019,P08,1,8000
6020,P01,1,3000
6021,P07,1,6000
6022,P03,2,8500
6023,P05,1,7500
6024,P08,1,8000
6025,P02,2,5000
6025,P05,1,7500
6026,P08,1,8000
6027,P07,1,6000
6028,P08,1,8000
6029,P04,1,9000
6030,P01,2,3000
6031,P02,1,5000
6032,P04,1,9000
6033,P07,1,6000
6033,P05,1,7500
6034,P07,1,6000
6034,P02,3,5000
6035,P01,1,3000
6035,P03,1,8500
6035,P07,1,6000
6036,P03,1,8500
6037,P01,1,3000
6038,P01,1,3000
6038,P08,1,8000
6039,P02,1,5000
6040,P08,1,8000
6040,P07,1,6000
6041,P05,2,7500
6042,P01,1,3000
6043,P08,1,8000
6044,P07,2,6000
6045,P01,1,3000
6046,P07,1,6000
6046,P03,1,8500
6047,P01,1,3000
6047,P07,1,6000
6048,P08,1,8000
6049,P05,1,7500
6050,P05,1,7500
6050,P07,1,6000
6051,P04,2,9000
6052,P01,1,3000
6053,P01,2,3000
6054,P01,1,3000
6055,P06,1,11000
6056,P03,1,8500
6056,P01,1,3000
6057,P04,1,9000
6057,P01,1,3000
6058,P02,1,5000
6059,P07,1,6000
6059,P03,1,8500
6059,P06,1,11000
6060,P07,1,6000
6061,P08,2,8000
6062,P07,1,6000
6063,P02,2,5000
6064,P03,1,8500
6064,P06,1,11000
6065,P02,2,5000
6066,P05,1,7500
6067,P07,1,6000
6067,P08,1,8000
6068,P02,1,5000
6068,P08,1,8000
6069,P08,1,8000
6069,P07,1,6000
6070,P02,2,5000
6070,P08,1,8000
6071,P08,1,8000
6072,P03,1,8500
6072,P05,3,7500
6073,P08,1,8000
6074,P08,2,8000
6075,P03,2,8500
6076,P07,1,6000
6077,P06,2,11000
6077,P03,1,8500
6078,P03,1,8500
6079,P06,1,11000
6080,P03,1,8500
6080,P08,1,8000
6081,P07,1,6000
6082,P07,1,6000
6082,P06,1,11000
6083,P08,1,8000
6084,P01,2,3000
6085,P07,1,6000
6086,P03,1,8500
6087,P03,1,8500
6088,P01,3,3000
6089,P08,1,8000
6089,P02,2,5000
6090,P06,1,11000
6091,P08,2,8000
6092,P01,1,3000
6092,P02,1,5000
6093,P06,1,11000
6093,P07,1,6000
6093,P01,1,3000
6094,P01,1,3000
6095,P04,2,9000
6095,P03,1,8500
6095,P01,1,3000
6096,P03,1,8500
6096,P01,1,3000
6097,P07,1,6000
6098,P01,1,3000
6099,P04,2,9000
6100,P04,3,9000
6101,P08,1,8000
6101,P03,1,8500
6101,P06,1,11000
6102,P07,1,6000
6103,P02,1,5000
6103,P03,2,8500
6104,P03,3,8500
6105,P01,1,3000
6105,P07,1,6000
6106,P08,2,8000
6107,P01,2,3000
6107,P04,1,9000
6108,P07,1,6000
6108,P01,1,3000
6109,P03,1,8500
6109,P07,2,6000
6110,P07,2,6000
6111,P04,1,9000
6112,P08,1,8000
6113,P07,1,6000
6113,P01,1,3000
6114,P06,2,11000
6115,P07,1,6000
6116,P03,2,8500
6116,P05,1,7500
6117,P04,1,9000
6117,P02,1,5000
6118,P04,1,9000
6118,P02,1,5000
6119,P03,1,8500
6120,P08,1,8000
6121,P01,3,3000
6121,P03,1,8500
6122,P02,1,5000
6123,P02,1,5000
6123,P04,2,9000
6124,P06,1,11000
6124,P02,2,5000
6125,P04,1,9000
6125,P02,1,5000
6125,P01,1,3000
6126,P02,1,5000
6126,P03,2,8500
6126,P06,1,11000
6127,P01,1,3000
6128,P02,1,5000
6129,P02,1,5000
6130,P03,1,8500
6131,P02,1,5000
6132,P02,1,5000
6133,P01,1,3000
6133,P06,1,11000
6134,P05,1,7500
6134,P07,1,6000
6135,P01,1,3000
6136,P03,1,8500
6136,P01,1,3000
6137,P04,1,9000
6138,P04,1,9000
6139,P08,1,8000
6139,P07,1,6000
6140,P03,1,8500
6140,P06,2,11000
6141,P02,1,5000
6141,P01,3,3000
6142,P08,1,8000
6142,P06,2,11000
6143,P02,1,5000
6143,P03,1,8500
6144,P08,1,8000
6145,P05,1,7500
6146,P04,1,9000
6146,P01,2,3000
6147,P07,2,6000
6147,P03,3,8500
6148,P01,3,3000
6149,P02,1,5000
6150,P07,1,6000
6150,P06,1,11000
6150,P05,1,7500
6151,P08,1,8000
6152,P03,1,8500
6153,P04,1,9000
6154,P07,1,6000
6155,P02,1,5000
6156,P01,3,3000
6156,P08,2,8000
6157,P07,1,6000
6157,P01,1,3000
6158,P01,3,3000
6159,P02,1,5000
6159,P07,1,6000
6160,P02,1,5000
6161,P07,1,6000
6162,P01,1,3000
6162,P02,1,5000
6163,P01,1,3000
6163,P03,1,8500
6164,P07,1,6000
6164,P01,1,3000
6165,P08,1,8000
6166,P06,1,11000
6166,P05,1,7500
6167,P03,1,8500
6168,P01,1,3000
6169,P04,1,9000
6169,P06,1,11000
6170,P03,1,8500
6170,P04,3,9000
6170,P08,1,8000
6171,P08,1,8000
6171,P01,1,3000
6172,P04,1,9000
6173,P06,1,11000
6174,P06,1,11000
6174,P01,1,3000
6175,P03,1,8500
6176,P06,1,11000
6177,P03,1,8500
6178,P08,2,8000
6178,P07,1,6000
6179,P04,3,9000
6180,P08,1,8000
6181,P08,1,8000
6182,P01,1,3000
6183,P04,1,9000
6183,P07,1,6000
6184,P04,1,9000
6185,P06,1,11000
6185,P03,1,8500
6186,P06,2,11000
6186,P03,2,8500
6187,P03,1,8500
6187,P04,1,9000
6188,P01,1,3000
6188,P03,1,8500
6189,P07,1,6000
6190,P06,2,11000
6190,P03,2,8500
6191,P03,1,8500
6192,P07,1,6000
6193,P02,1,5000
6194,P01,1,3000
6195,P01,1,3000
6196,P05,1,7500
6196,P01,1,3000
6197,P01,1,3000
6198,P02,1,5000
6198,P07,1,6000
6198,P03,2,8500
6199,P02,1,5000
6199,P04,1,9000
6200,P08,2,8000
6201,P02,1,5000
6202,P05,1,7500
6203,P03,2,8500
6204,P03,2,8500
6205,P04,1,9000
6205,P02,1,5000
6206,P06,1,11000
6206,P03,1,8500
6207,P02,1,5000
6207,P01,1,3000
6208,P07,1,6000
6209,P05,1,7500
6209,P01,1,3000
6210,P04,1,9000
6211,P07,2,6000
6211,P03,1,8500
6212,P07,3,6000
6212,P06,1,11000
6213,P07,2,6000
6214,P04,2,9000
6214,P08,2,8000
6215,P07,1,6000
6216,P01,1,3000
6216,P04,1,9000
6217,P04,1,9000
6217,P08,1,8000
6218,P03,2,8500
6219,P01,2,3000
6219,P03,2,8500
6220,P05,2,7500
6220,P07,1,6000
6220,P01,1,3000
6221,P07,2,6000
6221,P02,1,5000
6222,P03,1,8500
6223,P04,1,9000
6224,P08,3,8000
6225,P08,1,8000
6226,P03,2,8500
6227,P07,1,6000
6227,P05,1,7500
6228,P06,2,11000
6228,P01,1,3000
6229,P01,1,3000
6230,P01,2,3000
6231,P01,1,3000
6231,P05,1,7500
6231,P06,1,11000
6232,P04,1,9000
6232,P07,2,6000
6233,P02,2,5000
6234,P07,1,6000
6235,P07,1,6000
6235,P01,1,3000
6235,P06,1,11000
6236,P05,1,7500
6236,P07,1,6000
6237,P07,1,6000
6238,P04,2,9000
6239,P04,2,9000
6240,P04,1,9000
6240,P01,1,3000
6241,P02,2,5000
6241,P01,1,3000
6242,P07,1,6000
6243,P07,1,6000
6243,P01,1,3000
6244,P02,1,5000
6245,P04,1,9000
6246,P08,1,8000
6247,P03,1,8500
6247,P01,1,3000
6247,P07,1,6000
6248,P01,1,3000
6249,P01,1,3000
6249,P06,1,11000
6250,P01,1,3000
6251,P03,1,8500
6252,P07,1,6000
6252,P08,1,8000
6253,P06,1,11000
6254,P02,2,5000
6254,P03,1,8500
6254,P01,1,3000
6255,P03,1,8500
6255,P06,1,11000
6256,P05,1,7500
6257,P03,1,8500
6258,P05,2,7500
6258,P08,1,8000
6259,P05,1,7500
6259,P01,1,3000
6260,P05,1,7500
6260,P03,1,8500
6261,P06,2,11000
6262,P07,2,6000
6263,P07,1,6000
6263,P01,2,3000
6264,P06,2,11000
6265,P07,1,6000
6266,P07,1,6000
6266,P08,1,8000
6267,P07,1,6000
6267,P03,2,8500
6268,P02,1,5000
6268,P01,1,3000
6269,P01,1,3000
6270,P07,1,6000
6271,P08,1,8000
6272,P03,1,8500
6273,P01,2,3000
6273,P03,1,8500
6274,P01,2,3000
6274,P02,1,5000
6275,P07,1,6000
6275,P01,1,3000
6276,P01,1,3000
6277,P03,1,8500
6278,P07,1,6000
6278,P01,1,3000
6278,P03,1,8500
6279,P07,2,6000
6280,P02,1,5000
6280,P03,2,8500
6281,P01,1,3000
6281,P03,1,8500
6282,P02,1,5000
6283,P04,1,9000
6283,P01,1,3000
6283,P02,1,5000
6284,P07,1,6000
6284,P01,2,3000
6285,P01,3,3000
6286,P01,1,3000
6287,P03,1,8500
6288,P06,3,11000
6289,P03,1,8500
6290,P06,1,11000
6291,P02,1,5000
6291,P07,2,6000
6292,P03,1,8500
6292,P08,1,8000
6293,P03,1,8500
6293,P07,1,6000
6294,P02,1,5000
6295,P02,2,5000
6296,P01,1,3000
6297,P06,1,11000
6297,P05,1,7500
6297,P04,1,9000
6298,P06,2,11000
6298,P07,1,6000
6299,P08,1,8000
6300,P07,2,6000
6301,P04,1,9000
6302,P07,1,6000
6302,P04,1,9000
6303,P03,1,8500
6303,P08,1,8000
6304,P02,3,5000
6305,P03,1,8500
6306,P08,1,8000
6307,P06,3,11000
6307,P07,2,6000
6308,P01,1,3000
6308,P02,1,5000
6309,P08,1,8000
6310,P08,1,8000
6311,P07,1,6000
6311,P03,1,8500
6312,P07,1,6000
6313,P04,1,9000
6314,P07,1,6000
6315,P04,2,9000
6315,P07,1,6000
6316,P01,1,3000
6317,P01,1,3000
6318,P07,1,6000
6318,P01,1,3000
6319,P07,1,6000
6320,P08,2,8000
6321,P03,1,8500
6322,P03,1,8500
6322,P07,1,6000
6322,P04,2,9000
6323,P08,1,8000
6323,P04,1,9000
6324,P05,1,7500
6325,P02,1,5000
6326,P03,1,8500
6326,P08,2,8000
6327,P08,1,8000
6328,P08,1,8000
6328,P05,1,7500
6328,P07,1,6000
6329,P08,1,8000
6330,P01,1,3000
6330,P07,1,6000
6330,P03,2,8500
6331,P03,1,8500
6331,P01,1,3000
6331,P06,2,11000
6332,P06,1,11000
6332,P07,2,6000
6333,P07,2,6000
6334,P03,1,8500
6334,P04,1,9000
6334,P02,1,5000
6335,P03,2,8500
6335,P02,1,5000
6336,P03,1,8500
6337,P03,1,8500
6338,P04,1,9000
6338,P03,1,8500
6339,P01,1,3000
6339,P08,2,8000
6340,P02,3,5000
6341,P07,2,6000
6342,P07,1,6000
6343,P07,1,6000
6344,P07,1,6000
6345,P06,1,11000
6345,P02,2,5000
6345,P07,1,6000
6346,P01,1,3000
6346,P06,1,11000
6346,P07,1,6000
6347,P05,1,7500
6347,P01,1,3000
6348,P04,1,9000
6349,P07,1,6000
6349,P02,2,5000
6349,P01,1,3000
6350,P03,1,8500
6350,P01,1,3000
6351,P04,2,9000
6351,P01,2,3000
6352,P04,1,9000
6352,P02,1,5000
6353,P07,1,6000
6353,P05,1,7500
6354,P04,1,9000
6354,P01,1,3000
6355,P08,1,8000
6355,P06,1,11000
6356,P02,1,5000
6356,P03,1,8500
6357,P06,2,11000
6358,P08,1,8000
6359,P01,1,3000
6359,P07,1,6000
6360,P01,1,3000
6361,P07,1,6000
6361,P02,3,5000
6362,P02,1,5000
6362,P07,1,6000
6362,P04,1,9000
6363,P04,1,9000
6363,P03,1,8500
6364,P08,1,8000
6364,P01,1,3000
6365,P01,1,3000
6366,P01,1,3000
6367,P08,1,8000
6367,P03,1,8500
6368,P06,1,11000
6368,P03,1,8500
6369,P03,1,8500
6370,P04,1,9000
6371,P03,1,8500
6372,P04,1,9000
6372,P07,2,6000
6373,P06,3,11000
6374,P04,1,9000
6375,P04,1,9000
6376,P01,3,3000
6376,P04,1,9000
6377,P01,1,3000
6378,P06,1,11000
6378,P05,1,7500
6378,P03,2,8500
6379,P07,1,6000
6380,P04,1,9000
6380,P01,1,3000
6381,P08,1,8000
6382,P04,1,9000
6383,P04,1,9000
6384,P03,1,8500
6385,P08,1,8000
6386,P02,1,5000
6386,P03,1,8500
6387,P08,1,8000
6387,P07,1,6000
6388,P04,1,9000
6389,P03,1,8500
6390,P07,1,6000
6391,P05,2,7500
6391,P01,2,3000
6392,P01,2,3000
6392,P05,2,7500
6392,P07,1,6000
6393,P02,2,5000
6394,P08,1,8000
6395,P04,1,9000
6395,P03,1,8500
6395,P02,1,5000
6396,P04,1,9000
6397,P01,1,3000
6397,P07,1,6000
6398,P04,1,9000
6399,P01,1,3000
6399,P02,2,5000
6400,P01,2,3000
6401,P02,1,5000
6402,P03,1,8500
6402,P07,1,6000
6402,P01,2,3000
6403,P08,1,8000
6403,P01,1,3000
6403,P02,1,5000
6404,P02,1,5000
6405,P04,1,9000
6406,P08,1,8000
6407,P07,1,6000
6408,P02,1,5000
6408,P01,2,3000
6409,P01,2,3000
6409,P08,1,8000
6410,P04,1,9000
6410,P08,3,8000
6411,P01,1,3000
6411,P07,1,6000
6412,P05,2,7500
6413,P06,1,11000
6414,P02,1,5000
6414,P07,1,6000
6415,P08,1,8000
6416,P02,1,5000
6416,P03,1,8500
6417,P03,1,8500
6418,P02,1,5000
6419,P08,1,8000
6420,P03,2,8500
6421,P01,1,3000
6422,P01,2,3000
6422,P02,1,5000
6423,P06,1,11000
6423,P04,1,9000
6423,P07,1,6000
6424,P05,1,7500
6425,P07,1,6000
6426,P07,1,6000
6427,P01,1,3000
6428,P05,1,7500
6429,P06,1,11000
6429,P03,1,8500
6430,P03,1,8500
6431,P08,1,8000
6432,P02,1,5000
6432,P04,1,9000
6432,P07,1,6000
6433,P01,1,3000
6433,P06,1,11000
6434,P07,1,6000
6435,P07,1,6000
6435,P01,2,3000
6436,P01,1,3000
6436,P03,1,8500
6437,P03,1,8500
6437,P04,1,9000
6438,P07,3,6000
6439,P08,1,8000
6440,P01,1,3000
6440,P03,1,8500
6441,P03,1,8500
6442,P07,2,6000
6443,P01,1,3000
6444,P02,1,5000
6445,P07,1,6000
6446,P08,2,8000
6446,P03,2,8500
6447,P03,1,8500
6448,P03,1,8500
6448,P05,1,7500
6449,P02,1,5000
6450,P07,2,6000
6451,P05,1,7500
6451,P06,1,11000
6451,P07,1,6000
6452,P07,1,6000
6453,P04,1,9000
6454,P01,1,3000
6455,P03,1,8500
6455,P04,1,9000
6456,P03,2,8500
6456,P02,1,5000
6456,P01,2,3000
6457,P08,2,8000
6457,P07,1,6000
6458,P01,1,3000
6458,P04,1,9000
6459,P04,1,9000
6459,P07,1,6000
6460,P01,2,3000
6461,P03,1,8500
6462,P06,1,11000
6463,P01,1,3000
6464,P01,1,3000
6464,P05,1,7500
6464,P02,1,5000
6465,P08,1,8000
6465,P07,1,6000
6466,P06,1,11000
6466,P08,1,8000
6467,P01,1,3000
6467,P08,1,8000
6468,P06,1,11000
6469,P02,1,5000
6470,P08,1,8000
6470,P04,1,9000
6471,P07,3,6000
6472,P03,1,8500
6472,P01,1,3000
6472,P05,1,7500
6473,P03,1,8500
6474,P06,1,11000
6475,P07,2,6000
6475,P03,1,8500
6476,P08,1,8000
6476,P01,1,3000
6477,P03,1,8500
6478,P06,1,11000
6478,P01,1,3000
6478,P02,1,5000
6479,P03,3,8500
6480,P01,1,3000
6480,P08,1,8000
6481,P07,1,6000
6482,P01,1,3000
6483,P06,1,11000
6484,P08,2,8000
6485,P08,1,8000
6485,P04,1,9000
6486,P04,1,9000
6487,P07,1,6000
6487,P02,1,5000
6488,P05,1,7500
6488,P04,1,9000
6489,P01,1,3000
6490,P06,1,11000
6491,P01,1,3000
6492,P04,1,9000
6492,P07,1,6000
6493,P02,1,5000
6493,P03,1,8500
6494,P04,1,9000
6495,P07,1,6000
6496,P05,1,7500
6497,P06,1,11000
6497,P08,1,8000
6498,P05,2,7500
6498,P07,1,6000
6499,P01,1,3000
6500,P07,2,6000
6500,P03,1,8500
6501,P07,1,6000
6501,P04,2,9000
6502,P03,1,8500
6503,P01,1,3000
6503,P04,1,9000
6504,P07,1,6000
6504,P08,1,8000
6505,P06,1,11000
6505,P01,1,3000
6506,P04,1,9000
6507,P03,2,8500
6507,P02,1,5000
6508,P08,2,8000
6509,P01,2,3000
6509,P04,1,9000
6510,P03,1,8500
6511,P05,1,7500
6511,P06,1,11000
6512,P07,1,6000
6512,P05,1,7500
6513,P07,1,6000
6513,P08,1,8000
6513,P02,1,5000
6514,P08,1,8000
6515,P03,1,8500
6516,P07,2,6000
6517,P02,1,5000
6518,P07,1,6000
6519,P02,1,5000
6520,P01,1,3000
6521,P07,1,6000
6522,P01,1,3000
6522,P07,1,6000
6523,P03,1,8500
6523,P01,1,3000
6524,P02,1,5000
6525,P05,1,7500
6526,P07,1,6000
6527,P08,2,8000
6527,P07,1,6000
6528,P02,1,5000
6529,P01,2,3000
6529,P03,1,8500
6529,P02,1,5000
6530,P08,1,8000
6530,P02,1,5000
6531,P07,1,6000
6532,P07,1,6000
6532,P01,1,3000
6532,P02,1,5000
6533,P03,1,8500
6534,P02,1,5000
6535,P07,1,6000
6536,P08,3,8000
6536,P01,3,3000
6536,P07,1,6000
6537,P05,1,7500
6538,P03,1,8500
6539,P06,1,11000
6540,P04,1,9000
6540,P01,1,3000
6541,P01,1,3000
6542,P03,1,8500
6543,P05,1,7500
6544,P03,2,8500
6545,P02,1,5000
6546,P01,1,3000
6547,P07,1,6000
6548,P04,1,9000
6549,P04,1,9000
6550,P04,1,9000
6550,P05,1,7500
6551,P07,1,6000
6552,P08,1,8000
6552,P07,2,6000
6553,P05,1,7500
6553,P02,1,5000
6554,P06,1,11000
6555,P07,1,6000
6555,P06,1,11000
6556,P01,1,3000
6557,P04,1,9000
6558,P02,1,5000
6558,P03,1,8500
6559,P01,1,3000
6559,P02,1,5000
6560,P01,1,3000
6561,P02,3,5000
6562,P02,1,5000
6563,P03,1,8500
6564,P04,1,9000
6565,P02,1,5000
6565,P07,1,6000
6566,P03,1,8500
6567,P01,1,3000
6568,P02,1,5000
6568,P03,1,8500
6569,P02,1,5000
6569,P03,1,8500
6570,P03,1,8500
6571,P03,2,8500
6572,P02,3,5000
6572,P05,1,7500
6572,P07,1,6000
6573,P08,1,8000
6573,P04,1,9000
6574,P06,2,11000
6575,P01,1,3000
6575,P08,1,8000
6576,P07,2,6000
6577,P02,1,5000
6578,P04,1,9000
6578,P06,1,11000
6579,P01,2,3000
6580,P07,1,6000
6580,P04,1,9000
6581,P08,1,8000
6581,P04,2,9000
6582,P05,1,7500
6583,P07,1,6000
6584,P02,1,5000
6585,P03,1,8500
6586,P03,1,8500
6587,P07,1,6000
6587,P08,1,8000
6588,P01,1,3000
6588,P07,1,6000
6589,P01,1,3000
6590,P01,1,3000
6590,P02,1,5000
6591,P03,1,8500
6592,P03,1,8500
6593,P07,1,6000
6594,P04,2,9000
6595,P06,1,11000
6595,P01,1,3000
6596,P07,1,6000
6597,P06,1,11000
6597,P08,1,8000
6598,P07,1,6000
6599,P08,1,8000
6600,P01,1,3000
6601,P07,1,6000
6602,P02,1,5000
6603,P07,1,6000
6603,P08,2,8000
6604,P07,2,6000
6605,P06,2,11000
6605,P02,1,5000
6605,P01,1,3000
6606,P03,1,8500
6606,P07,1,6000
6607,P07,1,6000
6607,P05,1,7500
6608,P02,2,5000
6608,P07,1,6000
6609,P07,1,6000
6610,P08,1,8000
6610,P05,2,7500
6611,P03,1,8500
6612,P03,1,8500
6613,P08,1,8000
6613,P07,1,6000
6613,P03,1,8500
6614,P03,1,8500
6614,P05,3,7500
6614,P01,1,3000
6615,P03,1,8500
6616,P02,1,5000
6616,P07,1,6000
6617,P02,1,5000
6618,P02,1,5000
6619,P07,1,6000
6619,P01,1,3000
6619,P02,1,5000
6620,P04,1,9000
6621,P01,1,3000
6622,P04,1,9000
6623,P04,2,9000
6624,P07,1,6000
6625,P01,1,3000
6625,P07,1,6000
6626,P06,1,11000
6627,P03,2,8500
6628,P05,1,7500
6629,P04,1,9000
6629,P01,3,3000
6630,P05,1,7500
6631,P05,1,7500
6632,P04,3,9000
6632,P01,1,3000
6633,P06,1,11000
6634,P03,1,8500
6634,P06,1,11000
6634,P02,1,5000
6635,P07,1,6000
6635,P04,1,9000
6635,P01,1,3000
6636,P01,2,3000
6636,P07,2,6000
6637,P07,2,6000
6638,P08,1,8000
6639,P04,2,9000
6639,P06,1,11000
6640,P01,1,3000
6641,P07,1,6000
6641,P03,1,8500
6641,P04,3,9000
6642,P07,1,6000
6643,P08,3,8000
6643,P07,1,6000
6643,P05,1,7500
6644,P03,1,8500
6644,P01,1,3000
6645,P04,1,9000
6645,P03,1,8500
6646,P07,1,6000
6646,P05,2,7500
6647,P03,1,8500
6648,P06,1,11000
6648,P07,1,6000
6649,P01,2,3000
6649,P07,1,6000
6649,P08,1,8000
6650,P04,1,9000
6650,P03,1,8500
6651,P01,1,3000
6652,P02,1,5000
6652,P03,2,8500
6653,P01,1,3000
6654,P04,1,9000
6655,P07,1,6000
6655,P03,3,8500
6655,P05,1,7500
6656,P06,1,11000
6657,P07,1,6000
6658,P06,1,11000
6658,P04,1,9000
6659,P02,2,5000
6659,P01,2,3000
6659,P07,1,6000
6660,P02,1,5000
6660,P03,1,8500
6661,P08,1,8000
6661,P06,1,11000
6662,P07,1,6000
6662,P04,1,9000
6663,P01,3,3000
6663,P07,1,6000
6664,P07,1,6000
6665,P08,1,8000
6666,P02,2,5000
6666,P08,2,8000
6667,P01,1,3000
6668,P06,1,11000
6669,P08,1,8000
6670,P08,1,8000
6671,P02,1,5000
6671,P01,1,3000
6672,P01,1,3000
6672,P06,1,11000
6673,P01,3,3000
6673,P04,1,9000
6673,P02,1,5000
6674,P07,1,6000
6674,P01,2,3000
6675,P01,1,3000
6675,P07,1,6000
6675,P06,1,11000
6676,P01,1,3000
6677,P01,2,3000
6678,P07,1,6000
6679,P01,2,3000
6679,P07,1,6000
6680,P03,1,8500
6681,P07,1,6000
6681,P06,2,11000
6682,P03,1,8500
6683,P01,1,3000
6683,P08,2,8000
6684,P03,1,8500
6685,P05,2,7500
6686,P02,3,5000
6687,P07,2,6000
6687,P03,2,8500
6688,P03,1,8500
6689,P02,1,5000
6690,P03,1,8500
6691,P01,3,3000
6691,P03,2,8500
6692,P08,2,8000
6693,P01,1,3000
6693,P07,1,6000
6693,P02,1,5000
6694,P03,1,8500
6695,P07,1,6000
6695,P05,1,7500
6696,P07,2,6000
6697,P08,1,8000
6697,P01,1,3000
6698,P06,1,11000
6698,P07,1,6000
6698,P05,1,7500
6699,P03,1,8500
6699,P04,1,9000
6700,P01,1,3000
6700,P03,1,8500
6700,P06,1,11000
6701,P07,1,6000
6701,P01,1,3000
6702,P03,1,8500
6703,P02,1,5000
6704,P07,1,6000
6704,P05,1,7500
6704,P04,1,9000
6705,P01,1,3000
6706,P08,2,8000
6706,P01,2,3000
6707,P08,1,8000
6707,P07,1,6000
6707,P02,2,5000
6708,P01,1,3000
6708,P02,1,5000
6709,P03,2,8500
6710,P01,1,3000
6711,P02,1,5000
6712,P02,1,5000
6713,P02,3,5000
6714,P07,1,6000
6714,P01,1,3000
6715,P05,2,7500
6716,P07,1,6000
6716,P01,2,3000
6717,P01,1,3000
6718,P02,1,5000
6719,P01,1,3000
6719,P02,1,5000
6720,P03,1,8500
6720,P01,1,3000
6721,P05,1,7500
6722,P01,1,3000
6723,P01,1,3000
6723,P08,1,8000
6724,P01,1,3000
6725,P03,1,8500
6726,P03,1,8500
6727,P02,1,5000
6728,P08,2,8000
6729,P04,1,9000
6730,P05,1,7500
6731,P03,1,8500
6732,P02,1,5000
6732,P03,2,8500
6732,P07,2,6000
6733,P07,1,6000
6733,P01,1,3000
6734,P05,1,7500
6735,P01,1,3000
6735,P03,1,8500
6736,P01,1,3000
6737,P04,1,9000
6737,P07,1,6000
6738,P04,1,9000
6739,P04,1,9000
6740,P03,1,8500
6740,P07,2,6000
6740,P08,1,8000
6741,P03,2,8500
6742,P08,2,8000
6743,P05,1,7500
6744,P03,2,8500
6745,P07,1,6000
6746,P01,1,3000
6746,P07,1,6000
6747,P04,3,9000
6748,P01,1,3000
6749,P02,1,5000
6749,P07,1,6000
6750,P01,1,3000
6751,P01,1,3000
6751,P08,1,8000
6752,P04,1,9000
6753,P07,1,6000
6754,P07,3,6000
6755,P04,1,9000
6756,P08,1,8000
6757,P02,1,5000
6758,P02,1,5000
6759,P08,1,8000
6760,P01,1,3000
6761,P03,1,8500
6761,P05,2,7500
6762,P01,1,3000
6762,P07,2,6000
6763,P07,1,6000
6763,P05,1,7500
6764,P03,1,8500
6765,P03,1,8500
6766,P03,2,8500
6766,P04,1,9000
6766,P01,1,3000
6767,P07,2,6000
6767,P03,1,8500
6768,P07,1,6000
6769,P07,1,6000
6769,P03,2,8500
6770,P08,1,8000
6771,P01,1,3000
6772,P03,1,8500
6773,P07,1,6000
6773,P03,1,8500
6774,P04,1,9000
6775,P08,1,8000
6775,P06,1,11000
6776,P02,1,5000
6776,P03,2,8500
6777,P01,2,3000
6777,P05,3,7500
6778,P01,1,3000
6779,P02,1,5000
6779,P07,1,6000
6780,P03,1,8500
6780,P07,2,6000
6781,P08,1,8000
6782,P03,1,8500
6782,P04,1,9000
6783,P07,2,6000
6783,P08,1,8000
6784,P07,1,6000
6785,P03,1,8500
6785,P01,1,3000
6785,P07,1,6000
6786,P07,1,6000
6786,P04,2,9000
6786,P08,2,8000
6787,P07,1,6000
6788,P01,1,3000
6788,P08,2,8000
6789,P03,1,8500
6790,P02,1,5000
6791,P05,1,7500
6791,P01,1,3000
6792,P08,1,8000
6792,P03,1,8500
6793,P03,2,8500
6794,P03,2,8500
6795,P07,1,6000
6796,P07,1,6000
6796,P02,1,5000
6797,P08,1,8000
6798,P05,1,7500
6798,P07,1,6000
6798,P06,1,11000
6799,P06,1,11000
6800,P08,1,8000
6800,P02,1,5000
6801,P02,1,5000
6802,P07,1,6000
6803,P02,2,5000
6804,P02,1,5000
6804,P04,1,9000
6805,P08,1,8000
6806,P05,1,7500
6806,P03,2,8500
6807,P05,2,7500
6808,P01,1,3000
6808,P03,1,8500
6809,P03,1,8500
6809,P04,1,9000
6810,P07,3,6000
6810,P04,1,9000
6811,P02,1,5000
6812,P04,1,9000
6812,P03,1,8500
6812,P07,2,6000
6813,P01,2,3000
6814,P03,1,8500
6815,P04,1,9000
6815,P01,1,3000
6816,P05,1,7500
6816,P03,1,8500
6816,P01,1,3000
6817,P07,1,6000
6817,P05,1,7500
6818,P02,1,5000
6819,P02,1,5000
6820,P05,1,7500
6820,P03,1,8500
6821,P01,2,3000
6821,P07,1,6000
6822,P04,1,9000
6823,P08,2,8000
6823,P02,1,5000
6823,P07,1,6000
6824,P02,1,5000
6825,P04,1,9000
6826,P01,1,3000
6827,P06,2,11000
6828,P02,1,5000
6829,P03,1,8500
6830,P04,1,9000
6831,P03,1,8500
6831,P04,2,9000
6832,P08,1,8000
6833,P06,1,11000
6834,P01,1,3000
6835,P03,1,8500
6835,P06,1,11000
6836,P07,1,6000
6836,P03,1,8500
6837,P04,1,9000
6837,P08,1,8000
6838,P01,1,3000
6839,P01,1,3000
6840,P05,3,7500
6840,P03,2,8500
6841,P06,1,11000
6842,P03,1,8500
6843,P02,2,5000
6843,P03,1,8500
6844,P08,1,8000
6845,P02,1,5000
6846,P04,1,9000
6846,P07,1,6000
6847,P02,1,5000
6847,P04,1,9000
6847,P07,1,6000
6848,P03,1,8500
6848,P01,1,3000
6849,P08,1,8000
6849,P02,1,5000
6850,P05,3,7500
6851,P07,1,6000
6851,P01,1,3000
6852,P04,1,9000
6852,P06,1,11000
6852,P07,2,6000
6853,P02,2,5000
6854,P04,1,9000
6854,P02,1,5000
6855,P08,2,8000
6856,P07,1,6000
6857,P02,1,5000
6857,P07,1,6000
6858,P06,1,11000
6859,P05,1,7500
6859,P02,3,5000
6860,P07,3,6000
6860,P03,1,8500
6860,P01,1,3000
6861,P01,1,3000
6861,P07,1,6000
6861,P03,1,8500
6862,P05,2,7500
6862,P01,1,3000
6863,P01,1,3000
6863,P03,1,8500
6864,P03,1,8500
6864,P07,1,6000
6865,P07,1,6000
6866,P03,1,8500
6867,P04,1,9000
6868,P04,1,9000
6869,P02,1,5000
6869,P01,1,3000
6870,P03,1,8500
6870,P02,1,5000
6871,P07,1,6000
6872,P07,2,6000
6872,P03,1,8500
6873,P08,1,8000
6873,P04,3,9000
6874,P07,1,6000
6874,P08,1,8000
6875,P07,1,6000
6876,P05,1,7500
6877,P02,1,5000
6877,P08,1,8000
6878,P05,1,7500
6879,P07,2,6000
6880,P01,1,3000
6881,P01,1,3000
6881,P02,1,5000
6882,P04,2,9000
6882,P02,1,5000
6883,P07,1,6000
6884,P02,1,5000
6884,P07,2,6000
6885,P08,1,8000
6885,P01,1,3000
6886,P01,1,3000
6887,P03,1,8500
6888,P01,1,3000
6889,P07,1,6000
6890,P04,1,9000
6891,P07,3,6000
6892,P07,2,6000
6892,P02,1,5000
6893,P02,1,5000
6893,P03,1,8500
6894,P02,1,5000
6894,P03,1,8500
6895,P07,1,6000
6896,P04,3,9000
6896,P02,1,5000
6897,P06,1,11000
6897,P03,1,8500
6898,P02,2,5000
6899,P01,1,3000
6899,P07,2,6000
6900,P03,2,8500
6901,P07,1,6000
6902,P07,1,6000
6902,P01,1,3000
6902,P03,2,8500
6903,P06,2,11000
6903,P01,1,3000
6903,P04,1,9000
6904,P03,1,8500
6904,P02,1,5000
6904,P04,1,9000
6905,P06,1,11000
6906,P07,2,6000
6907,P07,1,6000
6907,P03,3,8500
6908,P07,1,6000
6909,P03,1,8500
6910,P06,1,11000
6911,P01,2,3000
6912,P08,1,8000
6912,P03,1,8500
6912,P07,1,6000
6913,P01,2,3000
6913,P02,1,5000
6914,P07,3,6000
6915,P01,1,3000
6915,P08,2,8000
6916,P02,1,5000
6917,P06,3,11000
6918,P07,2,6000
6919,P01,1,3000
6919,P04,1,9000
6920,P08,1,8000
6920,P04,1,9000
6921,P03,1,8500
6922,P01,1,3000
6923,P04,1,9000
6923,P07,2,6000
6924,P05,1,7500
6925,P03,3,8500
6926,P01,1,3000
6926,P02,2,5000
6927,P02,2,5000
6928,P04,1,9000
6929,P06,1,11000
6929,P08,2,8000
6930,P07,1,6000
6931,P02,1,5000
6932,P01,3,3000
6932,P07,1,6000
6933,P04,2,9000
6934,P02,1,5000
6935,P07,1,6000
6936,P01,1,3000
6937,P05,1,7500
6938,P02,2,5000
6938,P01,1,3000
6939,P06,1,11000
6939,P07,1,6000
6940,P01,1,3000
6940,P04,1,9000
6941,P03,2,8500
6941,P02,1,5000
6942,P07,1,6000
6943,P08,1,8000
6944,P01,3,3000
6945,P07,1,6000
6946,P03,1,8500
6946,P04,1,9000
6947,P04,1,9000
6947,P05,1,7500
6948,P01,1,3000
6949,P04,1,9000
6950,P04,1,9000
6951,P07,2,6000
6951,P01,1,3000
6952,P08,1,8000
6952,P03,1,8500
6953,P02,1,5000
6954,P03,2,8500
6954,P07,1,6000
6954,P01,1,3000
6955,P05,1,7500
6955,P07,1,6000
6956,P07,1,6000
6957,P04,2,9000
6958,P07,1,6000
6959,P07,2,6000
6959,P02,1,5000
6959,P01,3,3000
6960,P07,1,6000
6961,P01,1,3000
6962,P07,2,6000
6963,P03,1,8500
6963,P08,1,8000
6964,P04,2,9000
6964,P07,1,6000
6965,P08,1,8000
6965,P07,1,6000
6966,P05,1,7500
6967,P07,1,6000
6968,P02,1,5000
6969,P06,1,11000
6970,P04,2,9000
6971,P03,1,8500
6971,P01,1,3000
6972,P02,1,5000
6973,P01,1,3000
6973,P05,1,7500
6974,P08,1,8000
6975,P07,1,6000
6976,P03,1,8500
6976,P07,1,6000
6977,P03,1,8500
6977,P04,1,9000
6978,P07,1,6000
6979,P04,1,9000
6979,P06,1,11000
6980,P02,1,5000
6981,P05,1,7500
6981,P08,2,8000
6982,P01,2,3000
6983,P01,1,3000
6984,P04,2,9000
6985,P01,1,3000
6985,P07,2,6000
6986,P04,1,9000
6987,P05,1,7500
6987,P03,1,8500
6988,P02,2,5000
6988,P07,1,6000
6989,P06,1,11000
6989,P02,1,5000
6990,P01,1,3000
6990,P08,1,8000
6991,P01,1,3000
6991,P04,1,9000
6992,P01,1,3000
6993,P01,1,3000
6993,P07,1,6000
6993,P06,2,11000
6994,P01,1,3000
6994,P07,1,6000
6994,P03,1,8500
6995,P02,1,5000
6995,P06,1,11000
6996,P04,1,9000
6996,P05,1,7500
6996,P06,1,11000
6997,P05,1,7500
6998,P07,1,6000
6998,P04,1,9000
6999,P07,1,6000
7000,P01,1,3000
7001,P03,1,8500
7002,P01,1,3000
7002,P04,1,9000
7002,P07,1,6000
7003,P08,1,8000
7003,P04,1,9000
7004,P02,1,5000
7004,P01,1,3000
7005,P07,1,6000
7005,P03,1,8500
7006,P01,1,3000
7006,P04,1,9000
7006,P03,1,8500
7007,P04,1,9000
7007,P07,1,6000
7008,P01,1,3000
7009,P03,1,8500
7010,P07,1,6000
7010,P01,1,3000
7011,P01,1,3000
7012,P01,1,3000
7013,P06,1,11000
7014,P05,1,7500
7015,P01,1,3000
7015,P07,1,6000
7016,P04,1,9000
7017,P06,2,11000
7018,P07,1,6000
7018,P05,1,7500
7019,P03,2,8500
7020,P07,1,6000
7021,P03,1,8500
7021,P04,2,9000
7022,P07,2,6000
7022,P06,1,11000
7023,P08,1,8000
7024,P06,3,11000
7024,P01,1,3000
7024,P02,1,5000
7025,P07,1,6000
7025,P05,1,7500
7026,P03,3,8500
7027,P02,1,5000
7028,P04,1,9000
7028,P07,1,6000
7029,P01,1,3000
7030,P03,1,8500
7031,P01,1,3000
7032,P03,1,8500
7033,P08,1,8000
7034,P03,1,8500
7035,P03,1,8500
7035,P01,1,3000
7036,P07,1,6000
7036,P01,1,3000
7037,P03,3,8500
7038,P03,2,8500
7038,P07,1,6000
7038,P06,1,11000
7039,P01,1,3000
7040,P07,1,6000
7041,P04,2,9000
7041,P03,1,8500
7041,P06,1,11000
7042,P01,1,3000
7043,P06,1,11000
7044,P03,1,8500
7045,P02,1,5000
7046,P07,1,6000
7046,P04,1,9000
7047,P07,1,6000
7048,P07,1,6000
7049,P02,1,5000
7050,P02,1,5000
7051,P07,1,6000
7051,P01,1,3000
7052,P03,1,8500
7053,P01,1,3000
7054,P06,2,11000
7054,P05,1,7500
7054,P01,1,3000
7055,P04,1,9000
7055,P08,1,8000
7056,P02,1,5000
7057,P03,1,8500
7058,P03,1,8500
7058,P07,2,6000
7058,P01,1,3000
7059,P07,1,6000
7060,P06,1,11000
7060,P04,1,9000
7061,P07,1,6000
7061,P01,1,3000
7061,P03,1,8500
7062,P01,1,3000
7063,P07,2,6000
7063,P04,1,9000
7064,P03,1,8500
7064,P07,1,6000
7064,P04,1,9000
7065,P01,1,3000
7065,P02,1,5000
7066,P08,1,8000
7067,P07,1,6000
7068,P04,1,9000
7069,P03,1,8500
7070,P03,1,8500
7071,P07,1,6000
7072,P02,2,5000
7072,P03,2,8500
7073,P01,1,3000
7073,P03,2,8500
7074,P07,1,6000
7074,P05,1,7500
7075,P07,1,6000
7076,P07,1,6000
7076,P08,1,8000
7077,P07,1,6000
7077,P04,1,9000
7078,P08,2,8000
7079,P08,1,8000
7079,P04,1,9000
7080,P01,1,3000
7080,P05,1,7500
7080,P03,1,8500
7081,P04,1,9000
7081,P01,1,3000
7082,P08,2,8000
7082,P03,2,8500
7083,P03,1,8500
7084,P01,1,3000
7084,P07,1,6000
7085,P07,2,6000
7086,P07,1,6000
7086,P03,1,8500
7086,P02,1,5000
7087,P06,1,11000
7087,P05,2,7500
7088,P04,1,9000
7089,P07,1,6000
7089,P03,1,8500
7089,P02,1,5000
7090,P06,1,11000
7091,P04,1,9000
7091,P01,1,3000
7091,P07,1,6000
7092,P07,1,6000
7093,P08,1,8000
7094,P04,1,9000
7094,P07,1,6000
7095,P01,1,3000
7096,P04,2,9000
7096,P05,1,7500
7097,P02,1,5000
7097,P04,2,9000
7098,P07,1,6000
7098,P01,2,3000
7098,P08,1,8000
7099,P03,1,8500
7100,P07,2,6000
7101,P04,1,9000
7102,P04,1,9000
7103,P07,1,6000
7103,P01,1,3000
7104,P04,1,9000
7104,P08,1,8000
7105,P06,1,11000
7106,P08,1,8000
7106,P01,1,3000
7107,P08,1,8000
7108,P07,1,6000
7109,P01,1,3000
7110,P01,1,3000
7110,P03,1,8500
7111,P03,1,8500
7111,P08,1,8000
7112,P08,1,8000
7113,P07,1,6000
7114,P03,1,8500
7114,P07,1,6000
7115,P03,1,8500
7116,P02,2,5000
7116,P04,2,9000
7117,P06,1,11000
7118,P07,1,6000
7118,P04,1,9000
7119,P02,1,5000
7119,P04,1,9000
7120,P06,1,11000
7121,P06,1,11000
7121,P08,1,8000
7121,P03,1,8500
7122,P02,2,5000
7122,P03,1,8500
7123,P02,1,5000
7123,P03,1,8500
7124,P06,1,11000
7124,P08,1,8000
7124,P07,1,6000
7125,P07,1,6000
7126,P06,3,11000
7127,P02,1,5000
7128,P07,1,6000
7128,P02,1,5000
7128,P01,1,3000
7129,P08,1,8000
7130,P02,2,5000
7131,P01,1,3000
7132,P08,1,8000
7132,P02,2,5000
7133,P05,1,7500
7134,P05,1,7500
7134,P08,1,8000
7135,P08,1,8000
7136,P02,2,5000
7137,P07,1,6000
7137,P06,1,11000
7137,P02,2,5000
7138,P03,1,8500
7139,P02,1,5000
7140,P08,1,8000
7141,P08,1,8000
7142,P06,1,11000
7142,P03,1,8500
7143,P01,1,3000
7143,P03,1,8500
7144,P07,1,6000
7144,P08,3,8000
7144,P06,1,11000
7145,P07,1,6000
7145,P02,1,5000
7145,P06,2,11000
7146,P03,1,8500
7146,P08,1,8000
7147,P02,2,5000
7148,P04,1,9000
7149,P05,1,7500
7150,P03,1,8500
7150,P02,1,5000
7151,P07,1,6000
7151,P01,1,3000
7152,P03,2,8500
7152,P06,1,11000
7152,P05,1,7500
7153,P05,1,7500
7153,P07,1,6000
7154,P04,1,9000
7155,P07,1,6000
7156,P04,1,9000
7156,P02,1,5000
7156,P01,1,3000
7157,P04,1,9000
7157,P07,2,6000
7157,P06,2,11000
7158,P06,1,11000
7159,P08,1,8000
7160,P02,3,5000
7161,P05,1,7500
7162,P07,1,6000
7163,P07,1,6000
7164,P03,1,8500
7165,P04,3,9000
7166,P03,3,8500
7166,P01,1,3000
7167,P07,1,6000
7167,P06,1,11000
7168,P07,1,6000
7168,P03,1,8500
7168,P08,2,8000
7169,P05,1,7500
7169,P02,1,5000
7170,P02,1,5000
7171,P01,1,3000
7171,P06,3,11000
7172,P04,1,9000
7173,P06,1,11000
7173,P03,1,8500
7174,P02,1,5000
7174,P07,1,6000
7175,P03,1,8500
7176,P05,1,7500
7176,P03,1,8500
7177,P01,1,3000
7178,P02,2,5000
7179,P07,1,6000
7180,P07,1,6000
7181,P02,1,5000
7182,P02,1,5000
7182,P04,1,9000
7183,P04,1,9000
7183,P01,1,3000
7184,P03,1,8500
7184,P07,1,6000
7185,P07,1,6000
7186,P03,1,8500
7186,P07,1,6000
7187,P01,2,3000
7188,P02,1,5000
7189,P07,1,6000
7190,P08,1,8000
7190,P04,1,9000
7191,P01,3,3000
7191,P03,1,8500
7192,P03,2,8500
7193,P07,1,6000
7194,P06,1,11000
7194,P02,1,5000
7195,P04,1,9000
7196,P01,1,3000
7197,P04,1,9000
7197,P02,2,5000
7198,P03,1,8500
7198,P06,1,11000
7199,P06,1,11000
7200,P04,1,9000
7200,P02,1,5000
7201,P01,1,3000
7202,P07,1,6000
7203,P01,2,3000
7204,P07,1,6000
7205,P03,1,8500
7205,P07,1,6000
7206,P07,1,6000
7206,P03,1,8500
7207,P04,2,9000
7208,P01,1,3000
7208,P08,1,8000
7209,P02,1,5000
7210,P04,1,9000
7211,P04,1,9000
7212,P04,1,9000
7213,P03,1,8500
7213,P01,1,3000
7214,P01,1,3000
7215,P02,1,5000
7215,P07,1,6000
7216,P03,1,8500
7217,P07,1,6000
7217,P08,2,8000
7218,P03,3,8500
7219,P07,1,6000
7219,P03,1,8500
7220,P07,1,6000
7221,P07,1,6000
7222,P01,1,3000
7222,P08,1,8000
7223,P01,1,3000
7224,P02,1,5000
7225,P07,1,6000
7225,P03,1,8500
7226,P08,1,8000
7226,P07,1,6000
7226,P02,1,5000
7227,P03,2,8500
7227,P07,1,6000
7228,P07,1,6000
7228,P08,1,8000
7228,P06,2,11000
7229,P03,2,8500
7229,P01,1,3000
7229,P05,1,7500
7230,P01,1,3000
7231,P01,1,3000
7232,P07,3,6000
7233,P04,1,9000
7234,P02,1,5000
7234,P07,1,6000
7235,P06,1,11000
7235,P01,1,3000
7236,P07,2,6000
7236,P01,1,3000
7236,P03,2,8500
7237,P06,1,11000
7238,P01,1,3000
7239,P04,1,9000
7239,P01,1,3000
7240,P03,1,8500
7241,P08,1,8000
7241,P03,1,8500
7242,P04,1,9000
7243,P03,1,8500
7244,P01,1,3000
7245,P03,1,8500
7245,P07,1,6000
7245,P01,1,3000
7246,P08,2,8000
7247,P06,2,11000
7248,P07,1,6000
7249,P03,2,8500
7250,P08,1,8000
7250,P03,1,8500
7251,P03,2,8500
7251,P06,1,11000
7252,P08,1,8000
7253,P07,1,6000
7254,P07,1,6000
7254,P02,2,5000
7255,P08,1,8000
7255,P06,1,11000
7256,P08,1,8000
7257,P06,1,11000
7258,P08,1,8000
7258,P03,2,8500
7259,P02,1,5000
7259,P05,1,7500
7260,P01,1,3000
7260,P03,2,8500
7261,P05,1,7500
7261,P01,1,3000
7262,P08,1,8000
7262,P07,1,6000
7263,P07,1,6000
7264,P03,1,8500
7264,P07,1,6000
7264,P01,1,3000
7265,P01,1,3000
7265,P07,1,6000
7265,P03,1,8500
7266,P02,2,5000
7267,P06,1,11000
7268,P03,1,8500
7269,P03,1,8500
7270,P03,1,8500
7271,P07,1,6000
7272,P04,1,9000
7272,P05,1,7500
7273,P05,1,7500
7273,P02,2,5000
7274,P04,1,9000
7275,P02,1,5000
7275,P01,1,3000
7275,P06,1,11000
7276,P05,1,7500
7276,P01,1,3000
7277,P07,1,6000
7278,P01,1,3000
7278,P05,1,7500
7279,P07,1,6000
7280,P01,1,3000
7280,P03,1,8500
7281,P01,1,3000
7282,P03,1,8500
7282,P04,1,9000
7283,P04,1,9000
7284,P07,2,6000
7284,P08,2,8000
7284,P04,1,9000
7285,P07,2,6000
7286,P03,1,8500
7287,P05,1,7500
7287,P02,1,5000
7288,P07,1,6000
7289,P08,1,8000
7289,P04,1,9000
7290,P03,1,8500
7290,P01,1,3000
7291,P02,1,5000
7292,P07,1,6000
7292,P03,1,8500
7293,P05,1,7500
7293,P08,1,8000
7293,P07,1,6000
7294,P04,2,9000
7294,P03,1,8500
7295,P05,1,7500
7295,P07,1,6000
7296,P01,1,3000
7297,P05,2,7500
7298,P02,1,5000
7299,P02,2,5000
7299,P07,1,6000
7300,P01,1,3000
7301,P07,2,6000
7301,P01,1,3000
7302,P06,1,11000
7303,P01,1,3000
7304,P07,2,6000
7304,P06,1,11000
7305,P03,1,8500
7306,P07,1,6000
7306,P03,2,8500
7307,P03,2,8500
7308,P04,2,9000
7309,P03,1,8500
7309,P01,1,3000
7310,P01,1,3000
7310,P02,2,5000
7310,P03,1,8500
7311,P03,2,8500
7312,P07,1,6000
7313,P08,1,8000
7313,P05,2,7500
7314,P06,1,11000
7315,P01,1,3000
7316,P03,1,8500
7317,P07,3,6000
7318,P01,1,3000
7319,P03,1,8500
7319,P07,1,6000
7320,P07,1,6000
7320,P08,1,8000
7320,P03,2,8500
7321,P06,1,11000
7322,P07,1,6000
7323,P06,1,11000
7323,P01,1,3000
7324,P07,2,6000
7325,P02,3,5000
7325,P08,2,8000
7326,P03,2,8500
7326,P01,1,3000
7327,P03,2,8500
7327,P05,1,7500
7327,P01,1,3000
7328,P01,1,3000
7328,P06,2,11000
7329,P07,1,6000
7330,P04,3,9000
7330,P07,1,6000
7330,P05,2,7500
7331,P01,1,3000
7332,P03,1,8500
7332,P04,1,9000
7333,P06,1,11000
7334,P07,1,6000
7334,P01,3,3000
7335,P04,2,9000
7336,P03,1,8500
7337,P04,1,9000
7338,P07,1,6000
7339,P04,2,9000
7340,P03,2,8500
7340,P02,1,5000
7341,P01,1,3000
7341,P02,1,5000
7342,P03,1,8500
7343,P01,1,3000
7343,P04,2,9000
7344,P03,1,8500
7345,P07,1,6000
7345,P04,1,9000
7346,P03,1,8500
7346,P07,1,6000
7347,P05,1,7500
7347,P04,1,9000
7348,P07,3,6000
7348,P01,1,3000
7349,P07,2,6000
7350,P01,1,3000
7350,P03,1,8500
7351,P08,1,8000
7351,P05,1,7500
7352,P06,1,11000
7352,P07,1,6000
7353,P07,1,6000
7354,P05,1,7500
7355,P07,1,6000
7355,P05,2,7500
7356,P04,1,9000
7356,P08,1,8000
7357,P01,1,3000
7357,P05,1,7500
7358,P01,1,3000
7359,P03,1,8500
7360,P08,1,8000
7361,P07,1,6000
7361,P01,1,3000
7362,P02,1,5000
7362,P03,1,8500
7363,P03,1,8500
7364,P04,1,9000
7365,P01,1,3000
7365,P04,3,9000
7366,P04,1,9000
7367,P04,1,9000
7368,P02,1,5000
7368,P05,2,7500
7368,P01,1,3000
7369,P05,1,7500
7369,P03,1,8500
7370,P03,2,8500
7370,P01,3,3000
7371,P01,1,3000
7372,P07,1,6000
7372,P03,1,8500
7373,P08,1,8000
7374,P05,1,7500
7375,P01,1,3000
7376,P08,2,8000
7377,P01,1,3000
7378,P05,1,7500
7378,P01,3,3000
7379,P03,1,8500
7380,P02,1,5000
7381,P06,1,11000
7382,P02,1,5000
7383,P07,1,6000
7383,P03,1,8500
7384,P08,1,8000
7385,P07,1,6000
7386,P06,1,11000
7386,P04,1,9000
7387,P05,1,7500
7388,P02,3,5000
7389,P04,1,9000
7390,P05,2,7500
7390,P07,1,6000
7390,P08,1,8000
7391,P02,1,5000
7391,P01,2,3000
7392,P02,1,5000
7393,P07,1,6000
7393,P04,1,9000
7394,P03,1,8500
7394,P01,1,3000
7395,P03,1,8500
7396,P04,2,9000
7397,P01,1,3000
7397,P03,1,8500
7398,P03,1,8500
7398,P07,1,6000
7399,P07,1,6000
7400,P05,1,7500
7401,P03,1,8500
7401,P04,1,9000
7402,P03,1,8500
7403,P01,1,3000
7403,P05,1,7500
7404,P01,3,3000
7405,P05,1,7500
7405,P07,1,6000
7406,P07,1,6000
7406,P04,1,9000
7407,P07,1,6000
7407,P05,1,7500
7408,P05,1,7500
7409,P07,1,6000
7409,P01,2,3000
7410,P08,1,8000
7410,P01,1,3000
7411,P01,1,3000
7411,P06,3,11000
7411,P02,2,5000
7412,P03,1,8500
7413,P07,1,6000
7414,P02,1,5000
7414,P04,2,9000
7414,P03,1,8500
7415,P05,1,7500
7415,P02,1,5000
7416,P04,1,9000
7417,P05,1,7500
7417,P03,1,8500
7418,P04,1,9000
7418,P08,1,8000
7419,P03,1,8500
7419,P04,1,9000
7420,P03,1,8500
7421,P05,1,7500
7422,P04,1,9000
7423,P04,1,9000
7424,P08,1,8000
7425,P08,1,8000
7426,P04,3,9000
7427,P02,2,5000
7427,P04,1,9000
7427,P03,3,8500
7428,P07,1,6000
7429,P04,2,9000
7430,P06,1,11000
7431,P01,1,3000
7431,P02,1,5000
7431,P08,1,8000
7432,P04,1,9000
7433,P03,1,8500
7433,P02,1,5000
7433,P07,1,6000
7434,P01,1,3000
7434,P03,1,8500
7435,P05,1,7500
7436,P05,1,7500
7436,P02,1,5000
7437,P03,1,8500
7438,P02,2,5000
7438,P01,1,3000
7439,P01,1,3000
7440,P03,2,8500
7440,P01,1,3000
7441,P04,1,9000
7441,P06,2,11000
7442,P04,1,9000
7442,P02,1,5000
7443,P08,1,8000
7443,P03,2,8500
7444,P05,1,7500
7444,P02,3,5000
7445,P04,1,9000
7445,P02,1,5000
7446,P01,1,3000
7447,P03,1,8500
7448,P01,1,3000
7449,P05,3,7500
7449,P03,2,8500
7450,P04,2,9000
7451,P03,1,8500
7451,P01,1,3000
7452,P07,1,6000
7452,P01,1,3000
7453,P03,1,8500
7454,P04,2,9000
7455,P07,1,6000
7456,P07,1,6000
7456,P04,1,9000
7457,P03,1,8500
7458,P01,1,3000
7458,P05,1,7500
7459,P04,1,9000
7460,P04,1,9000
7461,P01,1,3000
7462,P04,1,9000
7463,P03,2,8500
7464,P03,1,8500
7465,P08,1,8000
7466,P02,1,5000
7467,P03,1,8500
7467,P01,1,3000
7468,P06,1,11000
7468,P03,1,8500
7469,P01,1,3000
7470,P08,2,8000
7471,P05,1,7500
7472,P01,1,3000
7473,P07,1,6000
7473,P04,2,9000
7473,P01,1,3000
7474,P04,1,9000
7474,P02,1,5000
7475,P06,1,11000
7475,P05,1,7500
7475,P07,1,6000
7476,P01,1,3000
7476,P04,1,9000
7476,P02,1,5000
7477,P08,1,8000
7478,P02,1,5000
7479,P01,2,3000
7480,P01,2,3000
7480,P03,1,8500
7481,P07,2,6000
7482,P07,3,6000
7483,P05,1,7500
7484,P03,1,8500
7484,P05,1,7500
7485,P07,1,6000
7485,P04,1,9000
7486,P01,1,3000
7487,P01,2,3000
7488,P05,1,7500
7489,P01,2,3000
7489,P02,1,5000
7490,P07,2,6000
7491,P02,1,5000
7491,P01,2,3000
7492,P03,1,8500
7493,P01,1,3000
7494,P04,1,9000
7495,P04,1,9000
7496,P06,1,11000
7496,P07,1,6000
7497,P01,1,3000
7498,P03,1,8500
7498,P04,2,9000
7499,P02,1,5000
7500,P05,3,7500
7500,P01,1,3000
7501,P07,2,6000
7502,P04,1,9000
7503,P07,2,6000
7503,P02,1,5000
7504,P03,2,8500
7505,P05,1,7500
7506,P03,1,8500
7506,P02,1,5000
7507,P07,1,6000
7507,P04,1,9000
7507,P05,1,7500
7508,P07,1,6000
7509,P01,1,3000
7509,P06,1,11000
7510,P06,1,11000
7510,P01,1,3000
7510,P04,1,9000
7511,P03,1,8500
7512,P07,1,6000
7513,P05,1,7500
7514,P01,1,3000
7515,P03,1,8500
7515,P07,1,6000
7516,P04,1,9000
7516,P07,1,6000
7516,P08,1,8000
7517,P01,1,3000
7518,P01,1,3000
7519,P03,1,8500
7519,P07,1,6000
7520,P04,2,9000
7520,P02,3,5000
7521,P08,1,8000
7521,P04,1,9000
7522,P05,1,7500
7522,P03,1,8500
7522,P02,1,5000
7523,P01,1,3000
7523,P07,1,6000
7524,P03,3,8500
7525,P03,1,8500
7525,P01,1,3000
7525,P02,1,5000
7526,P02,1,5000
7526,P01,1,3000
7526,P04,1,9000
7527,P03,1,8500
7528,P07,1,6000
7529,P04,1,9000
7529,P02,1,5000
7530,P03,1,8500
7530,P08,2,8000
7531,P07,1,6000
7532,P02,1,5000
7533,P03,1,8500
7534,P02,1,5000
7535,P03,1,8500
7536,P07,1,6000
7536,P08,1,8000
7537,P08,1,8000
7538,P04,1,9000
7539,P07,1,6000
7540,P01,1,3000
7540,P04,1,9000
7541,P03,1,8500
7542,P08,1,8000
7543,P02,1,5000
7543,P08,1,8000
7544,P07,2,6000
7544,P03,1,8500
7545,P04,1,9000
7545,P07,1,6000
7546,P07,2,6000
7546,P01,1,3000
7546,P03,3,8500
7547,P01,1,3000
7548,P03,3,8500
7548,P05,1,7500
7549,P08,1,8000
7549,P01,2,3000
7550,P02,2,5000
7551,P07,2,6000
7552,P07,1,6000
7553,P06,1,11000
7554,P03,1,8500
7555,P07,1,6000
7556,P07,1,6000
7556,P04,1,9000
7557,P03,1,8500
7558,P07,1,6000
7558,P04,1,9000
7559,P03,3,8500
7559,P07,1,6000
7560,P04,3,9000
7560,P03,1,8500
7561,P05,1,7500
7562,P08,2,8000
7563,P04,1,9000
7563,P08,1,8000
7564,P03,2,8500
7564,P08,1,8000
7565,P03,1,8500
7566,P06,1,11000
7566,P01,1,3000
7567,P04,1,9000
7568,P03,1,8500
7569,P07,1,6000
7569,P06,1,11000
7569,P03,2,8500
7570,P05,1,7500
7571,P06,2,11000
7571,P07,1,6000
7571,P03,3,8500
7572,P01,1,3000
7573,P01,1,3000
7573,P03,1,8500
7574,P04,1,9000
7574,P07,1,6000
7575,P07,1,6000
7575,P03,1,8500
7575,P01,1,3000
7576,P07,1,6000
7576,P08,1,8000
7577,P01,2,3000
7577,P03,1,8500
7578,P06,2,11000
7578,P02,1,5000
7579,P04,1,9000
7580,P06,1,11000
7581,P07,1,6000
7582,P03,1,8500
7583,P07,2,6000
7584,P01,2,3000
7585,P07,1,6000
7586,P03,1,8500
7586,P07,1,6000
7587,P07,3,6000
7587,P04,1,9000
7588,P03,1,8500
7589,P07,1,6000
7589,P04,2,9000
7590,P04,1,9000
7590,P07,1,6000
7591,P01,2,3000
7591,P04,1,9000
7591,P05,1,7500
7592,P03,1,8500
7592,P05,1,7500
7593,P01,1,3000
7594,P08,1,8000
7594,P05,1,7500
7595,P06,1,11000
7595,P05,1,7500
7596,P04,1,9000
7596,P01,1,3000
7596,P07,1,6000
7597,P01,1,3000
7598,P07,1,6000
7599,P01,2,3000
7600,P05,1,7500
7600,P04,1,9000
7601,P03,1,8500
7602,P02,1,5000
7602,P01,1,3000
7603,P01,1,3000
7604,P01,1,3000
7605,P08,1,8000
7605,P02,2,5000
7606,P07,1,6000
7606,P04,1,9000
7607,P04,1,9000
7607,P02,1,5000
7607,P01,1,3000
7608,P07,1,6000
7608,P01,1,3000
7608,P02,1,5000
7609,P03,1,8500
7610,P01,1,3000
7610,P02,1,5000
7611,P03,1,8500
7611,P06,2,11000
7612,P04,1,9000
7613,P07,1,6000
7613,P01,1,3000
7613,P03,1,8500
7614,P07,1,6000
7614,P01,3,3000
7615,P03,1,8500
7616,P03,1,8500
7616,P07,1,6000
7617,P01,1,3000
7618,P07,1,6000
7619,P03,1,8500
7619,P01,1,3000
7620,P05,1,7500
7621,P03,1,8500
7621,P07,1,6000
7622,P06,3,11000
7622,P01,1,3000
7623,P03,2,8500
7624,P01,1,3000
7625,P08,1,8000
7625,P06,1,11000
7626,P01,1,3000
7627,P02,1,5000
7628,P02,1,5000
7628,P01,2,3000
7629,P07,1,6000
7630,P02,1,5000
7631,P02,1,5000
7632,P06,1,11000
7633,P01,1,3000
7633,P03,1,8500
7633,P07,1,6000
7634,P01,1,3000
7635,P01,2,3000
7635,P07,1,6000
7636,P02,1,5000
7636,P03,1,8500
7637,P08,1,8000
7638,P05,1,7500
7638,P03,1,8500
7639,P02,2,5000
7639,P01,1,3000
7640,P07,1,6000
7641,P03,1,8500
7642,P03,2,8500
7642,P02,1,5000
7643,P01,1,3000
7644,P07,1,6000
7645,P04,2,9000
7646,P03,1,8500
7646,P04,1,9000
7647,P04,1,9000
7648,P02,1,5000
7648,P01,1,3000
7649,P04,1,9000
7650,P06,1,11000
7650,P05,1,7500
7651,P07,1,6000
7651,P04,1,9000
7652,P06,1,11000
7653,P02,1,5000
7653,P04,1,9000
7654,P03,2,8500
7655,P02,1,5000
7656,P07,1,6000
7656,P04,1,9000
7656,P02,1,5000
7657,P05,1,7500
7658,P03,3,8500
7658,P04,1,9000
7659,P01,2,3000
7659,P06,1,11000
7659,P04,1,9000
7660,P01,1,3000
7661,P03,1,8500
7661,P06,2,11000
7661,P02,3,5000
7662,P01,1,3000
7662,P07,1,6000
7663,P07,1,6000
7664,P04,1,9000
7665,P05,1,7500
7665,P04,2,9000
7665,P08,1,8000
7666,P03,1,8500
7667,P07,2,6000
7667,P05,1,7500
7668,P08,1,8000
7669,P03,1,8500
7669,P08,3,8000
7670,P07,2,6000
7671,P02,1,5000
7671,P06,1,11000
7672,P07,1,6000
7672,P08,1,8000
7672,P02,1,5000
7673,P04,1,9000
7674,P02,1,5000
7675,P02,1,5000
7675,P01,2,3000
7676,P04,2,9000
7676,P03,2,8500
