id_venta,fecha,hora,id_punto,id_cliente,canal,medio_pago
1,2026-08-03,09:58,1,,Mostrador,Nequi
2,2026-08-03,18:18,1,C061,Mostrador,Tarjeta
3,2026-08-03,08:55,1,,Mostrador,Tarjeta
4,2026-08-03,15:04,1,,Mostrador,Efectivo
5,2026-08-03,09:09,1,,Mostrador,Tarjeta
6,2026-08-03,17:07,1,C069,Mostrador,Efectivo
7,2026-08-03,13:45,1,,Mostrador,Nequi
8,2026-08-03,09:03,1,,Mostrador,Tarjeta
9,2026-08-03,18:08,1,,Domicilio,Tarjeta
10,2026-08-03,10:53,1,,Mostrador,Nequi
11,2026-08-03,07:38,1,C179,Domicilio,Nequi
12,2026-08-03,08:00,1,,Mostrador,Tarjeta
13,2026-08-03,09:08,1,,Mostrador,Efectivo
14,2026-08-03,16:39,1,C017,Mostrador,Nequi
15,2026-08-03,12:43,1,,Mostrador,Nequi
16,2026-08-03,11:12,1,C238,Mostrador,Nequi
17,2026-08-03,11:55,1,,Mostrador,Nequi
18,2026-08-03,06:17,1,C176,Mostrador,Tarjeta
19,2026-08-03,07:54,1,C224,Mostrador,Tarjeta
20,2026-08-03,14:10,1,C210,Mostrador,Nequi
21,2026-08-03,10:33,1,C092,Domicilio,Efectivo
22,2026-08-03,18:35,1,,Mostrador,Tarjeta
23,2026-08-03,11:05,1,C180,Domicilio,Efectivo
24,2026-08-03,09:44,1,,Mostrador,Nequi
25,2026-08-03,15:10,1,C025,Domicilio,Nequi
26,2026-08-03,10:17,1,C138,Mostrador,Nequi
27,2026-08-03,19:31,1,C297,Mostrador,Efectivo
28,2026-08-03,17:20,1,,Mostrador,Nequi
29,2026-08-03,15:18,1,C043,Domicilio,Nequi
30,2026-08-03,10:35,1,,Mostrador,Nequi
31,2026-08-03,07:13,1,C110,Mostrador,Tarjeta
32,2026-08-03,09:53,1,,Mostrador,Nequi
33,2026-08-03,09:31,1,,Mostrador,Tarjeta
34,2026-08-03,07:25,1,C123,Mostrador,Nequi
35,2026-08-03,19:01,1,,Mostrador,Tarjeta
36,2026-08-03,15:38,1,C215,Mostrador,Efectivo
37,2026-08-03,08:26,1,,Mostrador,Nequi
38,2026-08-03,09:10,1,,Mostrador,Efectivo
39,2026-08-03,15:07,1,,Mostrador,Efectivo
40,2026-08-03,12:01,1,C046,Mostrador,Tarjeta
41,2026-08-03,11:19,1,C005,Mostrador,Efectivo
42,2026-08-03,11:42,1,C137,Domicilio,Efectivo
43,2026-08-03,08:52,1,C077,Mostrador,Tarjeta
44,2026-08-03,13:06,1,,Mostrador,Efectivo
45,2026-08-03,08:56,1,,Mostrador,Efectivo
46,2026-08-03,15:22,1,,Mostrador,Tarjeta
47,2026-08-03,13:54,1,C017,Domicilio,Nequi
48,2026-08-03,16:16,1,,Mostrador,Nequi
49,2026-08-03,09:00,1,C085,Mostrador,Efectivo
50,2026-08-03,10:19,1,C103,Mostrador,Efectivo
51,2026-08-03,11:35,1,,Mostrador,Nequi
52,2026-08-03,07:57,1,C296,Domicilio,Tarjeta
53,2026-08-03,07:25,1,,Mostrador,Nequi
54,2026-08-03,08:02,1,,Mostrador,Tarjeta
55,2026-08-03,07:03,1,,Mostrador,Tarjeta
56,2026-08-03,18:20,1,C083,Mostrador,Tarjeta
57,2026-08-03,19:50,1,,Mostrador,Efectivo
58,2026-08-03,10:49,1,,Mostrador,Efectivo
59,2026-08-03,16:18,1,C007,Mostrador,Efectivo
60,2026-08-03,12:34,1,C140,Mostrador,Nequi
61,2026-08-03,18:17,1,C259,Mostrador,Efectivo
62,2026-08-03,09:25,1,,Domicilio,Nequi
63,2026-08-03,18:02,1,,Mostrador,Nequi
64,2026-08-03,08:20,1,C150,Mostrador,Efectivo
65,2026-08-03,16:53,2,C279,Domicilio,Efectivo
66,2026-08-03,10:52,2,,Mostrador,Efectivo
67,2026-08-03,07:03,2,,Mostrador,Efectivo
68,2026-08-03,06:59,2,,Mostrador,Efectivo
69,2026-08-03,09:45,2,,Mostrador,Tarjeta
70,2026-08-03,09:53,2,C248,Mostrador,Tarjeta
71,2026-08-03,09:15,2,C141,Mostrador,Efectivo
72,2026-08-03,19:24,2,,Mostrador,Nequi
73,2026-08-03,09:42,2,C196,Mostrador,Efectivo
74,2026-08-03,09:57,2,C037,Mostrador,Efectivo
75,2026-08-03,08:11,2,C190,Mostrador,Tarjeta
76,2026-08-03,09:37,2,,Mostrador,Tarjeta
77,2026-08-03,20:31,2,,Mostrador,Efectivo
78,2026-08-03,17:11,2,C074,Mostrador,Efectivo
79,2026-08-03,10:37,2,,Domicilio,Tarjeta
80,2026-08-03,08:01,2,,Domicilio,Efectivo
81,2026-08-03,08:34,2,,Mostrador,Nequi
82,2026-08-03,10:59,2,C057,Domicilio,Nequi
83,2026-08-03,07:20,2,C272,Mostrador,Tarjeta
84,2026-08-03,07:27,2,,Mostrador,Nequi
85,2026-08-03,15:35,2,C181,Mostrador,Tarjeta
86,2026-08-03,13:34,2,C202,Domicilio,Efectivo
87,2026-08-03,10:44,2,,Domicilio,Tarjeta
88,2026-08-03,16:06,2,C198,Mostrador,Efectivo
89,2026-08-03,08:38,2,,Mostrador,Nequi
90,2026-08-03,06:25,2,,Domicilio,Efectivo
91,2026-08-03,07:38,2,,Mostrador,Tarjeta
92,2026-08-03,08:34,2,,Domicilio,Nequi
93,2026-08-03,09:47,2,,Mostrador,Nequi
94,2026-08-03,20:51,2,,Mostrador,Tarjeta
95,2026-08-03,08:22,2,,Mostrador,Nequi
96,2026-08-03,20:56,2,,Mostrador,Tarjeta
97,2026-08-03,06:51,2,C177,Mostrador,Efectivo
98,2026-08-03,11:29,2,,Domicilio,Tarjeta
99,2026-08-03,10:11,2,C206,Mostrador,Tarjeta
100,2026-08-03,15:42,2,C040,Domicilio,Tarjeta
101,2026-08-03,08:03,2,C101,Mostrador,Tarjeta
102,2026-08-03,20:57,2,,Mostrador,Efectivo
103,2026-08-03,18:55,2,C147,Mostrador,Tarjeta
104,2026-08-03,08:33,2,C015,Mostrador,Nequi
105,2026-08-03,10:07,2,,Mostrador,Nequi
106,2026-08-03,07:46,2,,Mostrador,Efectivo
107,2026-08-03,09:04,2,C133,Mostrador,Tarjeta
108,2026-08-04,12:19,1,,Domicilio,Tarjeta
109,2026-08-04,13:19,1,C126,Mostrador,Efectivo
110,2026-08-04,08:45,1,C159,Mostrador,Nequi
111,2026-08-04,14:54,1,,Domicilio,Nequi
112,2026-08-04,08:50,1,,Domicilio,Tarjeta
113,2026-08-04,19:18,1,C216,Mostrador,Nequi
114,2026-08-04,20:59,1,C116,Domicilio,Nequi
115,2026-08-04,12:14,1,,Mostrador,Efectivo
116,2026-08-04,20:31,1,,Mostrador,Nequi
117,2026-08-04,16:11,1,C228,Domicilio,Nequi
118,2026-08-04,15:17,1,,Mostrador,Nequi
119,2026-08-04,14:40,1,,Domicilio,Nequi
120,2026-08-04,12:01,1,C267,Mostrador,Efectivo
121,2026-08-04,09:21,1,,Domicilio,Tarjeta
122,2026-08-04,12:02,1,C206,Mostrador,Efectivo
123,2026-08-04,08:03,1,C255,Mostrador,Nequi
124,2026-08-04,08:11,1,,Mostrador,Tarjeta
125,2026-08-04,11:52,1,,Mostrador,Efectivo
126,2026-08-04,12:03,1,C037,Mostrador,Tarjeta
127,2026-08-04,18:07,1,,Mostrador,Tarjeta
128,2026-08-04,07:46,1,,Mostrador,Efectivo
129,2026-08-04,16:54,1,,Mostrador,Efectivo
130,2026-08-04,20:27,1,,Mostrador,Tarjeta
131,2026-08-04,11:43,1,,Domicilio,Efectivo
132,2026-08-04,09:08,1,C033,Mostrador,Efectivo
133,2026-08-04,18:18,1,,Mostrador,Nequi
134,2026-08-04,13:42,1,C253,Domicilio,Efectivo
135,2026-08-04,08:18,1,,Domicilio,Tarjeta
136,2026-08-04,12:44,1,C099,Mostrador,Nequi
137,2026-08-04,06:44,1,,Mostrador,Nequi
138,2026-08-04,07:07,1,C239,Mostrador,Tarjeta
139,2026-08-04,08:10,1,C153,Domicilio,Efectivo
140,2026-08-04,07:03,1,,Domicilio,Efectivo
141,2026-08-04,07:54,1,C299,Domicilio,Efectivo
142,2026-08-04,13:05,1,,Domicilio,Nequi
143,2026-08-04,07:18,1,C127,Domicilio,Tarjeta
144,2026-08-04,15:42,1,,Domicilio,Tarjeta
145,2026-08-04,12:52,1,C290,Mostrador,Efectivo
146,2026-08-04,06:59,1,,Mostrador,Nequi
147,2026-08-04,18:29,1,C129,Domicilio,Tarjeta
148,2026-08-04,15:14,1,,Domicilio,Efectivo
149,2026-08-04,08:51,1,,Domicilio,Tarjeta
150,2026-08-04,19:40,1,C300,Mostrador,Tarjeta
151,2026-08-04,10:29,1,C171,Domicilio,Nequi
152,2026-08-04,17:41,1,,Mostrador,Tarjeta
153,2026-08-04,07:54,1,,Mostrador,Efectivo
154,2026-08-04,06:28,1,,Mostrador,Nequi
155,2026-08-04,18:29,1,C171,Domicilio,Nequi
156,2026-08-04,17:03,1,C198,Mostrador,Efectivo
157,2026-08-04,16:45,1,C128,Mostrador,Nequi
158,2026-08-04,09:50,1,,Mostrador,Tarjeta
159,2026-08-04,08:04,1,,Mostrador,Tarjeta
160,2026-08-04,09:30,1,,Mostrador,Nequi
161,2026-08-04,10:31,1,,Mostrador,Efectivo
162,2026-08-04,07:24,1,,Mostrador,Nequi
163,2026-08-04,08:09,1,,Mostrador,Nequi
164,2026-08-04,10:06,1,,Domicilio,Tarjeta
165,2026-08-04,16:34,1,C158,Mostrador,Tarjeta
166,2026-08-04,14:55,1,C008,Mostrador,Nequi
167,2026-08-04,09:52,1,C195,Domicilio,Nequi
168,2026-08-04,16:45,1,,Mostrador,Efectivo
169,2026-08-04,07:21,1,C157,Domicilio,Efectivo
170,2026-08-04,10:58,1,,Mostrador,Efectivo
171,2026-08-04,08:28,1,,Domicilio,Tarjeta
172,2026-08-04,18:11,1,C138,Mostrador,Tarjeta
173,2026-08-04,14:28,1,C030,Domicilio,Tarjeta
174,2026-08-04,08:34,1,,Mostrador,Tarjeta
175,2026-08-04,16:03,1,,Mostrador,Nequi
176,2026-08-04,08:42,2,C240,Domicilio,Nequi
177,2026-08-04,09:00,2,C051,Domicilio,Tarjeta
178,2026-08-04,09:43,2,,Mostrador,Efectivo
179,2026-08-04,09:02,2,C047,Mostrador,Tarjeta
180,2026-08-04,08:04,2,,Mostrador,Tarjeta
181,2026-08-04,14:40,2,,Mostrador,Nequi
182,2026-08-04,09:14,2,C052,Mostrador,Efectivo
183,2026-08-04,09:33,2,,Mostrador,Efectivo
184,2026-08-04,10:44,2,C156,Domicilio,Efectivo
185,2026-08-04,18:38,2,,Mostrador,Tarjeta
186,2026-08-04,08:16,2,,Mostrador,Nequi
187,2026-08-04,10:24,2,,Mostrador,Tarjeta
188,2026-08-04,09:21,2,C068,Mostrador,Efectivo
189,2026-08-04,12:19,2,C096,Mostrador,Efectivo
190,2026-08-04,17:16,2,,Mostrador,Nequi
191,2026-08-04,17:32,2,,Mostrador,Nequi
192,2026-08-04,07:57,2,,Domicilio,Tarjeta
193,2026-08-04,08:30,2,C138,Domicilio,Nequi
194,2026-08-04,07:48,2,,Mostrador,Nequi
195,2026-08-04,08:50,2,,Mostrador,Efectivo
196,2026-08-04,09:09,2,,Mostrador,Tarjeta
197,2026-08-04,13:16,2,,Mostrador,Nequi
198,2026-08-04,10:01,2,,Domicilio,Efectivo
199,2026-08-04,18:18,2,,Domicilio,Efectivo
200,2026-08-04,15:14,2,,Mostrador,Efectivo
201,2026-08-04,10:49,2,,Domicilio,Tarjeta
202,2026-08-04,09:19,2,C051,Mostrador,Nequi
203,2026-08-04,12:31,2,,Mostrador,Nequi
204,2026-08-04,07:33,2,C094,Domicilio,Nequi
205,2026-08-04,09:22,2,,Mostrador,Tarjeta
206,2026-08-04,10:49,2,,Domicilio,Efectivo
207,2026-08-04,09:56,2,,Mostrador,Tarjeta
208,2026-08-04,17:58,2,C297,Mostrador,Nequi
209,2026-08-04,13:26,2,,Domicilio,Efectivo
210,2026-08-04,10:19,2,C146,Mostrador,Nequi
211,2026-08-04,10:18,2,C187,Domicilio,Tarjeta
212,2026-08-04,16:12,2,,Domicilio,Efectivo
213,2026-08-04,10:56,2,,Mostrador,Efectivo
214,2026-08-04,08:10,2,C245,Domicilio,Nequi
215,2026-08-04,09:43,2,C047,Mostrador,Nequi
216,2026-08-04,12:51,2,,Domicilio,Nequi
217,2026-08-04,10:24,2,,Domicilio,Efectivo
218,2026-08-04,08:14,2,C299,Mostrador,Tarjeta
219,2026-08-04,10:16,2,,Domicilio,Efectivo
220,2026-08-04,08:18,2,,Mostrador,Nequi
221,2026-08-04,15:12,2,,Mostrador,Nequi
222,2026-08-04,10:54,2,,Mostrador,Tarjeta
223,2026-08-04,13:45,2,C069,Mostrador,Tarjeta
224,2026-08-05,06:06,1,,Mostrador,Tarjeta
225,2026-08-05,11:38,1,,Mostrador,Efectivo
226,2026-08-05,07:18,1,C070,Mostrador,Tarjeta
227,2026-08-05,09:30,1,,Mostrador,Tarjeta
228,2026-08-05,07:40,1,,Mostrador,Efectivo
229,2026-08-05,17:18,1,,Mostrador,Nequi
230,2026-08-05,13:00,1,,Mostrador,Efectivo
231,2026-08-05,09:10,1,,Mostrador,Efectivo
232,2026-08-05,15:12,1,,Mostrador,Tarjeta
233,2026-08-05,08:04,1,,Mostrador,Tarjeta
234,2026-08-05,07:00,1,C219,Mostrador,Nequi
235,2026-08-05,08:31,1,,Mostrador,Nequi
236,2026-08-05,11:35,1,C118,Mostrador,Efectivo
237,2026-08-05,10:25,1,C093,Mostrador,Efectivo
238,2026-08-05,11:17,1,C172,Mostrador,Nequi
239,2026-08-05,07:10,1,,Mostrador,Efectivo
240,2026-08-05,10:58,1,C182,Mostrador,Efectivo
241,2026-08-05,10:04,1,,Mostrador,Tarjeta
242,2026-08-05,18:06,1,,Mostrador,Efectivo
243,2026-08-05,11:14,1,C160,Mostrador,Efectivo
244,2026-08-05,08:34,1,,Mostrador,Tarjeta
245,2026-08-05,08:38,1,C066,Mostrador,Tarjeta
246,2026-08-05,16:32,1,,Mostrador,Nequi
247,2026-08-05,09:53,1,,Mostrador,Efectivo
248,2026-08-05,13:48,1,C216,Mostrador,Nequi
249,2026-08-05,14:18,1,C298,Mostrador,Efectivo
250,2026-08-05,13:33,1,,Mostrador,Tarjeta
251,2026-08-05,08:26,1,,Mostrador,Tarjeta
252,2026-08-05,12:59,1,C095,Domicilio,Tarjeta
253,2026-08-05,13:43,1,C070,Mostrador,Efectivo
254,2026-08-05,12:25,1,,Mostrador,Nequi
255,2026-08-05,11:27,1,,Mostrador,Efectivo
256,2026-08-05,12:32,1,C259,Domicilio,Efectivo
257,2026-08-05,17:24,1,,Mostrador,Nequi
258,2026-08-05,07:11,1,,Mostrador,Nequi
259,2026-08-05,17:45,1,C150,Mostrador,Efectivo
260,2026-08-05,10:23,1,,Mostrador,Efectivo
261,2026-08-05,10:17,1,,Mostrador,Nequi
262,2026-08-05,16:24,1,C251,Mostrador,Tarjeta
263,2026-08-05,07:15,1,C036,Mostrador,Tarjeta
264,2026-08-05,09:58,1,C110,Mostrador,Tarjeta
265,2026-08-05,15:11,1,,Mostrador,Tarjeta
266,2026-08-05,09:37,1,,Mostrador,Nequi
267,2026-08-05,17:13,1,,Mostrador,Efectivo
268,2026-08-05,07:29,1,,Domicilio,Efectivo
269,2026-08-05,08:22,1,,Domicilio,Nequi
270,2026-08-05,08:30,1,C212,Domicilio,Tarjeta
271,2026-08-05,08:49,1,C124,Mostrador,Efectivo
272,2026-08-05,09:45,1,,Domicilio,Nequi
273,2026-08-05,11:52,1,,Mostrador,Nequi
274,2026-08-05,10:44,1,C093,Domicilio,Tarjeta
275,2026-08-05,15:55,1,C066,Mostrador,Tarjeta
276,2026-08-05,08:05,1,,Mostrador,Nequi
277,2026-08-05,08:00,1,,Domicilio,Tarjeta
278,2026-08-05,16:01,1,,Mostrador,Efectivo
279,2026-08-05,16:00,1,C149,Mostrador,Efectivo
280,2026-08-05,15:20,2,,Mostrador,Efectivo
281,2026-08-05,10:40,2,,Mostrador,Efectivo
282,2026-08-05,08:05,2,,Mostrador,Tarjeta
283,2026-08-05,10:08,2,C088,Mostrador,Nequi
284,2026-08-05,17:18,2,,Domicilio,Nequi
285,2026-08-05,12:08,2,,Mostrador,Tarjeta
286,2026-08-05,08:02,2,C254,Mostrador,Nequi
287,2026-08-05,09:59,2,,Mostrador,Tarjeta
288,2026-08-05,14:54,2,,Mostrador,Efectivo
289,2026-08-05,08:42,2,,Mostrador,Tarjeta
290,2026-08-05,16:25,2,,Mostrador,Efectivo
291,2026-08-05,10:30,2,C093,Mostrador,Nequi
292,2026-08-05,10:38,2,C079,Mostrador,Tarjeta
293,2026-08-05,07:15,2,,Mostrador,Tarjeta
294,2026-08-05,15:30,2,,Mostrador,Nequi
295,2026-08-05,15:49,2,C068,Mostrador,Tarjeta
296,2026-08-05,13:52,2,C292,Mostrador,Nequi
297,2026-08-05,17:06,2,,Mostrador,Efectivo
298,2026-08-05,09:31,2,,Mostrador,Nequi
299,2026-08-05,11:30,2,,Mostrador,Tarjeta
300,2026-08-05,07:26,2,C080,Mostrador,Nequi
301,2026-08-05,11:14,2,,Mostrador,Nequi
302,2026-08-05,07:44,2,,Domicilio,Tarjeta
303,2026-08-05,10:12,2,,Mostrador,Efectivo
304,2026-08-05,14:55,2,,Mostrador,Tarjeta
305,2026-08-05,16:35,2,C192,Mostrador,Nequi
306,2026-08-05,09:34,2,,Mostrador,Tarjeta
307,2026-08-05,19:23,2,C261,Mostrador,Nequi
308,2026-08-05,18:32,2,,Mostrador,Efectivo
309,2026-08-05,10:11,2,,Domicilio,Efectivo
310,2026-08-05,10:14,2,,Mostrador,Tarjeta
311,2026-08-05,14:56,2,C239,Mostrador,Tarjeta
312,2026-08-05,10:07,2,C185,Mostrador,Efectivo
313,2026-08-05,07:52,2,,Mostrador,Efectivo
314,2026-08-05,13:33,2,C281,Domicilio,Nequi
315,2026-08-05,09:23,2,,Mostrador,Efectivo
316,2026-08-05,07:47,2,,Mostrador,Tarjeta
317,2026-08-05,13:10,2,,Mostrador,Efectivo
318,2026-08-05,07:50,2,,Domicilio,Efectivo
319,2026-08-05,08:08,2,C055,Mostrador,Tarjeta
320,2026-08-05,09:37,2,,Mostrador,Nequi
321,2026-08-05,15:42,2,,Mostrador,Tarjeta
322,2026-08-05,09:17,2,C159,Mostrador,Nequi
323,2026-08-05,15:06,2,,Mostrador,Tarjeta
324,2026-08-05,20:13,2,,Domicilio,Tarjeta
325,2026-08-05,09:54,2,,Domicilio,Nequi
326,2026-08-05,07:03,2,,Mostrador,Efectivo
327,2026-08-05,15:39,2,C143,Domicilio,Tarjeta
328,2026-08-05,10:14,2,,Mostrador,Nequi
329,2026-08-05,09:08,2,,Domicilio,Tarjeta
330,2026-08-05,12:14,2,,Mostrador,Efectivo
331,2026-08-05,20:00,2,,Mostrador,Nequi
332,2026-08-06,08:43,1,,Mostrador,Tarjeta
333,2026-08-06,11:23,1,,Mostrador,Nequi
334,2026-08-06,16:35,1,,Mostrador,Tarjeta
335,2026-08-06,08:48,1,,Mostrador,Tarjeta
336,2026-08-06,13:14,1,C250,Domicilio,Nequi
337,2026-08-06,09:35,1,,Mostrador,Efectivo
338,2026-08-06,17:25,1,C207,Domicilio,Efectivo
339,2026-08-06,13:09,1,,Mostrador,Efectivo
340,2026-08-06,07:51,1,,Domicilio,Nequi
341,2026-08-06,14:11,1,,Mostrador,Efectivo
342,2026-08-06,09:21,1,C177,Mostrador,Tarjeta
343,2026-08-06,19:52,1,,Mostrador,Nequi
344,2026-08-06,12:57,1,,Domicilio,Efectivo
345,2026-08-06,13:54,1,,Mostrador,Tarjeta
346,2026-08-06,09:57,1,,Domicilio,Nequi
347,2026-08-06,17:17,1,,Mostrador,Tarjeta
348,2026-08-06,10:28,1,C191,Mostrador,Efectivo
349,2026-08-06,09:09,1,C019,Mostrador,Nequi
350,2026-08-06,09:50,1,C240,Mostrador,Efectivo
351,2026-08-06,08:37,1,C191,Mostrador,Efectivo
352,2026-08-06,11:40,1,C066,Mostrador,Tarjeta
353,2026-08-06,16:10,1,,Mostrador,Nequi
354,2026-08-06,09:31,1,C101,Domicilio,Efectivo
355,2026-08-06,07:21,1,C100,Mostrador,Nequi
356,2026-08-06,15:00,1,,Mostrador,Tarjeta
357,2026-08-06,07:11,1,,Mostrador,Efectivo
358,2026-08-06,17:48,1,,Mostrador,Efectivo
359,2026-08-06,07:03,1,,Mostrador,Efectivo
360,2026-08-06,09:49,1,C095,Domicilio,Efectivo
361,2026-08-06,11:28,1,C110,Mostrador,Tarjeta
362,2026-08-06,16:41,1,,Mostrador,Tarjeta
363,2026-08-06,11:21,1,C008,Mostrador,Efectivo
364,2026-08-06,18:23,1,,Mostrador,Tarjeta
365,2026-08-06,18:08,1,C228,Domicilio,Efectivo
366,2026-08-06,14:29,1,,Mostrador,Nequi
367,2026-08-06,07:49,1,,Mostrador,Efectivo
368,2026-08-06,13:11,1,,Mostrador,Nequi
369,2026-08-06,07:09,1,,Mostrador,Tarjeta
370,2026-08-06,09:43,1,,Mostrador,Efectivo
371,2026-08-06,11:57,1,C035,Mostrador,Tarjeta
372,2026-08-06,18:21,1,,Mostrador,Nequi
373,2026-08-06,15:07,1,C092,Domicilio,Efectivo
374,2026-08-06,12:41,1,C041,Mostrador,Efectivo
375,2026-08-06,07:58,1,C205,Mostrador,Tarjeta
376,2026-08-06,12:55,1,,Mostrador,Efectivo
377,2026-08-06,08:41,1,C146,Mostrador,Efectivo
378,2026-08-06,08:32,1,,Domicilio,Nequi
379,2026-08-06,09:09,1,C093,Mostrador,Tarjeta
380,2026-08-06,15:56,1,C119,Mostrador,Nequi
381,2026-08-06,09:57,1,,Mostrador,Tarjeta
382,2026-08-06,13:57,1,,Mostrador,Tarjeta
383,2026-08-06,16:55,1,,Mostrador,Nequi
384,2026-08-06,11:10,1,C237,Mostrador,Tarjeta
385,2026-08-06,18:22,1,C205,Mostrador,Tarjeta
386,2026-08-06,11:40,1,C206,Mostrador,Tarjeta
387,2026-08-06,07:25,1,,Mostrador,Tarjeta
388,2026-08-06,12:19,1,,Mostrador,Nequi
389,2026-08-06,10:32,1,C123,Mostrador,Efectivo
390,2026-08-06,15:20,1,C103,Mostrador,Efectivo
391,2026-08-06,06:24,1,,Mostrador,Efectivo
392,2026-08-06,12:53,1,C066,Mostrador,Tarjeta
393,2026-08-06,17:05,1,,Mostrador,Efectivo
394,2026-08-06,17:21,1,,Mostrador,Tarjeta
395,2026-08-06,14:55,1,,Mostrador,Efectivo
396,2026-08-06,07:51,1,,Mostrador,Nequi
397,2026-08-06,16:02,1,,Mostrador,Efectivo
398,2026-08-06,06:23,1,C140,Domicilio,Nequi
399,2026-08-06,09:29,1,C020,Mostrador,Nequi
400,2026-08-06,17:49,1,,Mostrador,Nequi
401,2026-08-06,06:13,1,,Mostrador,Nequi
402,2026-08-06,08:54,1,,Mostrador,Nequi
403,2026-08-06,13:27,1,,Mostrador,Tarjeta
404,2026-08-06,07:17,1,C155,Mostrador,Efectivo
405,2026-08-06,06:35,1,C060,Domicilio,Tarjeta
406,2026-08-06,09:34,1,C033,Mostrador,Nequi
407,2026-08-06,14:13,1,,Mostrador,Efectivo
408,2026-08-06,19:38,1,,Domicilio,Efectivo
409,2026-08-06,08:33,1,,Mostrador,Efectivo
410,2026-08-06,10:05,1,,Mostrador,Tarjeta
411,2026-08-06,13:02,1,,Mostrador,Efectivo
412,2026-08-06,09:09,1,,Mostrador,Nequi
413,2026-08-06,16:27,2,,Mostrador,Nequi
414,2026-08-06,16:39,2,,Mostrador,Efectivo
415,2026-08-06,10:49,2,C041,Mostrador,Nequi
416,2026-08-06,07:10,2,C184,Mostrador,Efectivo
417,2026-08-06,07:29,2,,Mostrador,Efectivo
418,2026-08-06,14:24,2,,Domicilio,Nequi
419,2026-08-06,09:26,2,,Mostrador,Nequi
420,2026-08-06,11:14,2,,Mostrador,Efectivo
421,2026-08-06,09:29,2,C186,Mostrador,Nequi
422,2026-08-06,14:29,2,C135,Mostrador,Nequi
423,2026-08-06,07:30,2,C275,Mostrador,Efectivo
424,2026-08-06,17:11,2,C045,Mostrador,Tarjeta
425,2026-08-06,16:47,2,C197,Mostrador,Efectivo
426,2026-08-06,13:37,2,C153,Mostrador,Efectivo
427,2026-08-06,09:39,2,,Mostrador,Efectivo
428,2026-08-06,12:19,2,C185,Mostrador,Tarjeta
429,2026-08-06,09:28,2,,Domicilio,Nequi
430,2026-08-06,17:10,2,,Mostrador,Efectivo
431,2026-08-06,14:22,2,,Mostrador,Efectivo
432,2026-08-06,17:40,2,,Mostrador,Efectivo
433,2026-08-06,15:32,2,C213,Mostrador,Nequi
434,2026-08-06,14:53,2,,Mostrador,Efectivo
435,2026-08-06,07:22,2,C218,Mostrador,Tarjeta
436,2026-08-06,07:56,2,,Mostrador,Tarjeta
437,2026-08-06,14:13,2,C256,Mostrador,Tarjeta
438,2026-08-06,10:38,2,C070,Mostrador,Nequi
439,2026-08-06,18:16,2,C128,Mostrador,Nequi
440,2026-08-06,08:24,2,C297,Mostrador,Nequi
441,2026-08-06,09:19,2,,Mostrador,Nequi
442,2026-08-06,12:18,2,,Mostrador,Tarjeta
443,2026-08-06,17:03,2,,Mostrador,Nequi
444,2026-08-06,10:16,2,,Mostrador,Nequi
445,2026-08-06,07:09,2,,Mostrador,Nequi
446,2026-08-06,08:45,2,,Domicilio,Nequi
447,2026-08-06,20:45,2,,Mostrador,Nequi
448,2026-08-06,11:54,2,,Mostrador,Efectivo
449,2026-08-06,09:06,2,C029,Domicilio,Efectivo
450,2026-08-06,06:01,2,,Domicilio,Efectivo
451,2026-08-06,14:20,2,C205,Mostrador,Tarjeta
452,2026-08-06,17:21,2,,Mostrador,Tarjeta
453,2026-08-06,11:14,2,,Mostrador,Tarjeta
454,2026-08-06,09:06,2,C207,Mostrador,Nequi
455,2026-08-06,09:19,2,,Mostrador,Efectivo
456,2026-08-06,07:03,2,,Domicilio,Efectivo
457,2026-08-06,11:19,2,C156,Mostrador,Efectivo
458,2026-08-06,09:31,2,,Mostrador,Tarjeta
459,2026-08-06,10:49,2,C035,Domicilio,Nequi
460,2026-08-06,11:11,2,C284,Mostrador,Efectivo
461,2026-08-06,07:13,2,C168,Mostrador,Nequi
462,2026-08-06,08:15,2,,Mostrador,Nequi
463,2026-08-06,07:28,2,,Mostrador,Tarjeta
464,2026-08-06,07:43,2,,Mostrador,Efectivo
465,2026-08-06,18:03,2,,Mostrador,Nequi
466,2026-08-06,07:37,2,,Mostrador,Tarjeta
467,2026-08-06,16:35,2,,Mostrador,Tarjeta
468,2026-08-07,12:33,1,C219,Mostrador,Tarjeta
469,2026-08-07,15:54,1,,Mostrador,Nequi
470,2026-08-07,09:34,1,C293,Mostrador,Nequi
471,2026-08-07,12:35,1,,Domicilio,Tarjeta
472,2026-08-07,10:55,1,,Mostrador,Nequi
473,2026-08-07,16:05,1,,Domicilio,Nequi
474,2026-08-07,15:44,1,,Mostrador,Nequi
475,2026-08-07,15:27,1,C142,Mostrador,Tarjeta
476,2026-08-07,15:57,1,,Mostrador,Efectivo
477,2026-08-07,17:26,1,C186,Mostrador,Tarjeta
478,2026-08-07,08:46,1,,Domicilio,Efectivo
479,2026-08-07,15:03,1,,Mostrador,Tarjeta
480,2026-08-07,14:47,1,,Mostrador,Tarjeta
481,2026-08-07,16:22,1,,Mostrador,Efectivo
482,2026-08-07,10:54,1,,Mostrador,Efectivo
483,2026-08-07,09:07,1,,Domicilio,Nequi
484,2026-08-07,09:54,1,,Mostrador,Nequi
485,2026-08-07,08:43,1,,Mostrador,Efectivo
486,2026-08-07,11:44,1,C239,Mostrador,Nequi
487,2026-08-07,18:15,1,,Mostrador,Nequi
488,2026-08-07,10:26,1,,Domicilio,Tarjeta
489,2026-08-07,17:15,1,C194,Domicilio,Tarjeta
490,2026-08-07,07:06,1,,Mostrador,Nequi
491,2026-08-07,17:39,1,C240,Domicilio,Tarjeta
492,2026-08-07,18:37,1,C197,Mostrador,Nequi
493,2026-08-07,09:29,1,C287,Mostrador,Nequi
494,2026-08-07,11:30,1,C285,Mostrador,Efectivo
495,2026-08-07,07:32,1,C076,Domicilio,Efectivo
496,2026-08-07,13:38,1,C056,Mostrador,Tarjeta
497,2026-08-07,11:12,1,,Mostrador,Nequi
498,2026-08-07,13:53,1,C061,Domicilio,Tarjeta
499,2026-08-07,15:55,1,C274,Domicilio,Tarjeta
500,2026-08-07,16:40,1,,Mostrador,Efectivo
501,2026-08-07,07:16,1,C030,Domicilio,Nequi
502,2026-08-07,12:24,1,C223,Domicilio,Tarjeta
503,2026-08-07,16:39,1,,Mostrador,Efectivo
504,2026-08-07,07:59,1,,Mostrador,Tarjeta
505,2026-08-07,16:24,1,C292,Mostrador,Nequi
506,2026-08-07,12:35,1,C031,Mostrador,Tarjeta
507,2026-08-07,09:17,1,,Mostrador,Efectivo
508,2026-08-07,09:44,1,,Mostrador,Efectivo
509,2026-08-07,14:14,1,,Mostrador,Nequi
510,2026-08-07,16:14,1,C024,Mostrador,Tarjeta
511,2026-08-07,11:42,1,,Mostrador,Efectivo
512,2026-08-07,07:30,1,C250,Mostrador,Tarjeta
513,2026-08-07,09:58,1,,Mostrador,Efectivo
514,2026-08-07,11:23,1,,Mostrador,Efectivo
515,2026-08-07,15:02,1,,Mostrador,Tarjeta
516,2026-08-07,13:21,1,C172,Mostrador,Efectivo
517,2026-08-07,08:56,1,C071,Domicilio,Efectivo
518,2026-08-07,18:00,1,C016,Domicilio,Tarjeta
519,2026-08-07,18:22,1,,Mostrador,Efectivo
520,2026-08-07,19:11,1,,Domicilio,Efectivo
521,2026-08-07,09:57,1,,Mostrador,Tarjeta
522,2026-08-07,20:16,1,,Mostrador,Efectivo
523,2026-08-07,17:27,1,,Domicilio,Tarjeta
524,2026-08-07,07:31,1,C261,Mostrador,Tarjeta
525,2026-08-07,08:01,1,,Mostrador,Efectivo
526,2026-08-07,15:06,1,C271,Mostrador,Tarjeta
527,2026-08-07,11:30,1,,Mostrador,Nequi
528,2026-08-07,16:25,1,C154,Mostrador,Efectivo
529,2026-08-07,08:33,1,C085,Mostrador,Efectivo
530,2026-08-07,09:11,1,,Domicilio,Tarjeta
531,2026-08-07,09:37,1,C070,Mostrador,Nequi
532,2026-08-07,08:55,1,,Domicilio,Efectivo
533,2026-08-07,11:19,1,,Domicilio,Tarjeta
534,2026-08-07,09:19,1,,Domicilio,Nequi
535,2026-08-07,09:52,1,,Domicilio,Efectivo
536,2026-08-07,07:38,1,C089,Mostrador,Tarjeta
537,2026-08-07,08:54,1,C238,Mostrador,Nequi
538,2026-08-07,12:46,1,,Domicilio,Efectivo
539,2026-08-07,19:02,1,,Domicilio,Tarjeta
540,2026-08-07,07:50,1,C214,Mostrador,Tarjeta
541,2026-08-07,20:22,1,,Mostrador,Nequi
542,2026-08-07,08:44,1,,Mostrador,Nequi
543,2026-08-07,06:25,1,,Mostrador,Nequi
544,2026-08-07,12:32,1,,Mostrador,Efectivo
545,2026-08-07,07:48,1,,Domicilio,Tarjeta
546,2026-08-07,09:20,1,,Domicilio,Nequi
547,2026-08-07,09:56,1,C038,Mostrador,Tarjeta
548,2026-08-07,07:41,1,,Mostrador,Nequi
549,2026-08-07,13:21,1,,Mostrador,Efectivo
550,2026-08-07,10:00,1,,Domicilio,Tarjeta
551,2026-08-07,16:38,1,,Mostrador,Nequi
552,2026-08-07,12:40,1,C285,Domicilio,Efectivo
553,2026-08-07,14:56,1,C261,Mostrador,Efectivo
554,2026-08-07,13:14,1,,Domicilio,Efectivo
555,2026-08-07,11:25,1,,Mostrador,Nequi
556,2026-08-07,10:59,1,C157,Mostrador,Efectivo
557,2026-08-07,16:02,1,,Mostrador,Nequi
558,2026-08-07,19:55,1,,Mostrador,Tarjeta
559,2026-08-07,13:26,1,,Mostrador,Nequi
560,2026-08-07,10:09,1,C229,Mostrador,Efectivo
561,2026-08-07,16:10,1,C069,Domicilio,Efectivo
562,2026-08-07,19:23,1,,Mostrador,Nequi
563,2026-08-07,17:37,1,,Domicilio,Nequi
564,2026-08-07,17:26,1,,Mostrador,Nequi
565,2026-08-07,09:54,1,,Mostrador,Efectivo
566,2026-08-07,16:28,1,,Mostrador,Efectivo
567,2026-08-07,10:40,1,C149,Domicilio,Efectivo
568,2026-08-07,13:26,1,,Domicilio,Nequi
569,2026-08-07,12:35,1,,Mostrador,Tarjeta
570,2026-08-07,13:24,1,,Mostrador,Tarjeta
571,2026-08-07,19:42,2,,Domicilio,Efectivo
572,2026-08-07,08:35,2,C181,Mostrador,Efectivo
573,2026-08-07,16:27,2,,Mostrador,Tarjeta
574,2026-08-07,12:43,2,,Mostrador,Nequi
575,2026-08-07,16:13,2,,Domicilio,Efectivo
576,2026-08-07,11:37,2,C071,Domicilio,Tarjeta
577,2026-08-07,09:50,2,,Mostrador,Efectivo
578,2026-08-07,10:12,2,,Mostrador,Efectivo
579,2026-08-07,16:01,2,C202,Mostrador,Nequi
580,2026-08-07,19:45,2,,Domicilio,Nequi
581,2026-08-07,08:12,2,,Mostrador,Nequi
582,2026-08-07,13:59,2,,Mostrador,Tarjeta
583,2026-08-07,11:27,2,C030,Mostrador,Nequi
584,2026-08-07,13:39,2,C213,Mostrador,Tarjeta
585,2026-08-07,16:38,2,,Domicilio,Efectivo
586,2026-08-07,07:18,2,,Domicilio,Efectivo
587,2026-08-07,12:14,2,,Mostrador,Efectivo
588,2026-08-07,09:20,2,,Domicilio,Nequi
589,2026-08-07,09:21,2,,Mostrador,Efectivo
590,2026-08-07,10:23,2,,Mostrador,Efectivo
591,2026-08-07,09:06,2,C126,Mostrador,Tarjeta
592,2026-08-07,15:45,2,,Mostrador,Efectivo
593,2026-08-07,11:00,2,C189,Domicilio,Efectivo
594,2026-08-07,12:53,2,C235,Mostrador,Nequi
595,2026-08-07,17:31,2,,Mostrador,Tarjeta
596,2026-08-07,10:14,2,,Mostrador,Nequi
597,2026-08-07,18:19,2,,Mostrador,Tarjeta
598,2026-08-07,09:15,2,C174,Mostrador,Efectivo
599,2026-08-07,09:37,2,,Mostrador,Efectivo
600,2026-08-07,08:19,2,,Mostrador,Tarjeta
601,2026-08-07,10:09,2,C140,Mostrador,Efectivo
602,2026-08-07,11:00,2,C086,Mostrador,Efectivo
603,2026-08-07,12:27,2,,Mostrador,Tarjeta
604,2026-08-07,08:21,2,,Domicilio,Efectivo
605,2026-08-07,10:43,2,C017,Domicilio,Tarjeta
606,2026-08-07,17:47,2,,Domicilio,Nequi
607,2026-08-07,13:51,2,,Domicilio,Tarjeta
608,2026-08-07,08:17,2,,Mostrador,Efectivo
609,2026-08-07,12:22,2,,Mostrador,Efectivo
610,2026-08-07,09:45,2,C089,Mostrador,Efectivo
611,2026-08-07,14:07,2,,Mostrador,Efectivo
612,2026-08-07,10:12,2,C292,Mostrador,Tarjeta
613,2026-08-07,08:00,2,C283,Domicilio,Nequi
614,2026-08-07,07:24,2,,Mostrador,Nequi
615,2026-08-07,16:42,2,,Mostrador,Tarjeta
616,2026-08-07,07:34,2,C163,Mostrador,Tarjeta
617,2026-08-07,10:36,2,C202,Domicilio,Nequi
618,2026-08-07,15:12,2,,Domicilio,Tarjeta
619,2026-08-07,08:17,2,C212,Domicilio,Tarjeta
620,2026-08-07,17:40,2,,Mostrador,Efectivo
621,2026-08-07,10:39,2,,Domicilio,Efectivo
622,2026-08-07,07:42,2,,Mostrador,Efectivo
623,2026-08-07,16:52,2,C281,Mostrador,Tarjeta
624,2026-08-07,11:45,2,,Mostrador,Efectivo
625,2026-08-07,19:14,2,,Mostrador,Efectivo
626,2026-08-07,17:20,2,C010,Mostrador,Efectivo
627,2026-08-07,13:55,2,,Mostrador,Nequi
628,2026-08-07,09:15,2,,Domicilio,Efectivo
629,2026-08-07,10:05,2,,Domicilio,Efectivo
630,2026-08-07,07:04,2,C071,Mostrador,Nequi
631,2026-08-07,15:57,2,,Mostrador,Efectivo
632,2026-08-07,17:29,2,C220,Domicilio,Efectivo
633,2026-08-07,09:34,2,,Mostrador,Nequi
634,2026-08-07,14:19,2,,Mostrador,Nequi
635,2026-08-07,16:02,2,,Domicilio,Efectivo
636,2026-08-07,19:13,2,,Mostrador,Efectivo
637,2026-08-07,07:01,2,C148,Domicilio,Efectivo
638,2026-08-07,09:21,2,,Mostrador,Tarjeta
639,2026-08-07,10:27,2,C078,Domicilio,Nequi
640,2026-08-07,11:53,2,,Mostrador,Efectivo
641,2026-08-07,10:30,2,C011,Domicilio,Nequi
642,2026-08-07,16:39,2,,Mostrador,Nequi
643,2026-08-07,10:40,2,,Mostrador,Nequi
644,2026-08-07,08:11,2,,Mostrador,Nequi
645,2026-08-07,08:29,2,C156,Mostrador,Nequi
646,2026-08-07,09:49,2,C145,Domicilio,Tarjeta
647,2026-08-07,09:47,2,,Mostrador,Tarjeta
648,2026-08-07,07:24,2,C232,Domicilio,Tarjeta
649,2026-08-07,10:44,2,C105,Mostrador,Tarjeta
650,2026-08-07,07:27,2,,Mostrador,Efectivo
651,2026-08-07,15:44,2,,Mostrador,Nequi
652,2026-08-07,07:08,2,,Domicilio,Tarjeta
653,2026-08-07,15:38,2,,Domicilio,Tarjeta
654,2026-08-08,06:56,1,C006,Mostrador,Tarjeta
655,2026-08-08,16:19,1,,Mostrador,Nequi
656,2026-08-08,07:33,1,,Mostrador,Nequi
657,2026-08-08,11:21,1,C033,Mostrador,Nequi
658,2026-08-08,18:18,1,C253,Domicilio,Tarjeta
659,2026-08-08,06:24,1,C168,Domicilio,Efectivo
660,2026-08-08,11:22,1,C129,Mostrador,Tarjeta
661,2026-08-08,07:09,1,,Mostrador,Nequi
662,2026-08-08,16:59,1,,Domicilio,Tarjeta
663,2026-08-08,06:30,1,C139,Domicilio,Tarjeta
664,2026-08-08,08:21,1,,Mostrador,Efectivo
665,2026-08-08,07:05,1,C166,Domicilio,Nequi
666,2026-08-08,17:07,1,C207,Domicilio,Tarjeta
667,2026-08-08,17:24,1,,Mostrador,Efectivo
668,2026-08-08,18:22,1,,Mostrador,Nequi
669,2026-08-08,13:12,1,C084,Domicilio,Tarjeta
670,2026-08-08,13:53,1,C146,Mostrador,Efectivo
671,2026-08-08,09:11,1,,Domicilio,Efectivo
672,2026-08-08,19:03,1,,Domicilio,Tarjeta
673,2026-08-08,15:11,1,C290,Mostrador,Nequi
674,2026-08-08,19:10,1,,Mostrador,Nequi
675,2026-08-08,17:18,1,C081,Mostrador,Efectivo
676,2026-08-08,15:26,1,C297,Domicilio,Efectivo
677,2026-08-08,20:14,1,C116,Mostrador,Efectivo
678,2026-08-08,15:12,1,,Mostrador,Efectivo
679,2026-08-08,09:43,1,C001,Mostrador,Tarjeta
680,2026-08-08,11:26,1,C175,Domicilio,Nequi
681,2026-08-08,19:30,1,C066,Domicilio,Tarjeta
682,2026-08-08,12:34,1,,Mostrador,Efectivo
683,2026-08-08,08:10,1,C276,Mostrador,Tarjeta
684,2026-08-08,10:54,1,C094,Mostrador,Efectivo
685,2026-08-08,15:50,1,C248,Domicilio,Tarjeta
686,2026-08-08,16:54,1,,Mostrador,Tarjeta
687,2026-08-08,09:40,1,,Domicilio,Efectivo
688,2026-08-08,18:51,1,,Domicilio,Nequi
689,2026-08-08,08:16,1,,Mostrador,Tarjeta
690,2026-08-08,06:21,1,C037,Mostrador,Nequi
691,2026-08-08,08:14,1,,Mostrador,Efectivo
692,2026-08-08,12:54,1,,Mostrador,Tarjeta
693,2026-08-08,14:11,1,C211,Mostrador,Nequi
694,2026-08-08,08:05,1,,Mostrador,Efectivo
695,2026-08-08,08:09,1,,Mostrador,Tarjeta
696,2026-08-08,08:37,1,,Mostrador,Tarjeta
697,2026-08-08,09:12,1,,Mostrador,Efectivo
698,2026-08-08,08:01,1,,Domicilio,Nequi
699,2026-08-08,08:36,1,,Mostrador,Efectivo
700,2026-08-08,11:42,1,,Mostrador,Efectivo
701,2026-08-08,08:39,1,C207,Domicilio,Nequi
702,2026-08-08,10:23,1,C207,Mostrador,Tarjeta
703,2026-08-08,07:26,1,C144,Mostrador,Efectivo
704,2026-08-08,12:02,1,,Mostrador,Tarjeta
705,2026-08-08,17:29,1,C196,Domicilio,Nequi
706,2026-08-08,07:04,1,,Domicilio,Tarjeta
707,2026-08-08,12:57,1,C215,Mostrador,Efectivo
708,2026-08-08,17:04,1,C074,Mostrador,Tarjeta
709,2026-08-08,15:56,1,,Mostrador,Efectivo
710,2026-08-08,10:12,1,,Domicilio,Nequi
711,2026-08-08,09:49,1,C200,Mostrador,Tarjeta
712,2026-08-08,14:49,1,,Mostrador,Tarjeta
713,2026-08-08,10:55,1,C127,Mostrador,Nequi
714,2026-08-08,09:11,1,C076,Domicilio,Efectivo
715,2026-08-08,10:28,1,,Mostrador,Nequi
716,2026-08-08,15:01,1,,Mostrador,Efectivo
717,2026-08-08,07:54,1,,Domicilio,Efectivo
718,2026-08-08,09:15,1,C089,Domicilio,Efectivo
719,2026-08-08,12:53,1,C177,Mostrador,Tarjeta
720,2026-08-08,07:11,1,,Mostrador,Nequi
721,2026-08-08,08:17,1,C005,Mostrador,Tarjeta
722,2026-08-08,19:49,1,,Domicilio,Efectivo
723,2026-08-08,10:17,1,,Domicilio,Tarjeta
724,2026-08-08,12:12,1,,Domicilio,Tarjeta
725,2026-08-08,14:55,1,C277,Domicilio,Nequi
726,2026-08-08,20:03,1,C093,Mostrador,Tarjeta
727,2026-08-08,08:11,1,C121,Mostrador,Efectivo
728,2026-08-08,15:03,1,C031,Mostrador,Efectivo
729,2026-08-08,18:42,1,C141,Domicilio,Nequi
730,2026-08-08,10:10,1,C230,Domicilio,Nequi
731,2026-08-08,13:47,1,,Mostrador,Tarjeta
732,2026-08-08,09:22,1,,Mostrador,Tarjeta
733,2026-08-08,14:46,1,,Mostrador,Nequi
734,2026-08-08,10:36,1,C051,Domicilio,Tarjeta
735,2026-08-08,07:09,1,C138,Domicilio,Efectivo
736,2026-08-08,12:01,1,C165,Mostrador,Efectivo
737,2026-08-08,08:14,1,,Mostrador,Nequi
738,2026-08-08,16:30,1,,Domicilio,Nequi
739,2026-08-08,10:17,1,,Mostrador,Efectivo
740,2026-08-08,16:33,1,,Mostrador,Tarjeta
741,2026-08-08,08:08,1,,Domicilio,Nequi
742,2026-08-08,15:20,1,,Mostrador,Efectivo
743,2026-08-08,09:58,1,C157,Mostrador,Nequi
744,2026-08-08,20:58,1,,Mostrador,Nequi
745,2026-08-08,07:47,1,C139,Domicilio,Nequi
746,2026-08-08,15:15,1,C132,Mostrador,Nequi
747,2026-08-08,10:52,1,,Mostrador,Tarjeta
748,2026-08-08,16:36,1,C214,Domicilio,Efectivo
749,2026-08-08,20:13,1,C059,Domicilio,Nequi
750,2026-08-08,07:33,1,C161,Mostrador,Tarjeta
751,2026-08-08,07:29,1,,Mostrador,Nequi
752,2026-08-08,16:38,1,,Domicilio,Nequi
753,2026-08-08,07:42,1,C143,Domicilio,Nequi
754,2026-08-08,17:34,1,,Mostrador,Nequi
755,2026-08-08,15:21,1,,Mostrador,Efectivo
756,2026-08-08,18:48,1,,Mostrador,Efectivo
757,2026-08-08,09:15,1,,Domicilio,Nequi
758,2026-08-08,13:08,1,C036,Domicilio,Nequi
759,2026-08-08,19:24,1,C073,Domicilio,Tarjeta
760,2026-08-08,09:26,1,,Domicilio,Nequi
761,2026-08-08,10:22,1,C003,Mostrador,Efectivo
762,2026-08-08,12:32,1,,Mostrador,Tarjeta
763,2026-08-08,16:22,1,,Domicilio,Nequi
764,2026-08-08,07:48,1,C133,Domicilio,Efectivo
765,2026-08-08,08:17,2,,Mostrador,Nequi
766,2026-08-08,14:45,2,,Mostrador,Nequi
767,2026-08-08,10:11,2,,Domicilio,Tarjeta
768,2026-08-08,14:30,2,,Mostrador,Tarjeta
769,2026-08-08,07:54,2,,Domicilio,Tarjeta
770,2026-08-08,15:30,2,C045,Domicilio,Efectivo
771,2026-08-08,10:41,2,,Mostrador,Tarjeta
772,2026-08-08,10:31,2,C282,Domicilio,Tarjeta
773,2026-08-08,16:22,2,,Mostrador,Nequi
774,2026-08-08,14:01,2,C128,Domicilio,Tarjeta
775,2026-08-08,19:20,2,,Mostrador,Efectivo
776,2026-08-08,06:09,2,,Mostrador,Efectivo
777,2026-08-08,19:36,2,C242,Domicilio,Tarjeta
778,2026-08-08,07:24,2,,Mostrador,Tarjeta
779,2026-08-08,15:06,2,C013,Domicilio,Efectivo
780,2026-08-08,07:37,2,,Domicilio,Nequi
781,2026-08-08,19:53,2,,Domicilio,Nequi
782,2026-08-08,10:52,2,,Mostrador,Nequi
783,2026-08-08,08:22,2,C091,Mostrador,Nequi
784,2026-08-08,16:32,2,,Domicilio,Nequi
785,2026-08-08,19:26,2,C157,Domicilio,Nequi
786,2026-08-08,12:57,2,C087,Domicilio,Tarjeta
787,2026-08-08,16:22,2,,Domicilio,Nequi
788,2026-08-08,07:37,2,,Mostrador,Tarjeta
789,2026-08-08,12:26,2,C265,Mostrador,Tarjeta
790,2026-08-08,11:01,2,,Mostrador,Tarjeta
791,2026-08-08,16:06,2,,Domicilio,Tarjeta
792,2026-08-08,13:21,2,C154,Domicilio,Nequi
793,2026-08-08,15:47,2,C170,Mostrador,Nequi
794,2026-08-08,19:34,2,C026,Domicilio,Efectivo
795,2026-08-08,07:20,2,,Domicilio,Tarjeta
796,2026-08-08,09:04,2,C243,Domicilio,Efectivo
797,2026-08-08,07:18,2,,Mostrador,Nequi
798,2026-08-08,18:15,2,C011,Domicilio,Tarjeta
799,2026-08-08,15:58,2,,Mostrador,Nequi
800,2026-08-08,16:18,2,,Mostrador,Tarjeta
801,2026-08-08,09:33,2,,Mostrador,Nequi
802,2026-08-08,17:22,2,,Mostrador,Efectivo
803,2026-08-08,17:00,2,,Mostrador,Nequi
804,2026-08-08,08:47,2,,Mostrador,Nequi
805,2026-08-08,15:16,2,C126,Mostrador,Nequi
806,2026-08-08,20:38,2,,Mostrador,Efectivo
807,2026-08-08,09:24,2,C246,Domicilio,Efectivo
808,2026-08-08,08:03,2,,Mostrador,Efectivo
809,2026-08-08,16:00,2,,Domicilio,Tarjeta
810,2026-08-08,17:45,2,,Mostrador,Efectivo
811,2026-08-08,16:42,2,,Mostrador,Nequi
812,2026-08-08,10:54,2,,Mostrador,Efectivo
813,2026-08-08,19:23,2,,Domicilio,Nequi
814,2026-08-08,19:28,2,,Domicilio,Efectivo
815,2026-08-08,12:44,2,C159,Mostrador,Efectivo
816,2026-08-08,19:48,2,,Mostrador,Tarjeta
817,2026-08-08,08:41,2,,Mostrador,Nequi
818,2026-08-08,07:47,2,,Mostrador,Tarjeta
819,2026-08-08,19:41,2,,Mostrador,Nequi
820,2026-08-08,16:16,2,C065,Domicilio,Tarjeta
821,2026-08-08,16:38,2,,Mostrador,Nequi
822,2026-08-08,07:50,2,,Domicilio,Efectivo
823,2026-08-08,14:30,2,,Domicilio,Tarjeta
824,2026-08-08,09:26,2,C034,Domicilio,Efectivo
825,2026-08-08,19:12,2,,Mostrador,Tarjeta
826,2026-08-08,12:33,2,C095,Mostrador,Nequi
827,2026-08-08,14:09,2,C270,Mostrador,Efectivo
828,2026-08-08,17:19,2,,Mostrador,Efectivo
829,2026-08-08,07:44,2,C171,Mostrador,Tarjeta
830,2026-08-08,07:30,2,C179,Mostrador,Nequi
831,2026-08-08,08:40,2,C094,Mostrador,Nequi
832,2026-08-08,16:50,2,,Mostrador,Efectivo
833,2026-08-08,10:00,2,,Mostrador,Nequi
834,2026-08-08,20:03,2,C239,Mostrador,Tarjeta
835,2026-08-08,12:39,2,,Domicilio,Efectivo
836,2026-08-08,15:00,2,,Domicilio,Efectivo
837,2026-08-08,07:00,2,,Domicilio,Tarjeta
838,2026-08-08,12:38,2,,Mostrador,Efectivo
839,2026-08-08,08:25,2,,Mostrador,Nequi
840,2026-08-08,10:54,2,,Mostrador,Nequi
841,2026-08-08,09:25,2,,Domicilio,Efectivo
842,2026-08-08,08:26,2,,Mostrador,Efectivo
843,2026-08-08,09:41,2,,Mostrador,Nequi
844,2026-08-08,15:15,2,,Domicilio,Tarjeta
845,2026-08-08,12:06,2,,Domicilio,Tarjeta
846,2026-08-08,09:35,2,C091,Mostrador,Nequi
847,2026-08-08,08:29,2,C049,Domicilio,Tarjeta
848,2026-08-08,16:06,2,,Domicilio,Efectivo
849,2026-08-08,18:52,2,,Domicilio,Efectivo
850,2026-08-08,17:40,2,C286,Domicilio,Tarjeta
851,2026-08-09,13:58,1,C051,Mostrador,Efectivo
852,2026-08-09,10:56,1,C061,Mostrador,Nequi
853,2026-08-09,07:23,1,,Mostrador,Efectivo
854,2026-08-09,18:29,1,,Domicilio,Nequi
855,2026-08-09,07:58,1,C138,Domicilio,Efectivo
856,2026-08-09,09:42,1,C004,Mostrador,Nequi
857,2026-08-09,07:55,1,,Domicilio,Tarjeta
858,2026-08-09,12:06,1,,Mostrador,Tarjeta
859,2026-08-09,10:36,1,C274,Mostrador,Nequi
860,2026-08-09,06:20,1,,Mostrador,Efectivo
861,2026-08-09,09:48,1,C248,Mostrador,Nequi
862,2026-08-09,10:39,1,,Mostrador,Nequi
863,2026-08-09,14:55,1,,Mostrador,Nequi
864,2026-08-09,07:26,1,C011,Domicilio,Nequi
865,2026-08-09,19:55,1,,Mostrador,Tarjeta
866,2026-08-09,08:26,1,,Domicilio,Tarjeta
867,2026-08-09,07:51,1,,Mostrador,Nequi
868,2026-08-09,10:49,1,,Mostrador,Nequi
869,2026-08-09,08:32,1,C144,Mostrador,Nequi
870,2026-08-09,10:36,1,C095,Mostrador,Nequi
871,2026-08-09,11:52,1,C002,Mostrador,Efectivo
872,2026-08-09,15:53,1,,Domicilio,Nequi
873,2026-08-09,09:06,1,,Mostrador,Tarjeta
874,2026-08-09,08:14,1,,Mostrador,Tarjeta
875,2026-08-09,13:54,1,C047,Mostrador,Nequi
876,2026-08-09,10:35,1,C292,Mostrador,Efectivo
877,2026-08-09,15:42,1,C268,Mostrador,Nequi
878,2026-08-09,16:22,1,C044,Mostrador,Efectivo
879,2026-08-09,07:42,1,C267,Mostrador,Nequi
880,2026-08-09,07:19,1,,Mostrador,Tarjeta
881,2026-08-09,14:54,1,,Mostrador,Nequi
882,2026-08-09,10:12,1,,Domicilio,Efectivo
883,2026-08-09,08:16,1,,Domicilio,Efectivo
884,2026-08-09,10:23,1,,Mostrador,Nequi
885,2026-08-09,12:04,1,C016,Mostrador,Efectivo
886,2026-08-09,17:17,1,,Mostrador,Tarjeta
887,2026-08-09,10:53,1,,Mostrador,Efectivo
888,2026-08-09,17:52,1,,Mostrador,Nequi
889,2026-08-09,09:48,1,,Mostrador,Nequi
890,2026-08-09,09:18,1,C075,Mostrador,Nequi
891,2026-08-09,08:09,1,C214,Mostrador,Efectivo
892,2026-08-09,16:13,1,C050,Mostrador,Nequi
893,2026-08-09,07:21,1,,Mostrador,Nequi
894,2026-08-09,08:44,1,,Mostrador,Tarjeta
895,2026-08-09,06:52,1,C072,Mostrador,Nequi
896,2026-08-09,09:11,1,,Mostrador,Efectivo
897,2026-08-09,16:55,1,,Mostrador,Efectivo
898,2026-08-09,08:19,1,,Mostrador,Tarjeta
899,2026-08-09,07:38,1,,Domicilio,Tarjeta
900,2026-08-09,12:35,1,C126,Mostrador,Tarjeta
901,2026-08-09,12:28,1,C104,Mostrador,Efectivo
902,2026-08-09,18:47,1,,Mostrador,Nequi
903,2026-08-09,14:11,1,,Mostrador,Nequi
904,2026-08-09,10:10,1,C131,Mostrador,Tarjeta
905,2026-08-09,10:15,1,C231,Mostrador,Efectivo
906,2026-08-09,07:29,1,C266,Mostrador,Nequi
907,2026-08-09,18:37,1,C221,Mostrador,Tarjeta
908,2026-08-09,15:20,1,C238,Mostrador,Tarjeta
909,2026-08-09,11:02,1,,Mostrador,Tarjeta
910,2026-08-09,08:40,1,,Mostrador,Efectivo
911,2026-08-09,16:01,1,,Mostrador,Nequi
912,2026-08-09,08:04,1,C186,Mostrador,Nequi
913,2026-08-09,08:43,1,C203,Mostrador,Nequi
914,2026-08-09,17:28,1,,Mostrador,Efectivo
915,2026-08-09,09:55,1,,Mostrador,Tarjeta
916,2026-08-09,07:16,1,,Mostrador,Nequi
917,2026-08-09,09:16,1,,Mostrador,Nequi
918,2026-08-09,17:31,1,C247,Mostrador,Nequi
919,2026-08-09,08:27,1,C273,Mostrador,Efectivo
920,2026-08-09,09:06,1,C026,Mostrador,Tarjeta
921,2026-08-09,13:59,1,C224,Mostrador,Nequi
922,2026-08-09,15:45,1,C248,Mostrador,Nequi
923,2026-08-09,14:38,1,,Mostrador,Efectivo
924,2026-08-09,08:04,1,,Mostrador,Efectivo
925,2026-08-09,12:20,1,C139,Mostrador,Efectivo
926,2026-08-09,15:32,1,C124,Domicilio,Tarjeta
927,2026-08-09,07:19,1,,Domicilio,Efectivo
928,2026-08-09,09:13,1,,Mostrador,Tarjeta
929,2026-08-09,07:33,1,C128,Domicilio,Tarjeta
930,2026-08-09,15:21,1,,Mostrador,Efectivo
931,2026-08-09,09:10,1,,Domicilio,Efectivo
932,2026-08-09,10:41,1,,Domicilio,Nequi
933,2026-08-09,07:13,1,C237,Mostrador,Tarjeta
934,2026-08-09,09:34,1,,Mostrador,Tarjeta
935,2026-08-09,11:46,1,,Mostrador,Efectivo
936,2026-08-09,20:36,1,C195,Domicilio,Tarjeta
937,2026-08-09,17:28,1,,Mostrador,Tarjeta
938,2026-08-09,12:08,1,C058,Mostrador,Efectivo
939,2026-08-09,07:04,1,,Mostrador,Nequi
940,2026-08-09,07:49,1,,Mostrador,Efectivo
941,2026-08-09,15:07,1,C080,Domicilio,Tarjeta
942,2026-08-09,18:45,1,,Mostrador,Efectivo
943,2026-08-09,17:26,1,,Domicilio,Nequi
944,2026-08-09,13:19,2,,Mostrador,Tarjeta
945,2026-08-09,13:33,2,C276,Mostrador,Efectivo
946,2026-08-09,13:21,2,C043,Mostrador,Tarjeta
947,2026-08-09,19:13,2,C197,Mostrador,Nequi
948,2026-08-09,11:22,2,C094,Mostrador,Nequi
949,2026-08-09,18:17,2,,Mostrador,Tarjeta
950,2026-08-09,16:30,2,,Mostrador,Nequi
951,2026-08-09,17:25,2,C264,Mostrador,Efectivo
952,2026-08-09,16:51,2,,Mostrador,Nequi
953,2026-08-09,10:52,2,C045,Mostrador,Efectivo
954,2026-08-09,13:58,2,,Mostrador,Efectivo
955,2026-08-09,12:20,2,,Domicilio,Nequi
956,2026-08-09,14:50,2,,Mostrador,Nequi
957,2026-08-09,09:25,2,,Mostrador,Tarjeta
958,2026-08-09,14:41,2,,Domicilio,Nequi
959,2026-08-09,08:57,2,,Domicilio,Nequi
960,2026-08-09,08:45,2,C091,Mostrador,Efectivo
961,2026-08-09,10:49,2,,Mostrador,Efectivo
962,2026-08-09,07:59,2,,Mostrador,Efectivo
963,2026-08-09,20:33,2,,Mostrador,Nequi
964,2026-08-09,11:33,2,,Mostrador,Nequi
965,2026-08-09,09:13,2,,Domicilio,Tarjeta
966,2026-08-09,20:55,2,C044,Domicilio,Efectivo
967,2026-08-09,09:09,2,,Mostrador,Tarjeta
968,2026-08-09,12:32,2,,Mostrador,Nequi
969,2026-08-09,19:59,2,,Domicilio,Tarjeta
970,2026-08-09,10:02,2,,Mostrador,Nequi
971,2026-08-09,10:14,2,,Domicilio,Nequi
972,2026-08-09,11:59,2,,Mostrador,Nequi
973,2026-08-09,10:05,2,C093,Mostrador,Nequi
974,2026-08-09,16:21,2,,Mostrador,Efectivo
975,2026-08-09,16:58,2,C149,Mostrador,Efectivo
976,2026-08-09,12:15,2,,Mostrador,Efectivo
977,2026-08-09,08:58,2,,Domicilio,Nequi
978,2026-08-09,07:28,2,,Mostrador,Tarjeta
979,2026-08-09,15:56,2,,Mostrador,Efectivo
980,2026-08-09,20:39,2,,Domicilio,Nequi
981,2026-08-09,17:14,2,C299,Domicilio,Nequi
982,2026-08-09,08:53,2,C294,Domicilio,Tarjeta
983,2026-08-09,17:09,2,C162,Domicilio,Nequi
984,2026-08-09,08:43,2,,Mostrador,Nequi
985,2026-08-09,20:19,2,,Mostrador,Nequi
986,2026-08-09,09:47,2,,Mostrador,Nequi
987,2026-08-09,19:31,2,,Mostrador,Tarjeta
988,2026-08-09,10:37,2,C274,Mostrador,Efectivo
989,2026-08-09,20:41,2,,Mostrador,Efectivo
990,2026-08-09,08:25,2,,Mostrador,Efectivo
991,2026-08-09,09:11,2,,Mostrador,Nequi
992,2026-08-09,07:34,2,,Mostrador,Nequi
993,2026-08-09,10:13,2,,Mostrador,Tarjeta
994,2026-08-09,09:28,2,C283,Mostrador,Nequi
995,2026-08-09,10:36,2,C269,Domicilio,Efectivo
996,2026-08-09,17:09,2,C133,Mostrador,Nequi
997,2026-08-09,06:55,2,,Mostrador,Nequi
998,2026-08-09,08:33,2,,Mostrador,Efectivo
999,2026-08-09,09:54,2,C162,Mostrador,Nequi
1000,2026-08-09,16:59,2,,Mostrador,Efectivo
1001,2026-08-09,17:03,2,C112,Mostrador,Efectivo
1002,2026-08-09,11:47,2,,Mostrador,Nequi
1003,2026-08-09,10:11,2,,Mostrador,Tarjeta
1004,2026-08-09,12:05,2,C269,Domicilio,Efectivo
1005,2026-08-10,09:07,1,,Domicilio,Nequi
1006,2026-08-10,10:41,1,,Mostrador,Nequi
1007,2026-08-10,17:49,1,,Domicilio,Efectivo
1008,2026-08-10,08:52,1,,Mostrador,Nequi
1009,2026-08-10,09:15,1,C076,Mostrador,Efectivo
1010,2026-08-10,08:21,1,,Mostrador,Nequi
1011,2026-08-10,11:25,1,C183,Mostrador,Efectivo
1012,2026-08-10,08:41,1,,Mostrador,Efectivo
1013,2026-08-10,06:20,1,,Mostrador,Nequi
1014,2026-08-10,11:38,1,,Mostrador,Tarjeta
1015,2026-08-10,07:58,1,C162,Mostrador,Efectivo
1016,2026-08-10,10:42,1,C287,Mostrador,Efectivo
1017,2026-08-10,09:24,1,,Domicilio,Efectivo
1018,2026-08-10,09:04,1,C146,Mostrador,Efectivo
1019,2026-08-10,14:35,1,,Domicilio,Efectivo
1020,2026-08-10,06:31,1,C289,Mostrador,Nequi
1021,2026-08-10,20:56,1,,Mostrador,Efectivo
1022,2026-08-10,10:13,1,,Mostrador,Efectivo
1023,2026-08-10,13:01,1,,Mostrador,Tarjeta
1024,2026-08-10,09:06,1,,Mostrador,Tarjeta
1025,2026-08-10,11:48,1,C101,Mostrador,Nequi
1026,2026-08-10,09:42,1,C048,Mostrador,Efectivo
1027,2026-08-10,15:33,1,C108,Mostrador,Tarjeta
1028,2026-08-10,19:51,1,,Mostrador,Tarjeta
1029,2026-08-10,12:53,1,C154,Domicilio,Efectivo
1030,2026-08-10,06:06,1,,Mostrador,Tarjeta
1031,2026-08-10,18:50,1,C175,Mostrador,Efectivo
1032,2026-08-10,07:28,1,C244,Mostrador,Efectivo
1033,2026-08-10,18:53,1,C277,Mostrador,Tarjeta
1034,2026-08-10,13:33,1,,Mostrador,Efectivo
1035,2026-08-10,15:26,1,C254,Mostrador,Efectivo
1036,2026-08-10,08:32,1,,Mostrador,Efectivo
1037,2026-08-10,10:57,1,,Mostrador,Nequi
1038,2026-08-10,09:56,1,C216,Mostrador,Efectivo
1039,2026-08-10,17:18,1,,Mostrador,Nequi
1040,2026-08-10,13:47,1,,Domicilio,Nequi
1041,2026-08-10,10:01,1,,Domicilio,Efectivo
1042,2026-08-10,11:44,1,C239,Mostrador,Nequi
1043,2026-08-10,14:44,1,,Mostrador,Tarjeta
1044,2026-08-10,17:02,1,,Domicilio,Nequi
1045,2026-08-10,09:59,1,,Mostrador,Nequi
1046,2026-08-10,13:28,1,,Domicilio,Tarjeta
1047,2026-08-10,10:51,1,,Mostrador,Efectivo
1048,2026-08-10,08:47,1,C111,Mostrador,Nequi
1049,2026-08-10,16:31,1,C234,Mostrador,Nequi
1050,2026-08-10,17:28,1,C201,Mostrador,Nequi
1051,2026-08-10,09:46,1,,Mostrador,Efectivo
1052,2026-08-10,18:35,1,,Mostrador,Tarjeta
1053,2026-08-10,17:00,1,,Mostrador,Nequi
1054,2026-08-10,08:49,1,,Domicilio,Tarjeta
1055,2026-08-10,14:03,1,,Domicilio,Tarjeta
1056,2026-08-10,08:34,1,C062,Domicilio,Tarjeta
1057,2026-08-10,15:38,1,,Mostrador,Efectivo
1058,2026-08-10,20:15,2,C085,Mostrador,Nequi
1059,2026-08-10,17:30,2,,Mostrador,Efectivo
1060,2026-08-10,06:34,2,C217,Mostrador,Nequi
1061,2026-08-10,12:35,2,,Mostrador,Nequi
1062,2026-08-10,13:13,2,C060,Mostrador,Efectivo
1063,2026-08-10,17:13,2,C229,Mostrador,Efectivo
1064,2026-08-10,08:38,2,,Mostrador,Tarjeta
1065,2026-08-10,06:26,2,C295,Domicilio,Nequi
1066,2026-08-10,19:11,2,,Mostrador,Nequi
1067,2026-08-10,09:30,2,C060,Mostrador,Efectivo
1068,2026-08-10,15:41,2,C142,Domicilio,Nequi
1069,2026-08-10,10:05,2,,Mostrador,Tarjeta
1070,2026-08-10,18:51,2,,Mostrador,Tarjeta
1071,2026-08-10,09:09,2,,Mostrador,Efectivo
1072,2026-08-10,16:28,2,C243,Mostrador,Tarjeta
1073,2026-08-10,16:31,2,,Domicilio,Nequi
1074,2026-08-10,07:36,2,C131,Mostrador,Tarjeta
1075,2026-08-10,17:40,2,C108,Mostrador,Nequi
1076,2026-08-10,09:54,2,,Mostrador,Efectivo
1077,2026-08-10,12:48,2,,Mostrador,Efectivo
1078,2026-08-10,09:24,2,,Mostrador,Efectivo
1079,2026-08-10,12:20,2,,Mostrador,Nequi
1080,2026-08-10,17:51,2,C017,Mostrador,Tarjeta
1081,2026-08-10,10:25,2,,Mostrador,Efectivo
1082,2026-08-10,20:55,2,,Mostrador,Efectivo
1083,2026-08-10,12:10,2,C027,Mostrador,Efectivo
1084,2026-08-10,10:38,2,,Mostrador,Tarjeta
1085,2026-08-10,18:10,2,C196,Mostrador,Efectivo
1086,2026-08-10,15:18,2,,Mostrador,Tarjeta
1087,2026-08-10,08:49,2,,Mostrador,Efectivo
1088,2026-08-10,10:32,2,C174,Mostrador,Nequi
1089,2026-08-10,16:03,2,,Domicilio,Nequi
1090,2026-08-10,10:12,2,,Mostrador,Nequi
1091,2026-08-11,06:20,1,C005,Mostrador,Efectivo
1092,2026-08-11,18:51,1,,Mostrador,Tarjeta
1093,2026-08-11,08:44,1,,Mostrador,Tarjeta
1094,2026-08-11,09:21,1,,Mostrador,Nequi
1095,2026-08-11,19:58,1,C282,Mostrador,Tarjeta
1096,2026-08-11,07:25,1,C251,Mostrador,Nequi
1097,2026-08-11,15:17,1,,Mostrador,Nequi
1098,2026-08-11,16:02,1,,Mostrador,Tarjeta
1099,2026-08-11,07:56,1,C248,Mostrador,Nequi
1100,2026-08-11,12:59,1,,Mostrador,Tarjeta
1101,2026-08-11,09:53,1,C046,Mostrador,Tarjeta
1102,2026-08-11,11:48,1,C187,Mostrador,Tarjeta
1103,2026-08-11,09:49,1,,Mostrador,Tarjeta
1104,2026-08-11,15:47,1,,Mostrador,Tarjeta
1105,2026-08-11,13:44,1,C005,Mostrador,Efectivo
1106,2026-08-11,18:30,1,,Mostrador,Tarjeta
1107,2026-08-11,10:55,1,C048,Mostrador,Efectivo
1108,2026-08-11,17:12,1,,Mostrador,Efectivo
1109,2026-08-11,11:42,1,C182,Mostrador,Nequi
1110,2026-08-11,11:29,1,C211,Domicilio,Tarjeta
1111,2026-08-11,11:46,1,,Mostrador,Efectivo
1112,2026-08-11,13:25,1,,Mostrador,Tarjeta
1113,2026-08-11,09:58,1,C242,Mostrador,Tarjeta
1114,2026-08-11,07:11,1,,Mostrador,Efectivo
1115,2026-08-11,13:10,1,,Mostrador,Nequi
1116,2026-08-11,11:00,1,,Mostrador,Tarjeta
1117,2026-08-11,09:25,1,,Domicilio,Efectivo
1118,2026-08-11,08:06,1,,Domicilio,Tarjeta
1119,2026-08-11,09:56,1,C096,Mostrador,Efectivo
1120,2026-08-11,18:43,1,C148,Mostrador,Efectivo
1121,2026-08-11,16:09,1,C148,Mostrador,Efectivo
1122,2026-08-11,19:01,1,C267,Domicilio,Nequi
1123,2026-08-11,09:40,1,,Mostrador,Efectivo
1124,2026-08-11,07:43,1,,Mostrador,Nequi
1125,2026-08-11,15:26,1,C266,Mostrador,Efectivo
1126,2026-08-11,15:33,1,C267,Mostrador,Efectivo
1127,2026-08-11,15:43,1,,Mostrador,Efectivo
1128,2026-08-11,11:17,1,C274,Domicilio,Nequi
1129,2026-08-11,11:09,1,C032,Mostrador,Nequi
1130,2026-08-11,11:54,1,C232,Mostrador,Tarjeta
1131,2026-08-11,09:44,1,C289,Mostrador,Efectivo
1132,2026-08-11,10:04,1,C265,Mostrador,Efectivo
1133,2026-08-11,14:48,1,C265,Mostrador,Nequi
1134,2026-08-11,09:42,1,,Mostrador,Efectivo
1135,2026-08-11,09:31,1,C141,Mostrador,Nequi
1136,2026-08-11,16:13,1,,Mostrador,Efectivo
1137,2026-08-11,17:54,1,C130,Mostrador,Nequi
1138,2026-08-11,08:37,1,C104,Domicilio,Efectivo
1139,2026-08-11,10:12,1,,Mostrador,Nequi
1140,2026-08-11,19:35,1,,Domicilio,Nequi
1141,2026-08-11,08:09,1,,Mostrador,Efectivo
1142,2026-08-11,19:11,1,,Mostrador,Efectivo
1143,2026-08-11,11:00,1,C074,Domicilio,Tarjeta
1144,2026-08-11,07:45,1,,Domicilio,Efectivo
1145,2026-08-11,11:45,1,C195,Mostrador,Nequi
1146,2026-08-11,09:03,1,,Domicilio,Efectivo
1147,2026-08-11,08:14,1,,Mostrador,Nequi
1148,2026-08-11,16:00,1,,Mostrador,Efectivo
1149,2026-08-11,11:17,2,C280,Mostrador,Nequi
1150,2026-08-11,16:47,2,C162,Mostrador,Nequi
1151,2026-08-11,08:43,2,,Mostrador,Nequi
1152,2026-08-11,08:56,2,C174,Mostrador,Efectivo
1153,2026-08-11,07:26,2,,Mostrador,Efectivo
1154,2026-08-11,15:41,2,,Mostrador,Nequi
1155,2026-08-11,11:32,2,,Mostrador,Efectivo
1156,2026-08-11,09:54,2,,Mostrador,Tarjeta
1157,2026-08-11,07:52,2,,Mostrador,Nequi
1158,2026-08-11,14:54,2,,Mostrador,Nequi
1159,2026-08-11,08:14,2,C065,Mostrador,Efectivo
1160,2026-08-11,08:30,2,,Mostrador,Nequi
1161,2026-08-11,16:08,2,,Domicilio,Efectivo
1162,2026-08-11,13:32,2,,Mostrador,Efectivo
1163,2026-08-11,15:50,2,,Domicilio,Nequi
1164,2026-08-11,08:03,2,C199,Mostrador,Tarjeta
1165,2026-08-11,11:58,2,C129,Mostrador,Tarjeta
1166,2026-08-11,13:41,2,C241,Mostrador,Efectivo
1167,2026-08-11,11:09,2,C033,Mostrador,Nequi
1168,2026-08-11,08:57,2,,Mostrador,Tarjeta
1169,2026-08-11,11:41,2,,Mostrador,Efectivo
1170,2026-08-11,16:14,2,C088,Domicilio,Nequi
1171,2026-08-11,15:21,2,,Mostrador,Nequi
1172,2026-08-11,08:32,2,C121,Mostrador,Nequi
1173,2026-08-11,15:02,2,C006,Domicilio,Tarjeta
1174,2026-08-11,12:43,2,,Mostrador,Nequi
1175,2026-08-11,18:57,2,,Mostrador,Nequi
1176,2026-08-11,10:17,2,C283,Mostrador,Efectivo
1177,2026-08-11,09:48,2,,Mostrador,Nequi
1178,2026-08-11,18:36,2,,Mostrador,Efectivo
1179,2026-08-11,14:39,2,C293,Mostrador,Tarjeta
1180,2026-08-11,07:59,2,,Mostrador,Nequi
1181,2026-08-11,08:00,2,,Mostrador,Nequi
1182,2026-08-11,09:33,2,,Mostrador,Tarjeta
1183,2026-08-11,19:10,2,,Mostrador,Tarjeta
1184,2026-08-11,12:17,2,C045,Mostrador,Tarjeta
1185,2026-08-11,12:59,2,,Mostrador,Tarjeta
1186,2026-08-11,09:18,2,C196,Mostrador,Tarjeta
1187,2026-08-11,10:26,2,,Mostrador,Nequi
1188,2026-08-11,17:55,2,C268,Mostrador,Nequi
1189,2026-08-11,15:05,2,,Mostrador,Efectivo
1190,2026-08-11,10:44,2,C244,Domicilio,Nequi
1191,2026-08-11,13:58,2,,Mostrador,Nequi
1192,2026-08-11,18:28,2,,Domicilio,Tarjeta
1193,2026-08-11,09:52,2,C145,Mostrador,Nequi
1194,2026-08-11,18:53,2,,Domicilio,Nequi
1195,2026-08-11,07:06,2,,Mostrador,Tarjeta
1196,2026-08-12,09:20,1,,Mostrador,Nequi
1197,2026-08-12,08:15,1,,Mostrador,Tarjeta
1198,2026-08-12,09:33,1,C177,Mostrador,Tarjeta
1199,2026-08-12,07:30,1,,Mostrador,Efectivo
1200,2026-08-12,20:18,1,C165,Mostrador,Tarjeta
1201,2026-08-12,09:39,1,,Domicilio,Tarjeta
1202,2026-08-12,10:39,1,C059,Mostrador,Tarjeta
1203,2026-08-12,20:06,1,,Mostrador,Efectivo
1204,2026-08-12,19:22,1,C098,Mostrador,Tarjeta
1205,2026-08-12,09:56,1,,Mostrador,Tarjeta
1206,2026-08-12,19:59,1,,Mostrador,Nequi
1207,2026-08-12,19:52,1,C078,Mostrador,Tarjeta
1208,2026-08-12,09:49,1,C062,Mostrador,Nequi
1209,2026-08-12,08:27,1,C266,Domicilio,Efectivo
1210,2026-08-12,11:39,1,,Mostrador,Efectivo
1211,2026-08-12,08:56,1,,Mostrador,Efectivo
1212,2026-08-12,17:43,1,,Mostrador,Efectivo
1213,2026-08-12,10:25,1,,Mostrador,Efectivo
1214,2026-08-12,15:08,1,,Domicilio,Tarjeta
1215,2026-08-12,19:50,1,C024,Mostrador,Efectivo
1216,2026-08-12,16:30,1,,Mostrador,Efectivo
1217,2026-08-12,19:38,1,,Mostrador,Nequi
1218,2026-08-12,10:50,1,,Mostrador,Efectivo
1219,2026-08-12,06:30,1,,Domicilio,Efectivo
1220,2026-08-12,12:41,1,,Mostrador,Tarjeta
1221,2026-08-12,20:20,1,C284,Mostrador,Efectivo
1222,2026-08-12,15:43,1,,Domicilio,Nequi
1223,2026-08-12,20:20,1,,Mostrador,Nequi
1224,2026-08-12,13:34,1,,Domicilio,Nequi
1225,2026-08-12,09:32,1,,Domicilio,Tarjeta
1226,2026-08-12,13:09,1,,Mostrador,Nequi
1227,2026-08-12,07:56,1,,Mostrador,Nequi
1228,2026-08-12,11:31,1,C184,Mostrador,Tarjeta
1229,2026-08-12,15:46,1,,Domicilio,Efectivo
1230,2026-08-12,10:06,1,,Mostrador,Nequi
1231,2026-08-12,07:42,1,,Mostrador,Tarjeta
1232,2026-08-12,11:41,1,,Mostrador,Efectivo
1233,2026-08-12,12:01,1,C296,Mostrador,Nequi
1234,2026-08-12,11:33,1,,Mostrador,Efectivo
1235,2026-08-12,08:03,1,C001,Domicilio,Tarjeta
1236,2026-08-12,09:03,1,C178,Mostrador,Tarjeta
1237,2026-08-12,08:24,1,,Mostrador,Tarjeta
1238,2026-08-12,07:28,1,,Mostrador,Tarjeta
1239,2026-08-12,11:47,1,C260,Mostrador,Efectivo
1240,2026-08-12,08:48,1,,Mostrador,Nequi
1241,2026-08-12,13:54,1,,Domicilio,Efectivo
1242,2026-08-12,07:37,1,,Mostrador,Nequi
1243,2026-08-12,07:49,1,C142,Mostrador,Efectivo
1244,2026-08-12,08:27,1,C161,Mostrador,Efectivo
1245,2026-08-12,10:46,1,,Domicilio,Efectivo
1246,2026-08-12,16:08,1,,Mostrador,Efectivo
1247,2026-08-12,16:42,1,,Mostrador,Efectivo
1248,2026-08-12,17:59,1,,Mostrador,Nequi
1249,2026-08-12,19:14,1,C286,Mostrador,Tarjeta
1250,2026-08-12,07:11,1,,Mostrador,Nequi
1251,2026-08-12,10:39,1,C029,Domicilio,Efectivo
1252,2026-08-12,09:00,1,C177,Mostrador,Tarjeta
1253,2026-08-12,11:50,1,C052,Domicilio,Nequi
1254,2026-08-12,12:19,1,,Mostrador,Nequi
1255,2026-08-12,17:37,1,,Mostrador,Tarjeta
1256,2026-08-12,07:17,1,,Mostrador,Efectivo
1257,2026-08-12,08:41,1,C006,Domicilio,Nequi
1258,2026-08-12,07:16,1,,Mostrador,Tarjeta
1259,2026-08-12,07:58,1,,Mostrador,Efectivo
1260,2026-08-12,18:26,1,C064,Mostrador,Tarjeta
1261,2026-08-12,13:28,1,C033,Mostrador,Tarjeta
1262,2026-08-12,13:42,1,,Mostrador,Nequi
1263,2026-08-12,08:15,1,,Mostrador,Nequi
1264,2026-08-12,14:31,1,C189,Domicilio,Tarjeta
1265,2026-08-12,19:26,1,C217,Mostrador,Efectivo
1266,2026-08-12,11:38,1,,Mostrador,Efectivo
1267,2026-08-12,10:50,1,,Mostrador,Nequi
1268,2026-08-12,08:55,1,,Mostrador,Nequi
1269,2026-08-12,12:56,1,,Mostrador,Nequi
1270,2026-08-12,16:08,1,,Mostrador,Tarjeta
1271,2026-08-12,09:48,2,,Mostrador,Nequi
1272,2026-08-12,09:02,2,,Mostrador,Efectivo
1273,2026-08-12,08:42,2,,Mostrador,Nequi
1274,2026-08-12,09:51,2,C190,Mostrador,Tarjeta
1275,2026-08-12,12:02,2,,Mostrador,Tarjeta
1276,2026-08-12,17:13,2,C286,Domicilio,Nequi
1277,2026-08-12,07:38,2,,Mostrador,Efectivo
1278,2026-08-12,14:00,2,C040,Mostrador,Nequi
1279,2026-08-12,16:08,2,,Domicilio,Nequi
1280,2026-08-12,11:33,2,,Mostrador,Tarjeta
1281,2026-08-12,07:19,2,,Mostrador,Efectivo
1282,2026-08-12,06:28,2,,Mostrador,Efectivo
1283,2026-08-12,19:30,2,,Domicilio,Tarjeta
1284,2026-08-12,08:54,2,C240,Mostrador,Efectivo
1285,2026-08-12,08:54,2,,Mostrador,Efectivo
1286,2026-08-12,11:38,2,,Domicilio,Tarjeta
1287,2026-08-12,09:57,2,,Mostrador,Nequi
1288,2026-08-12,11:04,2,,Mostrador,Tarjeta
1289,2026-08-12,08:43,2,C228,Mostrador,Efectivo
1290,2026-08-12,09:16,2,C146,Mostrador,Efectivo
1291,2026-08-12,09:46,2,C097,Mostrador,Nequi
1292,2026-08-12,06:24,2,C009,Mostrador,Tarjeta
1293,2026-08-12,07:34,2,,Mostrador,Nequi
1294,2026-08-12,20:20,2,,Mostrador,Efectivo
1295,2026-08-12,15:04,2,C154,Domicilio,Efectivo
1296,2026-08-12,07:42,2,C295,Mostrador,Tarjeta
1297,2026-08-12,07:05,2,C068,Mostrador,Nequi
1298,2026-08-12,09:17,2,C249,Mostrador,Nequi
1299,2026-08-12,08:03,2,,Mostrador,Nequi
1300,2026-08-12,09:23,2,C270,Mostrador,Efectivo
1301,2026-08-12,08:47,2,C072,Mostrador,Nequi
1302,2026-08-12,07:20,2,C070,Mostrador,Efectivo
1303,2026-08-12,16:34,2,,Mostrador,Nequi
1304,2026-08-12,13:58,2,C107,Mostrador,Tarjeta
1305,2026-08-12,08:37,2,,Domicilio,Tarjeta
1306,2026-08-12,10:34,2,C287,Mostrador,Efectivo
1307,2026-08-12,07:55,2,,Mostrador,Tarjeta
1308,2026-08-12,10:22,2,,Mostrador,Tarjeta
1309,2026-08-12,17:58,2,C255,Mostrador,Efectivo
1310,2026-08-12,10:38,2,C056,Mostrador,Efectivo
1311,2026-08-12,18:49,2,,Mostrador,Nequi
1312,2026-08-12,08:53,2,C255,Mostrador,Nequi
1313,2026-08-12,08:34,2,C043,Mostrador,Nequi
1314,2026-08-12,18:18,2,,Mostrador,Nequi
1315,2026-08-12,09:58,2,,Mostrador,Efectivo
1316,2026-08-12,09:08,2,,Mostrador,Nequi
1317,2026-08-12,15:22,2,,Mostrador,Efectivo
1318,2026-08-13,08:44,1,C288,Domicilio,Efectivo
1319,2026-08-13,09:48,1,,Mostrador,Tarjeta
1320,2026-08-13,17:46,1,,Mostrador,Nequi
1321,2026-08-13,15:44,1,,Mostrador,Tarjeta
1322,2026-08-13,10:54,1,C235,Mostrador,Nequi
1323,2026-08-13,16:33,1,C058,Mostrador,Efectivo
1324,2026-08-13,07:35,1,,Domicilio,Tarjeta
1325,2026-08-13,07:45,1,C047,Mostrador,Tarjeta
1326,2026-08-13,16:31,1,C104,Mostrador,Efectivo
1327,2026-08-13,08:47,1,C270,Mostrador,Efectivo
1328,2026-08-13,08:47,1,,Mostrador,Nequi
1329,2026-08-13,07:07,1,,Domicilio,Efectivo
1330,2026-08-13,12:35,1,C192,Mostrador,Nequi
1331,2026-08-13,19:01,1,,Mostrador,Tarjeta
1332,2026-08-13,06:30,1,,Mostrador,Tarjeta
1333,2026-08-13,08:50,1,,Mostrador,Efectivo
1334,2026-08-13,07:29,1,,Mostrador,Tarjeta
1335,2026-08-13,16:13,1,,Mostrador,Tarjeta
1336,2026-08-13,08:39,1,,Domicilio,Tarjeta
1337,2026-08-13,17:09,1,,Mostrador,Tarjeta
1338,2026-08-13,08:41,1,,Mostrador,Nequi
1339,2026-08-13,17:20,1,,Mostrador,Efectivo
1340,2026-08-13,11:26,1,,Domicilio,Nequi
1341,2026-08-13,12:10,1,C186,Mostrador,Tarjeta
1342,2026-08-13,07:43,1,,Mostrador,Efectivo
1343,2026-08-13,09:20,1,C041,Domicilio,Nequi
1344,2026-08-13,07:06,1,C232,Domicilio,Nequi
1345,2026-08-13,10:59,1,,Mostrador,Tarjeta
1346,2026-08-13,18:53,1,C279,Mostrador,Nequi
1347,2026-08-13,15:11,1,,Mostrador,Efectivo
1348,2026-08-13,20:03,1,,Mostrador,Tarjeta
1349,2026-08-13,18:00,1,C228,Mostrador,Nequi
1350,2026-08-13,15:19,1,C081,Mostrador,Nequi
1351,2026-08-13,08:13,1,C154,Mostrador,Tarjeta
1352,2026-08-13,20:34,1,C075,Mostrador,Efectivo
1353,2026-08-13,08:45,1,,Mostrador,Efectivo
1354,2026-08-13,10:54,1,,Mostrador,Efectivo
1355,2026-08-13,13:23,1,,Mostrador,Tarjeta
1356,2026-08-13,07:49,1,,Mostrador,Nequi
1357,2026-08-13,18:54,1,,Mostrador,Tarjeta
1358,2026-08-13,12:56,1,C087,Mostrador,Efectivo
1359,2026-08-13,09:51,1,,Mostrador,Nequi
1360,2026-08-13,16:46,1,C084,Mostrador,Tarjeta
1361,2026-08-13,15:58,1,C162,Mostrador,Efectivo
1362,2026-08-13,08:30,1,C167,Mostrador,Efectivo
1363,2026-08-13,09:41,1,,Mostrador,Efectivo
1364,2026-08-13,12:07,1,,Mostrador,Nequi
1365,2026-08-13,18:05,1,C100,Mostrador,Nequi
1366,2026-08-13,08:47,1,C119,Domicilio,Nequi
1367,2026-08-13,17:46,1,,Mostrador,Efectivo
1368,2026-08-13,09:10,1,,Mostrador,Nequi
1369,2026-08-13,15:01,1,,Mostrador,Tarjeta
1370,2026-08-13,11:59,1,,Mostrador,Efectivo
1371,2026-08-13,16:47,1,C134,Mostrador,Nequi
1372,2026-08-13,09:54,1,,Mostrador,Tarjeta
1373,2026-08-13,13:55,1,,Mostrador,Efectivo
1374,2026-08-13,09:23,1,,Mostrador,Nequi
1375,2026-08-13,10:12,1,C219,Mostrador,Tarjeta
1376,2026-08-13,09:00,1,,Domicilio,Efectivo
1377,2026-08-13,16:08,1,,Mostrador,Efectivo
1378,2026-08-13,15:48,1,,Mostrador,Efectivo
1379,2026-08-13,09:42,1,,Mostrador,Tarjeta
1380,2026-08-13,10:43,1,C246,Mostrador,Nequi
1381,2026-08-13,10:04,1,C118,Mostrador,Efectivo
1382,2026-08-13,14:54,1,,Mostrador,Nequi
1383,2026-08-13,10:10,1,,Mostrador,Efectivo
1384,2026-08-13,10:01,1,C038,Mostrador,Efectivo
1385,2026-08-13,16:32,1,C134,Mostrador,Tarjeta
1386,2026-08-13,09:01,1,C181,Mostrador,Nequi
1387,2026-08-13,08:54,1,,Mostrador,Efectivo
1388,2026-08-13,13:09,1,,Mostrador,Nequi
1389,2026-08-13,18:03,1,C175,Mostrador,Nequi
1390,2026-08-13,13:26,1,C281,Mostrador,Efectivo
1391,2026-08-13,11:03,1,,Mostrador,Efectivo
1392,2026-08-13,11:55,1,,Mostrador,Efectivo
1393,2026-08-13,08:02,2,C294,Mostrador,Efectivo
1394,2026-08-13,09:45,2,,Mostrador,Efectivo
1395,2026-08-13,09:28,2,,Mostrador,Efectivo
1396,2026-08-13,14:38,2,C030,Mostrador,Efectivo
1397,2026-08-13,13:28,2,C203,Mostrador,Tarjeta
1398,2026-08-13,11:13,2,,Domicilio,Tarjeta
1399,2026-08-13,13:43,2,,Mostrador,Nequi
1400,2026-08-13,18:29,2,,Mostrador,Efectivo
1401,2026-08-13,11:55,2,C173,Mostrador,Tarjeta
1402,2026-08-13,07:17,2,,Mostrador,Tarjeta
1403,2026-08-13,11:40,2,C159,Mostrador,Nequi
1404,2026-08-13,07:24,2,C061,Mostrador,Efectivo
1405,2026-08-13,09:35,2,C205,Mostrador,Tarjeta
1406,2026-08-13,13:03,2,C061,Mostrador,Efectivo
1407,2026-08-13,08:42,2,,Mostrador,Tarjeta
1408,2026-08-13,13:42,2,,Mostrador,Nequi
1409,2026-08-13,15:03,2,,Mostrador,Nequi
1410,2026-08-13,08:51,2,,Mostrador,Tarjeta
1411,2026-08-13,08:16,2,,Mostrador,Nequi
1412,2026-08-13,13:47,2,,Mostrador,Efectivo
1413,2026-08-13,18:30,2,,Mostrador,Nequi
1414,2026-08-13,15:27,2,,Mostrador,Efectivo
1415,2026-08-13,10:41,2,,Mostrador,Tarjeta
1416,2026-08-13,09:36,2,C110,Mostrador,Tarjeta
1417,2026-08-13,15:42,2,C300,Mostrador,Nequi
1418,2026-08-13,20:46,2,,Domicilio,Tarjeta
1419,2026-08-13,12:29,2,,Domicilio,Tarjeta
1420,2026-08-13,08:16,2,C125,Mostrador,Tarjeta
1421,2026-08-13,17:03,2,,Mostrador,Nequi
1422,2026-08-13,09:37,2,C286,Mostrador,Tarjeta
1423,2026-08-13,08:31,2,,Domicilio,Nequi
1424,2026-08-13,09:42,2,,Mostrador,Nequi
1425,2026-08-13,08:50,2,,Domicilio,Tarjeta
1426,2026-08-13,08:37,2,,Mostrador,Nequi
1427,2026-08-13,15:50,2,C152,Mostrador,Tarjeta
1428,2026-08-13,19:23,2,C162,Mostrador,Nequi
1429,2026-08-13,15:14,2,C149,Mostrador,Efectivo
1430,2026-08-13,10:15,2,,Mostrador,Efectivo
1431,2026-08-13,09:17,2,,Mostrador,Efectivo
1432,2026-08-13,17:20,2,C276,Mostrador,Efectivo
1433,2026-08-13,19:38,2,C275,Mostrador,Efectivo
1434,2026-08-13,15:35,2,C262,Domicilio,Tarjeta
1435,2026-08-13,16:10,2,,Mostrador,Efectivo
1436,2026-08-13,10:19,2,,Domicilio,Tarjeta
1437,2026-08-13,11:41,2,C294,Mostrador,Nequi
1438,2026-08-14,07:53,1,,Mostrador,Nequi
1439,2026-08-14,07:24,1,C052,Mostrador,Tarjeta
1440,2026-08-14,16:48,1,,Mostrador,Nequi
1441,2026-08-14,14:21,1,,Mostrador,Tarjeta
1442,2026-08-14,19:08,1,,Domicilio,Efectivo
1443,2026-08-14,18:16,1,,Mostrador,Nequi
1444,2026-08-14,08:19,1,,Mostrador,Efectivo
1445,2026-08-14,11:34,1,C197,Mostrador,Nequi
1446,2026-08-14,19:21,1,,Mostrador,Tarjeta
1447,2026-08-14,13:13,1,,Mostrador,Nequi
1448,2026-08-14,16:49,1,,Mostrador,Efectivo
1449,2026-08-14,10:29,1,C067,Mostrador,Nequi
1450,2026-08-14,12:47,1,C126,Mostrador,Efectivo
1451,2026-08-14,08:56,1,C003,Mostrador,Nequi
1452,2026-08-14,08:05,1,C195,Mostrador,Nequi
1453,2026-08-14,09:20,1,,Mostrador,Nequi
1454,2026-08-14,13:12,1,,Mostrador,Tarjeta
1455,2026-08-14,11:10,1,C285,Mostrador,Nequi
1456,2026-08-14,12:49,1,,Mostrador,Nequi
1457,2026-08-14,09:21,1,,Mostrador,Nequi
1458,2026-08-14,16:50,1,C106,Mostrador,Nequi
1459,2026-08-14,13:02,1,C004,Mostrador,Tarjeta
1460,2026-08-14,15:56,1,,Domicilio,Tarjeta
1461,2026-08-14,10:50,1,,Mostrador,Nequi
1462,2026-08-14,13:53,1,,Mostrador,Nequi
1463,2026-08-14,16:14,1,C214,Mostrador,Efectivo
1464,2026-08-14,10:02,1,,Mostrador,Efectivo
1465,2026-08-14,17:43,1,,Mostrador,Tarjeta
1466,2026-08-14,07:01,1,,Mostrador,Tarjeta
1467,2026-08-14,08:38,1,,Domicilio,Nequi
1468,2026-08-14,07:40,1,,Mostrador,Efectivo
1469,2026-08-14,09:56,1,C260,Mostrador,Nequi
1470,2026-08-14,07:19,1,C209,Mostrador,Nequi
1471,2026-08-14,08:45,1,C201,Mostrador,Efectivo
1472,2026-08-14,09:40,1,,Mostrador,Efectivo
1473,2026-08-14,09:23,1,,Domicilio,Efectivo
1474,2026-08-14,07:53,1,,Domicilio,Tarjeta
1475,2026-08-14,07:45,1,,Mostrador,Efectivo
1476,2026-08-14,16:32,1,,Mostrador,Nequi
1477,2026-08-14,06:27,1,,Mostrador,Tarjeta
1478,2026-08-14,11:52,1,C165,Mostrador,Nequi
1479,2026-08-14,08:55,1,,Mostrador,Efectivo
1480,2026-08-14,09:47,1,,Mostrador,Efectivo
1481,2026-08-14,08:32,1,C267,Mostrador,Tarjeta
1482,2026-08-14,14:12,1,,Mostrador,Nequi
1483,2026-08-14,07:54,1,,Mostrador,Efectivo
1484,2026-08-14,08:30,1,,Mostrador,Efectivo
1485,2026-08-14,07:28,1,C102,Mostrador,Tarjeta
1486,2026-08-14,07:36,1,,Mostrador,Efectivo
1487,2026-08-14,10:05,1,,Mostrador,Efectivo
1488,2026-08-14,14:20,1,C005,Mostrador,Efectivo
1489,2026-08-14,10:06,1,C110,Mostrador,Efectivo
1490,2026-08-14,10:03,1,C027,Domicilio,Tarjeta
1491,2026-08-14,13:46,1,,Mostrador,Efectivo
1492,2026-08-14,15:07,1,,Mostrador,Efectivo
1493,2026-08-14,10:53,1,,Mostrador,Nequi
1494,2026-08-14,10:42,1,C081,Domicilio,Nequi
1495,2026-08-14,15:37,1,C207,Mostrador,Efectivo
1496,2026-08-14,15:52,1,C089,Mostrador,Efectivo
1497,2026-08-14,12:23,1,C270,Mostrador,Tarjeta
1498,2026-08-14,09:46,1,C013,Domicilio,Efectivo
1499,2026-08-14,20:04,1,,Mostrador,Efectivo
1500,2026-08-14,10:39,1,,Mostrador,Nequi
1501,2026-08-14,08:00,1,C124,Mostrador,Efectivo
1502,2026-08-14,09:10,1,,Domicilio,Efectivo
1503,2026-08-14,09:05,1,C045,Mostrador,Nequi
1504,2026-08-14,09:56,1,C023,Mostrador,Nequi
1505,2026-08-14,17:00,1,,Mostrador,Efectivo
1506,2026-08-14,07:51,1,C013,Mostrador,Efectivo
1507,2026-08-14,18:13,1,,Mostrador,Nequi
1508,2026-08-14,08:12,1,,Domicilio,Efectivo
1509,2026-08-14,07:25,1,,Mostrador,Tarjeta
1510,2026-08-14,09:52,1,C151,Mostrador,Nequi
1511,2026-08-14,19:40,1,C123,Domicilio,Tarjeta
1512,2026-08-14,12:54,1,C189,Domicilio,Efectivo
1513,2026-08-14,12:21,1,C149,Mostrador,Efectivo
1514,2026-08-14,16:05,1,,Mostrador,Nequi
1515,2026-08-14,12:24,1,,Mostrador,Efectivo
1516,2026-08-14,17:42,1,,Domicilio,Nequi
1517,2026-08-14,16:22,1,,Mostrador,Nequi
1518,2026-08-14,18:41,1,,Domicilio,Nequi
1519,2026-08-14,07:14,1,,Mostrador,Efectivo
1520,2026-08-14,11:33,1,,Mostrador,Tarjeta
1521,2026-08-14,06:03,1,,Mostrador,Nequi
1522,2026-08-14,20:13,2,,Mostrador,Efectivo
1523,2026-08-14,07:36,2,C085,Mostrador,Tarjeta
1524,2026-08-14,12:33,2,,Domicilio,Efectivo
1525,2026-08-14,09:24,2,,Domicilio,Nequi
1526,2026-08-14,08:38,2,C231,Mostrador,Tarjeta
1527,2026-08-14,14:59,2,C256,Mostrador,Efectivo
1528,2026-08-14,07:22,2,C265,Mostrador,Efectivo
1529,2026-08-14,13:03,2,,Domicilio,Efectivo
1530,2026-08-14,09:55,2,C226,Mostrador,Efectivo
1531,2026-08-14,09:57,2,C071,Mostrador,Nequi
1532,2026-08-14,10:10,2,,Mostrador,Efectivo
1533,2026-08-14,17:46,2,,Mostrador,Tarjeta
1534,2026-08-14,18:52,2,,Mostrador,Tarjeta
1535,2026-08-14,09:10,2,,Domicilio,Tarjeta
1536,2026-08-14,10:28,2,C014,Mostrador,Nequi
1537,2026-08-14,07:20,2,C034,Domicilio,Efectivo
1538,2026-08-14,13:22,2,C162,Mostrador,Nequi
1539,2026-08-14,15:28,2,,Mostrador,Nequi
1540,2026-08-14,20:39,2,,Mostrador,Efectivo
1541,2026-08-14,13:50,2,,Mostrador,Nequi
1542,2026-08-14,07:21,2,C095,Mostrador,Nequi
1543,2026-08-14,10:46,2,C161,Domicilio,Nequi
1544,2026-08-14,08:35,2,C032,Mostrador,Efectivo
1545,2026-08-14,08:29,2,C182,Domicilio,Efectivo
1546,2026-08-14,12:26,2,,Mostrador,Efectivo
1547,2026-08-14,08:57,2,C078,Mostrador,Tarjeta
1548,2026-08-14,11:18,2,,Domicilio,Efectivo
1549,2026-08-14,09:56,2,C164,Mostrador,Nequi
1550,2026-08-14,13:37,2,C221,Mostrador,Tarjeta
1551,2026-08-14,11:24,2,,Mostrador,Efectivo
1552,2026-08-14,12:54,2,,Mostrador,Efectivo
1553,2026-08-14,06:20,2,C071,Mostrador,Efectivo
1554,2026-08-14,17:39,2,C294,Mostrador,Nequi
1555,2026-08-14,09:35,2,,Mostrador,Efectivo
1556,2026-08-14,08:02,2,C261,Mostrador,Tarjeta
1557,2026-08-14,12:30,2,,Mostrador,Efectivo
1558,2026-08-14,15:57,2,,Mostrador,Efectivo
1559,2026-08-14,13:13,2,C294,Mostrador,Efectivo
1560,2026-08-14,08:50,2,C174,Mostrador,Efectivo
1561,2026-08-14,15:41,2,,Domicilio,Nequi
1562,2026-08-14,09:27,2,C151,Mostrador,Nequi
1563,2026-08-14,07:53,2,,Mostrador,Tarjeta
1564,2026-08-14,15:30,2,,Mostrador,Tarjeta
1565,2026-08-14,14:12,2,,Mostrador,Nequi
1566,2026-08-14,09:01,2,C124,Mostrador,Nequi
1567,2026-08-14,16:40,2,,Mostrador,Efectivo
1568,2026-08-14,10:04,2,C009,Mostrador,Tarjeta
1569,2026-08-14,16:32,2,,Mostrador,Efectivo
1570,2026-08-14,11:27,2,,Domicilio,Nequi
1571,2026-08-14,06:48,2,,Mostrador,Nequi
1572,2026-08-14,07:36,2,C140,Mostrador,Efectivo
1573,2026-08-14,13:48,2,C190,Mostrador,Nequi
1574,2026-08-14,11:19,2,,Mostrador,Tarjeta
1575,2026-08-14,09:22,2,,Mostrador,Efectivo
1576,2026-08-14,09:01,2,,Mostrador,Efectivo
1577,2026-08-14,07:39,2,C212,Mostrador,Efectivo
1578,2026-08-15,07:21,1,,Domicilio,Efectivo
1579,2026-08-15,08:56,1,C051,Domicilio,Tarjeta
1580,2026-08-15,15:29,1,,Mostrador,Nequi
1581,2026-08-15,13:20,1,,Mostrador,Tarjeta
1582,2026-08-15,18:45,1,,Mostrador,Nequi
1583,2026-08-15,07:49,1,C164,Mostrador,Efectivo
1584,2026-08-15,14:45,1,,Mostrador,Efectivo
1585,2026-08-15,09:11,1,,Mostrador,Efectivo
1586,2026-08-15,16:55,1,C082,Mostrador,Efectivo
1587,2026-08-15,15:48,1,C077,Domicilio,Tarjeta
1588,2026-08-15,10:11,1,C212,Mostrador,Nequi
1589,2026-08-15,08:38,1,C148,Mostrador,Nequi
1590,2026-08-15,07:24,1,C263,Mostrador,Tarjeta
1591,2026-08-15,09:38,1,C293,Mostrador,Tarjeta
1592,2026-08-15,07:49,1,C043,Mostrador,Tarjeta
1593,2026-08-15,09:46,1,C239,Mostrador,Tarjeta
1594,2026-08-15,10:08,1,,Mostrador,Nequi
1595,2026-08-15,08:31,1,C039,Domicilio,Tarjeta
1596,2026-08-15,08:26,1,C224,Domicilio,Efectivo
1597,2026-08-15,09:48,1,C089,Mostrador,Nequi
1598,2026-08-15,07:01,1,,Mostrador,Nequi
1599,2026-08-15,10:15,1,,Mostrador,Efectivo
1600,2026-08-15,18:51,1,C118,Mostrador,Tarjeta
1601,2026-08-15,08:50,1,,Domicilio,Efectivo
1602,2026-08-15,14:50,1,C160,Mostrador,Efectivo
1603,2026-08-15,08:14,1,,Domicilio,Tarjeta
1604,2026-08-15,15:42,1,,Mostrador,Tarjeta
1605,2026-08-15,10:07,1,,Mostrador,Tarjeta
1606,2026-08-15,09:29,1,C168,Mostrador,Efectivo
1607,2026-08-15,13:58,1,C191,Mostrador,Nequi
1608,2026-08-15,15:13,1,C231,Domicilio,Nequi
1609,2026-08-15,19:40,1,C172,Mostrador,Tarjeta
1610,2026-08-15,10:38,1,C184,Mostrador,Efectivo
1611,2026-08-15,08:39,1,,Domicilio,Efectivo
1612,2026-08-15,08:39,1,,Mostrador,Tarjeta
1613,2026-08-15,12:40,1,C229,Mostrador,Tarjeta
1614,2026-08-15,08:55,1,C075,Mostrador,Efectivo
1615,2026-08-15,08:01,1,,Domicilio,Tarjeta
1616,2026-08-15,15:11,1,,Mostrador,Efectivo
1617,2026-08-15,09:05,1,,Mostrador,Nequi
1618,2026-08-15,10:41,1,,Mostrador,Efectivo
1619,2026-08-15,10:15,1,C202,Mostrador,Efectivo
1620,2026-08-15,17:12,1,C270,Mostrador,Nequi
1621,2026-08-15,19:39,1,,Mostrador,Efectivo
1622,2026-08-15,07:05,1,,Mostrador,Efectivo
1623,2026-08-15,06:40,1,C275,Mostrador,Tarjeta
1624,2026-08-15,09:56,1,C236,Mostrador,Nequi
1625,2026-08-15,11:05,1,C196,Mostrador,Nequi
1626,2026-08-15,15:10,1,C066,Mostrador,Nequi
1627,2026-08-15,10:15,1,C181,Mostrador,Tarjeta
1628,2026-08-15,10:07,1,,Mostrador,Efectivo
1629,2026-08-15,10:10,1,,Mostrador,Tarjeta
1630,2026-08-15,08:19,1,,Mostrador,Nequi
1631,2026-08-15,06:02,1,C228,Mostrador,Tarjeta
1632,2026-08-15,10:50,1,,Domicilio,Efectivo
1633,2026-08-15,12:12,1,,Mostrador,Efectivo
1634,2026-08-15,10:09,1,C202,Mostrador,Efectivo
1635,2026-08-15,09:14,1,,Mostrador,Nequi
1636,2026-08-15,07:46,1,,Mostrador,Efectivo
1637,2026-08-15,11:11,1,C022,Mostrador,Tarjeta
1638,2026-08-15,10:28,1,,Mostrador,Nequi
1639,2026-08-15,10:30,1,,Mostrador,Tarjeta
1640,2026-08-15,08:04,1,,Mostrador,Nequi
1641,2026-08-15,12:41,1,,Domicilio,Nequi
1642,2026-08-15,07:37,1,C276,Mostrador,Efectivo
1643,2026-08-15,08:22,1,,Mostrador,Tarjeta
1644,2026-08-15,16:25,1,C246,Mostrador,Efectivo
1645,2026-08-15,09:20,1,,Mostrador,Tarjeta
1646,2026-08-15,07:33,1,,Mostrador,Nequi
1647,2026-08-15,08:53,1,,Domicilio,Tarjeta
1648,2026-08-15,08:41,1,,Mostrador,Nequi
1649,2026-08-15,08:11,1,,Domicilio,Tarjeta
1650,2026-08-15,11:11,1,,Mostrador,Tarjeta
1651,2026-08-15,13:39,1,,Mostrador,Nequi
1652,2026-08-15,20:29,1,,Mostrador,Nequi
1653,2026-08-15,10:37,1,,Mostrador,Efectivo
1654,2026-08-15,15:09,1,,Mostrador,Efectivo
1655,2026-08-15,17:49,1,C106,Mostrador,Tarjeta
1656,2026-08-15,07:22,1,,Mostrador,Tarjeta
1657,2026-08-15,16:52,1,,Mostrador,Tarjeta
1658,2026-08-15,16:04,1,C176,Mostrador,Nequi
1659,2026-08-15,17:08,1,,Mostrador,Nequi
1660,2026-08-15,13:49,1,C022,Mostrador,Efectivo
1661,2026-08-15,18:06,1,,Mostrador,Tarjeta
1662,2026-08-15,12:13,1,,Mostrador,Nequi
1663,2026-08-15,12:18,1,C036,Mostrador,Tarjeta
1664,2026-08-15,12:24,1,,Mostrador,Nequi
1665,2026-08-15,16:48,1,C015,Mostrador,Tarjeta
1666,2026-08-15,17:19,1,C151,Mostrador,Tarjeta
1667,2026-08-15,13:43,1,,Mostrador,Tarjeta
1668,2026-08-15,11:09,1,,Domicilio,Tarjeta
1669,2026-08-15,10:50,1,C228,Mostrador,Efectivo
1670,2026-08-15,12:01,1,,Mostrador,Tarjeta
1671,2026-08-15,13:35,1,C171,Mostrador,Tarjeta
1672,2026-08-15,10:45,1,C241,Mostrador,Efectivo
1673,2026-08-15,07:00,1,,Mostrador,Tarjeta
1674,2026-08-15,19:10,1,,Mostrador,Efectivo
1675,2026-08-15,12:10,1,,Mostrador,Nequi
1676,2026-08-15,13:00,1,C125,Mostrador,Nequi
1677,2026-08-15,13:59,1,,Mostrador,Tarjeta
1678,2026-08-15,17:55,1,C197,Mostrador,Efectivo
1679,2026-08-15,09:33,1,C266,Domicilio,Tarjeta
1680,2026-08-15,13:08,1,C200,Mostrador,Efectivo
1681,2026-08-15,13:57,1,C210,Mostrador,Nequi
1682,2026-08-15,17:54,1,,Mostrador,Efectivo
1683,2026-08-15,08:30,1,,Mostrador,Efectivo
1684,2026-08-15,09:12,1,,Mostrador,Efectivo
1685,2026-08-15,08:57,1,,Mostrador,Nequi
1686,2026-08-15,11:21,1,C276,Mostrador,Tarjeta
1687,2026-08-15,10:57,1,,Mostrador,Efectivo
1688,2026-08-15,08:29,1,,Domicilio,Efectivo
1689,2026-08-15,07:36,1,,Mostrador,Tarjeta
1690,2026-08-15,20:07,1,C286,Mostrador,Nequi
1691,2026-08-15,10:31,1,,Mostrador,Nequi
1692,2026-08-15,15:44,1,,Domicilio,Nequi
1693,2026-08-15,08:43,1,,Mostrador,Efectivo
1694,2026-08-15,11:48,1,C238,Mostrador,Tarjeta
1695,2026-08-15,07:55,1,C294,Mostrador,Efectivo
1696,2026-08-15,20:40,1,,Mostrador,Nequi
1697,2026-08-15,16:33,1,,Mostrador,Efectivo
1698,2026-08-15,10:51,1,C091,Mostrador,Efectivo
1699,2026-08-15,11:26,1,,Mostrador,Efectivo
1700,2026-08-15,12:36,1,,Mostrador,Efectivo
1701,2026-08-15,09:34,2,C197,Domicilio,Nequi
1702,2026-08-15,19:07,2,,Mostrador,Nequi
1703,2026-08-15,16:53,2,C284,Domicilio,Efectivo
1704,2026-08-15,14:47,2,C191,Mostrador,Efectivo
1705,2026-08-15,07:21,2,C086,Mostrador,Efectivo
1706,2026-08-15,12:13,2,C004,Mostrador,Nequi
1707,2026-08-15,07:11,2,C068,Mostrador,Efectivo
1708,2026-08-15,09:10,2,C059,Mostrador,Tarjeta
1709,2026-08-15,18:10,2,,Mostrador,Nequi
1710,2026-08-15,18:00,2,,Mostrador,Efectivo
1711,2026-08-15,07:24,2,,Domicilio,Tarjeta
1712,2026-08-15,11:45,2,,Mostrador,Efectivo
1713,2026-08-15,16:49,2,,Mostrador,Efectivo
1714,2026-08-15,07:05,2,,Mostrador,Efectivo
1715,2026-08-15,08:11,2,C128,Domicilio,Efectivo
1716,2026-08-15,17:23,2,,Mostrador,Efectivo
1717,2026-08-15,09:26,2,,Mostrador,Tarjeta
1718,2026-08-15,09:55,2,C209,Domicilio,Nequi
1719,2026-08-15,09:18,2,,Mostrador,Nequi
1720,2026-08-15,13:20,2,C095,Mostrador,Tarjeta
1721,2026-08-15,19:59,2,,Mostrador,Tarjeta
1722,2026-08-15,14:47,2,C058,Mostrador,Tarjeta
1723,2026-08-15,16:34,2,,Mostrador,Tarjeta
1724,2026-08-15,11:03,2,C114,Mostrador,Nequi
1725,2026-08-15,17:29,2,,Mostrador,Nequi
1726,2026-08-15,10:40,2,,Mostrador,Efectivo
1727,2026-08-15,13:04,2,C033,Mostrador,Tarjeta
1728,2026-08-15,20:12,2,,Domicilio,Nequi
1729,2026-08-15,13:31,2,,Domicilio,Efectivo
1730,2026-08-15,07:22,2,,Mostrador,Nequi
1731,2026-08-15,12:35,2,C073,Mostrador,Nequi
1732,2026-08-15,11:34,2,,Domicilio,Efectivo
1733,2026-08-15,10:50,2,,Mostrador,Efectivo
1734,2026-08-15,11:12,2,C137,Domicilio,Tarjeta
1735,2026-08-15,20:53,2,C029,Mostrador,Efectivo
1736,2026-08-15,13:00,2,C285,Mostrador,Nequi
1737,2026-08-15,09:20,2,,Domicilio,Efectivo
1738,2026-08-15,13:00,2,C267,Mostrador,Tarjeta
1739,2026-08-15,20:32,2,,Domicilio,Tarjeta
1740,2026-08-15,14:33,2,C282,Mostrador,Efectivo
1741,2026-08-15,08:02,2,,Domicilio,Nequi
1742,2026-08-15,20:19,2,,Mostrador,Nequi
1743,2026-08-15,06:37,2,C125,Mostrador,Efectivo
1744,2026-08-15,08:09,2,,Mostrador,Nequi
1745,2026-08-15,16:47,2,C239,Domicilio,Tarjeta
1746,2026-08-15,10:47,2,C162,Mostrador,Nequi
1747,2026-08-15,09:28,2,C067,Mostrador,Tarjeta
1748,2026-08-15,07:31,2,,Domicilio,Efectivo
1749,2026-08-15,18:42,2,C165,Domicilio,Tarjeta
1750,2026-08-15,06:08,2,,Mostrador,Nequi
1751,2026-08-15,10:17,2,C031,Mostrador,Nequi
1752,2026-08-15,15:20,2,C210,Mostrador,Nequi
1753,2026-08-15,08:24,2,,Mostrador,Efectivo
1754,2026-08-15,18:43,2,,Mostrador,Tarjeta
1755,2026-08-15,17:57,2,,Mostrador,Tarjeta
1756,2026-08-15,12:00,2,,Mostrador,Efectivo
1757,2026-08-15,14:49,2,,Domicilio,Efectivo
1758,2026-08-15,17:03,2,,Domicilio,Efectivo
1759,2026-08-15,10:45,2,C169,Domicilio,Tarjeta
1760,2026-08-15,16:22,2,,Mostrador,Nequi
1761,2026-08-15,08:53,2,,Mostrador,Tarjeta
1762,2026-08-15,15:23,2,C168,Mostrador,Efectivo
1763,2026-08-15,08:37,2,,Mostrador,Nequi
1764,2026-08-15,15:49,2,,Mostrador,Nequi
1765,2026-08-16,10:42,1,,Domicilio,Efectivo
1766,2026-08-16,10:24,1,,Mostrador,Nequi
1767,2026-08-16,08:43,1,,Mostrador,Nequi
1768,2026-08-16,16:04,1,,Mostrador,Nequi
1769,2026-08-16,13:50,1,,Mostrador,Efectivo
1770,2026-08-16,12:47,1,C002,Mostrador,Efectivo
1771,2026-08-16,14:07,1,C177,Mostrador,Nequi
1772,2026-08-16,17:36,1,C070,Mostrador,Tarjeta
1773,2026-08-16,09:12,1,,Mostrador,Efectivo
1774,2026-08-16,10:48,1,,Mostrador,Efectivo
1775,2026-08-16,08:27,1,C141,Mostrador,Tarjeta
1776,2026-08-16,10:02,1,C133,Mostrador,Tarjeta
1777,2026-08-16,16:10,1,C103,Domicilio,Tarjeta
1778,2026-08-16,09:04,1,,Mostrador,Efectivo
1779,2026-08-16,06:33,1,,Mostrador,Tarjeta
1780,2026-08-16,10:05,1,,Mostrador,Nequi
1781,2026-08-16,09:18,1,C102,Mostrador,Tarjeta
1782,2026-08-16,17:12,1,C124,Mostrador,Tarjeta
1783,2026-08-16,08:45,1,C126,Mostrador,Efectivo
1784,2026-08-16,07:45,1,,Domicilio,Nequi
1785,2026-08-16,07:56,1,C086,Domicilio,Nequi
1786,2026-08-16,15:42,1,,Mostrador,Nequi
1787,2026-08-16,15:52,1,,Mostrador,Efectivo
1788,2026-08-16,08:25,1,,Mostrador,Tarjeta
1789,2026-08-16,08:47,1,C172,Mostrador,Nequi
1790,2026-08-16,09:02,1,C246,Mostrador,Nequi
1791,2026-08-16,10:31,1,,Mostrador,Nequi
1792,2026-08-16,06:24,1,,Mostrador,Nequi
1793,2026-08-16,15:39,1,,Mostrador,Efectivo
1794,2026-08-16,12:25,1,C069,Mostrador,Efectivo
1795,2026-08-16,08:23,1,,Mostrador,Tarjeta
1796,2026-08-16,10:16,1,C175,Mostrador,Tarjeta
1797,2026-08-16,15:19,1,C297,Mostrador,Nequi
1798,2026-08-16,14:21,1,,Mostrador,Nequi
1799,2026-08-16,15:15,1,C195,Mostrador,Tarjeta
1800,2026-08-16,08:35,1,,Mostrador,Nequi
1801,2026-08-16,08:16,1,C040,Domicilio,Nequi
1802,2026-08-16,09:56,1,C035,Mostrador,Efectivo
1803,2026-08-16,16:31,1,,Domicilio,Nequi
1804,2026-08-16,15:48,1,,Mostrador,Tarjeta
1805,2026-08-16,08:02,1,C084,Mostrador,Nequi
1806,2026-08-16,08:24,1,,Mostrador,Efectivo
1807,2026-08-16,20:40,1,C028,Mostrador,Nequi
1808,2026-08-16,18:59,1,C249,Mostrador,Nequi
1809,2026-08-16,17:35,1,C066,Mostrador,Tarjeta
1810,2026-08-16,06:41,1,,Mostrador,Nequi
1811,2026-08-16,09:20,1,C141,Mostrador,Efectivo
1812,2026-08-16,07:13,1,,Domicilio,Efectivo
1813,2026-08-16,08:15,1,,Domicilio,Efectivo
1814,2026-08-16,11:06,1,C255,Mostrador,Nequi
1815,2026-08-16,13:03,1,,Mostrador,Nequi
1816,2026-08-16,16:40,1,,Mostrador,Efectivo
1817,2026-08-16,12:14,1,C012,Domicilio,Efectivo
1818,2026-08-16,15:51,1,C163,Domicilio,Nequi
1819,2026-08-16,14:59,1,C170,Mostrador,Tarjeta
1820,2026-08-16,06:17,1,C112,Domicilio,Tarjeta
1821,2026-08-16,16:20,1,C085,Mostrador,Efectivo
1822,2026-08-16,14:07,1,,Mostrador,Efectivo
1823,2026-08-16,16:32,1,C114,Mostrador,Nequi
1824,2026-08-16,09:12,1,C279,Mostrador,Nequi
1825,2026-08-16,15:44,1,C123,Mostrador,Efectivo
1826,2026-08-16,08:05,1,,Mostrador,Nequi
1827,2026-08-16,07:40,1,C135,Mostrador,Nequi
1828,2026-08-16,10:38,1,,Mostrador,Nequi
1829,2026-08-16,16:48,1,,Mostrador,Efectivo
1830,2026-08-16,10:00,1,C156,Mostrador,Efectivo
1831,2026-08-16,16:57,1,,Mostrador,Nequi
1832,2026-08-16,08:56,1,,Mostrador,Tarjeta
1833,2026-08-16,17:17,1,,Mostrador,Nequi
1834,2026-08-16,09:24,1,,Domicilio,Tarjeta
1835,2026-08-16,12:54,1,C015,Mostrador,Nequi
1836,2026-08-16,07:17,1,C252,Mostrador,Efectivo
1837,2026-08-16,11:18,1,C280,Mostrador,Efectivo
1838,2026-08-16,07:49,1,,Mostrador,Tarjeta
1839,2026-08-16,09:08,1,,Mostrador,Efectivo
1840,2026-08-16,07:36,1,,Mostrador,Efectivo
1841,2026-08-16,17:23,1,,Mostrador,Nequi
1842,2026-08-16,07:37,1,,Mostrador,Nequi
1843,2026-08-16,18:11,1,,Mostrador,Efectivo
1844,2026-08-16,15:47,1,C106,Mostrador,Tarjeta
1845,2026-08-16,07:47,1,,Mostrador,Efectivo
1846,2026-08-16,16:56,1,C047,Mostrador,Nequi
1847,2026-08-16,11:44,1,,Domicilio,Efectivo
1848,2026-08-16,17:58,1,,Mostrador,Tarjeta
1849,2026-08-16,08:32,1,,Mostrador,Tarjeta
1850,2026-08-16,07:51,1,C124,Mostrador,Efectivo
1851,2026-08-16,15:41,1,,Mostrador,Tarjeta
1852,2026-08-16,12:43,1,,Mostrador,Tarjeta
1853,2026-08-16,19:13,1,C071,Mostrador,Nequi
1854,2026-08-16,17:02,1,C178,Mostrador,Nequi
1855,2026-08-16,08:16,1,C218,Mostrador,Tarjeta
1856,2026-08-16,07:20,1,C275,Mostrador,Nequi
1857,2026-08-16,09:03,1,C233,Mostrador,Tarjeta
1858,2026-08-16,11:17,2,,Domicilio,Tarjeta
1859,2026-08-16,07:30,2,,Mostrador,Nequi
1860,2026-08-16,12:05,2,,Mostrador,Tarjeta
1861,2026-08-16,09:54,2,,Mostrador,Nequi
1862,2026-08-16,08:47,2,,Mostrador,Nequi
1863,2026-08-16,14:44,2,C053,Mostrador,Nequi
1864,2026-08-16,09:45,2,,Domicilio,Nequi
1865,2026-08-16,17:36,2,,Mostrador,Efectivo
1866,2026-08-16,07:14,2,C273,Mostrador,Nequi
1867,2026-08-16,13:38,2,,Mostrador,Efectivo
1868,2026-08-16,17:54,2,C225,Mostrador,Tarjeta
1869,2026-08-16,08:45,2,,Mostrador,Tarjeta
1870,2026-08-16,14:50,2,,Mostrador,Nequi
1871,2026-08-16,16:16,2,,Domicilio,Tarjeta
1872,2026-08-16,10:53,2,C103,Domicilio,Tarjeta
1873,2026-08-16,09:35,2,,Mostrador,Efectivo
1874,2026-08-16,13:33,2,C131,Mostrador,Nequi
1875,2026-08-16,08:23,2,C292,Mostrador,Efectivo
1876,2026-08-16,09:09,2,,Mostrador,Efectivo
1877,2026-08-16,10:41,2,,Mostrador,Efectivo
1878,2026-08-16,12:18,2,,Domicilio,Nequi
1879,2026-08-16,09:25,2,C188,Mostrador,Nequi
1880,2026-08-16,16:13,2,C217,Mostrador,Efectivo
1881,2026-08-16,14:37,2,,Mostrador,Nequi
1882,2026-08-16,08:49,2,,Domicilio,Nequi
1883,2026-08-16,17:38,2,,Mostrador,Nequi
1884,2026-08-16,16:38,2,,Mostrador,Nequi
1885,2026-08-16,15:03,2,C241,Mostrador,Efectivo
1886,2026-08-16,13:21,2,,Mostrador,Efectivo
1887,2026-08-16,07:12,2,C267,Mostrador,Tarjeta
1888,2026-08-16,09:51,2,C125,Mostrador,Efectivo
1889,2026-08-16,20:38,2,,Mostrador,Nequi
1890,2026-08-16,11:55,2,,Mostrador,Nequi
1891,2026-08-16,07:38,2,C213,Mostrador,Tarjeta
1892,2026-08-16,08:18,2,,Domicilio,Efectivo
1893,2026-08-16,17:05,2,C293,Domicilio,Efectivo
1894,2026-08-16,09:17,2,C244,Mostrador,Tarjeta
1895,2026-08-16,11:05,2,,Domicilio,Efectivo
1896,2026-08-16,10:12,2,C142,Domicilio,Tarjeta
1897,2026-08-16,17:00,2,,Mostrador,Efectivo
1898,2026-08-16,13:15,2,,Mostrador,Efectivo
1899,2026-08-16,18:38,2,C198,Mostrador,Efectivo
1900,2026-08-16,11:49,2,C217,Mostrador,Nequi
1901,2026-08-16,18:28,2,,Domicilio,Efectivo
1902,2026-08-16,07:49,2,C261,Mostrador,Efectivo
1903,2026-08-16,13:24,2,,Mostrador,Tarjeta
1904,2026-08-16,10:05,2,,Domicilio,Nequi
1905,2026-08-16,06:32,2,,Mostrador,Tarjeta
1906,2026-08-16,09:11,2,,Domicilio,Nequi
1907,2026-08-16,17:59,2,,Mostrador,Nequi
1908,2026-08-16,06:37,2,,Mostrador,Tarjeta
1909,2026-08-16,08:50,2,,Domicilio,Tarjeta
1910,2026-08-16,17:16,2,,Mostrador,Nequi
1911,2026-08-16,19:39,2,,Mostrador,Nequi
1912,2026-08-17,14:18,1,C080,Mostrador,Efectivo
1913,2026-08-17,12:48,1,,Mostrador,Efectivo
1914,2026-08-17,08:10,1,C003,Domicilio,Tarjeta
1915,2026-08-17,17:59,1,,Mostrador,Tarjeta
1916,2026-08-17,12:09,1,C043,Mostrador,Nequi
1917,2026-08-17,17:06,1,C254,Mostrador,Efectivo
1918,2026-08-17,07:51,1,,Mostrador,Nequi
1919,2026-08-17,09:12,1,C126,Mostrador,Nequi
1920,2026-08-17,16:57,1,C115,Domicilio,Tarjeta
1921,2026-08-17,10:55,1,C112,Mostrador,Nequi
1922,2026-08-17,20:10,1,,Mostrador,Efectivo
1923,2026-08-17,14:19,1,C190,Mostrador,Efectivo
1924,2026-08-17,19:15,1,C238,Mostrador,Tarjeta
1925,2026-08-17,07:45,1,C031,Mostrador,Efectivo
1926,2026-08-17,08:54,1,C077,Domicilio,Efectivo
1927,2026-08-17,06:06,1,C209,Domicilio,Tarjeta
1928,2026-08-17,18:34,1,,Mostrador,Tarjeta
1929,2026-08-17,09:53,1,C090,Mostrador,Nequi
1930,2026-08-17,13:25,1,,Mostrador,Nequi
1931,2026-08-17,15:18,1,C246,Mostrador,Nequi
1932,2026-08-17,17:04,1,,Mostrador,Tarjeta
1933,2026-08-17,14:05,1,C268,Mostrador,Tarjeta
1934,2026-08-17,12:27,1,,Mostrador,Nequi
1935,2026-08-17,16:51,1,,Mostrador,Efectivo
1936,2026-08-17,14:28,1,,Mostrador,Tarjeta
1937,2026-08-17,15:32,1,,Mostrador,Tarjeta
1938,2026-08-17,12:03,1,,Mostrador,Tarjeta
1939,2026-08-17,16:14,1,,Mostrador,Efectivo
1940,2026-08-17,06:56,1,C239,Mostrador,Efectivo
1941,2026-08-17,09:25,1,,Mostrador,Nequi
1942,2026-08-17,09:37,1,C060,Mostrador,Nequi
1943,2026-08-17,08:13,1,,Mostrador,Tarjeta
1944,2026-08-17,18:38,1,C187,Mostrador,Nequi
1945,2026-08-17,16:25,1,C121,Mostrador,Nequi
1946,2026-08-17,10:03,1,C067,Mostrador,Nequi
1947,2026-08-17,07:25,1,C135,Mostrador,Nequi
1948,2026-08-17,09:35,1,,Mostrador,Tarjeta
1949,2026-08-17,09:55,1,,Mostrador,Tarjeta
1950,2026-08-17,07:36,1,,Mostrador,Efectivo
1951,2026-08-17,06:47,1,C235,Mostrador,Efectivo
1952,2026-08-17,14:53,1,,Mostrador,Nequi
1953,2026-08-17,07:39,1,C280,Mostrador,Tarjeta
1954,2026-08-17,15:03,1,C228,Mostrador,Efectivo
1955,2026-08-17,09:51,1,C157,Mostrador,Tarjeta
1956,2026-08-17,13:10,1,,Mostrador,Nequi
1957,2026-08-17,09:45,1,,Domicilio,Efectivo
1958,2026-08-17,10:33,1,C268,Mostrador,Tarjeta
1959,2026-08-17,15:44,1,,Mostrador,Tarjeta
1960,2026-08-17,13:01,1,,Mostrador,Tarjeta
1961,2026-08-17,12:30,1,C185,Mostrador,Tarjeta
1962,2026-08-17,16:51,1,,Mostrador,Nequi
1963,2026-08-17,08:27,1,C162,Mostrador,Tarjeta
1964,2026-08-17,09:21,1,C044,Mostrador,Nequi
1965,2026-08-17,16:19,1,,Domicilio,Tarjeta
1966,2026-08-17,09:52,1,,Domicilio,Tarjeta
1967,2026-08-17,07:51,1,,Domicilio,Efectivo
1968,2026-08-17,15:39,1,,Mostrador,Tarjeta
1969,2026-08-17,10:42,1,C096,Mostrador,Efectivo
1970,2026-08-17,15:58,1,,Mostrador,Tarjeta
1971,2026-08-17,18:17,1,,Mostrador,Nequi
1972,2026-08-17,12:21,1,C091,Mostrador,Tarjeta
1973,2026-08-17,11:05,1,C203,Mostrador,Nequi
1974,2026-08-17,15:35,1,,Mostrador,Nequi
1975,2026-08-17,16:22,1,,Mostrador,Tarjeta
1976,2026-08-17,19:54,1,,Mostrador,Efectivo
1977,2026-08-17,09:30,1,C061,Domicilio,Tarjeta
1978,2026-08-17,13:12,1,,Domicilio,Efectivo
1979,2026-08-17,15:12,1,,Mostrador,Efectivo
1980,2026-08-17,16:33,1,,Domicilio,Efectivo
1981,2026-08-17,09:58,1,C138,Mostrador,Efectivo
1982,2026-08-17,07:21,1,,Mostrador,Nequi
1983,2026-08-17,14:07,1,C075,Mostrador,Tarjeta
1984,2026-08-17,17:27,1,C089,Domicilio,Tarjeta
1985,2026-08-17,07:58,1,C161,Mostrador,Nequi
1986,2026-08-17,08:59,1,,Mostrador,Tarjeta
1987,2026-08-17,14:58,1,,Mostrador,Efectivo
1988,2026-08-17,09:09,1,,Mostrador,Nequi
1989,2026-08-17,12:57,1,C172,Mostrador,Tarjeta
1990,2026-08-17,08:54,1,,Mostrador,Nequi
1991,2026-08-17,10:38,1,C124,Mostrador,Tarjeta
1992,2026-08-17,08:34,1,,Mostrador,Nequi
1993,2026-08-17,11:29,1,,Domicilio,Efectivo
1994,2026-08-17,12:10,1,,Mostrador,Tarjeta
1995,2026-08-17,09:46,1,C141,Mostrador,Nequi
1996,2026-08-17,20:54,1,C109,Mostrador,Nequi
1997,2026-08-17,08:37,1,,Mostrador,Efectivo
1998,2026-08-17,09:43,1,,Domicilio,Efectivo
1999,2026-08-17,09:26,1,,Mostrador,Nequi
2000,2026-08-17,08:17,1,,Mostrador,Efectivo
2001,2026-08-17,17:06,1,C039,Domicilio,Nequi
2002,2026-08-17,17:46,1,,Domicilio,Tarjeta
2003,2026-08-17,11:58,1,,Mostrador,Tarjeta
2004,2026-08-17,08:48,1,,Domicilio,Tarjeta
2005,2026-08-17,16:59,1,,Domicilio,Efectivo
2006,2026-08-17,10:52,1,,Mostrador,Efectivo
2007,2026-08-17,17:59,1,,Mostrador,Efectivo
2008,2026-08-17,06:54,1,,Mostrador,Efectivo
2009,2026-08-17,13:44,1,,Mostrador,Tarjeta
2010,2026-08-17,15:24,2,,Mostrador,Tarjeta
2011,2026-08-17,12:58,2,C095,Mostrador,Nequi
2012,2026-08-17,09:49,2,C105,Mostrador,Efectivo
2013,2026-08-17,17:28,2,,Mostrador,Nequi
2014,2026-08-17,09:22,2,,Mostrador,Tarjeta
2015,2026-08-17,07:32,2,C189,Mostrador,Nequi
2016,2026-08-17,10:41,2,,Mostrador,Nequi
2017,2026-08-17,16:44,2,,Mostrador,Nequi
2018,2026-08-17,13:31,2,C131,Mostrador,Efectivo
2019,2026-08-17,09:13,2,,Domicilio,Nequi
2020,2026-08-17,14:56,2,,Mostrador,Tarjeta
2021,2026-08-17,10:10,2,,Mostrador,Efectivo
2022,2026-08-17,06:00,2,C208,Mostrador,Efectivo
2023,2026-08-17,12:36,2,C074,Mostrador,Tarjeta
2024,2026-08-17,15:04,2,,Mostrador,Nequi
2025,2026-08-17,18:28,2,,Mostrador,Nequi
2026,2026-08-17,10:11,2,,Mostrador,Efectivo
2027,2026-08-17,10:22,2,,Mostrador,Nequi
2028,2026-08-17,12:15,2,,Mostrador,Nequi
2029,2026-08-17,09:45,2,,Mostrador,Tarjeta
2030,2026-08-17,13:40,2,,Mostrador,Efectivo
2031,2026-08-17,09:39,2,C252,Domicilio,Tarjeta
2032,2026-08-17,20:37,2,,Mostrador,Nequi
2033,2026-08-17,10:28,2,C296,Domicilio,Efectivo
2034,2026-08-17,06:48,2,,Domicilio,Tarjeta
2035,2026-08-17,17:03,2,,Mostrador,Efectivo
2036,2026-08-17,16:37,2,C157,Mostrador,Nequi
2037,2026-08-17,08:00,2,C088,Mostrador,Efectivo
2038,2026-08-17,10:39,2,,Mostrador,Efectivo
2039,2026-08-17,13:25,2,,Mostrador,Tarjeta
2040,2026-08-17,07:48,2,C132,Mostrador,Efectivo
2041,2026-08-17,10:36,2,C008,Mostrador,Efectivo
2042,2026-08-17,16:43,2,,Mostrador,Nequi
2043,2026-08-17,14:41,2,,Mostrador,Tarjeta
2044,2026-08-17,13:52,2,,Mostrador,Nequi
2045,2026-08-17,08:38,2,,Domicilio,Efectivo
2046,2026-08-17,14:26,2,C204,Domicilio,Tarjeta
2047,2026-08-17,10:36,2,C160,Mostrador,Nequi
2048,2026-08-17,12:49,2,C169,Mostrador,Efectivo
2049,2026-08-17,09:22,2,,Domicilio,Nequi
2050,2026-08-17,09:17,2,,Mostrador,Efectivo
2051,2026-08-17,06:16,2,C230,Mostrador,Efectivo
2052,2026-08-17,08:14,2,C246,Mostrador,Efectivo
2053,2026-08-17,10:16,2,,Mostrador,Efectivo
2054,2026-08-17,12:59,2,,Mostrador,Nequi
2055,2026-08-17,06:36,2,,Domicilio,Tarjeta
2056,2026-08-17,07:25,2,C061,Mostrador,Nequi
2057,2026-08-17,14:28,2,,Mostrador,Efectivo
2058,2026-08-17,15:18,2,C086,Mostrador,Nequi
2059,2026-08-17,07:01,2,,Mostrador,Efectivo
2060,2026-08-17,08:49,2,,Mostrador,Tarjeta
2061,2026-08-17,16:28,2,C115,Mostrador,Tarjeta
2062,2026-08-17,11:42,2,C067,Domicilio,Tarjeta
2063,2026-08-17,10:52,2,,Mostrador,Efectivo
2064,2026-08-17,12:43,2,,Mostrador,Efectivo
2065,2026-08-17,18:50,2,,Mostrador,Efectivo
2066,2026-08-17,12:54,2,C075,Mostrador,Efectivo
2067,2026-08-17,14:02,2,,Mostrador,Nequi
2068,2026-08-17,07:21,2,,Mostrador,Tarjeta
2069,2026-08-17,08:17,2,C262,Mostrador,Tarjeta
2070,2026-08-17,17:33,2,,Mostrador,Nequi
2071,2026-08-17,07:35,2,,Mostrador,Nequi
2072,2026-08-17,17:13,2,,Mostrador,Nequi
2073,2026-08-17,16:10,2,,Mostrador,Efectivo
2074,2026-08-17,10:05,2,C283,Domicilio,Tarjeta
2075,2026-08-17,11:53,2,C211,Domicilio,Nequi
2076,2026-08-17,16:54,2,,Mostrador,Efectivo
2077,2026-08-17,17:09,2,,Domicilio,Efectivo
2078,2026-08-17,17:51,2,C108,Mostrador,Tarjeta
2079,2026-08-17,18:04,2,C001,Mostrador,Nequi
2080,2026-08-17,17:28,2,,Mostrador,Efectivo
2081,2026-08-17,16:58,2,,Mostrador,Efectivo
2082,2026-08-18,10:37,1,C113,Mostrador,Efectivo
2083,2026-08-18,07:04,1,,Mostrador,Nequi
2084,2026-08-18,12:35,1,,Mostrador,Tarjeta
2085,2026-08-18,16:39,1,C217,Mostrador,Tarjeta
2086,2026-08-18,17:26,1,C137,Mostrador,Nequi
2087,2026-08-18,08:33,1,,Domicilio,Tarjeta
2088,2026-08-18,11:34,1,C106,Mostrador,Efectivo
2089,2026-08-18,16:10,1,C098,Mostrador,Efectivo
2090,2026-08-18,13:27,1,C276,Mostrador,Tarjeta
2091,2026-08-18,11:49,1,C257,Mostrador,Nequi
2092,2026-08-18,12:00,1,C260,Mostrador,Tarjeta
2093,2026-08-18,16:58,1,C200,Mostrador,Tarjeta
2094,2026-08-18,09:35,1,,Domicilio,Nequi
2095,2026-08-18,16:56,1,C131,Mostrador,Nequi
2096,2026-08-18,09:18,1,,Mostrador,Nequi
2097,2026-08-18,08:27,1,,Mostrador,Efectivo
2098,2026-08-18,08:05,1,,Domicilio,Tarjeta
2099,2026-08-18,09:14,1,,Mostrador,Efectivo
2100,2026-08-18,15:44,1,C041,Mostrador,Efectivo
2101,2026-08-18,18:48,1,,Mostrador,Nequi
2102,2026-08-18,15:43,1,C066,Domicilio,Tarjeta
2103,2026-08-18,13:01,1,C010,Domicilio,Efectivo
2104,2026-08-18,10:28,1,C017,Mostrador,Nequi
2105,2026-08-18,10:43,1,C243,Mostrador,Nequi
2106,2026-08-18,10:38,1,,Mostrador,Tarjeta
2107,2026-08-18,08:34,1,,Mostrador,Nequi
2108,2026-08-18,16:05,1,C109,Mostrador,Efectivo
2109,2026-08-18,19:47,1,C250,Mostrador,Efectivo
2110,2026-08-18,17:43,1,,Mostrador,Nequi
2111,2026-08-18,15:09,1,C090,Mostrador,Nequi
2112,2026-08-18,07:08,1,C227,Mostrador,Efectivo
2113,2026-08-18,12:14,1,C272,Domicilio,Tarjeta
2114,2026-08-18,09:19,1,,Mostrador,Efectivo
2115,2026-08-18,09:11,1,C204,Mostrador,Tarjeta
2116,2026-08-18,07:11,1,C287,Mostrador,Tarjeta
2117,2026-08-18,12:50,1,C252,Mostrador,Tarjeta
2118,2026-08-18,10:20,1,C098,Mostrador,Tarjeta
2119,2026-08-18,17:49,1,,Mostrador,Tarjeta
2120,2026-08-18,07:46,1,,Mostrador,Efectivo
2121,2026-08-18,10:56,1,C195,Domicilio,Nequi
2122,2026-08-18,11:00,1,,Domicilio,Nequi
2123,2026-08-18,08:04,1,,Mostrador,Efectivo
2124,2026-08-18,08:08,1,,Mostrador,Efectivo
2125,2026-08-18,06:10,1,,Mostrador,Efectivo
2126,2026-08-18,07:22,1,C018,Mostrador,Nequi
2127,2026-08-18,18:06,1,,Domicilio,Efectivo
2128,2026-08-18,10:08,1,C235,Mostrador,Tarjeta
2129,2026-08-18,11:51,1,,Mostrador,Nequi
2130,2026-08-18,09:43,1,,Mostrador,Efectivo
2131,2026-08-18,18:47,1,C255,Mostrador,Tarjeta
2132,2026-08-18,08:27,1,C052,Domicilio,Nequi
2133,2026-08-18,07:34,1,C300,Mostrador,Nequi
2134,2026-08-18,09:44,1,,Mostrador,Efectivo
2135,2026-08-18,07:48,1,C046,Domicilio,Nequi
2136,2026-08-18,14:32,1,,Mostrador,Tarjeta
2137,2026-08-18,13:45,1,C012,Mostrador,Tarjeta
2138,2026-08-18,12:36,1,,Mostrador,Nequi
2139,2026-08-18,08:34,1,,Mostrador,Tarjeta
2140,2026-08-18,19:08,1,,Mostrador,Efectivo
2141,2026-08-18,15:04,1,C083,Mostrador,Efectivo
2142,2026-08-18,15:26,1,C006,Mostrador,Tarjeta
2143,2026-08-18,10:10,1,,Mostrador,Efectivo
2144,2026-08-18,15:43,1,,Mostrador,Nequi
2145,2026-08-18,08:43,1,C185,Mostrador,Efectivo
2146,2026-08-18,06:06,1,,Mostrador,Efectivo
2147,2026-08-18,10:41,1,,Domicilio,Tarjeta
2148,2026-08-18,13:31,1,C255,Mostrador,Efectivo
2149,2026-08-18,15:29,1,,Mostrador,Efectivo
2150,2026-08-18,09:53,1,,Mostrador,Nequi
2151,2026-08-18,09:10,1,C107,Mostrador,Efectivo
2152,2026-08-18,10:15,1,,Mostrador,Efectivo
2153,2026-08-18,13:50,1,,Mostrador,Tarjeta
2154,2026-08-18,14:15,1,C269,Mostrador,Tarjeta
2155,2026-08-18,18:54,1,,Mostrador,Efectivo
2156,2026-08-18,20:25,1,,Mostrador,Tarjeta
2157,2026-08-18,16:47,1,C212,Mostrador,Efectivo
2158,2026-08-18,15:43,1,C291,Mostrador,Nequi
2159,2026-08-18,07:53,1,,Mostrador,Nequi
2160,2026-08-18,12:56,1,C237,Mostrador,Tarjeta
2161,2026-08-18,10:35,1,C093,Domicilio,Efectivo
2162,2026-08-18,08:52,1,,Mostrador,Tarjeta
2163,2026-08-18,17:13,2,C182,Mostrador,Nequi
2164,2026-08-18,07:47,2,,Mostrador,Efectivo
2165,2026-08-18,08:02,2,,Mostrador,Efectivo
2166,2026-08-18,07:19,2,,Mostrador,Efectivo
2167,2026-08-18,12:59,2,C040,Mostrador,Efectivo
2168,2026-08-18,10:44,2,C196,Domicilio,Tarjeta
2169,2026-08-18,16:20,2,C149,Mostrador,Nequi
2170,2026-08-18,09:55,2,C245,Mostrador,Nequi
2171,2026-08-18,06:19,2,,Mostrador,Efectivo
2172,2026-08-18,14:44,2,,Mostrador,Tarjeta
2173,2026-08-18,10:50,2,,Domicilio,Tarjeta
2174,2026-08-18,10:34,2,,Domicilio,Nequi
2175,2026-08-18,11:39,2,C146,Mostrador,Efectivo
2176,2026-08-18,09:52,2,C009,Mostrador,Nequi
2177,2026-08-18,08:44,2,C095,Domicilio,Efectivo
2178,2026-08-18,14:32,2,,Mostrador,Tarjeta
2179,2026-08-18,09:26,2,,Mostrador,Nequi
2180,2026-08-18,20:30,2,C023,Mostrador,Tarjeta
2181,2026-08-18,07:58,2,,Mostrador,Nequi
2182,2026-08-18,15:11,2,C205,Mostrador,Efectivo
2183,2026-08-18,10:11,2,,Domicilio,Nequi
2184,2026-08-18,08:40,2,,Mostrador,Efectivo
2185,2026-08-18,13:29,2,,Mostrador,Efectivo
2186,2026-08-18,14:14,2,,Mostrador,Nequi
2187,2026-08-18,11:22,2,C145,Mostrador,Tarjeta
2188,2026-08-18,07:13,2,,Mostrador,Tarjeta
2189,2026-08-18,18:51,2,,Mostrador,Nequi
2190,2026-08-18,08:34,2,,Mostrador,Nequi
2191,2026-08-18,14:49,2,,Domicilio,Nequi
2192,2026-08-18,15:46,2,C253,Mostrador,Nequi
2193,2026-08-18,08:01,2,,Mostrador,Tarjeta
2194,2026-08-18,08:42,2,,Domicilio,Efectivo
2195,2026-08-18,09:48,2,,Domicilio,Tarjeta
2196,2026-08-18,07:36,2,C032,Mostrador,Tarjeta
2197,2026-08-18,10:53,2,,Mostrador,Nequi
2198,2026-08-18,07:21,2,,Mostrador,Efectivo
2199,2026-08-18,16:27,2,,Mostrador,Nequi
2200,2026-08-18,20:00,2,,Mostrador,Efectivo
2201,2026-08-18,16:42,2,,Domicilio,Tarjeta
2202,2026-08-18,07:33,2,,Mostrador,Tarjeta
2203,2026-08-18,07:37,2,C081,Mostrador,Tarjeta
2204,2026-08-19,08:25,1,C140,Mostrador,Tarjeta
2205,2026-08-19,08:34,1,,Mostrador,Efectivo
2206,2026-08-19,13:38,1,C236,Mostrador,Nequi
2207,2026-08-19,08:21,1,C164,Mostrador,Efectivo
2208,2026-08-19,16:54,1,,Mostrador,Tarjeta
2209,2026-08-19,09:49,1,C276,Mostrador,Nequi
2210,2026-08-19,19:32,1,C144,Mostrador,Efectivo
2211,2026-08-19,15:31,1,C057,Mostrador,Efectivo
2212,2026-08-19,17:24,1,,Mostrador,Efectivo
2213,2026-08-19,09:35,1,,Mostrador,Efectivo
2214,2026-08-19,09:11,1,,Mostrador,Efectivo
2215,2026-08-19,17:01,1,C043,Domicilio,Nequi
2216,2026-08-19,10:18,1,,Mostrador,Tarjeta
2217,2026-08-19,07:48,1,,Mostrador,Efectivo
2218,2026-08-19,12:45,1,,Mostrador,Tarjeta
2219,2026-08-19,07:02,1,C119,Domicilio,Tarjeta
2220,2026-08-19,11:33,1,,Mostrador,Tarjeta
2221,2026-08-19,13:42,1,C280,Mostrador,Efectivo
2222,2026-08-19,12:42,1,,Mostrador,Nequi
2223,2026-08-19,15:02,1,C063,Mostrador,Efectivo
2224,2026-08-19,20:01,1,,Domicilio,Tarjeta
2225,2026-08-19,07:24,1,,Mostrador,Nequi
2226,2026-08-19,09:28,1,C220,Mostrador,Nequi
2227,2026-08-19,10:54,1,,Mostrador,Efectivo
2228,2026-08-19,16:46,1,,Mostrador,Tarjeta
2229,2026-08-19,11:39,1,C175,Mostrador,Efectivo
2230,2026-08-19,15:04,1,C273,Domicilio,Tarjeta
2231,2026-08-19,08:29,1,C102,Domicilio,Nequi
2232,2026-08-19,10:00,1,,Domicilio,Efectivo
2233,2026-08-19,09:13,1,,Domicilio,Efectivo
2234,2026-08-19,11:38,1,C232,Mostrador,Tarjeta
2235,2026-08-19,11:03,1,,Mostrador,Nequi
2236,2026-08-19,09:44,1,,Mostrador,Efectivo
2237,2026-08-19,18:41,1,,Mostrador,Tarjeta
2238,2026-08-19,10:09,1,C082,Mostrador,Efectivo
2239,2026-08-19,07:21,1,C233,Mostrador,Tarjeta
2240,2026-08-19,07:18,1,,Mostrador,Tarjeta
2241,2026-08-19,08:01,1,C133,Mostrador,Efectivo
2242,2026-08-19,09:14,1,C020,Mostrador,Nequi
2243,2026-08-19,18:35,1,C003,Mostrador,Efectivo
2244,2026-08-19,07:23,1,,Mostrador,Efectivo
2245,2026-08-19,09:40,1,C111,Domicilio,Efectivo
2246,2026-08-19,09:50,1,C257,Mostrador,Nequi
2247,2026-08-19,16:15,1,,Mostrador,Nequi
2248,2026-08-19,12:32,1,,Mostrador,Tarjeta
2249,2026-08-19,10:06,1,C052,Mostrador,Nequi
2250,2026-08-19,08:18,1,,Domicilio,Efectivo
2251,2026-08-19,18:24,1,,Mostrador,Nequi
2252,2026-08-19,17:05,1,,Mostrador,Nequi
2253,2026-08-19,07:37,1,C110,Domicilio,Nequi
2254,2026-08-19,11:27,1,C252,Mostrador,Nequi
2255,2026-08-19,19:15,1,,Mostrador,Tarjeta
2256,2026-08-19,20:48,1,C079,Mostrador,Tarjeta
2257,2026-08-19,09:28,1,C147,Mostrador,Nequi
2258,2026-08-19,10:25,1,,Mostrador,Efectivo
2259,2026-08-19,13:31,1,,Domicilio,Tarjeta
2260,2026-08-19,10:51,1,,Mostrador,Nequi
2261,2026-08-19,08:07,1,C218,Mostrador,Nequi
2262,2026-08-19,15:14,1,,Mostrador,Nequi
2263,2026-08-19,16:56,1,C112,Mostrador,Nequi
2264,2026-08-19,13:36,1,C091,Mostrador,Efectivo
2265,2026-08-19,07:56,1,C203,Domicilio,Nequi
2266,2026-08-19,17:49,1,,Mostrador,Nequi
2267,2026-08-19,16:25,1,,Mostrador,Efectivo
2268,2026-08-19,08:05,1,,Domicilio,Tarjeta
2269,2026-08-19,12:36,1,C016,Mostrador,Efectivo
2270,2026-08-19,10:37,1,,Mostrador,Nequi
2271,2026-08-19,09:26,1,C111,Mostrador,Nequi
2272,2026-08-19,18:38,1,,Mostrador,Tarjeta
2273,2026-08-19,17:04,1,,Mostrador,Efectivo
2274,2026-08-19,07:05,1,,Mostrador,Nequi
2275,2026-08-19,10:15,1,C221,Mostrador,Nequi
2276,2026-08-19,11:18,1,,Mostrador,Nequi
2277,2026-08-19,13:34,1,C108,Mostrador,Efectivo
2278,2026-08-19,07:45,1,C257,Mostrador,Nequi
2279,2026-08-19,08:07,1,,Mostrador,Nequi
2280,2026-08-19,06:21,1,,Mostrador,Efectivo
2281,2026-08-19,17:08,1,C016,Mostrador,Tarjeta
2282,2026-08-19,10:08,1,,Mostrador,Efectivo
2283,2026-08-19,18:37,1,C166,Domicilio,Tarjeta
2284,2026-08-19,10:41,1,,Mostrador,Tarjeta
2285,2026-08-19,10:48,1,C186,Mostrador,Efectivo
2286,2026-08-19,08:06,2,C275,Domicilio,Nequi
2287,2026-08-19,09:01,2,,Mostrador,Efectivo
2288,2026-08-19,07:30,2,C269,Mostrador,Efectivo
2289,2026-08-19,09:46,2,,Mostrador,Nequi
2290,2026-08-19,07:50,2,,Mostrador,Nequi
2291,2026-08-19,10:45,2,,Mostrador,Efectivo
2292,2026-08-19,08:03,2,,Domicilio,Tarjeta
2293,2026-08-19,14:55,2,C044,Mostrador,Nequi
2294,2026-08-19,13:54,2,,Domicilio,Efectivo
2295,2026-08-19,10:30,2,,Domicilio,Efectivo
2296,2026-08-19,11:04,2,C088,Mostrador,Tarjeta
2297,2026-08-19,14:31,2,C287,Mostrador,Nequi
2298,2026-08-19,18:13,2,,Mostrador,Nequi
2299,2026-08-19,07:16,2,,Mostrador,Tarjeta
2300,2026-08-19,09:20,2,,Mostrador,Tarjeta
2301,2026-08-19,08:07,2,,Mostrador,Nequi
2302,2026-08-19,09:07,2,C240,Mostrador,Tarjeta
2303,2026-08-19,12:59,2,,Mostrador,Nequi
2304,2026-08-19,16:44,2,,Mostrador,Nequi
2305,2026-08-19,18:33,2,,Mostrador,Efectivo
2306,2026-08-19,18:49,2,,Mostrador,Efectivo
2307,2026-08-19,15:03,2,C034,Domicilio,Tarjeta
2308,2026-08-19,09:20,2,,Mostrador,Efectivo
2309,2026-08-19,18:54,2,,Mostrador,Tarjeta
2310,2026-08-19,09:44,2,C226,Mostrador,Efectivo
2311,2026-08-19,10:34,2,,Mostrador,Tarjeta
2312,2026-08-19,16:25,2,,Mostrador,Tarjeta
2313,2026-08-19,08:09,2,,Mostrador,Tarjeta
2314,2026-08-19,10:16,2,C081,Mostrador,Nequi
2315,2026-08-19,15:58,2,C116,Mostrador,Nequi
2316,2026-08-19,09:05,2,,Mostrador,Tarjeta
2317,2026-08-19,18:52,2,C036,Mostrador,Nequi
2318,2026-08-19,07:10,2,C027,Mostrador,Nequi
2319,2026-08-19,11:58,2,,Domicilio,Tarjeta
2320,2026-08-19,07:20,2,,Mostrador,Nequi
2321,2026-08-19,17:58,2,,Domicilio,Efectivo
2322,2026-08-19,16:13,2,C289,Mostrador,Nequi
2323,2026-08-19,13:24,2,,Mostrador,Efectivo
2324,2026-08-19,17:31,2,C044,Mostrador,Nequi
2325,2026-08-19,10:50,2,C133,Mostrador,Nequi
2326,2026-08-19,08:01,2,C280,Mostrador,Efectivo
2327,2026-08-19,08:51,2,,Mostrador,Efectivo
2328,2026-08-19,18:52,2,,Mostrador,Efectivo
2329,2026-08-19,07:29,2,C153,Domicilio,Tarjeta
2330,2026-08-19,08:41,2,,Mostrador,Nequi
2331,2026-08-19,11:10,2,,Mostrador,Nequi
2332,2026-08-19,07:59,2,,Mostrador,Nequi
2333,2026-08-19,13:12,2,,Mostrador,Nequi
2334,2026-08-19,11:44,2,C259,Mostrador,Nequi
2335,2026-08-20,08:10,1,,Mostrador,Efectivo
2336,2026-08-20,07:44,1,C168,Domicilio,Nequi
2337,2026-08-20,08:54,1,,Mostrador,Tarjeta
2338,2026-08-20,09:03,1,,Mostrador,Efectivo
2339,2026-08-20,11:29,1,,Mostrador,Nequi
2340,2026-08-20,07:18,1,C059,Mostrador,Nequi
2341,2026-08-20,13:58,1,,Mostrador,Nequi
2342,2026-08-20,13:48,1,,Mostrador,Efectivo
2343,2026-08-20,10:58,1,C182,Mostrador,Tarjeta
2344,2026-08-20,18:49,1,,Mostrador,Efectivo
2345,2026-08-20,10:18,1,,Domicilio,Tarjeta
2346,2026-08-20,18:23,1,,Mostrador,Efectivo
2347,2026-08-20,16:42,1,,Mostrador,Efectivo
2348,2026-08-20,18:39,1,,Mostrador,Tarjeta
2349,2026-08-20,07:12,1,C091,Mostrador,Tarjeta
2350,2026-08-20,08:26,1,C259,Domicilio,Tarjeta
2351,2026-08-20,07:35,1,,Mostrador,Efectivo
2352,2026-08-20,09:34,1,,Mostrador,Efectivo
2353,2026-08-20,17:46,1,,Mostrador,Efectivo
2354,2026-08-20,17:10,1,,Mostrador,Nequi
2355,2026-08-20,07:13,1,C082,Mostrador,Tarjeta
2356,2026-08-20,19:50,1,,Mostrador,Nequi
2357,2026-08-20,11:09,1,,Mostrador,Nequi
2358,2026-08-20,08:34,1,C131,Mostrador,Efectivo
2359,2026-08-20,12:28,1,,Domicilio,Tarjeta
2360,2026-08-20,12:56,1,C290,Mostrador,Efectivo
2361,2026-08-20,12:54,1,C036,Mostrador,Nequi
2362,2026-08-20,07:20,1,,Mostrador,Tarjeta
2363,2026-08-20,11:42,1,C037,Mostrador,Tarjeta
2364,2026-08-20,15:32,1,C164,Domicilio,Efectivo
2365,2026-08-20,17:50,1,,Mostrador,Efectivo
2366,2026-08-20,09:38,1,C206,Mostrador,Nequi
2367,2026-08-20,07:12,1,C207,Mostrador,Tarjeta
2368,2026-08-20,19:31,1,,Mostrador,Nequi
2369,2026-08-20,07:21,1,,Mostrador,Efectivo
2370,2026-08-20,14:30,1,C043,Domicilio,Efectivo
2371,2026-08-20,08:06,1,C228,Domicilio,Nequi
2372,2026-08-20,16:42,1,C004,Mostrador,Tarjeta
2373,2026-08-20,10:00,1,,Domicilio,Tarjeta
2374,2026-08-20,08:20,1,,Mostrador,Efectivo
2375,2026-08-20,10:06,1,,Mostrador,Efectivo
2376,2026-08-20,14:08,1,,Mostrador,Efectivo
2377,2026-08-20,09:59,1,,Mostrador,Nequi
2378,2026-08-20,19:18,1,C268,Mostrador,Nequi
2379,2026-08-20,15:06,1,,Mostrador,Nequi
2380,2026-08-20,10:32,1,,Mostrador,Nequi
2381,2026-08-20,11:36,1,,Mostrador,Nequi
2382,2026-08-20,08:43,1,,Mostrador,Efectivo
2383,2026-08-20,15:52,1,,Mostrador,Tarjeta
2384,2026-08-20,18:26,1,C291,Domicilio,Tarjeta
2385,2026-08-20,11:02,1,C157,Mostrador,Nequi
2386,2026-08-20,07:50,1,,Mostrador,Efectivo
2387,2026-08-20,15:59,1,,Domicilio,Efectivo
2388,2026-08-20,16:36,1,,Domicilio,Tarjeta
2389,2026-08-20,13:16,1,C280,Domicilio,Efectivo
2390,2026-08-20,08:05,1,,Mostrador,Efectivo
2391,2026-08-20,08:57,1,C239,Mostrador,Tarjeta
2392,2026-08-20,06:10,1,C011,Mostrador,Tarjeta
2393,2026-08-20,16:47,1,,Mostrador,Nequi
2394,2026-08-20,08:21,1,C158,Mostrador,Nequi
2395,2026-08-20,11:04,1,,Mostrador,Nequi
2396,2026-08-20,14:02,1,C265,Mostrador,Tarjeta
2397,2026-08-20,16:38,1,C082,Mostrador,Nequi
2398,2026-08-20,13:56,1,C275,Domicilio,Efectivo
2399,2026-08-20,11:39,1,,Mostrador,Nequi
2400,2026-08-20,15:18,1,,Mostrador,Efectivo
2401,2026-08-20,16:32,1,,Domicilio,Nequi
2402,2026-08-20,09:22,1,C021,Mostrador,Tarjeta
2403,2026-08-20,13:07,1,,Mostrador,Nequi
2404,2026-08-20,08:13,1,,Mostrador,Nequi
2405,2026-08-20,18:26,1,,Mostrador,Nequi
2406,2026-08-20,09:51,1,,Mostrador,Nequi
2407,2026-08-20,09:05,1,,Mostrador,Tarjeta
2408,2026-08-20,15:54,1,,Domicilio,Efectivo
2409,2026-08-20,16:24,1,,Mostrador,Nequi
2410,2026-08-20,16:05,2,C034,Mostrador,Tarjeta
2411,2026-08-20,16:47,2,,Domicilio,Efectivo
2412,2026-08-20,11:16,2,,Mostrador,Efectivo
2413,2026-08-20,08:07,2,C243,Mostrador,Nequi
2414,2026-08-20,12:06,2,,Mostrador,Nequi
2415,2026-08-20,09:56,2,C269,Mostrador,Tarjeta
2416,2026-08-20,07:28,2,C256,Mostrador,Nequi
2417,2026-08-20,14:53,2,C019,Mostrador,Nequi
2418,2026-08-20,16:01,2,,Mostrador,Nequi
2419,2026-08-20,07:29,2,C240,Mostrador,Tarjeta
2420,2026-08-20,11:57,2,C060,Mostrador,Nequi
2421,2026-08-20,16:49,2,,Mostrador,Nequi
2422,2026-08-20,16:33,2,C037,Mostrador,Efectivo
2423,2026-08-20,12:01,2,C002,Mostrador,Tarjeta
2424,2026-08-20,07:11,2,C297,Mostrador,Nequi
2425,2026-08-20,10:17,2,C255,Domicilio,Tarjeta
2426,2026-08-20,09:56,2,,Domicilio,Efectivo
2427,2026-08-20,10:47,2,C295,Domicilio,Tarjeta
2428,2026-08-20,09:56,2,,Mostrador,Tarjeta
2429,2026-08-20,10:49,2,,Mostrador,Efectivo
2430,2026-08-20,10:26,2,,Domicilio,Nequi
2431,2026-08-20,13:29,2,,Mostrador,Nequi
2432,2026-08-20,14:50,2,C240,Mostrador,Nequi
2433,2026-08-20,07:44,2,C285,Domicilio,Nequi
2434,2026-08-20,17:01,2,C035,Domicilio,Tarjeta
2435,2026-08-20,17:10,2,C182,Mostrador,Nequi
2436,2026-08-20,07:25,2,C060,Mostrador,Efectivo
2437,2026-08-20,10:12,2,,Mostrador,Efectivo
2438,2026-08-20,15:13,2,,Mostrador,Efectivo
2439,2026-08-20,16:13,2,,Mostrador,Efectivo
2440,2026-08-20,08:47,2,,Mostrador,Tarjeta
2441,2026-08-20,13:49,2,C060,Mostrador,Nequi
2442,2026-08-20,09:59,2,,Domicilio,Nequi
2443,2026-08-20,19:38,2,C070,Mostrador,Efectivo
2444,2026-08-21,18:27,1,,Domicilio,Nequi
2445,2026-08-21,08:14,1,,Mostrador,Efectivo
2446,2026-08-21,10:04,1,,Mostrador,Tarjeta
2447,2026-08-21,11:47,1,,Mostrador,Nequi
2448,2026-08-21,13:16,1,,Mostrador,Tarjeta
2449,2026-08-21,15:30,1,C216,Mostrador,Efectivo
2450,2026-08-21,09:15,1,,Domicilio,Nequi
2451,2026-08-21,06:04,1,,Mostrador,Tarjeta
2452,2026-08-21,08:37,1,C192,Mostrador,Efectivo
2453,2026-08-21,09:21,1,,Domicilio,Efectivo
2454,2026-08-21,09:27,1,,Mostrador,Efectivo
2455,2026-08-21,14:50,1,,Domicilio,Efectivo
2456,2026-08-21,13:13,1,,Domicilio,Efectivo
2457,2026-08-21,07:13,1,,Mostrador,Nequi
2458,2026-08-21,20:16,1,,Mostrador,Nequi
2459,2026-08-21,10:51,1,,Mostrador,Efectivo
2460,2026-08-21,16:05,1,,Mostrador,Efectivo
2461,2026-08-21,17:28,1,C154,Mostrador,Nequi
2462,2026-08-21,10:11,1,C194,Domicilio,Tarjeta
2463,2026-08-21,16:39,1,C255,Mostrador,Nequi
2464,2026-08-21,18:12,1,,Mostrador,Efectivo
2465,2026-08-21,10:10,1,C096,Mostrador,Tarjeta
2466,2026-08-21,12:13,1,C166,Mostrador,Tarjeta
2467,2026-08-21,16:05,1,,Domicilio,Efectivo
2468,2026-08-21,14:00,1,,Mostrador,Efectivo
2469,2026-08-21,12:39,1,C173,Mostrador,Efectivo
2470,2026-08-21,19:59,1,,Mostrador,Tarjeta
2471,2026-08-21,10:23,1,,Mostrador,Efectivo
2472,2026-08-21,12:01,1,,Mostrador,Nequi
2473,2026-08-21,08:32,1,C097,Domicilio,Tarjeta
2474,2026-08-21,16:04,1,,Mostrador,Nequi
2475,2026-08-21,07:15,1,,Mostrador,Nequi
2476,2026-08-21,16:50,1,C077,Mostrador,Tarjeta
2477,2026-08-21,09:32,1,,Mostrador,Efectivo
2478,2026-08-21,14:59,1,,Mostrador,Nequi
2479,2026-08-21,10:50,1,C205,Mostrador,Tarjeta
2480,2026-08-21,09:37,1,,Mostrador,Efectivo
2481,2026-08-21,07:34,1,C035,Domicilio,Nequi
2482,2026-08-21,08:33,1,,Domicilio,Tarjeta
2483,2026-08-21,16:30,1,C093,Domicilio,Tarjeta
2484,2026-08-21,07:10,1,,Mostrador,Efectivo
2485,2026-08-21,09:27,1,,Mostrador,Nequi
2486,2026-08-21,06:25,1,C277,Mostrador,Nequi
2487,2026-08-21,15:03,1,,Mostrador,Tarjeta
2488,2026-08-21,12:54,1,C042,Mostrador,Tarjeta
2489,2026-08-21,14:57,1,,Mostrador,Efectivo
2490,2026-08-21,20:35,1,,Mostrador,Tarjeta
2491,2026-08-21,18:09,1,C196,Domicilio,Tarjeta
2492,2026-08-21,07:30,1,,Mostrador,Efectivo
2493,2026-08-21,11:12,1,,Domicilio,Efectivo
2494,2026-08-21,09:53,1,,Mostrador,Efectivo
2495,2026-08-21,13:37,1,C216,Mostrador,Tarjeta
2496,2026-08-21,06:47,1,,Mostrador,Nequi
2497,2026-08-21,08:04,1,C282,Domicilio,Nequi
2498,2026-08-21,09:46,1,,Mostrador,Tarjeta
2499,2026-08-21,11:37,1,,Domicilio,Nequi
2500,2026-08-21,16:04,1,C234,Domicilio,Nequi
2501,2026-08-21,07:29,1,,Mostrador,Tarjeta
2502,2026-08-21,13:07,1,C139,Domicilio,Efectivo
2503,2026-08-21,09:19,1,C177,Mostrador,Efectivo
2504,2026-08-21,07:17,1,,Mostrador,Nequi
2505,2026-08-21,09:19,1,,Domicilio,Tarjeta
2506,2026-08-21,08:34,1,,Domicilio,Efectivo
2507,2026-08-21,10:48,1,,Mostrador,Tarjeta
2508,2026-08-21,08:25,1,C048,Domicilio,Nequi
2509,2026-08-21,10:12,1,,Mostrador,Efectivo
2510,2026-08-21,14:15,1,C065,Domicilio,Efectivo
2511,2026-08-21,07:46,1,,Domicilio,Nequi
2512,2026-08-21,08:05,1,C112,Mostrador,Tarjeta
2513,2026-08-21,13:58,1,C060,Mostrador,Efectivo
2514,2026-08-21,07:10,1,C015,Domicilio,Nequi
2515,2026-08-21,16:38,1,,Mostrador,Efectivo
2516,2026-08-21,08:50,1,C014,Mostrador,Nequi
2517,2026-08-21,13:20,1,,Mostrador,Tarjeta
2518,2026-08-21,09:35,1,C021,Mostrador,Tarjeta
2519,2026-08-21,17:08,1,,Mostrador,Nequi
2520,2026-08-21,18:58,1,,Domicilio,Tarjeta
2521,2026-08-21,17:47,1,,Domicilio,Tarjeta
2522,2026-08-21,11:37,1,C018,Mostrador,Nequi
2523,2026-08-21,08:17,1,,Mostrador,Tarjeta
2524,2026-08-21,09:03,1,,Mostrador,Tarjeta
2525,2026-08-21,11:57,1,C020,Domicilio,Tarjeta
2526,2026-08-21,14:31,1,,Mostrador,Tarjeta
2527,2026-08-21,16:15,1,,Domicilio,Nequi
2528,2026-08-21,07:45,1,C073,Domicilio,Nequi
2529,2026-08-21,07:06,1,,Mostrador,Efectivo
2530,2026-08-21,10:47,1,C240,Domicilio,Efectivo
2531,2026-08-21,07:05,1,C118,Domicilio,Nequi
2532,2026-08-21,08:11,1,C132,Mostrador,Efectivo
2533,2026-08-21,11:22,1,,Domicilio,Nequi
2534,2026-08-21,09:17,2,,Domicilio,Efectivo
2535,2026-08-21,09:00,2,C054,Mostrador,Efectivo
2536,2026-08-21,11:01,2,,Domicilio,Nequi
2537,2026-08-21,16:16,2,,Mostrador,Nequi
2538,2026-08-21,10:59,2,,Domicilio,Nequi
2539,2026-08-21,18:28,2,C085,Mostrador,Nequi
2540,2026-08-21,08:31,2,C285,Domicilio,Tarjeta
2541,2026-08-21,18:20,2,,Domicilio,Tarjeta
2542,2026-08-21,07:57,2,,Mostrador,Nequi
2543,2026-08-21,07:56,2,,Mostrador,Tarjeta
2544,2026-08-21,10:28,2,,Domicilio,Efectivo
2545,2026-08-21,10:34,2,C169,Domicilio,Tarjeta
2546,2026-08-21,17:29,2,C025,Domicilio,Efectivo
2547,2026-08-21,07:21,2,C187,Domicilio,Tarjeta
2548,2026-08-21,09:48,2,,Domicilio,Tarjeta
2549,2026-08-21,15:02,2,C221,Domicilio,Efectivo
2550,2026-08-21,12:51,2,,Mostrador,Efectivo
2551,2026-08-21,08:24,2,,Mostrador,Tarjeta
2552,2026-08-21,11:32,2,,Mostrador,Nequi
2553,2026-08-21,15:26,2,,Domicilio,Efectivo
2554,2026-08-21,19:20,2,,Mostrador,Efectivo
2555,2026-08-21,09:44,2,,Mostrador,Tarjeta
2556,2026-08-21,09:40,2,C241,Domicilio,Efectivo
2557,2026-08-21,18:57,2,,Mostrador,Nequi
2558,2026-08-21,07:00,2,,Mostrador,Nequi
2559,2026-08-21,16:46,2,,Mostrador,Tarjeta
2560,2026-08-21,18:38,2,,Mostrador,Nequi
2561,2026-08-21,07:32,2,,Domicilio,Efectivo
2562,2026-08-21,20:12,2,C298,Domicilio,Nequi
2563,2026-08-21,08:40,2,,Mostrador,Nequi
2564,2026-08-21,11:24,2,,Domicilio,Tarjeta
2565,2026-08-21,16:27,2,C236,Domicilio,Efectivo
2566,2026-08-21,14:33,2,,Mostrador,Nequi
2567,2026-08-21,09:37,2,C247,Mostrador,Efectivo
2568,2026-08-21,09:13,2,,Mostrador,Nequi
2569,2026-08-21,19:30,2,C039,Mostrador,Tarjeta
2570,2026-08-21,14:42,2,,Domicilio,Tarjeta
2571,2026-08-21,07:45,2,C157,Mostrador,Efectivo
2572,2026-08-21,15:17,2,C123,Mostrador,Nequi
2573,2026-08-21,17:33,2,,Domicilio,Efectivo
2574,2026-08-21,18:39,2,,Domicilio,Efectivo
2575,2026-08-21,07:45,2,,Mostrador,Efectivo
2576,2026-08-21,06:21,2,C127,Domicilio,Nequi
2577,2026-08-21,09:23,2,C284,Mostrador,Efectivo
2578,2026-08-21,09:52,2,C279,Domicilio,Tarjeta
2579,2026-08-21,13:43,2,C171,Domicilio,Efectivo
2580,2026-08-21,09:00,2,,Mostrador,Nequi
2581,2026-08-21,15:18,2,,Domicilio,Efectivo
2582,2026-08-21,18:55,2,,Domicilio,Efectivo
2583,2026-08-21,17:00,2,C280,Mostrador,Efectivo
2584,2026-08-21,13:28,2,,Domicilio,Efectivo
2585,2026-08-21,09:44,2,C109,Mostrador,Tarjeta
2586,2026-08-21,08:28,2,,Mostrador,Nequi
2587,2026-08-21,07:11,2,C097,Mostrador,Efectivo
2588,2026-08-21,11:40,2,C026,Domicilio,Efectivo
2589,2026-08-21,08:31,2,,Mostrador,Tarjeta
2590,2026-08-21,09:05,2,,Mostrador,Tarjeta
2591,2026-08-21,08:01,2,C013,Mostrador,Nequi
2592,2026-08-21,20:57,2,,Mostrador,Nequi
2593,2026-08-21,06:02,2,,Mostrador,Tarjeta
2594,2026-08-21,15:26,2,,Domicilio,Efectivo
2595,2026-08-21,16:15,2,C084,Mostrador,Tarjeta
2596,2026-08-21,08:41,2,,Domicilio,Efectivo
2597,2026-08-21,20:34,2,C073,Mostrador,Nequi
2598,2026-08-21,12:43,2,,Domicilio,Nequi
2599,2026-08-21,13:31,2,C089,Mostrador,Efectivo
2600,2026-08-21,19:09,2,C177,Domicilio,Nequi
2601,2026-08-22,17:16,1,,Mostrador,Nequi
2602,2026-08-22,10:49,1,,Mostrador,Efectivo
2603,2026-08-22,13:07,1,,Domicilio,Nequi
2604,2026-08-22,09:10,1,,Mostrador,Tarjeta
2605,2026-08-22,08:49,1,C163,Mostrador,Tarjeta
2606,2026-08-22,06:27,1,C087,Mostrador,Tarjeta
2607,2026-08-22,08:16,1,,Mostrador,Nequi
2608,2026-08-22,20:09,1,C253,Domicilio,Tarjeta
2609,2026-08-22,08:26,1,,Mostrador,Nequi
2610,2026-08-22,08:14,1,,Domicilio,Tarjeta
2611,2026-08-22,13:31,1,C259,Mostrador,Tarjeta
2612,2026-08-22,08:05,1,C283,Mostrador,Tarjeta
2613,2026-08-22,06:55,1,,Mostrador,Tarjeta
2614,2026-08-22,11:07,1,,Mostrador,Tarjeta
2615,2026-08-22,17:26,1,,Domicilio,Efectivo
2616,2026-08-22,17:31,1,C109,Domicilio,Nequi
2617,2026-08-22,19:23,1,,Mostrador,Efectivo
2618,2026-08-22,12:21,1,C015,Mostrador,Efectivo
2619,2026-08-22,17:03,1,C174,Mostrador,Tarjeta
2620,2026-08-22,07:02,1,,Mostrador,Efectivo
2621,2026-08-22,08:59,1,C159,Mostrador,Nequi
2622,2026-08-22,09:17,1,,Mostrador,Efectivo
2623,2026-08-22,13:48,1,C129,Mostrador,Tarjeta
2624,2026-08-22,07:02,1,,Mostrador,Efectivo
2625,2026-08-22,07:21,1,C292,Mostrador,Nequi
2626,2026-08-22,08:42,1,,Mostrador,Nequi
2627,2026-08-22,10:43,1,,Domicilio,Tarjeta
2628,2026-08-22,08:37,1,,Mostrador,Efectivo
2629,2026-08-22,10:38,1,,Mostrador,Nequi
2630,2026-08-22,17:21,1,,Domicilio,Nequi
2631,2026-08-22,17:28,1,C052,Domicilio,Efectivo
2632,2026-08-22,09:09,1,C049,Mostrador,Tarjeta
2633,2026-08-22,14:58,1,,Mostrador,Nequi
2634,2026-08-22,11:29,1,,Mostrador,Nequi
2635,2026-08-22,15:16,1,,Mostrador,Nequi
2636,2026-08-22,15:08,1,,Mostrador,Efectivo
2637,2026-08-22,09:46,1,C142,Mostrador,Nequi
2638,2026-08-22,06:36,1,C278,Mostrador,Efectivo
2639,2026-08-22,07:16,1,C030,Mostrador,Efectivo
2640,2026-08-22,06:58,1,C184,Mostrador,Nequi
2641,2026-08-22,09:50,1,,Mostrador,Nequi
2642,2026-08-22,10:04,1,C217,Mostrador,Efectivo
2643,2026-08-22,08:56,1,,Mostrador,Nequi
2644,2026-08-22,17:51,1,,Mostrador,Efectivo
2645,2026-08-22,13:07,1,,Mostrador,Tarjeta
2646,2026-08-22,10:49,1,C242,Mostrador,Tarjeta
2647,2026-08-22,15:50,1,,Mostrador,Nequi
2648,2026-08-22,11:04,1,,Mostrador,Efectivo
2649,2026-08-22,13:01,1,C158,Mostrador,Efectivo
2650,2026-08-22,19:40,1,,Mostrador,Efectivo
2651,2026-08-22,13:15,1,C279,Domicilio,Efectivo
2652,2026-08-22,15:39,1,,Domicilio,Efectivo
2653,2026-08-22,08:42,1,C042,Mostrador,Tarjeta
2654,2026-08-22,09:05,1,C224,Domicilio,Nequi
2655,2026-08-22,17:12,1,C028,Mostrador,Tarjeta
2656,2026-08-22,08:11,1,C295,Mostrador,Efectivo
2657,2026-08-22,12:55,1,C012,Mostrador,Tarjeta
2658,2026-08-22,06:57,1,,Mostrador,Efectivo
2659,2026-08-22,08:00,1,,Mostrador,Nequi
2660,2026-08-22,08:51,1,C207,Domicilio,Efectivo
2661,2026-08-22,15:57,1,C245,Mostrador,Tarjeta
2662,2026-08-22,12:08,1,,Domicilio,Efectivo
2663,2026-08-22,16:31,1,,Domicilio,Nequi
2664,2026-08-22,09:34,1,C244,Mostrador,Efectivo
2665,2026-08-22,16:49,1,,Mostrador,Efectivo
2666,2026-08-22,14:25,1,C094,Mostrador,Efectivo
2667,2026-08-22,18:42,1,,Domicilio,Efectivo
2668,2026-08-22,13:38,1,C240,Mostrador,Nequi
2669,2026-08-22,10:55,1,,Mostrador,Efectivo
2670,2026-08-22,08:54,1,C016,Domicilio,Nequi
2671,2026-08-22,08:32,1,C034,Mostrador,Tarjeta
2672,2026-08-22,06:08,1,C284,Mostrador,Tarjeta
2673,2026-08-22,13:01,1,C132,Mostrador,Nequi
2674,2026-08-22,07:23,1,,Mostrador,Tarjeta
2675,2026-08-22,17:42,1,,Mostrador,Nequi
2676,2026-08-22,09:46,1,C272,Mostrador,Efectivo
2677,2026-08-22,13:58,1,C227,Domicilio,Tarjeta
2678,2026-08-22,20:34,1,C257,Mostrador,Efectivo
2679,2026-08-22,07:39,1,C143,Mostrador,Nequi
2680,2026-08-22,13:38,1,C028,Mostrador,Nequi
2681,2026-08-22,08:02,1,C292,Mostrador,Efectivo
2682,2026-08-22,19:53,1,,Mostrador,Nequi
2683,2026-08-22,10:52,1,,Domicilio,Nequi
2684,2026-08-22,16:29,1,C254,Mostrador,Nequi
2685,2026-08-22,08:06,1,C175,Mostrador,Tarjeta
2686,2026-08-22,15:13,1,,Domicilio,Nequi
2687,2026-08-22,12:18,1,,Mostrador,Efectivo
2688,2026-08-22,08:02,1,,Mostrador,Efectivo
2689,2026-08-22,15:10,1,,Mostrador,Nequi
2690,2026-08-22,08:17,1,,Mostrador,Tarjeta
2691,2026-08-22,15:32,1,,Mostrador,Efectivo
2692,2026-08-22,09:27,1,,Mostrador,Tarjeta
2693,2026-08-22,16:38,1,,Mostrador,Nequi
2694,2026-08-22,10:54,1,,Mostrador,Nequi
2695,2026-08-22,11:14,1,,Domicilio,Tarjeta
2696,2026-08-22,15:50,1,,Mostrador,Efectivo
2697,2026-08-22,14:23,1,C175,Mostrador,Efectivo
2698,2026-08-22,15:49,1,C019,Mostrador,Efectivo
2699,2026-08-22,07:32,1,,Mostrador,Efectivo
2700,2026-08-22,13:23,1,,Mostrador,Efectivo
2701,2026-08-22,17:05,1,,Domicilio,Efectivo
2702,2026-08-22,10:48,1,,Mostrador,Efectivo
2703,2026-08-22,13:30,1,,Mostrador,Tarjeta
2704,2026-08-22,17:36,1,C039,Mostrador,Nequi
2705,2026-08-22,14:50,1,C022,Mostrador,Nequi
2706,2026-08-22,07:43,1,,Mostrador,Tarjeta
2707,2026-08-22,12:23,1,,Mostrador,Nequi
2708,2026-08-22,11:04,1,,Mostrador,Nequi
2709,2026-08-22,07:34,1,C229,Mostrador,Nequi
2710,2026-08-22,08:45,1,C169,Domicilio,Efectivo
2711,2026-08-22,17:37,1,,Mostrador,Nequi
2712,2026-08-22,08:24,1,C078,Mostrador,Nequi
2713,2026-08-22,13:18,1,,Mostrador,Efectivo
2714,2026-08-22,11:12,1,,Mostrador,Efectivo
2715,2026-08-22,11:16,2,,Mostrador,Nequi
2716,2026-08-22,07:46,2,,Domicilio,Nequi
2717,2026-08-22,09:09,2,,Domicilio,Efectivo
2718,2026-08-22,14:16,2,,Mostrador,Nequi
2719,2026-08-22,09:18,2,C251,Mostrador,Nequi
2720,2026-08-22,10:00,2,,Mostrador,Efectivo
2721,2026-08-22,09:57,2,C004,Mostrador,Nequi
2722,2026-08-22,14:50,2,,Mostrador,Nequi
2723,2026-08-22,08:14,2,,Mostrador,Tarjeta
2724,2026-08-22,15:04,2,,Mostrador,Tarjeta
2725,2026-08-22,07:58,2,C295,Mostrador,Tarjeta
2726,2026-08-22,18:30,2,,Domicilio,Nequi
2727,2026-08-22,07:51,2,,Mostrador,Tarjeta
2728,2026-08-22,08:42,2,,Mostrador,Nequi
2729,2026-08-22,15:06,2,C024,Mostrador,Nequi
2730,2026-08-22,13:24,2,C247,Mostrador,Tarjeta
2731,2026-08-22,14:21,2,,Domicilio,Tarjeta
2732,2026-08-22,16:55,2,C007,Domicilio,Efectivo
2733,2026-08-22,15:11,2,,Domicilio,Efectivo
2734,2026-08-22,15:43,2,,Mostrador,Tarjeta
2735,2026-08-22,19:32,2,C155,Mostrador,Efectivo
2736,2026-08-22,16:51,2,,Mostrador,Nequi
2737,2026-08-22,15:15,2,,Mostrador,Nequi
2738,2026-08-22,09:36,2,,Mostrador,Tarjeta
2739,2026-08-22,13:12,2,C177,Mostrador,Nequi
2740,2026-08-22,19:15,2,C136,Mostrador,Efectivo
2741,2026-08-22,07:39,2,C026,Mostrador,Tarjeta
2742,2026-08-22,13:56,2,C099,Mostrador,Nequi
2743,2026-08-22,11:12,2,C001,Mostrador,Tarjeta
2744,2026-08-22,14:15,2,,Domicilio,Tarjeta
2745,2026-08-22,12:12,2,,Domicilio,Efectivo
2746,2026-08-22,08:42,2,C284,Mostrador,Tarjeta
2747,2026-08-22,17:03,2,C281,Mostrador,Efectivo
2748,2026-08-22,08:12,2,,Mostrador,Efectivo
2749,2026-08-22,13:34,2,C065,Mostrador,Tarjeta
2750,2026-08-22,09:07,2,C211,Mostrador,Nequi
2751,2026-08-22,17:44,2,,Mostrador,Efectivo
2752,2026-08-22,13:55,2,C028,Domicilio,Tarjeta
2753,2026-08-22,19:58,2,C172,Mostrador,Efectivo
2754,2026-08-22,15:02,2,,Mostrador,Nequi
2755,2026-08-22,08:24,2,,Mostrador,Nequi
2756,2026-08-22,09:02,2,C232,Mostrador,Nequi
2757,2026-08-22,18:59,2,,Mostrador,Efectivo
2758,2026-08-22,08:43,2,,Mostrador,Efectivo
2759,2026-08-22,07:33,2,C031,Mostrador,Tarjeta
2760,2026-08-22,08:12,2,C024,Mostrador,Efectivo
2761,2026-08-22,08:39,2,C175,Mostrador,Tarjeta
2762,2026-08-22,07:29,2,,Mostrador,Nequi
2763,2026-08-22,15:51,2,,Domicilio,Nequi
2764,2026-08-22,12:03,2,C298,Mostrador,Nequi
2765,2026-08-22,09:36,2,C106,Mostrador,Tarjeta
2766,2026-08-22,07:51,2,,Mostrador,Tarjeta
2767,2026-08-22,16:53,2,C099,Domicilio,Nequi
2768,2026-08-22,14:39,2,,Mostrador,Nequi
2769,2026-08-22,10:29,2,C153,Mostrador,Efectivo
2770,2026-08-22,07:28,2,C017,Domicilio,Efectivo
2771,2026-08-22,16:16,2,C237,Mostrador,Tarjeta
2772,2026-08-22,07:01,2,,Mostrador,Efectivo
2773,2026-08-22,13:51,2,C193,Mostrador,Efectivo
2774,2026-08-22,15:33,2,,Mostrador,Efectivo
2775,2026-08-22,08:38,2,,Mostrador,Nequi
2776,2026-08-22,16:36,2,C105,Mostrador,Tarjeta
2777,2026-08-22,12:11,2,,Mostrador,Tarjeta
2778,2026-08-22,16:38,2,C114,Mostrador,Efectivo
2779,2026-08-22,20:58,2,,Domicilio,Tarjeta
2780,2026-08-22,10:30,2,C178,Mostrador,Nequi
2781,2026-08-22,12:03,2,,Mostrador,Nequi
2782,2026-08-22,18:24,2,,Mostrador,Nequi
2783,2026-08-22,15:02,2,C071,Mostrador,Nequi
2784,2026-08-22,11:30,2,C223,Mostrador,Efectivo
2785,2026-08-22,09:05,2,,Mostrador,Tarjeta
2786,2026-08-22,17:35,2,C286,Mostrador,Efectivo
2787,2026-08-22,12:14,2,,Mostrador,Efectivo
2788,2026-08-22,10:05,2,C229,Mostrador,Efectivo
2789,2026-08-22,08:09,2,,Mostrador,Tarjeta
2790,2026-08-22,09:07,2,C065,Mostrador,Efectivo
2791,2026-08-22,12:56,2,,Mostrador,Tarjeta
2792,2026-08-22,08:38,2,C038,Domicilio,Tarjeta
2793,2026-08-22,18:10,2,C214,Domicilio,Tarjeta
2794,2026-08-22,10:24,2,C083,Mostrador,Efectivo
2795,2026-08-22,17:25,2,,Domicilio,Tarjeta
2796,2026-08-22,07:46,2,,Mostrador,Tarjeta
2797,2026-08-23,07:37,1,C150,Mostrador,Tarjeta
2798,2026-08-23,16:43,1,,Mostrador,Nequi
2799,2026-08-23,09:16,1,,Mostrador,Nequi
2800,2026-08-23,09:23,1,,Domicilio,Efectivo
2801,2026-08-23,09:37,1,C142,Mostrador,Efectivo
2802,2026-08-23,08:26,1,C028,Mostrador,Tarjeta
2803,2026-08-23,10:10,1,C264,Mostrador,Tarjeta
2804,2026-08-23,08:26,1,C024,Mostrador,Nequi
2805,2026-08-23,10:21,1,,Mostrador,Efectivo
2806,2026-08-23,09:05,1,C044,Domicilio,Efectivo
2807,2026-08-23,09:56,1,C231,Mostrador,Tarjeta
2808,2026-08-23,07:17,1,,Mostrador,Efectivo
2809,2026-08-23,09:47,1,,Mostrador,Nequi
2810,2026-08-23,09:03,1,C241,Mostrador,Nequi
2811,2026-08-23,09:18,1,C141,Mostrador,Tarjeta
2812,2026-08-23,15:22,1,,Mostrador,Efectivo
2813,2026-08-23,15:25,1,,Mostrador,Efectivo
2814,2026-08-23,07:12,1,,Mostrador,Efectivo
2815,2026-08-23,13:19,1,,Mostrador,Nequi
2816,2026-08-23,18:53,1,,Mostrador,Efectivo
2817,2026-08-23,08:41,1,C147,Mostrador,Tarjeta
2818,2026-08-23,12:15,1,,Mostrador,Efectivo
2819,2026-08-23,10:02,1,,Mostrador,Efectivo
2820,2026-08-23,14:56,1,,Mostrador,Efectivo
2821,2026-08-23,18:32,1,C066,Mostrador,Efectivo
2822,2026-08-23,16:52,1,C123,Mostrador,Tarjeta
2823,2026-08-23,07:43,1,,Mostrador,Nequi
2824,2026-08-23,16:07,1,,Mostrador,Tarjeta
2825,2026-08-23,20:15,1,,Mostrador,Nequi
2826,2026-08-23,08:03,1,C269,Mostrador,Nequi
2827,2026-08-23,08:09,1,,Mostrador,Tarjeta
2828,2026-08-23,20:03,1,C175,Mostrador,Efectivo
2829,2026-08-23,08:44,1,C147,Mostrador,Tarjeta
2830,2026-08-23,08:45,1,C170,Mostrador,Nequi
2831,2026-08-23,18:03,1,C010,Mostrador,Tarjeta
2832,2026-08-23,15:08,1,C224,Mostrador,Tarjeta
2833,2026-08-23,19:22,1,,Mostrador,Tarjeta
2834,2026-08-23,10:02,1,C047,Mostrador,Nequi
2835,2026-08-23,17:31,1,,Mostrador,Efectivo
2836,2026-08-23,16:37,1,C108,Mostrador,Efectivo
2837,2026-08-23,15:14,1,,Mostrador,Efectivo
2838,2026-08-23,07:14,1,,Mostrador,Tarjeta
2839,2026-08-23,18:59,1,C155,Mostrador,Efectivo
2840,2026-08-23,12:53,1,C144,Domicilio,Nequi
2841,2026-08-23,10:54,1,,Mostrador,Tarjeta
2842,2026-08-23,07:19,1,,Mostrador,Nequi
2843,2026-08-23,19:02,1,C187,Mostrador,Tarjeta
2844,2026-08-23,08:27,1,,Mostrador,Efectivo
2845,2026-08-23,06:35,1,,Mostrador,Efectivo
2846,2026-08-23,19:38,1,C239,Mostrador,Tarjeta
2847,2026-08-23,13:40,1,C256,Mostrador,Efectivo
2848,2026-08-23,08:29,1,,Mostrador,Tarjeta
2849,2026-08-23,11:11,1,,Mostrador,Tarjeta
2850,2026-08-23,09:45,1,C173,Mostrador,Efectivo
2851,2026-08-23,08:21,1,,Mostrador,Efectivo
2852,2026-08-23,13:21,1,,Mostrador,Nequi
2853,2026-08-23,10:44,1,C160,Mostrador,Efectivo
2854,2026-08-23,15:37,1,,Mostrador,Nequi
2855,2026-08-23,19:50,1,,Mostrador,Tarjeta
2856,2026-08-23,08:40,1,C099,Domicilio,Nequi
2857,2026-08-23,16:41,1,,Mostrador,Nequi
2858,2026-08-23,09:36,1,C016,Mostrador,Efectivo
2859,2026-08-23,15:19,1,C129,Mostrador,Tarjeta
2860,2026-08-23,17:45,1,C131,Mostrador,Tarjeta
2861,2026-08-23,07:19,1,,Mostrador,Tarjeta
2862,2026-08-23,10:12,1,C021,Mostrador,Nequi
2863,2026-08-23,16:07,1,,Mostrador,Efectivo
2864,2026-08-23,09:59,1,,Domicilio,Efectivo
2865,2026-08-23,07:43,1,C155,Mostrador,Efectivo
2866,2026-08-23,17:49,1,,Mostrador,Nequi
2867,2026-08-23,12:30,1,,Mostrador,Nequi
2868,2026-08-23,11:50,1,C104,Mostrador,Tarjeta
2869,2026-08-23,07:03,1,C223,Domicilio,Efectivo
2870,2026-08-23,19:07,1,,Domicilio,Nequi
2871,2026-08-23,07:54,1,C056,Mostrador,Efectivo
2872,2026-08-23,15:09,1,C287,Mostrador,Nequi
2873,2026-08-23,18:01,1,C043,Mostrador,Efectivo
2874,2026-08-23,08:30,1,C012,Mostrador,Tarjeta
2875,2026-08-23,16:13,1,,Mostrador,Tarjeta
2876,2026-08-23,08:05,1,,Mostrador,Tarjeta
2877,2026-08-23,06:09,1,C036,Domicilio,Nequi
2878,2026-08-23,14:13,1,,Mostrador,Efectivo
2879,2026-08-23,07:41,1,,Mostrador,Efectivo
2880,2026-08-23,08:19,1,C217,Mostrador,Efectivo
2881,2026-08-23,09:28,1,C054,Mostrador,Nequi
2882,2026-08-23,18:34,1,C146,Mostrador,Tarjeta
2883,2026-08-23,10:36,1,,Domicilio,Nequi
2884,2026-08-23,16:18,1,,Mostrador,Tarjeta
2885,2026-08-23,14:28,1,,Mostrador,Efectivo
2886,2026-08-23,18:36,1,,Mostrador,Tarjeta
2887,2026-08-23,10:05,1,,Mostrador,Nequi
2888,2026-08-23,15:08,1,,Mostrador,Efectivo
2889,2026-08-23,12:36,1,,Mostrador,Nequi
2890,2026-08-23,13:16,1,,Mostrador,Efectivo
2891,2026-08-23,13:22,1,,Mostrador,Tarjeta
2892,2026-08-23,07:58,1,,Mostrador,Nequi
2893,2026-08-23,08:32,1,,Mostrador,Efectivo
2894,2026-08-23,19:18,1,C262,Mostrador,Efectivo
2895,2026-08-23,08:03,1,,Mostrador,Nequi
2896,2026-08-23,08:09,1,,Mostrador,Efectivo
2897,2026-08-23,07:05,1,,Mostrador,Efectivo
2898,2026-08-23,07:07,1,,Domicilio,Nequi
2899,2026-08-23,08:59,2,C234,Mostrador,Tarjeta
2900,2026-08-23,18:12,2,,Mostrador,Nequi
2901,2026-08-23,07:28,2,,Mostrador,Nequi
2902,2026-08-23,08:35,2,,Mostrador,Efectivo
2903,2026-08-23,14:42,2,,Domicilio,Nequi
2904,2026-08-23,17:24,2,C281,Mostrador,Nequi
2905,2026-08-23,11:29,2,,Mostrador,Nequi
2906,2026-08-23,18:10,2,C258,Mostrador,Tarjeta
2907,2026-08-23,09:22,2,,Mostrador,Nequi
2908,2026-08-23,07:04,2,,Mostrador,Tarjeta
2909,2026-08-23,15:50,2,,Domicilio,Tarjeta
2910,2026-08-23,08:18,2,C088,Mostrador,Nequi
2911,2026-08-23,08:26,2,,Domicilio,Tarjeta
2912,2026-08-23,09:22,2,,Mostrador,Nequi
2913,2026-08-23,07:54,2,,Mostrador,Tarjeta
2914,2026-08-23,09:35,2,C095,Domicilio,Nequi
2915,2026-08-23,18:58,2,,Mostrador,Tarjeta
2916,2026-08-23,09:58,2,,Mostrador,Efectivo
2917,2026-08-23,15:57,2,,Mostrador,Tarjeta
2918,2026-08-23,11:31,2,C052,Mostrador,Tarjeta
2919,2026-08-23,08:37,2,,Mostrador,Nequi
2920,2026-08-23,15:53,2,,Mostrador,Efectivo
2921,2026-08-23,06:56,2,,Domicilio,Efectivo
2922,2026-08-23,07:59,2,C178,Mostrador,Efectivo
2923,2026-08-23,18:45,2,,Mostrador,Nequi
2924,2026-08-23,08:54,2,,Domicilio,Tarjeta
2925,2026-08-23,07:14,2,,Mostrador,Tarjeta
2926,2026-08-23,13:09,2,C052,Mostrador,Tarjeta
2927,2026-08-23,14:59,2,C123,Mostrador,Nequi
2928,2026-08-23,19:23,2,,Mostrador,Tarjeta
2929,2026-08-23,09:49,2,C206,Domicilio,Efectivo
2930,2026-08-23,09:09,2,C275,Domicilio,Efectivo
2931,2026-08-23,09:21,2,C107,Mostrador,Tarjeta
2932,2026-08-23,12:23,2,C269,Domicilio,Tarjeta
2933,2026-08-23,11:35,2,,Mostrador,Nequi
2934,2026-08-23,12:50,2,,Mostrador,Tarjeta
2935,2026-08-23,16:21,2,C147,Mostrador,Efectivo
2936,2026-08-23,14:31,2,,Mostrador,Efectivo
2937,2026-08-23,06:27,2,,Mostrador,Efectivo
2938,2026-08-23,10:09,2,,Mostrador,Nequi
2939,2026-08-23,09:43,2,,Mostrador,Nequi
2940,2026-08-23,07:38,2,,Domicilio,Nequi
2941,2026-08-23,06:29,2,,Mostrador,Tarjeta
2942,2026-08-23,10:05,2,,Mostrador,Tarjeta
2943,2026-08-23,09:27,2,,Domicilio,Efectivo
2944,2026-08-23,06:08,2,C263,Mostrador,Efectivo
2945,2026-08-23,15:14,2,,Mostrador,Efectivo
2946,2026-08-23,08:37,2,,Mostrador,Tarjeta
2947,2026-08-23,11:45,2,C144,Mostrador,Tarjeta
2948,2026-08-23,06:01,2,,Mostrador,Efectivo
2949,2026-08-23,15:25,2,,Mostrador,Nequi
2950,2026-08-23,07:32,2,,Mostrador,Tarjeta
2951,2026-08-23,10:06,2,C035,Domicilio,Tarjeta
2952,2026-08-23,13:20,2,,Mostrador,Efectivo
2953,2026-08-23,08:00,2,,Domicilio,Efectivo
2954,2026-08-23,17:47,2,,Mostrador,Efectivo
2955,2026-08-23,09:52,2,C106,Mostrador,Efectivo
2956,2026-08-23,10:55,2,,Mostrador,Nequi
2957,2026-08-23,15:03,2,,Mostrador,Efectivo
2958,2026-08-23,09:42,2,C032,Mostrador,Nequi
2959,2026-08-23,16:22,2,C058,Mostrador,Nequi
2960,2026-08-23,11:15,2,,Mostrador,Efectivo
2961,2026-08-23,17:28,2,,Mostrador,Efectivo
2962,2026-08-23,17:17,2,C063,Mostrador,Tarjeta
2963,2026-08-23,13:15,2,C089,Domicilio,Nequi
2964,2026-08-23,10:10,2,,Domicilio,Tarjeta
2965,2026-08-23,09:01,2,,Mostrador,Efectivo
2966,2026-08-23,16:08,2,C280,Mostrador,Nequi
2967,2026-08-23,20:13,2,C287,Mostrador,Efectivo
2968,2026-08-23,19:43,2,,Mostrador,Nequi
2969,2026-08-23,07:55,2,,Mostrador,Nequi
2970,2026-08-23,19:52,2,,Mostrador,Tarjeta
2971,2026-08-24,09:58,1,,Domicilio,Efectivo
2972,2026-08-24,12:26,1,,Mostrador,Nequi
2973,2026-08-24,10:35,1,,Mostrador,Tarjeta
2974,2026-08-24,19:39,1,,Domicilio,Efectivo
2975,2026-08-24,16:45,1,,Mostrador,Efectivo
2976,2026-08-24,19:04,1,C189,Mostrador,Nequi
2977,2026-08-24,12:41,1,,Mostrador,Tarjeta
2978,2026-08-24,12:34,1,,Mostrador,Efectivo
2979,2026-08-24,16:59,1,C167,Mostrador,Nequi
2980,2026-08-24,09:37,1,,Mostrador,Tarjeta
2981,2026-08-24,15:29,1,,Mostrador,Tarjeta
2982,2026-08-24,08:44,1,,Mostrador,Nequi
2983,2026-08-24,13:40,1,C140,Mostrador,Efectivo
2984,2026-08-24,07:43,1,,Mostrador,Nequi
2985,2026-08-24,09:35,1,,Mostrador,Efectivo
2986,2026-08-24,16:20,1,C255,Mostrador,Tarjeta
2987,2026-08-24,06:27,1,,Mostrador,Efectivo
2988,2026-08-24,19:04,1,,Mostrador,Tarjeta
2989,2026-08-24,09:39,1,,Domicilio,Nequi
2990,2026-08-24,15:36,1,,Mostrador,Nequi
2991,2026-08-24,11:46,1,C291,Mostrador,Efectivo
2992,2026-08-24,16:05,1,,Mostrador,Efectivo
2993,2026-08-24,08:33,1,C256,Mostrador,Tarjeta
2994,2026-08-24,12:38,1,C231,Mostrador,Tarjeta
2995,2026-08-24,09:49,1,C225,Mostrador,Nequi
2996,2026-08-24,07:30,1,C280,Mostrador,Nequi
2997,2026-08-24,08:27,1,C185,Mostrador,Nequi
2998,2026-08-24,18:31,1,,Mostrador,Nequi
2999,2026-08-24,10:01,1,C031,Mostrador,Efectivo
3000,2026-08-24,17:42,1,,Mostrador,Nequi
3001,2026-08-24,15:06,1,,Mostrador,Nequi
3002,2026-08-24,08:36,1,C187,Mostrador,Efectivo
3003,2026-08-24,15:43,1,,Mostrador,Efectivo
3004,2026-08-24,14:01,1,,Mostrador,Efectivo
3005,2026-08-24,14:59,1,,Mostrador,Efectivo
3006,2026-08-24,06:03,1,,Mostrador,Tarjeta
3007,2026-08-24,16:59,1,,Mostrador,Tarjeta
3008,2026-08-24,13:15,1,,Mostrador,Efectivo
3009,2026-08-24,09:36,1,,Mostrador,Nequi
3010,2026-08-24,09:37,1,,Mostrador,Tarjeta
3011,2026-08-24,16:31,1,,Mostrador,Nequi
3012,2026-08-24,15:41,1,,Mostrador,Tarjeta
3013,2026-08-24,09:52,1,C036,Mostrador,Tarjeta
3014,2026-08-24,11:51,1,C080,Mostrador,Tarjeta
3015,2026-08-24,11:45,1,C066,Mostrador,Efectivo
3016,2026-08-24,20:08,1,,Mostrador,Efectivo
3017,2026-08-24,13:42,1,,Mostrador,Efectivo
3018,2026-08-24,18:24,1,,Mostrador,Efectivo
3019,2026-08-24,18:17,1,C208,Domicilio,Efectivo
3020,2026-08-24,17:12,1,C250,Mostrador,Tarjeta
3021,2026-08-24,10:38,1,,Mostrador,Efectivo
3022,2026-08-24,10:15,1,,Mostrador,Nequi
3023,2026-08-24,14:16,1,,Mostrador,Nequi
3024,2026-08-24,16:21,1,,Mostrador,Tarjeta
3025,2026-08-24,10:13,1,C254,Mostrador,Tarjeta
3026,2026-08-24,17:59,1,C247,Mostrador,Efectivo
3027,2026-08-24,16:43,1,,Mostrador,Tarjeta
3028,2026-08-24,10:35,1,,Mostrador,Tarjeta
3029,2026-08-24,11:05,1,,Domicilio,Efectivo
3030,2026-08-24,07:26,1,,Domicilio,Nequi
3031,2026-08-24,17:30,1,C250,Domicilio,Efectivo
3032,2026-08-24,07:40,1,,Mostrador,Efectivo
3033,2026-08-24,17:40,1,C237,Domicilio,Efectivo
3034,2026-08-24,16:25,1,C250,Mostrador,Tarjeta
3035,2026-08-24,07:31,1,,Mostrador,Efectivo
3036,2026-08-24,19:14,1,C095,Mostrador,Nequi
3037,2026-08-24,08:21,1,C003,Domicilio,Nequi
3038,2026-08-24,15:44,1,,Mostrador,Nequi
3039,2026-08-24,14:49,1,,Mostrador,Efectivo
3040,2026-08-24,12:14,1,,Domicilio,Efectivo
3041,2026-08-24,09:08,1,C239,Mostrador,Efectivo
3042,2026-08-24,08:56,1,,Mostrador,Tarjeta
3043,2026-08-24,17:23,1,C254,Mostrador,Nequi
3044,2026-08-24,08:38,1,,Mostrador,Efectivo
3045,2026-08-24,15:19,1,,Mostrador,Efectivo
3046,2026-08-24,09:13,1,,Mostrador,Efectivo
3047,2026-08-24,08:06,1,C119,Mostrador,Nequi
3048,2026-08-24,16:33,1,,Mostrador,Efectivo
3049,2026-08-24,14:08,1,C019,Mostrador,Tarjeta
3050,2026-08-24,10:31,1,,Mostrador,Tarjeta
3051,2026-08-24,07:21,1,,Mostrador,Tarjeta
3052,2026-08-24,20:10,2,C062,Mostrador,Nequi
3053,2026-08-24,10:10,2,C175,Mostrador,Efectivo
3054,2026-08-24,09:13,2,C119,Mostrador,Efectivo
3055,2026-08-24,11:51,2,C146,Mostrador,Tarjeta
3056,2026-08-24,18:01,2,C023,Domicilio,Efectivo
3057,2026-08-24,09:00,2,,Mostrador,Efectivo
3058,2026-08-24,07:30,2,,Mostrador,Nequi
3059,2026-08-24,16:09,2,,Mostrador,Efectivo
3060,2026-08-24,09:37,2,,Mostrador,Nequi
3061,2026-08-24,17:00,2,C037,Mostrador,Efectivo
3062,2026-08-24,09:11,2,C148,Mostrador,Efectivo
3063,2026-08-24,08:29,2,,Mostrador,Nequi
3064,2026-08-24,10:49,2,C032,Mostrador,Efectivo
3065,2026-08-24,12:50,2,,Mostrador,Tarjeta
3066,2026-08-24,17:47,2,,Mostrador,Nequi
3067,2026-08-24,17:53,2,C281,Mostrador,Tarjeta
3068,2026-08-24,17:09,2,,Domicilio,Efectivo
3069,2026-08-24,09:42,2,,Mostrador,Tarjeta
3070,2026-08-24,10:13,2,C180,Mostrador,Efectivo
3071,2026-08-24,08:57,2,,Mostrador,Tarjeta
3072,2026-08-24,09:08,2,C184,Mostrador,Tarjeta
3073,2026-08-24,07:06,2,,Mostrador,Nequi
3074,2026-08-24,16:23,2,C296,Mostrador,Nequi
3075,2026-08-24,10:32,2,,Mostrador,Tarjeta
3076,2026-08-24,09:56,2,C213,Mostrador,Tarjeta
3077,2026-08-24,07:28,2,,Domicilio,Nequi
3078,2026-08-24,08:04,2,,Mostrador,Nequi
3079,2026-08-24,13:01,2,,Mostrador,Tarjeta
3080,2026-08-24,13:15,2,,Mostrador,Tarjeta
3081,2026-08-24,08:22,2,,Mostrador,Nequi
3082,2026-08-24,07:31,2,,Domicilio,Efectivo
3083,2026-08-24,07:02,2,,Mostrador,Tarjeta
3084,2026-08-24,07:43,2,,Mostrador,Efectivo
3085,2026-08-24,09:29,2,C081,Domicilio,Nequi
3086,2026-08-24,09:34,2,,Mostrador,Nequi
3087,2026-08-24,08:13,2,,Domicilio,Tarjeta
3088,2026-08-24,10:01,2,,Mostrador,Efectivo
3089,2026-08-24,12:52,2,,Mostrador,Tarjeta
3090,2026-08-24,11:52,2,C130,Mostrador,Tarjeta
3091,2026-08-24,15:12,2,,Mostrador,Tarjeta
3092,2026-08-24,10:59,2,,Domicilio,Nequi
3093,2026-08-25,11:09,1,C092,Mostrador,Tarjeta
3094,2026-08-25,14:42,1,C172,Mostrador,Tarjeta
3095,2026-08-25,12:54,1,,Mostrador,Tarjeta
3096,2026-08-25,13:26,1,,Mostrador,Nequi
3097,2026-08-25,18:29,1,,Mostrador,Nequi
3098,2026-08-25,17:45,1,C009,Domicilio,Nequi
3099,2026-08-25,17:07,1,,Mostrador,Efectivo
3100,2026-08-25,07:14,1,,Mostrador,Tarjeta
3101,2026-08-25,09:16,1,C126,Domicilio,Tarjeta
3102,2026-08-25,19:22,1,C030,Mostrador,Tarjeta
3103,2026-08-25,08:07,1,,Mostrador,Nequi
3104,2026-08-25,11:32,1,,Mostrador,Nequi
3105,2026-08-25,10:39,1,C217,Mostrador,Nequi
3106,2026-08-25,08:59,1,C024,Mostrador,Nequi
3107,2026-08-25,12:26,1,C056,Mostrador,Tarjeta
3108,2026-08-25,17:18,1,,Mostrador,Nequi
3109,2026-08-25,16:51,1,,Mostrador,Nequi
3110,2026-08-25,10:56,1,,Mostrador,Efectivo
3111,2026-08-25,08:20,1,,Mostrador,Efectivo
3112,2026-08-25,16:06,1,,Mostrador,Nequi
3113,2026-08-25,13:37,1,C070,Mostrador,Tarjeta
3114,2026-08-25,11:48,1,C001,Mostrador,Efectivo
3115,2026-08-25,13:57,1,,Mostrador,Nequi
3116,2026-08-25,10:38,1,C006,Mostrador,Nequi
3117,2026-08-25,09:43,1,C246,Mostrador,Nequi
3118,2026-08-25,16:06,1,,Mostrador,Efectivo
3119,2026-08-25,12:11,1,C095,Domicilio,Efectivo
3120,2026-08-25,07:05,1,,Domicilio,Efectivo
3121,2026-08-25,06:09,1,,Mostrador,Tarjeta
3122,2026-08-25,12:23,1,C121,Mostrador,Efectivo
3123,2026-08-25,09:03,1,C192,Domicilio,Nequi
3124,2026-08-25,08:28,1,C125,Mostrador,Nequi
3125,2026-08-25,08:51,1,C235,Domicilio,Nequi
3126,2026-08-25,11:18,1,C160,Domicilio,Nequi
3127,2026-08-25,08:36,1,C188,Mostrador,Efectivo
3128,2026-08-25,14:46,1,,Mostrador,Tarjeta
3129,2026-08-25,08:40,1,,Mostrador,Efectivo
3130,2026-08-25,07:01,1,,Mostrador,Efectivo
3131,2026-08-25,08:30,1,,Mostrador,Efectivo
3132,2026-08-25,07:21,1,,Mostrador,Tarjeta
3133,2026-08-25,07:20,1,,Domicilio,Tarjeta
3134,2026-08-25,19:20,1,,Mostrador,Nequi
3135,2026-08-25,16:36,1,C022,Mostrador,Tarjeta
3136,2026-08-25,09:26,1,,Mostrador,Efectivo
3137,2026-08-25,10:09,1,C002,Mostrador,Efectivo
3138,2026-08-25,12:17,1,,Mostrador,Efectivo
3139,2026-08-25,15:57,1,,Mostrador,Tarjeta
3140,2026-08-25,06:15,1,,Mostrador,Efectivo
3141,2026-08-25,09:39,1,C253,Mostrador,Nequi
3142,2026-08-25,07:32,1,,Domicilio,Tarjeta
3143,2026-08-25,07:03,1,,Mostrador,Tarjeta
3144,2026-08-25,09:14,1,C108,Mostrador,Tarjeta
3145,2026-08-25,10:49,1,C133,Mostrador,Tarjeta
3146,2026-08-25,14:52,1,,Mostrador,Efectivo
3147,2026-08-25,17:43,1,,Mostrador,Nequi
3148,2026-08-25,19:06,1,C068,Mostrador,Nequi
3149,2026-08-25,15:36,1,,Domicilio,Efectivo
3150,2026-08-25,11:23,1,,Mostrador,Nequi
3151,2026-08-25,13:07,1,,Domicilio,Nequi
3152,2026-08-25,15:52,1,C225,Mostrador,Nequi
3153,2026-08-25,08:17,1,,Mostrador,Nequi
3154,2026-08-25,17:10,1,,Mostrador,Nequi
3155,2026-08-25,16:03,1,C159,Mostrador,Nequi
3156,2026-08-25,18:56,1,C157,Mostrador,Efectivo
3157,2026-08-25,13:20,1,C009,Domicilio,Nequi
3158,2026-08-25,09:56,1,,Mostrador,Efectivo
3159,2026-08-25,10:36,1,,Domicilio,Efectivo
3160,2026-08-25,16:50,1,C274,Mostrador,Tarjeta
3161,2026-08-25,10:22,1,C113,Domicilio,Tarjeta
3162,2026-08-25,07:59,1,,Mostrador,Tarjeta
3163,2026-08-25,07:42,1,,Mostrador,Tarjeta
3164,2026-08-25,08:10,1,C046,Mostrador,Nequi
3165,2026-08-25,07:38,2,C153,Domicilio,Nequi
3166,2026-08-25,09:22,2,,Domicilio,Efectivo
3167,2026-08-25,09:45,2,,Mostrador,Efectivo
3168,2026-08-25,18:38,2,,Mostrador,Efectivo
3169,2026-08-25,09:47,2,C293,Mostrador,Nequi
3170,2026-08-25,14:10,2,C057,Mostrador,Nequi
3171,2026-08-25,15:58,2,,Mostrador,Efectivo
3172,2026-08-25,08:54,2,C047,Mostrador,Efectivo
3173,2026-08-25,17:24,2,,Mostrador,Tarjeta
3174,2026-08-25,20:01,2,,Mostrador,Tarjeta
3175,2026-08-25,07:55,2,,Domicilio,Efectivo
3176,2026-08-25,11:08,2,,Mostrador,Efectivo
3177,2026-08-25,09:22,2,,Mostrador,Nequi
3178,2026-08-25,12:31,2,C103,Mostrador,Nequi
3179,2026-08-25,07:55,2,,Mostrador,Nequi
3180,2026-08-25,11:26,2,C180,Mostrador,Nequi
3181,2026-08-25,07:07,2,,Mostrador,Nequi
3182,2026-08-25,10:00,2,C008,Mostrador,Nequi
3183,2026-08-25,17:26,2,C287,Mostrador,Nequi
3184,2026-08-25,07:49,2,,Mostrador,Nequi
3185,2026-08-25,15:07,2,,Mostrador,Tarjeta
3186,2026-08-25,13:07,2,,Mostrador,Tarjeta
3187,2026-08-25,18:17,2,,Mostrador,Tarjeta
3188,2026-08-25,07:50,2,,Domicilio,Tarjeta
3189,2026-08-25,16:34,2,,Mostrador,Nequi
3190,2026-08-25,17:03,2,C040,Mostrador,Nequi
3191,2026-08-25,20:26,2,,Mostrador,Efectivo
3192,2026-08-25,14:34,2,,Mostrador,Tarjeta
3193,2026-08-25,16:39,2,,Mostrador,Tarjeta
3194,2026-08-25,08:04,2,C264,Mostrador,Efectivo
3195,2026-08-25,17:25,2,,Mostrador,Nequi
3196,2026-08-25,10:54,2,,Mostrador,Nequi
3197,2026-08-25,11:13,2,C010,Mostrador,Tarjeta
3198,2026-08-25,11:17,2,C233,Mostrador,Efectivo
3199,2026-08-25,08:49,2,C023,Mostrador,Nequi
3200,2026-08-25,15:37,2,C031,Mostrador,Tarjeta
3201,2026-08-25,14:15,2,C062,Mostrador,Nequi
3202,2026-08-26,10:24,1,,Mostrador,Nequi
3203,2026-08-26,16:24,1,,Mostrador,Nequi
3204,2026-08-26,18:08,1,,Mostrador,Nequi
3205,2026-08-26,07:34,1,,Mostrador,Efectivo
3206,2026-08-26,10:21,1,,Mostrador,Efectivo
3207,2026-08-26,09:31,1,C055,Mostrador,Efectivo
3208,2026-08-26,10:46,1,,Mostrador,Efectivo
3209,2026-08-26,08:56,1,C163,Mostrador,Nequi
3210,2026-08-26,19:43,1,,Mostrador,Nequi
3211,2026-08-26,11:09,1,C216,Mostrador,Efectivo
3212,2026-08-26,16:17,1,,Mostrador,Nequi
3213,2026-08-26,11:41,1,C249,Domicilio,Efectivo
3214,2026-08-26,07:31,1,C024,Mostrador,Tarjeta
3215,2026-08-26,16:03,1,,Mostrador,Nequi
3216,2026-08-26,08:52,1,C298,Mostrador,Efectivo
3217,2026-08-26,09:50,1,C079,Domicilio,Nequi
3218,2026-08-26,10:22,1,,Mostrador,Tarjeta
3219,2026-08-26,08:15,1,,Domicilio,Efectivo
3220,2026-08-26,08:17,1,C069,Domicilio,Nequi
3221,2026-08-26,17:46,1,,Mostrador,Efectivo
3222,2026-08-26,08:14,1,C053,Mostrador,Nequi
3223,2026-08-26,07:43,1,C109,Mostrador,Efectivo
3224,2026-08-26,12:26,1,,Mostrador,Efectivo
3225,2026-08-26,18:41,1,C172,Mostrador,Tarjeta
3226,2026-08-26,10:49,1,C201,Mostrador,Tarjeta
3227,2026-08-26,09:57,1,,Mostrador,Efectivo
3228,2026-08-26,09:54,1,,Mostrador,Tarjeta
3229,2026-08-26,09:38,1,C006,Mostrador,Efectivo
3230,2026-08-26,07:37,1,,Domicilio,Tarjeta
3231,2026-08-26,13:49,1,,Mostrador,Efectivo
3232,2026-08-26,09:24,1,C098,Mostrador,Tarjeta
3233,2026-08-26,08:35,1,,Mostrador,Efectivo
3234,2026-08-26,10:15,1,,Mostrador,Tarjeta
3235,2026-08-26,13:25,1,,Mostrador,Tarjeta
3236,2026-08-26,16:33,1,C213,Mostrador,Nequi
3237,2026-08-26,17:13,1,C197,Domicilio,Nequi
3238,2026-08-26,14:37,1,C054,Domicilio,Efectivo
3239,2026-08-26,09:44,1,,Mostrador,Efectivo
3240,2026-08-26,16:27,1,,Mostrador,Tarjeta
3241,2026-08-26,07:55,1,C275,Domicilio,Tarjeta
3242,2026-08-26,14:03,1,,Domicilio,Tarjeta
3243,2026-08-26,07:23,1,,Mostrador,Efectivo
3244,2026-08-26,18:51,1,,Mostrador,Efectivo
3245,2026-08-26,07:27,1,,Mostrador,Nequi
3246,2026-08-26,11:24,1,C261,Mostrador,Nequi
3247,2026-08-26,09:57,1,C175,Mostrador,Tarjeta
3248,2026-08-26,09:58,1,,Mostrador,Efectivo
3249,2026-08-26,08:01,1,C082,Mostrador,Efectivo
3250,2026-08-26,07:32,1,,Domicilio,Nequi
3251,2026-08-26,10:33,1,C047,Mostrador,Tarjeta
3252,2026-08-26,07:07,1,C138,Mostrador,Efectivo
3253,2026-08-26,10:00,1,C166,Mostrador,Efectivo
3254,2026-08-26,13:42,1,,Domicilio,Tarjeta
3255,2026-08-26,13:08,1,,Mostrador,Nequi
3256,2026-08-26,18:01,1,C262,Mostrador,Efectivo
3257,2026-08-26,16:10,1,C032,Mostrador,Efectivo
3258,2026-08-26,07:43,1,C099,Mostrador,Efectivo
3259,2026-08-26,16:28,1,,Mostrador,Efectivo
3260,2026-08-26,06:28,1,,Mostrador,Tarjeta
3261,2026-08-26,11:17,1,C216,Domicilio,Nequi
3262,2026-08-26,11:31,2,C190,Mostrador,Tarjeta
3263,2026-08-26,14:12,2,,Mostrador,Nequi
3264,2026-08-26,11:52,2,C006,Mostrador,Tarjeta
3265,2026-08-26,09:51,2,C157,Mostrador,Tarjeta
3266,2026-08-26,10:09,2,,Mostrador,Efectivo
3267,2026-08-26,12:49,2,C123,Domicilio,Tarjeta
3268,2026-08-26,07:59,2,,Mostrador,Nequi
3269,2026-08-26,15:58,2,,Mostrador,Efectivo
3270,2026-08-26,10:10,2,C278,Mostrador,Nequi
3271,2026-08-26,13:19,2,,Mostrador,Tarjeta
3272,2026-08-26,12:10,2,,Mostrador,Efectivo
3273,2026-08-26,17:27,2,,Mostrador,Efectivo
3274,2026-08-26,11:46,2,C166,Mostrador,Tarjeta
3275,2026-08-26,15:57,2,C189,Domicilio,Efectivo
3276,2026-08-26,19:39,2,,Mostrador,Tarjeta
3277,2026-08-26,13:55,2,C254,Mostrador,Tarjeta
3278,2026-08-26,10:12,2,,Mostrador,Nequi
3279,2026-08-26,11:29,2,,Mostrador,Nequi
3280,2026-08-26,12:06,2,C220,Domicilio,Efectivo
3281,2026-08-26,10:16,2,,Mostrador,Nequi
3282,2026-08-26,11:54,2,,Mostrador,Nequi
3283,2026-08-26,16:35,2,,Mostrador,Tarjeta
3284,2026-08-26,13:08,2,,Mostrador,Tarjeta
3285,2026-08-26,17:11,2,C126,Mostrador,Efectivo
3286,2026-08-26,07:51,2,,Mostrador,Nequi
3287,2026-08-26,17:32,2,,Mostrador,Nequi
3288,2026-08-26,08:55,2,C203,Mostrador,Nequi
3289,2026-08-26,10:16,2,,Domicilio,Nequi
3290,2026-08-26,16:12,2,C211,Mostrador,Nequi
3291,2026-08-26,15:42,2,C201,Mostrador,Efectivo
3292,2026-08-26,06:09,2,,Domicilio,Efectivo
3293,2026-08-26,07:54,2,,Mostrador,Tarjeta
3294,2026-08-26,09:04,2,,Domicilio,Nequi
3295,2026-08-26,16:29,2,C127,Domicilio,Tarjeta
3296,2026-08-26,07:33,2,,Domicilio,Nequi
3297,2026-08-26,12:21,2,,Domicilio,Tarjeta
3298,2026-08-26,11:27,2,C253,Mostrador,Tarjeta
3299,2026-08-26,18:21,2,C091,Domicilio,Efectivo
3300,2026-08-26,10:58,2,,Mostrador,Tarjeta
3301,2026-08-26,15:01,2,,Mostrador,Tarjeta
3302,2026-08-26,08:43,2,,Mostrador,Efectivo
3303,2026-08-26,19:47,2,,Mostrador,Efectivo
3304,2026-08-26,09:01,2,,Domicilio,Nequi
3305,2026-08-26,14:54,2,,Mostrador,Nequi
3306,2026-08-26,08:05,2,,Mostrador,Efectivo
3307,2026-08-26,08:32,2,C134,Domicilio,Tarjeta
3308,2026-08-26,10:41,2,,Mostrador,Nequi
3309,2026-08-26,13:05,2,,Mostrador,Efectivo
3310,2026-08-26,08:21,2,,Domicilio,Efectivo
3311,2026-08-26,08:17,2,,Mostrador,Nequi
3312,2026-08-26,11:12,2,,Mostrador,Efectivo
3313,2026-08-26,09:23,2,C007,Mostrador,Efectivo
3314,2026-08-26,20:21,2,C287,Domicilio,Tarjeta
3315,2026-08-26,19:17,2,,Mostrador,Tarjeta
3316,2026-08-26,17:36,2,C185,Mostrador,Efectivo
3317,2026-08-27,08:31,1,,Mostrador,Efectivo
3318,2026-08-27,09:32,1,C168,Mostrador,Efectivo
3319,2026-08-27,10:25,1,,Mostrador,Nequi
3320,2026-08-27,07:31,1,,Mostrador,Efectivo
3321,2026-08-27,07:46,1,C113,Mostrador,Efectivo
3322,2026-08-27,07:48,1,,Mostrador,Nequi
3323,2026-08-27,14:59,1,,Mostrador,Efectivo
3324,2026-08-27,07:00,1,,Mostrador,Nequi
3325,2026-08-27,07:32,1,C274,Mostrador,Efectivo
3326,2026-08-27,12:23,1,C234,Mostrador,Efectivo
3327,2026-08-27,16:03,1,C248,Domicilio,Nequi
3328,2026-08-27,15:51,1,C138,Mostrador,Tarjeta
3329,2026-08-27,08:32,1,C050,Mostrador,Efectivo
3330,2026-08-27,16:35,1,,Domicilio,Tarjeta
3331,2026-08-27,10:45,1,,Mostrador,Tarjeta
3332,2026-08-27,07:27,1,,Mostrador,Tarjeta
3333,2026-08-27,16:07,1,,Mostrador,Tarjeta
3334,2026-08-27,06:44,1,,Mostrador,Nequi
3335,2026-08-27,07:37,1,,Domicilio,Tarjeta
3336,2026-08-27,19:12,1,C289,Mostrador,Tarjeta
3337,2026-08-27,06:00,1,C054,Mostrador,Efectivo
3338,2026-08-27,10:25,1,C051,Domicilio,Nequi
3339,2026-08-27,12:23,1,,Mostrador,Nequi
3340,2026-08-27,14:50,1,,Mostrador,Efectivo
3341,2026-08-27,09:44,1,,Domicilio,Efectivo
3342,2026-08-27,16:49,1,C152,Mostrador,Efectivo
3343,2026-08-27,07:21,1,,Mostrador,Nequi
3344,2026-08-27,13:58,1,C154,Mostrador,Tarjeta
3345,2026-08-27,07:07,1,,Mostrador,Tarjeta
3346,2026-08-27,09:15,1,,Mostrador,Efectivo
3347,2026-08-27,10:23,1,,Mostrador,Tarjeta
3348,2026-08-27,20:30,1,C182,Domicilio,Tarjeta
3349,2026-08-27,15:58,1,C162,Domicilio,Tarjeta
3350,2026-08-27,14:48,1,,Mostrador,Nequi
3351,2026-08-27,07:45,1,C003,Mostrador,Nequi
3352,2026-08-27,15:53,1,C093,Mostrador,Efectivo
3353,2026-08-27,09:03,1,,Domicilio,Tarjeta
3354,2026-08-27,09:44,1,C019,Mostrador,Tarjeta
3355,2026-08-27,07:42,1,,Mostrador,Tarjeta
3356,2026-08-27,19:11,1,C142,Domicilio,Efectivo
3357,2026-08-27,08:35,1,,Mostrador,Efectivo
3358,2026-08-27,08:41,1,,Mostrador,Tarjeta
3359,2026-08-27,07:34,1,C094,Mostrador,Tarjeta
3360,2026-08-27,07:23,1,C164,Mostrador,Efectivo
3361,2026-08-27,07:48,1,C187,Mostrador,Tarjeta
3362,2026-08-27,10:59,1,C291,Mostrador,Efectivo
3363,2026-08-27,07:58,1,,Mostrador,Nequi
3364,2026-08-27,07:30,1,C171,Mostrador,Efectivo
3365,2026-08-27,07:21,1,,Mostrador,Nequi
3366,2026-08-27,08:03,1,C214,Mostrador,Tarjeta
3367,2026-08-27,09:52,1,C141,Domicilio,Tarjeta
3368,2026-08-27,13:04,1,C213,Domicilio,Tarjeta
3369,2026-08-27,08:37,1,C211,Mostrador,Efectivo
3370,2026-08-27,10:20,1,,Domicilio,Nequi
3371,2026-08-27,15:06,1,C041,Mostrador,Nequi
3372,2026-08-27,19:34,1,,Mostrador,Nequi
3373,2026-08-27,17:01,1,,Mostrador,Efectivo
3374,2026-08-27,09:16,1,,Mostrador,Tarjeta
3375,2026-08-27,18:16,1,,Domicilio,Nequi
3376,2026-08-27,12:37,1,C174,Domicilio,Efectivo
3377,2026-08-27,08:28,1,C164,Mostrador,Efectivo
3378,2026-08-27,16:49,1,,Mostrador,Tarjeta
3379,2026-08-27,18:24,1,,Mostrador,Efectivo
3380,2026-08-27,15:24,1,C019,Mostrador,Tarjeta
3381,2026-08-27,17:49,1,,Mostrador,Efectivo
3382,2026-08-27,17:05,1,,Mostrador,Efectivo
3383,2026-08-27,17:04,1,C144,Mostrador,Tarjeta
3384,2026-08-27,18:44,1,,Domicilio,Tarjeta
3385,2026-08-27,06:09,1,,Mostrador,Nequi
3386,2026-08-27,09:15,1,,Mostrador,Nequi
3387,2026-08-27,08:46,1,,Domicilio,Nequi
3388,2026-08-27,08:10,1,,Mostrador,Efectivo
3389,2026-08-27,11:21,1,,Mostrador,Tarjeta
3390,2026-08-27,09:28,1,,Mostrador,Efectivo
3391,2026-08-27,17:34,1,C172,Mostrador,Tarjeta
3392,2026-08-27,11:11,1,,Mostrador,Nequi
3393,2026-08-27,08:24,1,C061,Mostrador,Tarjeta
3394,2026-08-27,13:20,1,,Mostrador,Nequi
3395,2026-08-27,11:39,2,,Domicilio,Nequi
3396,2026-08-27,09:50,2,C149,Mostrador,Tarjeta
3397,2026-08-27,15:28,2,,Mostrador,Efectivo
3398,2026-08-27,14:24,2,,Mostrador,Tarjeta
3399,2026-08-27,06:06,2,,Mostrador,Tarjeta
3400,2026-08-27,07:03,2,C135,Mostrador,Tarjeta
3401,2026-08-27,08:10,2,C062,Mostrador,Tarjeta
3402,2026-08-27,11:13,2,,Mostrador,Tarjeta
3403,2026-08-27,08:02,2,,Mostrador,Nequi
3404,2026-08-27,18:38,2,C082,Mostrador,Nequi
3405,2026-08-27,10:36,2,,Mostrador,Tarjeta
3406,2026-08-27,07:53,2,,Mostrador,Efectivo
3407,2026-08-27,07:39,2,C201,Mostrador,Tarjeta
3408,2026-08-27,10:29,2,,Mostrador,Nequi
3409,2026-08-27,19:03,2,C128,Mostrador,Nequi
3410,2026-08-27,20:54,2,,Mostrador,Tarjeta
3411,2026-08-27,07:07,2,,Domicilio,Nequi
3412,2026-08-27,11:49,2,,Mostrador,Nequi
3413,2026-08-27,11:41,2,C139,Mostrador,Nequi
3414,2026-08-27,17:41,2,,Mostrador,Nequi
3415,2026-08-27,17:59,2,,Mostrador,Efectivo
3416,2026-08-27,15:54,2,C094,Mostrador,Nequi
3417,2026-08-27,12:00,2,,Domicilio,Efectivo
3418,2026-08-27,16:55,2,,Mostrador,Nequi
3419,2026-08-27,16:55,2,,Mostrador,Tarjeta
3420,2026-08-27,07:00,2,C139,Mostrador,Tarjeta
3421,2026-08-27,17:45,2,,Mostrador,Nequi
3422,2026-08-27,08:09,2,,Mostrador,Efectivo
3423,2026-08-27,08:28,2,,Mostrador,Tarjeta
3424,2026-08-27,17:03,2,,Mostrador,Tarjeta
3425,2026-08-27,15:24,2,,Mostrador,Efectivo
3426,2026-08-27,09:11,2,,Mostrador,Nequi
3427,2026-08-27,08:45,2,C200,Mostrador,Nequi
3428,2026-08-27,08:06,2,,Mostrador,Nequi
3429,2026-08-27,18:42,2,C047,Mostrador,Nequi
3430,2026-08-27,11:15,2,C287,Mostrador,Tarjeta
3431,2026-08-27,08:50,2,,Mostrador,Tarjeta
3432,2026-08-27,15:35,2,C073,Mostrador,Efectivo
3433,2026-08-27,13:25,2,,Mostrador,Tarjeta
3434,2026-08-27,07:16,2,C215,Mostrador,Efectivo
3435,2026-08-27,17:43,2,,Mostrador,Tarjeta
3436,2026-08-27,08:07,2,,Mostrador,Efectivo
3437,2026-08-27,10:53,2,C217,Mostrador,Nequi
3438,2026-08-27,13:27,2,,Domicilio,Efectivo
3439,2026-08-27,16:08,2,C206,Mostrador,Efectivo
3440,2026-08-27,07:47,2,C090,Mostrador,Tarjeta
3441,2026-08-27,10:36,2,C293,Mostrador,Nequi
3442,2026-08-27,11:23,2,C078,Mostrador,Nequi
3443,2026-08-27,14:43,2,,Domicilio,Nequi
3444,2026-08-27,17:45,2,C284,Mostrador,Efectivo
3445,2026-08-27,07:47,2,C248,Mostrador,Nequi
3446,2026-08-27,16:17,2,C226,Mostrador,Nequi
3447,2026-08-27,09:16,2,,Domicilio,Nequi
3448,2026-08-27,08:46,2,,Mostrador,Nequi
3449,2026-08-27,07:48,2,C101,Domicilio,Nequi
3450,2026-08-27,13:10,2,C054,Mostrador,Efectivo
3451,2026-08-27,16:26,2,C089,Mostrador,Efectivo
3452,2026-08-27,06:00,2,C118,Mostrador,Efectivo
3453,2026-08-27,10:58,2,,Mostrador,Nequi
3454,2026-08-27,16:34,2,,Mostrador,Tarjeta
3455,2026-08-27,14:40,2,,Domicilio,Nequi
3456,2026-08-27,11:10,2,C024,Mostrador,Tarjeta
3457,2026-08-27,10:04,2,,Mostrador,Nequi
3458,2026-08-28,18:04,1,,Domicilio,Efectivo
3459,2026-08-28,11:13,1,,Mostrador,Tarjeta
3460,2026-08-28,08:43,1,C217,Domicilio,Efectivo
3461,2026-08-28,08:31,1,,Domicilio,Nequi
3462,2026-08-28,07:10,1,C002,Mostrador,Tarjeta
3463,2026-08-28,10:16,1,C298,Mostrador,Efectivo
3464,2026-08-28,16:32,1,,Mostrador,Nequi
3465,2026-08-28,16:00,1,,Mostrador,Nequi
3466,2026-08-28,07:45,1,C113,Mostrador,Tarjeta
3467,2026-08-28,09:17,1,C046,Domicilio,Efectivo
3468,2026-08-28,19:21,1,,Domicilio,Nequi
3469,2026-08-28,10:13,1,C222,Mostrador,Nequi
3470,2026-08-28,18:08,1,C208,Mostrador,Tarjeta
3471,2026-08-28,06:12,1,,Mostrador,Tarjeta
3472,2026-08-28,12:40,1,,Mostrador,Efectivo
3473,2026-08-28,16:31,1,C115,Mostrador,Tarjeta
3474,2026-08-28,06:17,1,C257,Mostrador,Tarjeta
3475,2026-08-28,17:02,1,C199,Domicilio,Tarjeta
3476,2026-08-28,10:22,1,,Mostrador,Nequi
3477,2026-08-28,16:15,1,,Mostrador,Nequi
3478,2026-08-28,13:35,1,,Domicilio,Tarjeta
3479,2026-08-28,13:46,1,,Mostrador,Efectivo
3480,2026-08-28,11:29,1,,Mostrador,Nequi
3481,2026-08-28,10:48,1,,Mostrador,Tarjeta
3482,2026-08-28,08:02,1,C074,Mostrador,Tarjeta
3483,2026-08-28,08:02,1,,Mostrador,Nequi
3484,2026-08-28,16:35,1,C004,Mostrador,Tarjeta
3485,2026-08-28,10:31,1,C035,Mostrador,Tarjeta
3486,2026-08-28,16:05,1,C203,Mostrador,Nequi
3487,2026-08-28,08:15,1,,Mostrador,Efectivo
3488,2026-08-28,08:03,1,C061,Mostrador,Efectivo
3489,2026-08-28,10:00,1,,Mostrador,Tarjeta
3490,2026-08-28,15:18,1,C299,Mostrador,Nequi
3491,2026-08-28,09:16,1,C174,Mostrador,Efectivo
3492,2026-08-28,17:02,1,C172,Domicilio,Efectivo
3493,2026-08-28,07:28,1,,Mostrador,Nequi
3494,2026-08-28,16:15,1,,Mostrador,Efectivo
3495,2026-08-28,10:31,1,C129,Mostrador,Efectivo
3496,2026-08-28,10:58,1,C102,Mostrador,Efectivo
3497,2026-08-28,16:52,1,,Domicilio,Efectivo
3498,2026-08-28,16:08,1,C289,Mostrador,Nequi
3499,2026-08-28,18:33,1,,Domicilio,Nequi
3500,2026-08-28,16:12,1,,Mostrador,Tarjeta
3501,2026-08-28,10:51,1,,Mostrador,Efectivo
3502,2026-08-28,09:16,1,,Mostrador,Tarjeta
3503,2026-08-28,11:30,1,C024,Mostrador,Nequi
3504,2026-08-28,14:14,1,,Mostrador,Efectivo
3505,2026-08-28,08:45,1,,Mostrador,Nequi
3506,2026-08-28,12:07,1,C271,Mostrador,Efectivo
3507,2026-08-28,08:51,1,,Mostrador,Tarjeta
3508,2026-08-28,12:56,1,C235,Mostrador,Nequi
3509,2026-08-28,07:34,1,,Mostrador,Efectivo
3510,2026-08-28,13:27,1,,Domicilio,Efectivo
3511,2026-08-28,11:15,1,,Mostrador,Nequi
3512,2026-08-28,07:27,1,,Mostrador,Tarjeta
3513,2026-08-28,10:08,1,,Mostrador,Efectivo
3514,2026-08-28,11:35,1,,Mostrador,Tarjeta
3515,2026-08-28,18:21,1,C237,Mostrador,Tarjeta
3516,2026-08-28,10:20,1,C219,Domicilio,Tarjeta
3517,2026-08-28,07:47,1,C146,Mostrador,Nequi
3518,2026-08-28,07:18,1,C189,Domicilio,Tarjeta
3519,2026-08-28,16:07,1,C220,Mostrador,Tarjeta
3520,2026-08-28,10:32,1,,Mostrador,Tarjeta
3521,2026-08-28,13:24,1,,Mostrador,Efectivo
3522,2026-08-28,10:29,1,C149,Mostrador,Nequi
3523,2026-08-28,20:41,1,C047,Mostrador,Nequi
3524,2026-08-28,07:21,1,C014,Mostrador,Nequi
3525,2026-08-28,07:33,1,,Domicilio,Nequi
3526,2026-08-28,16:29,1,C163,Mostrador,Tarjeta
3527,2026-08-28,07:58,1,,Mostrador,Tarjeta
3528,2026-08-28,09:16,1,,Domicilio,Efectivo
3529,2026-08-28,11:47,1,C038,Mostrador,Efectivo
3530,2026-08-28,18:32,1,,Mostrador,Tarjeta
3531,2026-08-28,08:08,1,,Mostrador,Tarjeta
3532,2026-08-28,20:46,1,,Mostrador,Tarjeta
3533,2026-08-28,10:01,1,C241,Mostrador,Nequi
3534,2026-08-28,12:52,2,C097,Mostrador,Tarjeta
3535,2026-08-28,08:57,2,,Mostrador,Efectivo
3536,2026-08-28,17:12,2,C106,Mostrador,Efectivo
3537,2026-08-28,07:25,2,,Mostrador,Nequi
3538,2026-08-28,13:20,2,C001,Mostrador,Efectivo
3539,2026-08-28,17:38,2,,Mostrador,Tarjeta
3540,2026-08-28,13:36,2,,Mostrador,Efectivo
3541,2026-08-28,09:05,2,C200,Domicilio,Efectivo
3542,2026-08-28,08:35,2,,Mostrador,Efectivo
3543,2026-08-28,15:21,2,,Mostrador,Nequi
3544,2026-08-28,15:46,2,,Domicilio,Tarjeta
3545,2026-08-28,09:30,2,,Mostrador,Nequi
3546,2026-08-28,15:46,2,C050,Mostrador,Tarjeta
3547,2026-08-28,09:20,2,,Mostrador,Nequi
3548,2026-08-28,09:43,2,,Mostrador,Efectivo
3549,2026-08-28,09:18,2,C060,Domicilio,Efectivo
3550,2026-08-28,14:14,2,,Mostrador,Tarjeta
3551,2026-08-28,19:33,2,,Mostrador,Tarjeta
3552,2026-08-28,09:42,2,,Mostrador,Nequi
3553,2026-08-28,08:41,2,,Mostrador,Efectivo
3554,2026-08-28,16:26,2,,Mostrador,Nequi
3555,2026-08-28,10:18,2,,Mostrador,Efectivo
3556,2026-08-28,17:29,2,C182,Mostrador,Tarjeta
3557,2026-08-28,17:48,2,C002,Mostrador,Tarjeta
3558,2026-08-28,18:36,2,,Mostrador,Efectivo
3559,2026-08-28,08:48,2,,Mostrador,Tarjeta
3560,2026-08-28,09:24,2,,Mostrador,Nequi
3561,2026-08-28,08:42,2,,Mostrador,Efectivo
3562,2026-08-28,10:17,2,C092,Mostrador,Nequi
3563,2026-08-28,16:38,2,C102,Domicilio,Tarjeta
3564,2026-08-28,06:59,2,C241,Mostrador,Efectivo
3565,2026-08-28,19:14,2,C181,Mostrador,Tarjeta
3566,2026-08-28,15:43,2,,Domicilio,Tarjeta
3567,2026-08-28,09:52,2,,Mostrador,Efectivo
3568,2026-08-28,07:15,2,,Mostrador,Efectivo
3569,2026-08-28,19:35,2,C239,Mostrador,Nequi
3570,2026-08-28,09:35,2,,Domicilio,Efectivo
3571,2026-08-28,09:16,2,,Domicilio,Nequi
3572,2026-08-28,10:56,2,C087,Domicilio,Nequi
3573,2026-08-28,18:38,2,,Mostrador,Nequi
3574,2026-08-28,13:45,2,,Mostrador,Tarjeta
3575,2026-08-28,19:32,2,,Mostrador,Nequi
3576,2026-08-28,10:56,2,C178,Mostrador,Nequi
3577,2026-08-28,08:39,2,,Mostrador,Nequi
3578,2026-08-28,14:26,2,C103,Mostrador,Nequi
3579,2026-08-28,16:10,2,,Mostrador,Nequi
3580,2026-08-28,07:59,2,C204,Domicilio,Nequi
3581,2026-08-28,18:07,2,,Mostrador,Efectivo
3582,2026-08-28,07:07,2,,Mostrador,Efectivo
3583,2026-08-28,17:44,2,C080,Mostrador,Tarjeta
3584,2026-08-28,17:20,2,C046,Domicilio,Nequi
3585,2026-08-28,09:32,2,C193,Mostrador,Nequi
3586,2026-08-28,15:06,2,C206,Mostrador,Nequi
3587,2026-08-28,19:12,2,C097,Mostrador,Nequi
3588,2026-08-28,07:33,2,C132,Mostrador,Efectivo
3589,2026-08-28,10:28,2,,Mostrador,Efectivo
3590,2026-08-28,11:14,2,,Mostrador,Efectivo
3591,2026-08-28,11:58,2,C059,Mostrador,Nequi
3592,2026-08-28,13:33,2,,Mostrador,Tarjeta
3593,2026-08-28,08:41,2,,Domicilio,Nequi
3594,2026-08-28,09:33,2,C171,Mostrador,Efectivo
3595,2026-08-28,07:19,2,,Mostrador,Efectivo
3596,2026-08-28,13:41,2,,Domicilio,Tarjeta
3597,2026-08-28,15:50,2,C216,Domicilio,Nequi
3598,2026-08-28,16:41,2,C069,Mostrador,Nequi
3599,2026-08-29,15:39,1,C160,Mostrador,Nequi
3600,2026-08-29,07:35,1,C115,Mostrador,Tarjeta
3601,2026-08-29,08:34,1,C193,Mostrador,Tarjeta
3602,2026-08-29,16:31,1,C035,Mostrador,Nequi
3603,2026-08-29,07:06,1,,Mostrador,Tarjeta
3604,2026-08-29,12:56,1,,Mostrador,Efectivo
3605,2026-08-29,11:45,1,,Mostrador,Efectivo
3606,2026-08-29,09:48,1,,Domicilio,Efectivo
3607,2026-08-29,18:30,1,,Mostrador,Efectivo
3608,2026-08-29,11:52,1,,Mostrador,Tarjeta
3609,2026-08-29,12:11,1,,Mostrador,Nequi
3610,2026-08-29,14:11,1,,Mostrador,Nequi
3611,2026-08-29,07:07,1,,Mostrador,Efectivo
3612,2026-08-29,08:15,1,,Mostrador,Efectivo
3613,2026-08-29,16:21,1,,Mostrador,Nequi
3614,2026-08-29,15:10,1,,Mostrador,Nequi
3615,2026-08-29,15:45,1,,Mostrador,Efectivo
3616,2026-08-29,09:48,1,C190,Domicilio,Efectivo
3617,2026-08-29,13:02,1,,Mostrador,Tarjeta
3618,2026-08-29,10:06,1,,Mostrador,Tarjeta
3619,2026-08-29,15:07,1,,Mostrador,Efectivo
3620,2026-08-29,16:42,1,,Mostrador,Nequi
3621,2026-08-29,08:27,1,,Mostrador,Efectivo
3622,2026-08-29,18:38,1,,Mostrador,Nequi
3623,2026-08-29,08:06,1,C016,Mostrador,Tarjeta
3624,2026-08-29,08:07,1,C125,Mostrador,Tarjeta
3625,2026-08-29,16:06,1,,Mostrador,Tarjeta
3626,2026-08-29,17:19,1,,Mostrador,Efectivo
3627,2026-08-29,11:18,1,,Mostrador,Nequi
3628,2026-08-29,09:58,1,,Mostrador,Efectivo
3629,2026-08-29,09:36,1,C101,Mostrador,Nequi
3630,2026-08-29,15:13,1,,Domicilio,Efectivo
3631,2026-08-29,10:45,1,,Mostrador,Efectivo
3632,2026-08-29,18:56,1,,Mostrador,Nequi
3633,2026-08-29,15:29,1,,Mostrador,Nequi
3634,2026-08-29,10:28,1,,Mostrador,Nequi
3635,2026-08-29,13:24,1,,Mostrador,Nequi
3636,2026-08-29,08:49,1,,Mostrador,Tarjeta
3637,2026-08-29,11:04,1,,Mostrador,Efectivo
3638,2026-08-29,15:07,1,,Mostrador,Tarjeta
3639,2026-08-29,15:13,1,,Domicilio,Nequi
3640,2026-08-29,11:50,1,,Mostrador,Nequi
3641,2026-08-29,11:38,1,C114,Mostrador,Nequi
3642,2026-08-29,12:11,1,C223,Mostrador,Efectivo
3643,2026-08-29,10:01,1,,Mostrador,Nequi
3644,2026-08-29,10:00,1,C189,Domicilio,Tarjeta
3645,2026-08-29,14:51,1,,Mostrador,Nequi
3646,2026-08-29,09:43,1,,Mostrador,Nequi
3647,2026-08-29,12:37,1,,Mostrador,Efectivo
3648,2026-08-29,08:24,1,C181,Mostrador,Tarjeta
3649,2026-08-29,13:03,1,C082,Mostrador,Efectivo
3650,2026-08-29,09:18,1,,Mostrador,Tarjeta
3651,2026-08-29,18:13,1,,Mostrador,Tarjeta
3652,2026-08-29,08:35,1,C160,Mostrador,Tarjeta
3653,2026-08-29,11:53,1,C121,Mostrador,Nequi
3654,2026-08-29,15:49,1,C168,Mostrador,Efectivo
3655,2026-08-29,09:56,1,,Mostrador,Nequi
3656,2026-08-29,09:57,1,,Domicilio,Nequi
3657,2026-08-29,15:40,1,,Mostrador,Efectivo
3658,2026-08-29,10:55,1,,Mostrador,Nequi
3659,2026-08-29,11:19,1,,Mostrador,Efectivo
3660,2026-08-29,15:52,1,,Mostrador,Tarjeta
3661,2026-08-29,09:59,1,,Mostrador,Tarjeta
3662,2026-08-29,11:26,1,,Domicilio,Nequi
3663,2026-08-29,10:13,1,,Mostrador,Nequi
3664,2026-08-29,08:48,1,,Domicilio,Tarjeta
3665,2026-08-29,09:12,1,,Mostrador,Efectivo
3666,2026-08-29,10:17,1,C072,Mostrador,Efectivo
3667,2026-08-29,11:15,1,C163,Mostrador,Tarjeta
3668,2026-08-29,10:51,1,C131,Mostrador,Efectivo
3669,2026-08-29,08:55,1,C067,Mostrador,Nequi
3670,2026-08-29,16:25,1,C034,Mostrador,Efectivo
3671,2026-08-29,17:54,1,C194,Mostrador,Nequi
3672,2026-08-29,18:39,1,,Mostrador,Tarjeta
3673,2026-08-29,08:35,1,,Mostrador,Efectivo
3674,2026-08-29,09:47,1,C043,Mostrador,Tarjeta
3675,2026-08-29,17:22,1,C068,Mostrador,Nequi
3676,2026-08-29,08:18,1,,Mostrador,Tarjeta
3677,2026-08-29,19:32,1,C154,Mostrador,Nequi
3678,2026-08-29,18:07,1,,Domicilio,Nequi
3679,2026-08-29,09:44,1,,Mostrador,Nequi
3680,2026-08-29,16:15,1,,Domicilio,Nequi
3681,2026-08-29,15:41,1,C036,Mostrador,Efectivo
3682,2026-08-29,08:26,1,C186,Mostrador,Nequi
3683,2026-08-29,09:55,1,,Domicilio,Efectivo
3684,2026-08-29,16:21,1,,Mostrador,Nequi
3685,2026-08-29,14:35,1,C049,Mostrador,Efectivo
3686,2026-08-29,06:02,1,C237,Mostrador,Nequi
3687,2026-08-29,16:26,1,,Mostrador,Nequi
3688,2026-08-29,13:02,1,C234,Mostrador,Nequi
3689,2026-08-29,17:55,1,,Mostrador,Tarjeta
3690,2026-08-29,16:32,1,,Mostrador,Tarjeta
3691,2026-08-29,14:38,1,C129,Domicilio,Tarjeta
3692,2026-08-29,09:15,1,,Mostrador,Nequi
3693,2026-08-29,08:57,1,C108,Mostrador,Nequi
3694,2026-08-29,11:51,1,,Mostrador,Efectivo
3695,2026-08-29,08:26,1,C112,Mostrador,Efectivo
3696,2026-08-29,07:22,1,,Mostrador,Tarjeta
3697,2026-08-29,09:34,1,,Mostrador,Efectivo
3698,2026-08-29,09:01,1,C259,Mostrador,Nequi
3699,2026-08-29,08:02,1,,Mostrador,Tarjeta
3700,2026-08-29,14:53,1,C168,Mostrador,Efectivo
3701,2026-08-29,14:13,1,C232,Domicilio,Nequi
3702,2026-08-29,11:06,1,,Mostrador,Tarjeta
3703,2026-08-29,08:28,1,,Mostrador,Nequi
3704,2026-08-29,14:11,1,,Mostrador,Efectivo
3705,2026-08-29,11:01,1,C151,Mostrador,Tarjeta
3706,2026-08-29,12:24,1,C085,Mostrador,Tarjeta
3707,2026-08-29,15:24,1,C282,Mostrador,Nequi
3708,2026-08-29,16:04,1,,Domicilio,Tarjeta
3709,2026-08-29,14:29,1,,Mostrador,Nequi
3710,2026-08-29,08:08,1,C122,Mostrador,Nequi
3711,2026-08-29,07:08,1,C107,Mostrador,Efectivo
3712,2026-08-29,20:07,1,C136,Mostrador,Nequi
3713,2026-08-29,08:59,1,C045,Mostrador,Tarjeta
3714,2026-08-29,06:52,2,,Mostrador,Nequi
3715,2026-08-29,12:07,2,,Mostrador,Nequi
3716,2026-08-29,07:07,2,C165,Mostrador,Efectivo
3717,2026-08-29,07:35,2,,Domicilio,Nequi
3718,2026-08-29,12:57,2,,Mostrador,Tarjeta
3719,2026-08-29,08:48,2,C232,Mostrador,Nequi
3720,2026-08-29,07:59,2,,Domicilio,Tarjeta
3721,2026-08-29,15:45,2,,Mostrador,Tarjeta
3722,2026-08-29,11:05,2,,Mostrador,Nequi
3723,2026-08-29,08:33,2,,Mostrador,Tarjeta
3724,2026-08-29,16:35,2,C158,Mostrador,Nequi
3725,2026-08-29,07:23,2,,Mostrador,Efectivo
3726,2026-08-29,06:24,2,,Mostrador,Efectivo
3727,2026-08-29,10:53,2,C290,Mostrador,Tarjeta
3728,2026-08-29,10:44,2,,Domicilio,Nequi
3729,2026-08-29,09:04,2,C120,Mostrador,Efectivo
3730,2026-08-29,18:06,2,,Mostrador,Efectivo
3731,2026-08-29,11:17,2,,Mostrador,Nequi
3732,2026-08-29,08:05,2,,Mostrador,Tarjeta
3733,2026-08-29,19:56,2,C062,Mostrador,Efectivo
3734,2026-08-29,09:59,2,,Mostrador,Nequi
3735,2026-08-29,16:53,2,C048,Mostrador,Nequi
3736,2026-08-29,18:40,2,,Mostrador,Nequi
3737,2026-08-29,09:31,2,,Mostrador,Tarjeta
3738,2026-08-29,11:34,2,,Mostrador,Nequi
3739,2026-08-29,06:13,2,,Mostrador,Efectivo
3740,2026-08-29,10:26,2,,Mostrador,Tarjeta
3741,2026-08-29,16:37,2,C106,Mostrador,Efectivo
3742,2026-08-29,08:38,2,C151,Mostrador,Efectivo
3743,2026-08-29,09:20,2,C233,Mostrador,Tarjeta
3744,2026-08-29,08:54,2,C284,Mostrador,Nequi
3745,2026-08-29,19:39,2,C074,Mostrador,Tarjeta
3746,2026-08-29,17:20,2,,Mostrador,Efectivo
3747,2026-08-29,07:35,2,C066,Mostrador,Tarjeta
3748,2026-08-29,09:34,2,,Mostrador,Efectivo
3749,2026-08-29,10:50,2,,Mostrador,Efectivo
3750,2026-08-29,10:19,2,,Mostrador,Nequi
3751,2026-08-29,19:42,2,,Mostrador,Efectivo
3752,2026-08-29,10:54,2,,Mostrador,Nequi
3753,2026-08-29,11:46,2,C096,Mostrador,Nequi
3754,2026-08-29,06:26,2,,Mostrador,Tarjeta
3755,2026-08-29,09:01,2,,Mostrador,Nequi
3756,2026-08-29,09:35,2,C257,Mostrador,Efectivo
3757,2026-08-29,08:28,2,,Domicilio,Efectivo
3758,2026-08-29,16:52,2,,Domicilio,Nequi
3759,2026-08-29,15:24,2,C274,Mostrador,Efectivo
3760,2026-08-29,17:16,2,,Domicilio,Nequi
3761,2026-08-29,08:40,2,,Domicilio,Tarjeta
3762,2026-08-29,20:31,2,,Mostrador,Efectivo
3763,2026-08-29,18:07,2,C141,Mostrador,Nequi
3764,2026-08-29,15:50,2,,Mostrador,Nequi
3765,2026-08-29,08:34,2,C120,Mostrador,Efectivo
3766,2026-08-29,20:49,2,,Mostrador,Efectivo
3767,2026-08-29,09:14,2,C202,Mostrador,Efectivo
3768,2026-08-29,09:51,2,C279,Mostrador,Nequi
3769,2026-08-29,13:37,2,,Mostrador,Nequi
3770,2026-08-29,10:59,2,C078,Domicilio,Efectivo
3771,2026-08-29,09:33,2,C180,Domicilio,Efectivo
3772,2026-08-29,13:48,2,,Domicilio,Tarjeta
3773,2026-08-29,18:46,2,,Mostrador,Nequi
3774,2026-08-29,20:09,2,C278,Mostrador,Nequi
3775,2026-08-29,09:54,2,,Mostrador,Nequi
3776,2026-08-29,13:36,2,C293,Mostrador,Nequi
3777,2026-08-29,16:40,2,,Mostrador,Tarjeta
3778,2026-08-29,10:40,2,C264,Domicilio,Efectivo
3779,2026-08-29,08:46,2,,Mostrador,Efectivo
3780,2026-08-29,14:36,2,,Mostrador,Efectivo
3781,2026-08-29,17:31,2,,Mostrador,Tarjeta
3782,2026-08-29,11:47,2,,Mostrador,Nequi
3783,2026-08-29,15:59,2,C267,Domicilio,Nequi
3784,2026-08-29,08:18,2,,Mostrador,Tarjeta
3785,2026-08-29,17:08,2,C070,Mostrador,Nequi
3786,2026-08-29,10:50,2,,Mostrador,Efectivo
3787,2026-08-30,20:53,1,,Mostrador,Nequi
3788,2026-08-30,08:20,1,C245,Mostrador,Nequi
3789,2026-08-30,09:26,1,,Mostrador,Tarjeta
3790,2026-08-30,18:37,1,,Mostrador,Tarjeta
3791,2026-08-30,16:50,1,C201,Mostrador,Nequi
3792,2026-08-30,18:04,1,C146,Mostrador,Nequi
3793,2026-08-30,16:43,1,,Mostrador,Efectivo
3794,2026-08-30,17:03,1,,Mostrador,Nequi
3795,2026-08-30,07:18,1,C270,Mostrador,Tarjeta
3796,2026-08-30,13:30,1,,Domicilio,Tarjeta
3797,2026-08-30,17:22,1,,Mostrador,Nequi
3798,2026-08-30,16:21,1,,Mostrador,Efectivo
3799,2026-08-30,07:18,1,C242,Mostrador,Efectivo
3800,2026-08-30,10:42,1,,Mostrador,Efectivo
3801,2026-08-30,12:37,1,C026,Mostrador,Tarjeta
3802,2026-08-30,07:29,1,,Mostrador,Nequi
3803,2026-08-30,11:36,1,,Domicilio,Tarjeta
3804,2026-08-30,10:26,1,,Mostrador,Efectivo
3805,2026-08-30,10:36,1,,Domicilio,Tarjeta
3806,2026-08-30,17:33,1,C018,Domicilio,Nequi
3807,2026-08-30,07:53,1,,Domicilio,Tarjeta
3808,2026-08-30,07:07,1,,Domicilio,Tarjeta
3809,2026-08-30,12:39,1,,Mostrador,Tarjeta
3810,2026-08-30,17:35,1,,Mostrador,Efectivo
3811,2026-08-30,09:29,1,C058,Mostrador,Efectivo
3812,2026-08-30,10:26,1,,Mostrador,Nequi
3813,2026-08-30,13:04,1,,Mostrador,Efectivo
3814,2026-08-30,08:01,1,,Mostrador,Tarjeta
3815,2026-08-30,14:42,1,,Mostrador,Tarjeta
3816,2026-08-30,19:52,1,,Mostrador,Efectivo
3817,2026-08-30,10:25,1,,Mostrador,Nequi
3818,2026-08-30,18:09,1,C062,Mostrador,Tarjeta
3819,2026-08-30,08:12,1,C248,Mostrador,Efectivo
3820,2026-08-30,12:46,1,,Mostrador,Nequi
3821,2026-08-30,10:09,1,C053,Mostrador,Efectivo
3822,2026-08-30,08:26,1,,Domicilio,Efectivo
3823,2026-08-30,17:35,1,,Mostrador,Efectivo
3824,2026-08-30,06:01,1,,Mostrador,Tarjeta
3825,2026-08-30,17:30,1,,Mostrador,Tarjeta
3826,2026-08-30,16:42,1,,Mostrador,Nequi
3827,2026-08-30,14:12,1,,Mostrador,Efectivo
3828,2026-08-30,08:52,1,,Mostrador,Efectivo
3829,2026-08-30,15:25,1,,Mostrador,Efectivo
3830,2026-08-30,09:43,1,C116,Mostrador,Tarjeta
3831,2026-08-30,06:06,1,C209,Mostrador,Tarjeta
3832,2026-08-30,17:09,1,,Mostrador,Tarjeta
3833,2026-08-30,18:05,1,C200,Domicilio,Efectivo
3834,2026-08-30,12:39,1,,Mostrador,Efectivo
3835,2026-08-30,07:51,1,,Mostrador,Efectivo
3836,2026-08-30,06:37,1,C021,Mostrador,Tarjeta
3837,2026-08-30,15:36,1,,Mostrador,Efectivo
3838,2026-08-30,13:21,1,C045,Domicilio,Efectivo
3839,2026-08-30,19:51,1,C216,Mostrador,Tarjeta
3840,2026-08-30,08:11,1,,Mostrador,Efectivo
3841,2026-08-30,06:36,1,C016,Mostrador,Tarjeta
3842,2026-08-30,16:15,1,,Mostrador,Nequi
3843,2026-08-30,16:11,1,,Mostrador,Efectivo
3844,2026-08-30,16:23,1,,Mostrador,Tarjeta
3845,2026-08-30,07:06,1,C143,Mostrador,Tarjeta
3846,2026-08-30,10:26,1,C148,Mostrador,Nequi
3847,2026-08-30,08:27,1,,Domicilio,Nequi
3848,2026-08-30,06:30,1,C075,Mostrador,Efectivo
3849,2026-08-30,18:30,1,C288,Mostrador,Nequi
3850,2026-08-30,12:14,1,,Domicilio,Tarjeta
3851,2026-08-30,20:54,1,,Mostrador,Efectivo
3852,2026-08-30,10:54,1,C085,Mostrador,Nequi
3853,2026-08-30,17:54,1,C144,Mostrador,Tarjeta
3854,2026-08-30,09:39,1,C276,Mostrador,Efectivo
3855,2026-08-30,09:51,1,,Mostrador,Efectivo
3856,2026-08-30,08:41,1,C245,Mostrador,Efectivo
3857,2026-08-30,09:09,1,C189,Domicilio,Nequi
3858,2026-08-30,16:31,1,,Domicilio,Nequi
3859,2026-08-30,19:31,1,,Mostrador,Efectivo
3860,2026-08-30,08:39,1,C168,Mostrador,Tarjeta
3861,2026-08-30,08:21,1,,Mostrador,Tarjeta
3862,2026-08-30,08:18,1,,Mostrador,Efectivo
3863,2026-08-30,09:35,1,,Mostrador,Nequi
3864,2026-08-30,07:59,2,,Mostrador,Efectivo
3865,2026-08-30,08:21,2,,Domicilio,Efectivo
3866,2026-08-30,06:14,2,,Domicilio,Efectivo
3867,2026-08-30,19:07,2,C041,Domicilio,Nequi
3868,2026-08-30,08:11,2,,Mostrador,Tarjeta
3869,2026-08-30,12:25,2,,Domicilio,Efectivo
3870,2026-08-30,17:21,2,C035,Domicilio,Efectivo
3871,2026-08-30,18:58,2,C005,Mostrador,Nequi
3872,2026-08-30,10:48,2,C191,Mostrador,Nequi
3873,2026-08-30,12:15,2,,Mostrador,Efectivo
3874,2026-08-30,15:28,2,C200,Mostrador,Nequi
3875,2026-08-30,09:17,2,C062,Domicilio,Nequi
3876,2026-08-30,07:16,2,,Mostrador,Efectivo
3877,2026-08-30,15:59,2,C221,Mostrador,Nequi
3878,2026-08-30,06:55,2,,Mostrador,Nequi
3879,2026-08-30,20:05,2,,Mostrador,Tarjeta
3880,2026-08-30,09:49,2,C221,Mostrador,Efectivo
3881,2026-08-30,17:56,2,,Mostrador,Tarjeta
3882,2026-08-30,13:43,2,,Mostrador,Nequi
3883,2026-08-30,19:31,2,C225,Mostrador,Tarjeta
3884,2026-08-30,09:24,2,C196,Mostrador,Nequi
3885,2026-08-30,09:39,2,,Mostrador,Efectivo
3886,2026-08-30,14:16,2,,Mostrador,Nequi
3887,2026-08-30,10:22,2,,Domicilio,Efectivo
3888,2026-08-30,07:17,2,,Mostrador,Efectivo
3889,2026-08-30,14:02,2,C134,Mostrador,Tarjeta
3890,2026-08-30,16:44,2,C111,Mostrador,Tarjeta
3891,2026-08-30,08:15,2,C085,Mostrador,Nequi
3892,2026-08-30,08:15,2,,Mostrador,Efectivo
3893,2026-08-30,07:13,2,,Mostrador,Tarjeta
3894,2026-08-30,13:48,2,,Mostrador,Nequi
3895,2026-08-30,06:41,2,C049,Mostrador,Nequi
3896,2026-08-30,17:38,2,C121,Mostrador,Tarjeta
3897,2026-08-30,15:48,2,,Mostrador,Nequi
3898,2026-08-30,07:15,2,C263,Domicilio,Nequi
3899,2026-08-30,13:28,2,,Mostrador,Tarjeta
3900,2026-08-30,16:47,2,,Mostrador,Nequi
3901,2026-08-30,19:40,2,,Mostrador,Tarjeta
3902,2026-08-30,07:57,2,,Mostrador,Nequi
3903,2026-08-30,10:52,2,,Mostrador,Tarjeta
3904,2026-08-30,18:19,2,,Mostrador,Efectivo
3905,2026-08-30,08:58,2,,Mostrador,Nequi
3906,2026-08-30,10:01,2,,Mostrador,Tarjeta
3907,2026-08-30,07:56,2,C157,Mostrador,Nequi
3908,2026-08-30,09:27,2,C203,Mostrador,Efectivo
3909,2026-08-30,07:55,2,,Mostrador,Nequi
3910,2026-08-30,09:57,2,,Mostrador,Tarjeta
3911,2026-08-30,15:17,2,,Mostrador,Nequi
3912,2026-08-30,07:45,2,,Mostrador,Efectivo
3913,2026-08-30,13:45,2,,Mostrador,Nequi
3914,2026-08-30,11:43,2,C214,Mostrador,Nequi
3915,2026-08-30,09:55,2,,Mostrador,Tarjeta
3916,2026-08-30,17:46,2,C070,Domicilio,Tarjeta
3917,2026-08-30,08:31,2,C004,Mostrador,Tarjeta
3918,2026-08-30,18:52,2,C137,Mostrador,Efectivo
3919,2026-08-30,17:32,2,,Domicilio,Efectivo
3920,2026-08-30,07:47,2,C032,Mostrador,Nequi
3921,2026-08-31,12:00,1,,Domicilio,Tarjeta
3922,2026-08-31,10:38,1,,Mostrador,Nequi
3923,2026-08-31,09:36,1,C216,Mostrador,Nequi
3924,2026-08-31,07:15,1,,Mostrador,Tarjeta
3925,2026-08-31,20:07,1,,Mostrador,Nequi
3926,2026-08-31,06:14,1,,Mostrador,Efectivo
3927,2026-08-31,13:53,1,C047,Mostrador,Efectivo
3928,2026-08-31,07:28,1,,Mostrador,Efectivo
3929,2026-08-31,08:23,1,,Mostrador,Efectivo
3930,2026-08-31,16:46,1,,Mostrador,Efectivo
3931,2026-08-31,06:44,1,C263,Domicilio,Nequi
3932,2026-08-31,15:18,1,,Mostrador,Tarjeta
3933,2026-08-31,08:25,1,C218,Mostrador,Nequi
3934,2026-08-31,07:25,1,C137,Mostrador,Efectivo
3935,2026-08-31,16:20,1,C047,Domicilio,Nequi
3936,2026-08-31,08:49,1,C275,Mostrador,Nequi
3937,2026-08-31,12:08,1,,Mostrador,Tarjeta
3938,2026-08-31,08:00,1,,Mostrador,Efectivo
3939,2026-08-31,07:36,1,,Mostrador,Efectivo
3940,2026-08-31,07:50,1,,Mostrador,Tarjeta
3941,2026-08-31,08:27,1,,Mostrador,Efectivo
3942,2026-08-31,14:37,1,C077,Domicilio,Nequi
3943,2026-08-31,15:59,1,,Mostrador,Tarjeta
3944,2026-08-31,13:11,1,C130,Mostrador,Efectivo
3945,2026-08-31,09:58,1,,Mostrador,Efectivo
3946,2026-08-31,17:59,1,,Mostrador,Efectivo
3947,2026-08-31,12:34,1,,Mostrador,Tarjeta
3948,2026-08-31,07:34,1,C299,Mostrador,Nequi
3949,2026-08-31,11:19,1,C041,Domicilio,Efectivo
3950,2026-08-31,07:21,1,C126,Domicilio,Nequi
3951,2026-08-31,16:19,1,,Mostrador,Nequi
3952,2026-08-31,10:07,1,,Mostrador,Efectivo
3953,2026-08-31,08:06,1,C022,Mostrador,Tarjeta
3954,2026-08-31,14:04,1,,Mostrador,Nequi
3955,2026-08-31,17:32,1,,Mostrador,Nequi
3956,2026-08-31,17:30,1,,Mostrador,Tarjeta
3957,2026-08-31,07:51,1,C126,Mostrador,Nequi
3958,2026-08-31,14:28,1,C280,Mostrador,Nequi
3959,2026-08-31,06:28,1,C260,Mostrador,Tarjeta
3960,2026-08-31,13:42,1,C277,Domicilio,Tarjeta
3961,2026-08-31,19:16,1,,Domicilio,Tarjeta
3962,2026-08-31,19:23,1,,Mostrador,Nequi
3963,2026-08-31,14:45,1,,Mostrador,Tarjeta
3964,2026-08-31,08:08,1,,Mostrador,Efectivo
3965,2026-08-31,12:51,1,C170,Mostrador,Nequi
3966,2026-08-31,14:26,1,C001,Domicilio,Efectivo
3967,2026-08-31,11:18,1,,Mostrador,Nequi
3968,2026-08-31,09:57,1,,Domicilio,Efectivo
3969,2026-08-31,16:55,1,,Mostrador,Efectivo
3970,2026-08-31,07:20,1,,Mostrador,Efectivo
3971,2026-08-31,15:16,1,,Mostrador,Nequi
3972,2026-08-31,15:30,1,,Mostrador,Tarjeta
3973,2026-08-31,17:49,1,C061,Mostrador,Efectivo
3974,2026-08-31,07:02,1,,Mostrador,Nequi
3975,2026-08-31,13:25,1,C066,Mostrador,Tarjeta
3976,2026-08-31,07:43,1,,Domicilio,Tarjeta
3977,2026-08-31,17:42,1,C156,Domicilio,Tarjeta
3978,2026-08-31,16:34,1,C233,Domicilio,Efectivo
3979,2026-08-31,09:53,1,,Mostrador,Nequi
3980,2026-08-31,17:12,1,,Mostrador,Nequi
3981,2026-08-31,10:04,1,C275,Mostrador,Efectivo
3982,2026-08-31,10:54,1,C215,Mostrador,Efectivo
3983,2026-08-31,09:29,1,C210,Domicilio,Tarjeta
3984,2026-08-31,08:18,1,,Mostrador,Tarjeta
3985,2026-08-31,07:47,1,,Mostrador,Efectivo
3986,2026-08-31,07:17,1,,Mostrador,Tarjeta
3987,2026-08-31,08:10,1,C077,Domicilio,Tarjeta
3988,2026-08-31,09:36,1,C094,Mostrador,Efectivo
3989,2026-08-31,17:34,1,C275,Mostrador,Tarjeta
3990,2026-08-31,12:50,1,,Mostrador,Efectivo
3991,2026-08-31,12:23,1,,Mostrador,Tarjeta
3992,2026-08-31,06:43,1,,Mostrador,Tarjeta
3993,2026-08-31,09:30,1,C255,Domicilio,Tarjeta
3994,2026-08-31,11:48,1,C190,Domicilio,Nequi
3995,2026-08-31,07:03,2,,Domicilio,Nequi
3996,2026-08-31,08:50,2,C089,Mostrador,Efectivo
3997,2026-08-31,09:56,2,,Mostrador,Tarjeta
3998,2026-08-31,09:52,2,C140,Mostrador,Efectivo
3999,2026-08-31,18:51,2,C141,Mostrador,Nequi
4000,2026-08-31,10:04,2,C281,Mostrador,Efectivo
4001,2026-08-31,17:28,2,,Mostrador,Efectivo
4002,2026-08-31,19:00,2,C001,Domicilio,Efectivo
4003,2026-08-31,11:07,2,,Mostrador,Efectivo
4004,2026-08-31,14:08,2,C283,Mostrador,Nequi
4005,2026-08-31,10:09,2,C295,Mostrador,Efectivo
4006,2026-08-31,17:12,2,C008,Mostrador,Tarjeta
4007,2026-08-31,14:05,2,C061,Mostrador,Nequi
4008,2026-08-31,19:47,2,C252,Mostrador,Nequi
4009,2026-08-31,15:29,2,,Mostrador,Efectivo
4010,2026-08-31,07:12,2,C184,Mostrador,Tarjeta
4011,2026-08-31,20:07,2,,Domicilio,Nequi
4012,2026-08-31,09:58,2,C281,Mostrador,Tarjeta
4013,2026-08-31,07:00,2,,Domicilio,Nequi
4014,2026-08-31,10:07,2,C270,Domicilio,Tarjeta
4015,2026-08-31,11:29,2,,Domicilio,Tarjeta
4016,2026-08-31,09:49,2,,Mostrador,Nequi
4017,2026-08-31,08:45,2,C223,Mostrador,Efectivo
4018,2026-08-31,07:49,2,C178,Mostrador,Efectivo
4019,2026-08-31,07:31,2,C018,Mostrador,Efectivo
4020,2026-08-31,09:38,2,C092,Mostrador,Efectivo
4021,2026-08-31,08:45,2,C041,Domicilio,Tarjeta
4022,2026-08-31,07:51,2,,Mostrador,Nequi
4023,2026-08-31,20:03,2,,Mostrador,Efectivo
4024,2026-08-31,06:38,2,,Domicilio,Efectivo
4025,2026-08-31,13:40,2,,Mostrador,Tarjeta
4026,2026-08-31,13:16,2,C021,Domicilio,Efectivo
4027,2026-08-31,09:40,2,C007,Mostrador,Nequi
4028,2026-08-31,10:40,2,,Domicilio,Efectivo
4029,2026-08-31,19:51,2,,Mostrador,Efectivo
4030,2026-08-31,07:04,2,,Mostrador,Efectivo
4031,2026-08-31,15:25,2,C121,Mostrador,Tarjeta
4032,2026-08-31,09:55,2,,Mostrador,Nequi
4033,2026-08-31,10:05,2,,Mostrador,Efectivo
4034,2026-08-31,06:00,2,,Mostrador,Nequi
4035,2026-08-31,10:21,2,C004,Mostrador,Tarjeta
4036,2026-08-31,08:55,2,,Mostrador,Nequi
4037,2026-08-31,15:12,2,C129,Mostrador,Nequi
4038,2026-08-31,17:49,2,C174,Mostrador,Tarjeta
4039,2026-08-31,15:51,2,,Mostrador,Nequi
4040,2026-08-31,16:43,2,,Mostrador,Nequi
4041,2026-08-31,16:23,2,C203,Domicilio,Nequi
4042,2026-08-31,18:16,2,C216,Domicilio,Nequi
4043,2026-08-31,08:17,2,C103,Mostrador,Nequi
4044,2026-08-31,15:45,2,C075,Domicilio,Tarjeta
4045,2026-08-31,12:59,2,,Mostrador,Efectivo
4046,2026-08-31,09:38,2,,Mostrador,Nequi
4047,2026-08-31,10:52,2,,Mostrador,Tarjeta
4048,2026-08-31,16:12,2,,Mostrador,Efectivo
4049,2026-08-31,10:48,2,C163,Mostrador,Nequi
4050,2026-08-31,09:58,2,C291,Domicilio,Nequi
4051,2026-08-31,10:14,2,,Domicilio,Tarjeta
4052,2026-09-01,09:09,1,,Domicilio,Tarjeta
4053,2026-09-01,07:04,1,,Mostrador,Efectivo
4054,2026-09-01,18:04,1,C201,Mostrador,Tarjeta
4055,2026-09-01,17:39,1,C069,Mostrador,Tarjeta
4056,2026-09-01,12:09,1,C219,Mostrador,Efectivo
4057,2026-09-01,15:52,1,C214,Mostrador,Tarjeta
4058,2026-09-01,12:57,1,,Mostrador,Efectivo
4059,2026-09-01,16:38,1,,Mostrador,Nequi
4060,2026-09-01,17:46,1,,Mostrador,Tarjeta
4061,2026-09-01,15:30,1,C240,Mostrador,Efectivo
4062,2026-09-01,13:39,1,C150,Mostrador,Tarjeta
4063,2026-09-01,09:56,1,,Mostrador,Nequi
4064,2026-09-01,11:20,1,,Domicilio,Tarjeta
4065,2026-09-01,16:53,1,,Domicilio,Tarjeta
4066,2026-09-01,07:07,1,C125,Mostrador,Efectivo
4067,2026-09-01,08:29,1,,Mostrador,Nequi
4068,2026-09-01,09:54,1,,Mostrador,Tarjeta
4069,2026-09-01,16:31,1,C159,Mostrador,Tarjeta
4070,2026-09-01,10:36,1,,Mostrador,Nequi
4071,2026-09-01,13:57,1,C067,Mostrador,Efectivo
4072,2026-09-01,08:55,1,C280,Mostrador,Nequi
4073,2026-09-01,08:04,1,C125,Domicilio,Nequi
4074,2026-09-01,06:19,1,,Domicilio,Tarjeta
4075,2026-09-01,15:06,1,C160,Mostrador,Nequi
4076,2026-09-01,16:06,1,,Mostrador,Tarjeta
4077,2026-09-01,17:38,1,,Mostrador,Efectivo
4078,2026-09-01,17:53,1,C266,Mostrador,Efectivo
4079,2026-09-01,15:39,1,,Mostrador,Tarjeta
4080,2026-09-01,07:49,1,C012,Mostrador,Tarjeta
4081,2026-09-01,15:52,1,C093,Domicilio,Tarjeta
4082,2026-09-01,19:45,1,,Mostrador,Tarjeta
4083,2026-09-01,09:10,1,,Mostrador,Tarjeta
4084,2026-09-01,13:39,1,,Mostrador,Nequi
4085,2026-09-01,07:59,1,C251,Mostrador,Efectivo
4086,2026-09-01,17:33,1,,Mostrador,Efectivo
4087,2026-09-01,08:02,1,C214,Mostrador,Nequi
4088,2026-09-01,08:09,1,,Mostrador,Efectivo
4089,2026-09-01,07:53,1,C041,Domicilio,Efectivo
4090,2026-09-01,10:24,1,C259,Mostrador,Efectivo
4091,2026-09-01,16:32,1,,Mostrador,Nequi
4092,2026-09-01,12:54,1,C255,Mostrador,Nequi
4093,2026-09-01,14:50,1,,Domicilio,Efectivo
4094,2026-09-01,12:47,1,C097,Mostrador,Efectivo
4095,2026-09-01,11:40,1,,Mostrador,Nequi
4096,2026-09-01,09:10,1,C002,Mostrador,Nequi
4097,2026-09-01,10:10,1,C283,Mostrador,Efectivo
4098,2026-09-01,10:23,1,,Mostrador,Tarjeta
4099,2026-09-01,08:59,1,,Domicilio,Nequi
4100,2026-09-01,16:41,1,,Domicilio,Nequi
4101,2026-09-01,16:59,1,,Mostrador,Efectivo
4102,2026-09-01,12:29,1,,Domicilio,Efectivo
4103,2026-09-01,19:14,1,C010,Mostrador,Tarjeta
4104,2026-09-01,19:02,1,,Domicilio,Nequi
4105,2026-09-01,09:46,1,,Mostrador,Tarjeta
4106,2026-09-01,13:28,1,,Mostrador,Nequi
4107,2026-09-01,19:34,1,C078,Mostrador,Efectivo
4108,2026-09-01,12:27,1,C269,Mostrador,Tarjeta
4109,2026-09-01,19:01,1,,Mostrador,Efectivo
4110,2026-09-01,08:18,1,C052,Mostrador,Tarjeta
4111,2026-09-01,09:34,1,,Mostrador,Efectivo
4112,2026-09-01,07:32,1,,Domicilio,Efectivo
4113,2026-09-01,06:56,1,,Mostrador,Nequi
4114,2026-09-01,12:43,1,,Mostrador,Tarjeta
4115,2026-09-01,07:58,1,C216,Mostrador,Tarjeta
4116,2026-09-01,18:40,1,,Mostrador,Nequi
4117,2026-09-01,09:30,1,C134,Mostrador,Nequi
4118,2026-09-01,10:29,1,C133,Mostrador,Tarjeta
4119,2026-09-01,08:27,1,C273,Mostrador,Tarjeta
4120,2026-09-01,10:40,1,C274,Mostrador,Efectivo
4121,2026-09-01,16:16,1,C264,Domicilio,Efectivo
4122,2026-09-01,09:30,1,C251,Mostrador,Tarjeta
4123,2026-09-01,12:30,1,,Mostrador,Tarjeta
4124,2026-09-01,14:11,1,,Mostrador,Tarjeta
4125,2026-09-01,10:55,1,,Mostrador,Efectivo
4126,2026-09-01,09:54,1,,Mostrador,Tarjeta
4127,2026-09-01,17:40,1,,Mostrador,Nequi
4128,2026-09-01,15:57,1,,Mostrador,Efectivo
4129,2026-09-01,15:16,1,,Mostrador,Nequi
4130,2026-09-01,09:50,1,C020,Mostrador,Nequi
4131,2026-09-01,12:03,1,,Mostrador,Tarjeta
4132,2026-09-01,11:52,1,,Mostrador,Efectivo
4133,2026-09-01,13:17,2,,Mostrador,Tarjeta
4134,2026-09-01,18:53,2,,Mostrador,Nequi
4135,2026-09-01,17:45,2,,Domicilio,Tarjeta
4136,2026-09-01,16:23,2,C218,Mostrador,Tarjeta
4137,2026-09-01,15:31,2,,Mostrador,Efectivo
4138,2026-09-01,08:10,2,C108,Mostrador,Efectivo
4139,2026-09-01,08:39,2,,Mostrador,Efectivo
4140,2026-09-01,09:22,2,C073,Mostrador,Efectivo
4141,2026-09-01,12:34,2,C093,Mostrador,Efectivo
4142,2026-09-01,16:51,2,,Mostrador,Nequi
4143,2026-09-01,07:30,2,,Mostrador,Tarjeta
4144,2026-09-01,12:12,2,,Mostrador,Tarjeta
4145,2026-09-01,08:42,2,,Mostrador,Nequi
4146,2026-09-01,06:46,2,C093,Mostrador,Tarjeta
4147,2026-09-01,15:41,2,C150,Mostrador,Nequi
4148,2026-09-01,09:53,2,,Domicilio,Tarjeta
4149,2026-09-01,19:18,2,C194,Mostrador,Efectivo
4150,2026-09-01,07:56,2,,Mostrador,Efectivo
4151,2026-09-01,10:48,2,C006,Mostrador,Efectivo
4152,2026-09-01,08:26,2,C144,Mostrador,Nequi
4153,2026-09-01,10:51,2,,Mostrador,Nequi
4154,2026-09-01,11:57,2,C102,Mostrador,Tarjeta
4155,2026-09-01,06:47,2,,Mostrador,Efectivo
4156,2026-09-01,10:41,2,,Mostrador,Efectivo
4157,2026-09-01,09:11,2,,Domicilio,Tarjeta
4158,2026-09-01,08:26,2,C295,Domicilio,Nequi
4159,2026-09-01,15:44,2,,Domicilio,Tarjeta
4160,2026-09-01,15:22,2,C228,Mostrador,Nequi
4161,2026-09-01,07:29,2,,Domicilio,Efectivo
4162,2026-09-01,08:19,2,C293,Domicilio,Tarjeta
4163,2026-09-01,20:17,2,C123,Mostrador,Nequi
4164,2026-09-01,17:50,2,C266,Mostrador,Nequi
4165,2026-09-01,14:05,2,,Domicilio,Nequi
4166,2026-09-01,11:08,2,,Mostrador,Tarjeta
4167,2026-09-01,09:36,2,C006,Domicilio,Nequi
4168,2026-09-01,09:04,2,,Mostrador,Efectivo
4169,2026-09-01,09:54,2,,Mostrador,Tarjeta
4170,2026-09-01,09:15,2,C068,Mostrador,Efectivo
4171,2026-09-01,06:42,2,,Mostrador,Nequi
4172,2026-09-01,06:46,2,,Mostrador,Tarjeta
4173,2026-09-01,11:21,2,,Mostrador,Tarjeta
4174,2026-09-01,15:50,2,C286,Mostrador,Efectivo
4175,2026-09-01,16:02,2,C167,Mostrador,Efectivo
4176,2026-09-01,16:27,2,,Mostrador,Nequi
4177,2026-09-01,13:02,2,,Mostrador,Efectivo
4178,2026-09-02,18:54,1,C093,Mostrador,Efectivo
4179,2026-09-02,19:10,1,,Mostrador,Efectivo
4180,2026-09-02,07:08,1,,Mostrador,Tarjeta
4181,2026-09-02,10:45,1,,Mostrador,Nequi
4182,2026-09-02,10:13,1,,Mostrador,Efectivo
4183,2026-09-02,12:05,1,C202,Mostrador,Efectivo
4184,2026-09-02,08:47,1,C277,Mostrador,Nequi
4185,2026-09-02,06:31,1,,Mostrador,Nequi
4186,2026-09-02,07:48,1,C271,Mostrador,Tarjeta
4187,2026-09-02,10:11,1,,Mostrador,Nequi
4188,2026-09-02,07:09,1,,Mostrador,Nequi
4189,2026-09-02,09:44,1,,Mostrador,Nequi
4190,2026-09-02,07:43,1,,Domicilio,Efectivo
4191,2026-09-02,15:31,1,,Mostrador,Tarjeta
4192,2026-09-02,17:26,1,,Mostrador,Nequi
4193,2026-09-02,15:53,1,,Mostrador,Efectivo
4194,2026-09-02,17:59,1,,Mostrador,Tarjeta
4195,2026-09-02,09:38,1,,Mostrador,Nequi
4196,2026-09-02,09:20,1,C091,Domicilio,Efectivo
4197,2026-09-02,15:08,1,C064,Domicilio,Efectivo
4198,2026-09-02,15:20,1,,Mostrador,Efectivo
4199,2026-09-02,17:47,1,C278,Mostrador,Efectivo
4200,2026-09-02,15:33,1,,Mostrador,Efectivo
4201,2026-09-02,17:49,1,,Domicilio,Efectivo
4202,2026-09-02,20:46,1,C251,Domicilio,Nequi
4203,2026-09-02,09:36,1,,Domicilio,Nequi
4204,2026-09-02,07:29,1,,Mostrador,Nequi
4205,2026-09-02,17:31,1,C264,Domicilio,Tarjeta
4206,2026-09-02,10:39,1,,Mostrador,Efectivo
4207,2026-09-02,20:01,1,,Mostrador,Efectivo
4208,2026-09-02,20:56,1,C201,Mostrador,Tarjeta
4209,2026-09-02,11:43,1,,Mostrador,Efectivo
4210,2026-09-02,06:32,1,,Mostrador,Nequi
4211,2026-09-02,10:24,1,,Mostrador,Nequi
4212,2026-09-02,09:16,1,,Mostrador,Efectivo
4213,2026-09-02,09:46,1,,Mostrador,Efectivo
4214,2026-09-02,09:04,1,,Mostrador,Efectivo
4215,2026-09-02,13:34,1,,Domicilio,Nequi
4216,2026-09-02,16:17,1,,Mostrador,Efectivo
4217,2026-09-02,10:50,1,,Domicilio,Efectivo
4218,2026-09-02,09:56,1,,Mostrador,Nequi
4219,2026-09-02,12:07,1,C210,Domicilio,Efectivo
4220,2026-09-02,19:14,1,,Mostrador,Efectivo
4221,2026-09-02,09:50,1,,Mostrador,Efectivo
4222,2026-09-02,08:45,1,C018,Mostrador,Nequi
4223,2026-09-02,12:53,1,,Mostrador,Efectivo
4224,2026-09-02,10:15,1,,Domicilio,Tarjeta
4225,2026-09-02,08:03,1,,Mostrador,Nequi
4226,2026-09-02,13:55,1,,Mostrador,Efectivo
4227,2026-09-02,09:17,1,,Domicilio,Tarjeta
4228,2026-09-02,14:03,1,C048,Mostrador,Nequi
4229,2026-09-02,06:24,1,,Mostrador,Nequi
4230,2026-09-02,07:20,1,C120,Mostrador,Efectivo
4231,2026-09-02,13:30,1,C112,Mostrador,Nequi
4232,2026-09-02,09:50,1,,Mostrador,Tarjeta
4233,2026-09-02,14:54,1,,Mostrador,Efectivo
4234,2026-09-02,07:29,1,C258,Mostrador,Nequi
4235,2026-09-02,08:47,1,,Mostrador,Nequi
4236,2026-09-02,18:09,1,C120,Mostrador,Nequi
4237,2026-09-02,18:03,1,C063,Mostrador,Nequi
4238,2026-09-02,07:37,1,C001,Domicilio,Efectivo
4239,2026-09-02,17:09,1,C253,Mostrador,Nequi
4240,2026-09-02,07:00,1,,Domicilio,Tarjeta
4241,2026-09-02,13:29,1,,Mostrador,Tarjeta
4242,2026-09-02,09:48,1,C245,Domicilio,Tarjeta
4243,2026-09-02,17:39,1,,Mostrador,Efectivo
4244,2026-09-02,07:06,1,,Mostrador,Tarjeta
4245,2026-09-02,08:00,1,C096,Mostrador,Efectivo
4246,2026-09-02,16:40,1,,Mostrador,Nequi
4247,2026-09-02,16:38,1,C073,Mostrador,Efectivo
4248,2026-09-02,17:46,1,C173,Mostrador,Tarjeta
4249,2026-09-02,06:21,1,,Domicilio,Nequi
4250,2026-09-02,09:03,1,C044,Mostrador,Efectivo
4251,2026-09-02,09:44,1,,Mostrador,Tarjeta
4252,2026-09-02,18:19,1,,Mostrador,Nequi
4253,2026-09-02,19:43,1,,Mostrador,Nequi
4254,2026-09-02,15:57,1,,Mostrador,Efectivo
4255,2026-09-02,15:23,1,,Mostrador,Nequi
4256,2026-09-02,18:19,1,C102,Mostrador,Tarjeta
4257,2026-09-02,06:31,2,,Domicilio,Nequi
4258,2026-09-02,08:30,2,C261,Domicilio,Nequi
4259,2026-09-02,16:50,2,,Mostrador,Tarjeta
4260,2026-09-02,18:50,2,,Domicilio,Efectivo
4261,2026-09-02,09:39,2,C174,Domicilio,Tarjeta
4262,2026-09-02,10:32,2,,Mostrador,Nequi
4263,2026-09-02,09:19,2,,Mostrador,Efectivo
4264,2026-09-02,14:49,2,,Mostrador,Tarjeta
4265,2026-09-02,17:52,2,,Mostrador,Efectivo
4266,2026-09-02,09:52,2,,Domicilio,Efectivo
4267,2026-09-02,13:56,2,,Mostrador,Nequi
4268,2026-09-02,16:07,2,,Domicilio,Nequi
4269,2026-09-02,10:06,2,,Mostrador,Efectivo
4270,2026-09-02,13:36,2,,Mostrador,Efectivo
4271,2026-09-02,11:16,2,,Mostrador,Tarjeta
4272,2026-09-02,08:26,2,C202,Mostrador,Tarjeta
4273,2026-09-02,08:44,2,,Domicilio,Efectivo
4274,2026-09-02,08:29,2,,Mostrador,Nequi
4275,2026-09-02,13:21,2,,Mostrador,Tarjeta
4276,2026-09-02,16:36,2,,Mostrador,Tarjeta
4277,2026-09-02,14:31,2,C277,Mostrador,Nequi
4278,2026-09-02,13:18,2,C057,Mostrador,Tarjeta
4279,2026-09-02,13:55,2,C297,Mostrador,Tarjeta
4280,2026-09-02,16:54,2,,Mostrador,Tarjeta
4281,2026-09-02,14:59,2,C215,Mostrador,Nequi
4282,2026-09-02,09:06,2,,Mostrador,Efectivo
4283,2026-09-02,18:23,2,C054,Mostrador,Nequi
4284,2026-09-02,13:05,2,C021,Mostrador,Tarjeta
4285,2026-09-02,08:19,2,C170,Mostrador,Tarjeta
4286,2026-09-02,19:31,2,C174,Mostrador,Nequi
4287,2026-09-02,11:09,2,,Mostrador,Tarjeta
4288,2026-09-02,08:21,2,,Mostrador,Efectivo
4289,2026-09-02,08:32,2,C171,Mostrador,Nequi
4290,2026-09-02,16:59,2,,Mostrador,Nequi
4291,2026-09-02,13:32,2,,Mostrador,Nequi
4292,2026-09-02,08:33,2,C017,Domicilio,Efectivo
4293,2026-09-02,11:03,2,C038,Mostrador,Tarjeta
4294,2026-09-02,07:11,2,C041,Mostrador,Efectivo
4295,2026-09-02,10:47,2,,Mostrador,Nequi
4296,2026-09-02,11:09,2,,Mostrador,Nequi
4297,2026-09-02,09:00,2,,Mostrador,Efectivo
4298,2026-09-02,07:49,2,C267,Mostrador,Nequi
4299,2026-09-02,10:28,2,,Domicilio,Efectivo
4300,2026-09-02,13:01,2,,Mostrador,Tarjeta
4301,2026-09-03,09:54,1,,Mostrador,Efectivo
4302,2026-09-03,15:02,1,,Mostrador,Tarjeta
4303,2026-09-03,12:15,1,,Mostrador,Nequi
4304,2026-09-03,16:06,1,,Mostrador,Tarjeta
4305,2026-09-03,16:57,1,,Mostrador,Tarjeta
4306,2026-09-03,06:12,1,C051,Mostrador,Nequi
4307,2026-09-03,13:40,1,,Mostrador,Efectivo
4308,2026-09-03,07:08,1,C184,Domicilio,Efectivo
4309,2026-09-03,09:48,1,,Mostrador,Nequi
4310,2026-09-03,13:39,1,,Mostrador,Nequi
4311,2026-09-03,16:19,1,C147,Mostrador,Tarjeta
4312,2026-09-03,13:52,1,,Mostrador,Nequi
4313,2026-09-03,11:28,1,C018,Domicilio,Tarjeta
4314,2026-09-03,16:29,1,,Mostrador,Tarjeta
4315,2026-09-03,11:26,1,,Mostrador,Efectivo
4316,2026-09-03,18:57,1,C142,Mostrador,Tarjeta
4317,2026-09-03,16:38,1,,Mostrador,Nequi
4318,2026-09-03,07:25,1,C241,Mostrador,Tarjeta
4319,2026-09-03,16:30,1,C191,Mostrador,Nequi
4320,2026-09-03,07:56,1,C197,Mostrador,Tarjeta
4321,2026-09-03,12:33,1,,Domicilio,Tarjeta
4322,2026-09-03,13:58,1,,Domicilio,Efectivo
4323,2026-09-03,10:31,1,C197,Mostrador,Tarjeta
4324,2026-09-03,17:42,1,,Mostrador,Efectivo
4325,2026-09-03,15:27,1,,Mostrador,Nequi
4326,2026-09-03,09:03,1,,Mostrador,Efectivo
4327,2026-09-03,14:53,1,C004,Domicilio,Efectivo
4328,2026-09-03,16:53,1,C019,Mostrador,Efectivo
4329,2026-09-03,16:27,1,,Mostrador,Nequi
4330,2026-09-03,08:43,1,,Mostrador,Nequi
4331,2026-09-03,15:31,1,,Mostrador,Efectivo
4332,2026-09-03,14:29,1,,Mostrador,Nequi
4333,2026-09-03,07:14,1,,Mostrador,Nequi
4334,2026-09-03,07:07,1,,Mostrador,Tarjeta
4335,2026-09-03,07:15,1,,Mostrador,Efectivo
4336,2026-09-03,08:31,1,,Domicilio,Efectivo
4337,2026-09-03,07:19,1,,Mostrador,Tarjeta
4338,2026-09-03,12:09,1,,Mostrador,Nequi
4339,2026-09-03,18:09,1,,Mostrador,Efectivo
4340,2026-09-03,17:56,1,C249,Mostrador,Nequi
4341,2026-09-03,17:10,1,,Mostrador,Efectivo
4342,2026-09-03,16:06,1,,Domicilio,Nequi
4343,2026-09-03,11:06,1,,Domicilio,Efectivo
4344,2026-09-03,09:56,1,,Mostrador,Efectivo
4345,2026-09-03,16:18,1,,Mostrador,Efectivo
4346,2026-09-03,12:03,1,C231,Mostrador,Efectivo
4347,2026-09-03,16:14,1,C072,Mostrador,Nequi
4348,2026-09-03,20:14,1,,Mostrador,Nequi
4349,2026-09-03,10:53,1,,Mostrador,Nequi
4350,2026-09-03,08:02,1,,Mostrador,Tarjeta
4351,2026-09-03,08:42,1,,Mostrador,Nequi
4352,2026-09-03,17:01,1,C113,Mostrador,Nequi
4353,2026-09-03,20:27,1,C042,Mostrador,Efectivo
4354,2026-09-03,08:04,1,C067,Mostrador,Efectivo
4355,2026-09-03,08:16,1,,Domicilio,Tarjeta
4356,2026-09-03,11:12,1,C258,Mostrador,Tarjeta
4357,2026-09-03,15:58,1,C291,Domicilio,Efectivo
4358,2026-09-03,14:34,1,,Mostrador,Nequi
4359,2026-09-03,16:46,1,,Mostrador,Efectivo
4360,2026-09-03,19:53,1,C144,Domicilio,Nequi
4361,2026-09-03,12:34,1,C028,Mostrador,Tarjeta
4362,2026-09-03,07:42,1,,Mostrador,Efectivo
4363,2026-09-03,07:57,1,,Mostrador,Tarjeta
4364,2026-09-03,17:20,1,,Mostrador,Efectivo
4365,2026-09-03,08:23,1,C258,Domicilio,Efectivo
4366,2026-09-03,11:19,1,,Mostrador,Tarjeta
4367,2026-09-03,16:47,1,,Mostrador,Nequi
4368,2026-09-03,06:37,1,,Mostrador,Tarjeta
4369,2026-09-03,19:16,1,,Mostrador,Nequi
4370,2026-09-03,09:56,1,C082,Mostrador,Nequi
4371,2026-09-03,07:07,2,,Domicilio,Nequi
4372,2026-09-03,07:08,2,,Mostrador,Nequi
4373,2026-09-03,11:37,2,C026,Mostrador,Tarjeta
4374,2026-09-03,14:23,2,,Mostrador,Tarjeta
4375,2026-09-03,08:22,2,,Mostrador,Nequi
4376,2026-09-03,19:48,2,C284,Mostrador,Tarjeta
4377,2026-09-03,14:32,2,,Mostrador,Nequi
4378,2026-09-03,17:20,2,,Mostrador,Nequi
4379,2026-09-03,08:43,2,,Mostrador,Nequi
4380,2026-09-03,07:11,2,C267,Mostrador,Tarjeta
4381,2026-09-03,07:42,2,C077,Mostrador,Efectivo
4382,2026-09-03,15:40,2,,Mostrador,Efectivo
4383,2026-09-03,09:38,2,,Mostrador,Efectivo
4384,2026-09-03,10:13,2,,Mostrador,Tarjeta
4385,2026-09-03,09:55,2,,Mostrador,Tarjeta
4386,2026-09-03,15:28,2,C247,Mostrador,Tarjeta
4387,2026-09-03,12:21,2,,Mostrador,Efectivo
4388,2026-09-03,18:17,2,C119,Domicilio,Efectivo
4389,2026-09-03,11:51,2,,Mostrador,Tarjeta
4390,2026-09-03,10:42,2,,Mostrador,Nequi
4391,2026-09-03,08:18,2,,Domicilio,Nequi
4392,2026-09-03,12:13,2,,Mostrador,Tarjeta
4393,2026-09-03,11:51,2,,Domicilio,Nequi
4394,2026-09-03,12:37,2,C273,Mostrador,Efectivo
4395,2026-09-03,11:47,2,,Domicilio,Efectivo
4396,2026-09-03,16:40,2,,Mostrador,Nequi
4397,2026-09-03,16:21,2,,Mostrador,Efectivo
4398,2026-09-03,07:28,2,,Mostrador,Efectivo
4399,2026-09-03,09:34,2,C108,Mostrador,Efectivo
4400,2026-09-03,14:11,2,,Mostrador,Nequi
4401,2026-09-03,16:37,2,C154,Domicilio,Efectivo
4402,2026-09-03,15:02,2,,Domicilio,Efectivo
4403,2026-09-03,10:43,2,,Mostrador,Tarjeta
4404,2026-09-03,12:08,2,C142,Mostrador,Tarjeta
4405,2026-09-03,08:30,2,,Mostrador,Tarjeta
4406,2026-09-03,11:16,2,,Mostrador,Nequi
4407,2026-09-03,16:46,2,,Domicilio,Efectivo
4408,2026-09-03,08:46,2,,Mostrador,Efectivo
4409,2026-09-03,08:45,2,,Mostrador,Efectivo
4410,2026-09-03,11:52,2,C153,Mostrador,Nequi
4411,2026-09-03,09:54,2,,Mostrador,Tarjeta
4412,2026-09-03,17:15,2,C039,Mostrador,Nequi
4413,2026-09-03,12:20,2,C226,Domicilio,Nequi
4414,2026-09-03,12:33,2,C150,Mostrador,Efectivo
4415,2026-09-03,17:27,2,C237,Domicilio,Efectivo
4416,2026-09-03,17:54,2,C212,Domicilio,Tarjeta
4417,2026-09-03,12:43,2,,Mostrador,Tarjeta
4418,2026-09-03,16:33,2,,Domicilio,Nequi
4419,2026-09-03,10:36,2,C271,Mostrador,Tarjeta
4420,2026-09-03,16:47,2,,Mostrador,Tarjeta
4421,2026-09-03,10:43,2,C169,Mostrador,Efectivo
4422,2026-09-03,10:59,2,,Domicilio,Tarjeta
4423,2026-09-03,16:40,2,C165,Domicilio,Efectivo
4424,2026-09-03,08:32,2,,Mostrador,Tarjeta
4425,2026-09-03,17:13,2,,Mostrador,Tarjeta
4426,2026-09-03,09:15,2,C164,Mostrador,Nequi
4427,2026-09-03,08:20,2,C036,Mostrador,Efectivo
4428,2026-09-03,14:50,2,,Mostrador,Tarjeta
4429,2026-09-03,07:00,2,C100,Mostrador,Tarjeta
4430,2026-09-03,06:55,2,,Mostrador,Tarjeta
4431,2026-09-04,09:48,1,,Mostrador,Efectivo
4432,2026-09-04,13:58,1,,Mostrador,Nequi
4433,2026-09-04,09:47,1,,Mostrador,Nequi
4434,2026-09-04,14:33,1,,Mostrador,Nequi
4435,2026-09-04,16:08,1,C281,Mostrador,Efectivo
4436,2026-09-04,11:38,1,,Domicilio,Tarjeta
4437,2026-09-04,12:03,1,,Mostrador,Tarjeta
4438,2026-09-04,08:43,1,,Mostrador,Nequi
4439,2026-09-04,19:17,1,C198,Domicilio,Tarjeta
4440,2026-09-04,07:25,1,,Mostrador,Nequi
4441,2026-09-04,09:37,1,,Mostrador,Efectivo
4442,2026-09-04,08:12,1,,Mostrador,Nequi
4443,2026-09-04,08:56,1,C162,Mostrador,Nequi
4444,2026-09-04,11:02,1,C055,Mostrador,Nequi
4445,2026-09-04,12:42,1,,Mostrador,Efectivo
4446,2026-09-04,09:24,1,,Domicilio,Tarjeta
4447,2026-09-04,11:10,1,,Mostrador,Nequi
4448,2026-09-04,08:20,1,,Mostrador,Efectivo
4449,2026-09-04,16:10,1,C127,Domicilio,Tarjeta
4450,2026-09-04,07:32,1,,Domicilio,Nequi
4451,2026-09-04,10:13,1,C061,Mostrador,Nequi
4452,2026-09-04,09:58,1,,Mostrador,Tarjeta
4453,2026-09-04,07:17,1,C083,Mostrador,Nequi
4454,2026-09-04,14:02,1,,Mostrador,Tarjeta
4455,2026-09-04,09:40,1,,Mostrador,Tarjeta
4456,2026-09-04,10:07,1,,Mostrador,Nequi
4457,2026-09-04,15:49,1,C144,Mostrador,Efectivo
4458,2026-09-04,09:25,1,C149,Mostrador,Efectivo
4459,2026-09-04,18:41,1,,Mostrador,Efectivo
4460,2026-09-04,08:42,1,,Mostrador,Efectivo
4461,2026-09-04,09:51,1,,Mostrador,Efectivo
4462,2026-09-04,14:29,1,C110,Mostrador,Nequi
4463,2026-09-04,10:37,1,C217,Mostrador,Tarjeta
4464,2026-09-04,07:34,1,C043,Mostrador,Efectivo
4465,2026-09-04,09:53,1,,Mostrador,Tarjeta
4466,2026-09-04,10:35,1,,Domicilio,Efectivo
4467,2026-09-04,08:53,1,,Mostrador,Tarjeta
4468,2026-09-04,09:38,1,C249,Mostrador,Efectivo
4469,2026-09-04,10:41,1,,Mostrador,Efectivo
4470,2026-09-04,13:00,1,,Mostrador,Efectivo
4471,2026-09-04,06:55,1,,Domicilio,Nequi
4472,2026-09-04,17:22,1,C060,Mostrador,Efectivo
4473,2026-09-04,08:20,1,,Domicilio,Nequi
4474,2026-09-04,15:09,1,C154,Mostrador,Efectivo
4475,2026-09-04,20:04,1,,Mostrador,Nequi
4476,2026-09-04,10:13,1,,Domicilio,Efectivo
4477,2026-09-04,17:36,1,C062,Mostrador,Tarjeta
4478,2026-09-04,17:46,1,C248,Mostrador,Tarjeta
4479,2026-09-04,08:56,1,C295,Mostrador,Nequi
4480,2026-09-04,07:24,1,C148,Mostrador,Tarjeta
4481,2026-09-04,09:02,1,,Mostrador,Nequi
4482,2026-09-04,08:50,1,C081,Mostrador,Efectivo
4483,2026-09-04,09:47,1,,Mostrador,Tarjeta
4484,2026-09-04,09:04,1,,Mostrador,Efectivo
4485,2026-09-04,07:30,1,,Mostrador,Nequi
4486,2026-09-04,06:42,1,,Mostrador,Tarjeta
4487,2026-09-04,08:40,1,,Mostrador,Nequi
4488,2026-09-04,10:06,1,,Domicilio,Tarjeta
4489,2026-09-04,17:06,1,,Mostrador,Nequi
4490,2026-09-04,17:16,1,C094,Mostrador,Efectivo
4491,2026-09-04,14:42,1,C147,Domicilio,Tarjeta
4492,2026-09-04,09:01,1,C033,Mostrador,Tarjeta
4493,2026-09-04,16:18,1,C176,Mostrador,Tarjeta
4494,2026-09-04,09:09,1,,Mostrador,Efectivo
4495,2026-09-04,15:32,1,,Mostrador,Nequi
4496,2026-09-04,18:22,1,,Mostrador,Nequi
4497,2026-09-04,10:21,1,C101,Mostrador,Nequi
4498,2026-09-04,20:03,1,C048,Domicilio,Efectivo
4499,2026-09-04,07:08,1,,Mostrador,Tarjeta
4500,2026-09-04,07:10,1,,Domicilio,Tarjeta
4501,2026-09-04,10:34,1,C110,Mostrador,Tarjeta
4502,2026-09-04,08:25,1,C187,Mostrador,Tarjeta
4503,2026-09-04,07:47,1,C004,Mostrador,Efectivo
4504,2026-09-04,15:05,1,,Mostrador,Efectivo
4505,2026-09-04,08:56,1,,Mostrador,Efectivo
4506,2026-09-04,15:12,2,C287,Mostrador,Efectivo
4507,2026-09-04,09:41,2,,Domicilio,Nequi
4508,2026-09-04,18:23,2,,Mostrador,Tarjeta
4509,2026-09-04,07:45,2,C168,Mostrador,Tarjeta
4510,2026-09-04,11:56,2,,Mostrador,Nequi
4511,2026-09-04,10:00,2,,Mostrador,Efectivo
4512,2026-09-04,11:28,2,,Mostrador,Efectivo
4513,2026-09-04,06:36,2,C092,Mostrador,Tarjeta
4514,2026-09-04,13:09,2,,Mostrador,Tarjeta
4515,2026-09-04,08:50,2,,Domicilio,Nequi
4516,2026-09-04,18:36,2,C300,Mostrador,Efectivo
4517,2026-09-04,07:50,2,,Mostrador,Efectivo
4518,2026-09-04,15:53,2,C042,Mostrador,Tarjeta
4519,2026-09-04,20:47,2,,Mostrador,Efectivo
4520,2026-09-04,11:29,2,C260,Domicilio,Tarjeta
4521,2026-09-04,10:46,2,C019,Mostrador,Tarjeta
4522,2026-09-04,09:16,2,,Mostrador,Efectivo
4523,2026-09-04,09:51,2,,Mostrador,Efectivo
4524,2026-09-04,08:45,2,,Domicilio,Nequi
4525,2026-09-04,10:29,2,,Mostrador,Tarjeta
4526,2026-09-04,08:18,2,,Mostrador,Tarjeta
4527,2026-09-04,08:04,2,,Mostrador,Efectivo
4528,2026-09-04,10:24,2,,Mostrador,Nequi
4529,2026-09-04,13:26,2,C145,Domicilio,Nequi
4530,2026-09-04,09:02,2,C275,Mostrador,Efectivo
4531,2026-09-04,12:45,2,,Mostrador,Nequi
4532,2026-09-04,15:15,2,,Mostrador,Efectivo
4533,2026-09-04,11:28,2,C200,Mostrador,Nequi
4534,2026-09-04,07:36,2,,Domicilio,Tarjeta
4535,2026-09-04,06:21,2,C157,Mostrador,Efectivo
4536,2026-09-04,10:17,2,C177,Mostrador,Efectivo
4537,2026-09-04,11:27,2,,Mostrador,Tarjeta
4538,2026-09-04,13:01,2,,Mostrador,Tarjeta
4539,2026-09-04,20:07,2,C027,Domicilio,Tarjeta
4540,2026-09-04,19:00,2,,Mostrador,Tarjeta
4541,2026-09-04,08:11,2,C205,Mostrador,Tarjeta
4542,2026-09-04,10:46,2,,Mostrador,Nequi
4543,2026-09-04,16:01,2,,Mostrador,Efectivo
4544,2026-09-04,18:33,2,C184,Domicilio,Efectivo
4545,2026-09-04,15:19,2,,Mostrador,Nequi
4546,2026-09-04,15:05,2,C269,Mostrador,Nequi
4547,2026-09-04,10:57,2,,Mostrador,Nequi
4548,2026-09-04,07:03,2,,Mostrador,Tarjeta
4549,2026-09-04,19:39,2,,Mostrador,Tarjeta
4550,2026-09-04,07:05,2,,Mostrador,Tarjeta
4551,2026-09-04,15:05,2,,Domicilio,Efectivo
4552,2026-09-04,06:07,2,C081,Mostrador,Nequi
4553,2026-09-04,15:15,2,,Mostrador,Tarjeta
4554,2026-09-04,19:12,2,C093,Mostrador,Efectivo
4555,2026-09-04,09:39,2,C026,Mostrador,Tarjeta
4556,2026-09-04,17:48,2,C114,Mostrador,Efectivo
4557,2026-09-04,09:31,2,,Domicilio,Nequi
4558,2026-09-04,08:58,2,,Mostrador,Nequi
4559,2026-09-04,11:34,2,,Mostrador,Tarjeta
4560,2026-09-04,15:26,2,C256,Domicilio,Tarjeta
4561,2026-09-04,08:48,2,,Mostrador,Nequi
4562,2026-09-04,14:05,2,C189,Mostrador,Efectivo
4563,2026-09-04,08:21,2,,Mostrador,Nequi
4564,2026-09-05,17:54,1,C181,Mostrador,Nequi
4565,2026-09-05,13:21,1,C163,Mostrador,Nequi
4566,2026-09-05,09:54,1,C228,Mostrador,Nequi
4567,2026-09-05,07:41,1,,Mostrador,Nequi
4568,2026-09-05,12:23,1,,Mostrador,Tarjeta
4569,2026-09-05,16:31,1,,Mostrador,Efectivo
4570,2026-09-05,17:48,1,,Mostrador,Tarjeta
4571,2026-09-05,08:10,1,,Mostrador,Nequi
4572,2026-09-05,07:27,1,,Mostrador,Efectivo
4573,2026-09-05,19:50,1,C078,Mostrador,Efectivo
4574,2026-09-05,16:17,1,,Mostrador,Tarjeta
4575,2026-09-05,17:04,1,C284,Mostrador,Nequi
4576,2026-09-05,07:10,1,,Mostrador,Efectivo
4577,2026-09-05,12:28,1,,Mostrador,Tarjeta
4578,2026-09-05,08:04,1,C300,Mostrador,Efectivo
4579,2026-09-05,07:23,1,,Mostrador,Nequi
4580,2026-09-05,06:19,1,C300,Mostrador,Nequi
4581,2026-09-05,10:28,1,C029,Mostrador,Tarjeta
4582,2026-09-05,15:27,1,,Domicilio,Nequi
4583,2026-09-05,17:57,1,,Mostrador,Tarjeta
4584,2026-09-05,09:16,1,C122,Domicilio,Nequi
4585,2026-09-05,17:18,1,,Mostrador,Nequi
4586,2026-09-05,08:57,1,,Domicilio,Efectivo
4587,2026-09-05,15:31,1,C200,Domicilio,Nequi
4588,2026-09-05,10:01,1,,Domicilio,Tarjeta
4589,2026-09-05,18:21,1,,Mostrador,Nequi
4590,2026-09-05,18:34,1,C267,Mostrador,Efectivo
4591,2026-09-05,13:59,1,C115,Mostrador,Tarjeta
4592,2026-09-05,08:03,1,,Mostrador,Nequi
4593,2026-09-05,17:52,1,,Domicilio,Tarjeta
4594,2026-09-05,14:53,1,,Mostrador,Efectivo
4595,2026-09-05,08:50,1,C258,Domicilio,Tarjeta
4596,2026-09-05,07:03,1,,Mostrador,Tarjeta
4597,2026-09-05,09:16,1,C187,Domicilio,Nequi
4598,2026-09-05,06:52,1,C240,Mostrador,Nequi
4599,2026-09-05,10:17,1,C264,Mostrador,Efectivo
4600,2026-09-05,08:09,1,C247,Mostrador,Efectivo
4601,2026-09-05,08:11,1,C211,Domicilio,Nequi
4602,2026-09-05,10:30,1,C282,Mostrador,Tarjeta
4603,2026-09-05,09:42,1,,Mostrador,Nequi
4604,2026-09-05,10:26,1,,Mostrador,Efectivo
4605,2026-09-05,09:30,1,,Mostrador,Tarjeta
4606,2026-09-05,09:15,1,C273,Mostrador,Tarjeta
4607,2026-09-05,18:42,1,,Mostrador,Nequi
4608,2026-09-05,10:53,1,C235,Mostrador,Efectivo
4609,2026-09-05,08:49,1,C241,Mostrador,Efectivo
4610,2026-09-05,18:13,1,C119,Mostrador,Tarjeta
4611,2026-09-05,12:10,1,,Domicilio,Tarjeta
4612,2026-09-05,18:30,1,,Domicilio,Tarjeta
4613,2026-09-05,15:47,1,C151,Mostrador,Efectivo
4614,2026-09-05,14:16,1,,Mostrador,Nequi
4615,2026-09-05,10:46,1,,Mostrador,Efectivo
4616,2026-09-05,09:45,1,,Mostrador,Nequi
4617,2026-09-05,16:26,1,C179,Mostrador,Efectivo
4618,2026-09-05,10:29,1,,Mostrador,Nequi
4619,2026-09-05,11:07,1,C121,Mostrador,Tarjeta
4620,2026-09-05,07:21,1,,Domicilio,Nequi
4621,2026-09-05,14:06,1,,Mostrador,Nequi
4622,2026-09-05,20:18,1,C097,Domicilio,Efectivo
4623,2026-09-05,15:21,1,,Mostrador,Efectivo
4624,2026-09-05,19:52,1,,Domicilio,Nequi
4625,2026-09-05,15:28,1,,Domicilio,Nequi
4626,2026-09-05,15:09,1,C047,Mostrador,Nequi
4627,2026-09-05,06:45,1,,Mostrador,Nequi
4628,2026-09-05,19:37,1,,Mostrador,Nequi
4629,2026-09-05,19:26,1,,Domicilio,Nequi
4630,2026-09-05,13:58,1,C277,Mostrador,Tarjeta
4631,2026-09-05,16:21,1,,Mostrador,Efectivo
4632,2026-09-05,17:50,1,,Mostrador,Nequi
4633,2026-09-05,09:57,1,C263,Mostrador,Tarjeta
4634,2026-09-05,11:30,1,C208,Domicilio,Tarjeta
4635,2026-09-05,07:51,1,C051,Domicilio,Tarjeta
4636,2026-09-05,13:03,1,,Mostrador,Nequi
4637,2026-09-05,12:58,1,C141,Mostrador,Nequi
4638,2026-09-05,07:15,1,,Domicilio,Efectivo
4639,2026-09-05,17:56,1,C149,Domicilio,Nequi
4640,2026-09-05,17:12,1,,Domicilio,Efectivo
4641,2026-09-05,15:35,1,,Mostrador,Efectivo
4642,2026-09-05,10:26,1,C216,Domicilio,Tarjeta
4643,2026-09-05,11:01,1,C194,Mostrador,Tarjeta
4644,2026-09-05,12:04,1,,Mostrador,Tarjeta
4645,2026-09-05,08:09,1,,Mostrador,Tarjeta
4646,2026-09-05,12:15,1,C269,Domicilio,Tarjeta
4647,2026-09-05,19:01,1,,Mostrador,Tarjeta
4648,2026-09-05,18:59,1,,Mostrador,Efectivo
4649,2026-09-05,19:09,1,,Mostrador,Efectivo
4650,2026-09-05,15:23,1,,Mostrador,Nequi
4651,2026-09-05,10:27,1,C175,Mostrador,Efectivo
4652,2026-09-05,19:03,1,C228,Mostrador,Efectivo
4653,2026-09-05,08:21,1,,Mostrador,Nequi
4654,2026-09-05,08:13,1,,Domicilio,Efectivo
4655,2026-09-05,10:25,1,C206,Mostrador,Efectivo
4656,2026-09-05,20:42,1,C093,Domicilio,Efectivo
4657,2026-09-05,10:45,1,C139,Mostrador,Efectivo
4658,2026-09-05,07:41,1,,Mostrador,Efectivo
4659,2026-09-05,14:17,1,,Domicilio,Nequi
4660,2026-09-05,06:44,1,C073,Mostrador,Tarjeta
4661,2026-09-05,07:09,1,C183,Domicilio,Tarjeta
4662,2026-09-05,08:41,1,C124,Mostrador,Nequi
4663,2026-09-05,10:46,2,,Mostrador,Efectivo
4664,2026-09-05,20:13,2,C049,Domicilio,Tarjeta
4665,2026-09-05,09:00,2,C197,Domicilio,Efectivo
4666,2026-09-05,15:06,2,C204,Domicilio,Nequi
4667,2026-09-05,08:35,2,,Mostrador,Tarjeta
4668,2026-09-05,16:41,2,C288,Mostrador,Efectivo
4669,2026-09-05,12:45,2,,Domicilio,Nequi
4670,2026-09-05,07:44,2,,Mostrador,Efectivo
4671,2026-09-05,08:57,2,,Domicilio,Tarjeta
4672,2026-09-05,19:55,2,,Mostrador,Tarjeta
4673,2026-09-05,09:02,2,C043,Mostrador,Nequi
4674,2026-09-05,15:13,2,C001,Mostrador,Tarjeta
4675,2026-09-05,11:10,2,,Domicilio,Nequi
4676,2026-09-05,07:41,2,,Mostrador,Efectivo
4677,2026-09-05,18:53,2,,Domicilio,Efectivo
4678,2026-09-05,19:32,2,C294,Domicilio,Tarjeta
4679,2026-09-05,07:44,2,,Domicilio,Tarjeta
4680,2026-09-05,07:37,2,,Mostrador,Efectivo
4681,2026-09-05,13:01,2,,Domicilio,Nequi
4682,2026-09-05,17:13,2,,Mostrador,Nequi
4683,2026-09-05,12:58,2,,Mostrador,Nequi
4684,2026-09-05,06:46,2,C142,Domicilio,Tarjeta
4685,2026-09-05,15:42,2,,Mostrador,Nequi
4686,2026-09-05,09:26,2,,Mostrador,Tarjeta
4687,2026-09-05,10:24,2,,Mostrador,Nequi
4688,2026-09-05,14:15,2,,Mostrador,Tarjeta
4689,2026-09-05,10:33,2,,Domicilio,Nequi
4690,2026-09-05,14:36,2,C167,Domicilio,Nequi
4691,2026-09-05,06:30,2,C023,Mostrador,Efectivo
4692,2026-09-05,08:37,2,,Mostrador,Tarjeta
4693,2026-09-05,09:25,2,C017,Domicilio,Tarjeta
4694,2026-09-05,06:01,2,,Domicilio,Nequi
4695,2026-09-05,08:38,2,,Domicilio,Efectivo
4696,2026-09-05,08:05,2,C259,Mostrador,Tarjeta
4697,2026-09-05,13:50,2,,Domicilio,Efectivo
4698,2026-09-05,08:41,2,,Mostrador,Efectivo
4699,2026-09-05,07:23,2,,Mostrador,Efectivo
4700,2026-09-05,16:12,2,C109,Mostrador,Efectivo
4701,2026-09-05,14:53,2,,Mostrador,Efectivo
4702,2026-09-05,16:09,2,C078,Mostrador,Nequi
4703,2026-09-05,11:39,2,C074,Mostrador,Efectivo
4704,2026-09-05,18:08,2,C139,Domicilio,Efectivo
4705,2026-09-05,09:16,2,C249,Mostrador,Efectivo
4706,2026-09-05,16:51,2,,Mostrador,Nequi
4707,2026-09-05,08:13,2,C062,Mostrador,Tarjeta
4708,2026-09-05,08:45,2,,Mostrador,Tarjeta
4709,2026-09-05,10:37,2,,Mostrador,Nequi
4710,2026-09-05,09:46,2,,Mostrador,Efectivo
4711,2026-09-05,10:32,2,,Mostrador,Efectivo
4712,2026-09-05,14:36,2,,Mostrador,Nequi
4713,2026-09-05,16:37,2,C098,Mostrador,Tarjeta
4714,2026-09-05,15:52,2,,Domicilio,Efectivo
4715,2026-09-05,10:36,2,,Mostrador,Nequi
4716,2026-09-05,07:19,2,,Mostrador,Tarjeta
4717,2026-09-05,09:07,2,,Mostrador,Efectivo
4718,2026-09-05,14:46,2,C185,Mostrador,Nequi
4719,2026-09-05,08:50,2,C160,Domicilio,Efectivo
4720,2026-09-05,08:03,2,C153,Mostrador,Tarjeta
4721,2026-09-05,16:46,2,,Mostrador,Efectivo
4722,2026-09-05,07:55,2,,Mostrador,Tarjeta
4723,2026-09-05,17:47,2,C130,Mostrador,Efectivo
4724,2026-09-05,15:44,2,C142,Mostrador,Efectivo
4725,2026-09-05,07:23,2,C190,Mostrador,Tarjeta
4726,2026-09-05,15:43,2,C011,Mostrador,Efectivo
4727,2026-09-05,08:15,2,C041,Mostrador,Tarjeta
4728,2026-09-05,18:44,2,C062,Mostrador,Nequi
4729,2026-09-05,07:01,2,,Mostrador,Nequi
4730,2026-09-05,16:50,2,C067,Domicilio,Efectivo
4731,2026-09-05,08:06,2,C042,Mostrador,Tarjeta
4732,2026-09-05,10:43,2,,Mostrador,Tarjeta
4733,2026-09-05,12:07,2,,Mostrador,Efectivo
4734,2026-09-05,08:59,2,C257,Mostrador,Nequi
4735,2026-09-05,19:21,2,C073,Mostrador,Tarjeta
4736,2026-09-05,12:28,2,C248,Mostrador,Tarjeta
4737,2026-09-05,10:17,2,,Mostrador,Nequi
4738,2026-09-05,11:05,2,C279,Mostrador,Efectivo
4739,2026-09-05,16:58,2,,Mostrador,Efectivo
4740,2026-09-06,16:45,1,,Domicilio,Efectivo
4741,2026-09-06,08:57,1,,Mostrador,Nequi
4742,2026-09-06,09:57,1,,Mostrador,Efectivo
4743,2026-09-06,07:55,1,,Domicilio,Tarjeta
4744,2026-09-06,15:13,1,C233,Domicilio,Tarjeta
4745,2026-09-06,07:22,1,,Mostrador,Efectivo
4746,2026-09-06,11:33,1,C280,Mostrador,Nequi
4747,2026-09-06,08:49,1,,Mostrador,Tarjeta
4748,2026-09-06,09:32,1,,Mostrador,Tarjeta
4749,2026-09-06,08:16,1,C107,Mostrador,Nequi
4750,2026-09-06,08:38,1,C092,Mostrador,Efectivo
4751,2026-09-06,17:59,1,C121,Mostrador,Efectivo
4752,2026-09-06,10:56,1,,Mostrador,Tarjeta
4753,2026-09-06,16:32,1,,Domicilio,Nequi
4754,2026-09-06,15:49,1,C233,Domicilio,Efectivo
4755,2026-09-06,14:58,1,,Domicilio,Efectivo
4756,2026-09-06,15:08,1,,Mostrador,Tarjeta
4757,2026-09-06,15:43,1,,Mostrador,Nequi
4758,2026-09-06,17:25,1,,Domicilio,Nequi
4759,2026-09-06,16:11,1,,Mostrador,Nequi
4760,2026-09-06,09:14,1,,Domicilio,Tarjeta
4761,2026-09-06,09:27,1,C051,Domicilio,Efectivo
4762,2026-09-06,15:33,1,,Mostrador,Nequi
4763,2026-09-06,10:01,1,C088,Domicilio,Tarjeta
4764,2026-09-06,08:07,1,,Mostrador,Nequi
4765,2026-09-06,20:49,1,,Mostrador,Nequi
4766,2026-09-06,08:43,1,C026,Mostrador,Efectivo
4767,2026-09-06,07:02,1,C191,Mostrador,Tarjeta
4768,2026-09-06,15:38,1,,Mostrador,Nequi
4769,2026-09-06,14:12,1,,Mostrador,Tarjeta
4770,2026-09-06,08:06,1,C056,Mostrador,Nequi
4771,2026-09-06,08:38,1,C247,Mostrador,Efectivo
4772,2026-09-06,18:40,1,,Mostrador,Nequi
4773,2026-09-06,17:43,1,,Mostrador,Tarjeta
4774,2026-09-06,09:09,1,,Mostrador,Tarjeta
4775,2026-09-06,09:21,1,,Mostrador,Nequi
4776,2026-09-06,18:54,1,,Mostrador,Nequi
4777,2026-09-06,11:32,1,,Mostrador,Nequi
4778,2026-09-06,11:40,1,,Domicilio,Nequi
4779,2026-09-06,10:58,1,,Mostrador,Efectivo
4780,2026-09-06,15:11,1,C135,Mostrador,Efectivo
4781,2026-09-06,12:24,1,,Mostrador,Nequi
4782,2026-09-06,08:27,1,,Mostrador,Efectivo
4783,2026-09-06,07:51,1,,Mostrador,Tarjeta
4784,2026-09-06,07:20,1,,Mostrador,Nequi
4785,2026-09-06,11:39,1,C083,Mostrador,Tarjeta
4786,2026-09-06,09:18,1,,Mostrador,Nequi
4787,2026-09-06,09:17,1,,Domicilio,Tarjeta
4788,2026-09-06,06:28,1,C148,Mostrador,Tarjeta
4789,2026-09-06,19:00,1,C056,Mostrador,Nequi
4790,2026-09-06,16:20,1,C286,Mostrador,Tarjeta
4791,2026-09-06,16:55,1,C238,Mostrador,Efectivo
4792,2026-09-06,08:30,1,,Mostrador,Nequi
4793,2026-09-06,09:33,1,,Domicilio,Nequi
4794,2026-09-06,07:31,1,C149,Mostrador,Efectivo
4795,2026-09-06,16:31,1,,Mostrador,Tarjeta
4796,2026-09-06,09:23,1,,Mostrador,Nequi
4797,2026-09-06,09:23,1,,Domicilio,Efectivo
4798,2026-09-06,07:14,1,,Mostrador,Nequi
4799,2026-09-06,08:20,1,,Mostrador,Efectivo
4800,2026-09-06,10:18,1,C064,Mostrador,Nequi
4801,2026-09-06,09:09,1,C280,Mostrador,Nequi
4802,2026-09-06,11:44,1,,Mostrador,Tarjeta
4803,2026-09-06,08:07,1,,Mostrador,Nequi
4804,2026-09-06,19:05,1,C107,Mostrador,Nequi
4805,2026-09-06,11:16,1,,Mostrador,Efectivo
4806,2026-09-06,15:29,1,,Mostrador,Nequi
4807,2026-09-06,15:46,1,,Mostrador,Tarjeta
4808,2026-09-06,08:48,1,C109,Mostrador,Tarjeta
4809,2026-09-06,09:10,1,C111,Mostrador,Efectivo
4810,2026-09-06,15:18,1,C298,Mostrador,Nequi
4811,2026-09-06,06:46,1,,Mostrador,Tarjeta
4812,2026-09-06,13:54,1,,Mostrador,Efectivo
4813,2026-09-06,11:46,1,,Domicilio,Efectivo
4814,2026-09-06,10:05,1,,Mostrador,Tarjeta
4815,2026-09-06,17:58,1,,Domicilio,Efectivo
4816,2026-09-06,09:54,1,C069,Mostrador,Efectivo
4817,2026-09-06,13:02,1,,Mostrador,Efectivo
4818,2026-09-06,09:12,1,C231,Mostrador,Tarjeta
4819,2026-09-06,18:39,1,,Mostrador,Nequi
4820,2026-09-06,12:27,1,,Mostrador,Nequi
4821,2026-09-06,07:01,1,,Mostrador,Nequi
4822,2026-09-06,08:23,1,,Mostrador,Efectivo
4823,2026-09-06,09:37,1,C192,Mostrador,Nequi
4824,2026-09-06,09:38,1,C066,Mostrador,Efectivo
4825,2026-09-06,08:34,1,C218,Mostrador,Efectivo
4826,2026-09-06,10:34,1,,Domicilio,Efectivo
4827,2026-09-06,09:12,1,,Mostrador,Efectivo
4828,2026-09-06,11:13,1,,Mostrador,Efectivo
4829,2026-09-06,09:17,1,C073,Mostrador,Efectivo
4830,2026-09-06,13:15,1,C064,Mostrador,Tarjeta
4831,2026-09-06,15:50,1,C150,Mostrador,Nequi
4832,2026-09-06,08:02,1,C001,Mostrador,Efectivo
4833,2026-09-06,13:32,1,,Mostrador,Efectivo
4834,2026-09-06,07:22,1,,Domicilio,Efectivo
4835,2026-09-06,08:40,1,,Mostrador,Nequi
4836,2026-09-06,08:00,1,,Mostrador,Nequi
4837,2026-09-06,10:13,1,C230,Mostrador,Nequi
4838,2026-09-06,10:39,2,,Mostrador,Tarjeta
4839,2026-09-06,10:38,2,,Mostrador,Nequi
4840,2026-09-06,15:58,2,,Mostrador,Nequi
4841,2026-09-06,09:31,2,,Domicilio,Efectivo
4842,2026-09-06,09:30,2,,Domicilio,Nequi
4843,2026-09-06,10:04,2,,Mostrador,Efectivo
4844,2026-09-06,09:32,2,C204,Domicilio,Tarjeta
4845,2026-09-06,15:17,2,,Mostrador,Tarjeta
4846,2026-09-06,18:16,2,C142,Mostrador,Efectivo
4847,2026-09-06,15:27,2,,Mostrador,Tarjeta
4848,2026-09-06,09:08,2,,Mostrador,Tarjeta
4849,2026-09-06,12:32,2,,Mostrador,Tarjeta
4850,2026-09-06,07:17,2,C172,Mostrador,Nequi
4851,2026-09-06,16:32,2,C240,Mostrador,Nequi
4852,2026-09-06,09:18,2,C130,Mostrador,Tarjeta
4853,2026-09-06,18:28,2,,Mostrador,Tarjeta
4854,2026-09-06,06:53,2,C004,Domicilio,Efectivo
4855,2026-09-06,20:29,2,C026,Mostrador,Efectivo
4856,2026-09-06,14:59,2,C255,Mostrador,Efectivo
4857,2026-09-06,16:23,2,,Mostrador,Nequi
4858,2026-09-06,09:33,2,,Domicilio,Tarjeta
4859,2026-09-06,06:57,2,,Mostrador,Tarjeta
4860,2026-09-06,11:52,2,,Mostrador,Nequi
4861,2026-09-06,10:55,2,,Mostrador,Efectivo
4862,2026-09-06,20:39,2,,Domicilio,Efectivo
4863,2026-09-06,16:22,2,,Mostrador,Efectivo
4864,2026-09-06,14:43,2,,Mostrador,Nequi
4865,2026-09-06,18:28,2,,Domicilio,Nequi
4866,2026-09-06,15:56,2,,Mostrador,Efectivo
4867,2026-09-06,13:07,2,C056,Domicilio,Tarjeta
4868,2026-09-06,07:14,2,,Mostrador,Tarjeta
4869,2026-09-06,08:15,2,C137,Mostrador,Tarjeta
4870,2026-09-06,07:07,2,C070,Mostrador,Tarjeta
4871,2026-09-06,20:13,2,,Mostrador,Tarjeta
4872,2026-09-06,16:45,2,,Mostrador,Tarjeta
4873,2026-09-06,11:15,2,C086,Mostrador,Tarjeta
4874,2026-09-06,20:56,2,,Mostrador,Tarjeta
4875,2026-09-06,20:19,2,C166,Domicilio,Efectivo
4876,2026-09-06,07:48,2,,Mostrador,Efectivo
4877,2026-09-06,20:27,2,,Domicilio,Tarjeta
4878,2026-09-06,11:20,2,C069,Mostrador,Nequi
4879,2026-09-06,17:00,2,C091,Mostrador,Efectivo
4880,2026-09-06,06:41,2,C035,Mostrador,Efectivo
4881,2026-09-06,12:36,2,C072,Domicilio,Nequi
4882,2026-09-06,14:43,2,,Mostrador,Efectivo
4883,2026-09-06,14:31,2,C012,Mostrador,Efectivo
4884,2026-09-06,15:44,2,,Mostrador,Tarjeta
4885,2026-09-06,08:51,2,,Domicilio,Tarjeta
4886,2026-09-07,12:27,1,,Mostrador,Nequi
4887,2026-09-07,17:10,1,,Mostrador,Nequi
4888,2026-09-07,11:00,1,,Mostrador,Nequi
4889,2026-09-07,14:20,1,,Mostrador,Nequi
4890,2026-09-07,07:38,1,C047,Mostrador,Nequi
4891,2026-09-07,15:52,1,C293,Mostrador,Tarjeta
4892,2026-09-07,15:19,1,C191,Mostrador,Efectivo
4893,2026-09-07,15:38,1,C041,Mostrador,Tarjeta
4894,2026-09-07,16:48,1,,Mostrador,Nequi
4895,2026-09-07,07:52,1,C062,Domicilio,Efectivo
4896,2026-09-07,12:01,1,C230,Mostrador,Tarjeta
4897,2026-09-07,17:10,1,,Mostrador,Efectivo
4898,2026-09-07,12:44,1,C067,Mostrador,Tarjeta
4899,2026-09-07,15:51,1,,Domicilio,Efectivo
4900,2026-09-07,10:40,1,,Mostrador,Efectivo
4901,2026-09-07,15:30,1,C066,Mostrador,Nequi
4902,2026-09-07,15:39,1,,Mostrador,Efectivo
4903,2026-09-07,12:10,1,,Mostrador,Efectivo
4904,2026-09-07,09:11,1,,Mostrador,Nequi
4905,2026-09-07,17:25,1,C014,Mostrador,Tarjeta
4906,2026-09-07,06:34,1,,Mostrador,Tarjeta
4907,2026-09-07,08:12,1,C229,Mostrador,Efectivo
4908,2026-09-07,08:10,1,C011,Mostrador,Efectivo
4909,2026-09-07,08:27,1,C266,Mostrador,Nequi
4910,2026-09-07,11:51,1,C071,Mostrador,Tarjeta
4911,2026-09-07,08:33,1,C022,Mostrador,Nequi
4912,2026-09-07,15:52,1,,Mostrador,Efectivo
4913,2026-09-07,11:01,1,,Mostrador,Efectivo
4914,2026-09-07,15:11,1,C162,Mostrador,Efectivo
4915,2026-09-07,17:12,1,,Mostrador,Nequi
4916,2026-09-07,08:03,1,C065,Mostrador,Efectivo
4917,2026-09-07,14:46,1,,Mostrador,Efectivo
4918,2026-09-07,15:02,1,C288,Mostrador,Tarjeta
4919,2026-09-07,18:29,1,,Mostrador,Efectivo
4920,2026-09-07,07:53,1,C100,Mostrador,Tarjeta
4921,2026-09-07,10:54,1,,Mostrador,Efectivo
4922,2026-09-07,07:39,1,,Mostrador,Nequi
4923,2026-09-07,07:36,1,,Mostrador,Nequi
4924,2026-09-07,11:19,1,,Mostrador,Nequi
4925,2026-09-07,10:37,1,,Mostrador,Efectivo
4926,2026-09-07,10:11,1,,Mostrador,Efectivo
4927,2026-09-07,08:53,1,,Mostrador,Nequi
4928,2026-09-07,10:41,1,C090,Mostrador,Nequi
4929,2026-09-07,15:09,1,C179,Mostrador,Nequi
4930,2026-09-07,07:59,1,,Mostrador,Nequi
4931,2026-09-07,14:52,1,C077,Mostrador,Tarjeta
4932,2026-09-07,07:47,1,,Mostrador,Efectivo
4933,2026-09-07,17:30,1,,Domicilio,Efectivo
4934,2026-09-07,08:31,1,,Mostrador,Tarjeta
4935,2026-09-07,12:58,1,C094,Mostrador,Efectivo
4936,2026-09-07,13:09,1,,Mostrador,Efectivo
4937,2026-09-07,08:45,1,,Mostrador,Tarjeta
4938,2026-09-07,10:12,1,C039,Mostrador,Tarjeta
4939,2026-09-07,07:06,1,C133,Mostrador,Efectivo
4940,2026-09-07,09:08,1,,Mostrador,Nequi
4941,2026-09-07,08:39,1,C100,Mostrador,Nequi
4942,2026-09-07,13:48,1,,Mostrador,Tarjeta
4943,2026-09-07,17:16,1,,Mostrador,Efectivo
4944,2026-09-07,08:38,2,,Mostrador,Efectivo
4945,2026-09-07,11:43,2,C223,Mostrador,Nequi
4946,2026-09-07,16:17,2,C078,Mostrador,Tarjeta
4947,2026-09-07,18:11,2,,Domicilio,Efectivo
4948,2026-09-07,10:30,2,C010,Mostrador,Efectivo
4949,2026-09-07,16:41,2,,Domicilio,Nequi
4950,2026-09-07,09:48,2,,Mostrador,Nequi
4951,2026-09-07,07:43,2,,Mostrador,Efectivo
4952,2026-09-07,08:48,2,C196,Mostrador,Efectivo
4953,2026-09-07,07:15,2,,Mostrador,Efectivo
4954,2026-09-07,19:40,2,,Mostrador,Efectivo
4955,2026-09-07,12:14,2,,Mostrador,Tarjeta
4956,2026-09-07,10:09,2,C104,Mostrador,Nequi
4957,2026-09-07,16:13,2,,Mostrador,Nequi
4958,2026-09-07,13:30,2,C265,Mostrador,Efectivo
4959,2026-09-07,09:49,2,,Mostrador,Tarjeta
4960,2026-09-07,09:03,2,C273,Mostrador,Tarjeta
4961,2026-09-07,14:00,2,,Mostrador,Efectivo
4962,2026-09-07,12:55,2,,Mostrador,Tarjeta
4963,2026-09-07,16:44,2,C294,Mostrador,Efectivo
4964,2026-09-07,07:01,2,,Mostrador,Tarjeta
4965,2026-09-07,11:28,2,,Mostrador,Efectivo
4966,2026-09-07,17:59,2,C170,Domicilio,Tarjeta
4967,2026-09-07,08:43,2,,Mostrador,Nequi
4968,2026-09-07,18:34,2,,Mostrador,Tarjeta
4969,2026-09-07,07:24,2,C227,Mostrador,Efectivo
4970,2026-09-07,15:07,2,C050,Mostrador,Tarjeta
4971,2026-09-07,14:55,2,C049,Mostrador,Efectivo
4972,2026-09-07,18:35,2,,Mostrador,Efectivo
4973,2026-09-07,08:01,2,C096,Mostrador,Nequi
4974,2026-09-07,07:52,2,,Mostrador,Nequi
4975,2026-09-07,20:06,2,,Mostrador,Nequi
4976,2026-09-07,14:05,2,C246,Mostrador,Efectivo
4977,2026-09-07,08:53,2,,Mostrador,Tarjeta
4978,2026-09-07,09:08,2,C013,Mostrador,Tarjeta
4979,2026-09-07,19:14,2,,Mostrador,Nequi
4980,2026-09-07,16:13,2,,Mostrador,Efectivo
4981,2026-09-07,07:10,2,,Mostrador,Nequi
4982,2026-09-07,07:45,2,,Mostrador,Tarjeta
4983,2026-09-07,17:27,2,C025,Mostrador,Efectivo
4984,2026-09-07,12:37,2,C064,Mostrador,Efectivo
4985,2026-09-07,06:46,2,,Mostrador,Tarjeta
4986,2026-09-07,18:11,2,C072,Mostrador,Tarjeta
4987,2026-09-07,09:47,2,C156,Mostrador,Efectivo
4988,2026-09-07,10:43,2,,Mostrador,Tarjeta
4989,2026-09-07,15:07,2,C108,Domicilio,Efectivo
4990,2026-09-07,16:18,2,,Mostrador,Nequi
4991,2026-09-07,10:09,2,C013,Mostrador,Tarjeta
4992,2026-09-07,08:54,2,,Mostrador,Nequi
4993,2026-09-07,11:11,2,,Mostrador,Efectivo
4994,2026-09-07,16:02,2,C079,Mostrador,Tarjeta
4995,2026-09-07,09:58,2,,Domicilio,Nequi
4996,2026-09-07,07:39,2,C185,Mostrador,Nequi
4997,2026-09-07,14:01,2,,Mostrador,Nequi
4998,2026-09-07,13:05,2,C249,Domicilio,Tarjeta
4999,2026-09-07,15:15,2,C278,Mostrador,Efectivo
5000,2026-09-08,10:48,1,,Mostrador,Efectivo
5001,2026-09-08,15:25,1,,Mostrador,Efectivo
5002,2026-09-08,10:25,1,,Mostrador,Efectivo
5003,2026-09-08,14:18,1,,Domicilio,Efectivo
5004,2026-09-08,17:34,1,,Mostrador,Efectivo
5005,2026-09-08,15:35,1,C253,Domicilio,Nequi
5006,2026-09-08,10:25,1,,Domicilio,Nequi
5007,2026-09-08,15:17,1,,Mostrador,Nequi
5008,2026-09-08,10:28,1,C122,Mostrador,Tarjeta
5009,2026-09-08,07:51,1,C178,Domicilio,Tarjeta
5010,2026-09-08,09:17,1,,Mostrador,Tarjeta
5011,2026-09-08,16:28,1,,Mostrador,Nequi
5012,2026-09-08,07:53,1,,Mostrador,Tarjeta
5013,2026-09-08,17:17,1,,Domicilio,Tarjeta
5014,2026-09-08,10:04,1,C083,Mostrador,Efectivo
5015,2026-09-08,14:35,1,,Domicilio,Nequi
5016,2026-09-08,13:17,1,C300,Mostrador,Tarjeta
5017,2026-09-08,09:45,1,,Mostrador,Efectivo
5018,2026-09-08,16:53,1,,Mostrador,Nequi
5019,2026-09-08,08:29,1,,Mostrador,Efectivo
5020,2026-09-08,08:32,1,,Mostrador,Efectivo
5021,2026-09-08,16:58,1,,Mostrador,Efectivo
5022,2026-09-08,09:44,1,,Domicilio,Nequi
5023,2026-09-08,18:51,1,C172,Mostrador,Efectivo
5024,2026-09-08,13:12,1,,Mostrador,Tarjeta
5025,2026-09-08,15:02,1,,Mostrador,Tarjeta
5026,2026-09-08,07:12,1,,Mostrador,Efectivo
5027,2026-09-08,08:50,1,C287,Mostrador,Nequi
5028,2026-09-08,19:25,1,,Mostrador,Tarjeta
5029,2026-09-08,09:38,1,,Mostrador,Nequi
5030,2026-09-08,08:29,1,C137,Mostrador,Tarjeta
5031,2026-09-08,08:26,1,,Mostrador,Nequi
5032,2026-09-08,15:04,1,,Mostrador,Nequi
5033,2026-09-08,12:12,1,C092,Mostrador,Nequi
5034,2026-09-08,09:41,1,,Mostrador,Efectivo
5035,2026-09-08,12:56,1,,Mostrador,Efectivo
5036,2026-09-08,08:50,1,,Mostrador,Tarjeta
5037,2026-09-08,13:08,1,,Domicilio,Tarjeta
5038,2026-09-08,10:51,1,,Domicilio,Efectivo
5039,2026-09-08,12:58,1,,Mostrador,Tarjeta
5040,2026-09-08,15:09,1,C142,Mostrador,Nequi
5041,2026-09-08,08:22,1,,Mostrador,Nequi
5042,2026-09-08,09:12,1,C179,Mostrador,Nequi
5043,2026-09-08,08:57,1,,Mostrador,Nequi
5044,2026-09-08,18:35,1,,Mostrador,Tarjeta
5045,2026-09-08,12:07,1,,Mostrador,Nequi
5046,2026-09-08,10:39,1,C294,Mostrador,Nequi
5047,2026-09-08,14:00,1,,Mostrador,Tarjeta
5048,2026-09-08,13:29,1,,Mostrador,Efectivo
5049,2026-09-08,10:15,1,C061,Mostrador,Nequi
5050,2026-09-08,15:35,1,C161,Mostrador,Efectivo
5051,2026-09-08,18:29,1,,Mostrador,Tarjeta
5052,2026-09-08,07:55,1,C117,Domicilio,Nequi
5053,2026-09-08,12:27,1,,Mostrador,Tarjeta
5054,2026-09-08,14:25,1,C004,Domicilio,Efectivo
5055,2026-09-08,07:25,1,,Mostrador,Tarjeta
5056,2026-09-08,07:54,1,C084,Domicilio,Nequi
5057,2026-09-08,11:47,1,C197,Domicilio,Efectivo
5058,2026-09-08,17:11,1,,Mostrador,Tarjeta
5059,2026-09-08,10:06,1,,Mostrador,Nequi
5060,2026-09-08,07:09,1,C006,Domicilio,Efectivo
5061,2026-09-08,17:37,1,C220,Mostrador,Nequi
5062,2026-09-08,10:15,1,C121,Mostrador,Nequi
5063,2026-09-08,17:46,1,,Mostrador,Efectivo
5064,2026-09-08,13:19,1,C164,Mostrador,Tarjeta
5065,2026-09-08,06:48,1,C068,Mostrador,Nequi
5066,2026-09-08,07:33,1,C060,Mostrador,Efectivo
5067,2026-09-08,13:14,1,,Domicilio,Efectivo
5068,2026-09-08,16:44,1,C240,Mostrador,Tarjeta
5069,2026-09-08,06:33,1,,Domicilio,Efectivo
5070,2026-09-08,14:28,1,C216,Mostrador,Tarjeta
5071,2026-09-08,17:49,1,,Mostrador,Nequi
5072,2026-09-08,09:22,1,C247,Mostrador,Efectivo
5073,2026-09-08,17:23,1,,Mostrador,Efectivo
5074,2026-09-08,09:29,2,C196,Mostrador,Tarjeta
5075,2026-09-08,10:14,2,,Mostrador,Efectivo
5076,2026-09-08,09:15,2,C044,Mostrador,Nequi
5077,2026-09-08,13:41,2,,Mostrador,Nequi
5078,2026-09-08,13:38,2,,Mostrador,Nequi
5079,2026-09-08,13:47,2,,Mostrador,Tarjeta
5080,2026-09-08,15:47,2,,Mostrador,Nequi
5081,2026-09-08,15:19,2,,Mostrador,Tarjeta
5082,2026-09-08,19:36,2,C226,Mostrador,Efectivo
5083,2026-09-08,10:14,2,,Domicilio,Nequi
5084,2026-09-08,11:42,2,,Mostrador,Nequi
5085,2026-09-08,17:44,2,,Mostrador,Tarjeta
5086,2026-09-08,09:51,2,C063,Mostrador,Efectivo
5087,2026-09-08,18:58,2,C124,Mostrador,Efectivo
5088,2026-09-08,16:13,2,C272,Mostrador,Efectivo
5089,2026-09-08,08:17,2,C065,Mostrador,Tarjeta
5090,2026-09-08,15:27,2,C059,Mostrador,Tarjeta
5091,2026-09-08,11:51,2,C264,Mostrador,Tarjeta
5092,2026-09-08,06:11,2,,Mostrador,Efectivo
5093,2026-09-08,08:40,2,,Mostrador,Nequi
5094,2026-09-08,12:49,2,,Domicilio,Tarjeta
5095,2026-09-08,07:50,2,C245,Mostrador,Nequi
5096,2026-09-08,09:23,2,,Domicilio,Efectivo
5097,2026-09-08,09:32,2,,Mostrador,Tarjeta
5098,2026-09-08,09:11,2,,Mostrador,Efectivo
5099,2026-09-08,19:52,2,C256,Mostrador,Nequi
5100,2026-09-08,09:17,2,,Mostrador,Tarjeta
5101,2026-09-08,18:35,2,,Mostrador,Efectivo
5102,2026-09-08,09:07,2,,Mostrador,Tarjeta
5103,2026-09-08,08:26,2,C129,Mostrador,Efectivo
5104,2026-09-08,09:53,2,C067,Mostrador,Tarjeta
5105,2026-09-08,18:06,2,,Domicilio,Nequi
5106,2026-09-08,10:29,2,,Mostrador,Efectivo
5107,2026-09-08,17:34,2,,Mostrador,Tarjeta
5108,2026-09-08,09:12,2,C011,Mostrador,Tarjeta
5109,2026-09-08,07:14,2,,Domicilio,Nequi
5110,2026-09-08,07:34,2,,Domicilio,Tarjeta
5111,2026-09-08,10:20,2,,Mostrador,Efectivo
5112,2026-09-08,16:34,2,,Mostrador,Tarjeta
5113,2026-09-08,07:44,2,C003,Mostrador,Nequi
5114,2026-09-08,09:21,2,,Mostrador,Nequi
5115,2026-09-08,15:55,2,C163,Mostrador,Efectivo
5116,2026-09-08,10:06,2,C142,Mostrador,Tarjeta
5117,2026-09-08,07:34,2,C249,Mostrador,Efectivo
5118,2026-09-08,15:17,2,C272,Mostrador,Efectivo
5119,2026-09-08,11:26,2,,Mostrador,Nequi
5120,2026-09-08,12:50,2,,Domicilio,Tarjeta
5121,2026-09-08,11:59,2,,Mostrador,Nequi
5122,2026-09-08,09:03,2,,Mostrador,Efectivo
5123,2026-09-08,11:12,2,C221,Domicilio,Efectivo
5124,2026-09-08,06:57,2,C059,Domicilio,Nequi
5125,2026-09-08,11:01,2,C209,Mostrador,Tarjeta
5126,2026-09-08,17:05,2,,Mostrador,Nequi
5127,2026-09-08,18:02,2,,Domicilio,Tarjeta
5128,2026-09-08,09:51,2,,Domicilio,Tarjeta
5129,2026-09-08,07:36,2,C282,Domicilio,Tarjeta
5130,2026-09-09,20:39,1,,Domicilio,Tarjeta
5131,2026-09-09,09:44,1,C066,Mostrador,Nequi
5132,2026-09-09,08:09,1,C179,Mostrador,Efectivo
5133,2026-09-09,15:39,1,C066,Mostrador,Efectivo
5134,2026-09-09,08:13,1,,Mostrador,Tarjeta
5135,2026-09-09,19:41,1,,Mostrador,Tarjeta
5136,2026-09-09,07:04,1,,Mostrador,Efectivo
5137,2026-09-09,12:06,1,,Mostrador,Nequi
5138,2026-09-09,07:25,1,C036,Mostrador,Nequi
5139,2026-09-09,07:59,1,C019,Mostrador,Nequi
5140,2026-09-09,16:29,1,,Domicilio,Nequi
5141,2026-09-09,08:33,1,,Mostrador,Nequi
5142,2026-09-09,12:25,1,C213,Mostrador,Tarjeta
5143,2026-09-09,15:48,1,,Mostrador,Nequi
5144,2026-09-09,08:04,1,,Mostrador,Efectivo
5145,2026-09-09,16:18,1,C128,Mostrador,Nequi
5146,2026-09-09,12:08,1,,Mostrador,Nequi
5147,2026-09-09,09:31,1,C127,Mostrador,Tarjeta
5148,2026-09-09,07:15,1,,Mostrador,Efectivo
5149,2026-09-09,16:59,1,,Mostrador,Efectivo
5150,2026-09-09,18:30,1,C124,Mostrador,Efectivo
5151,2026-09-09,10:06,1,,Mostrador,Tarjeta
5152,2026-09-09,15:18,1,,Mostrador,Efectivo
5153,2026-09-09,16:42,1,,Mostrador,Tarjeta
5154,2026-09-09,08:01,1,,Domicilio,Tarjeta
5155,2026-09-09,14:37,1,,Mostrador,Nequi
5156,2026-09-09,13:33,1,,Mostrador,Nequi
5157,2026-09-09,17:49,1,,Domicilio,Nequi
5158,2026-09-09,07:39,1,,Domicilio,Nequi
5159,2026-09-09,08:01,1,,Mostrador,Efectivo
5160,2026-09-09,07:37,1,,Mostrador,Nequi
5161,2026-09-09,17:32,1,,Domicilio,Efectivo
5162,2026-09-09,12:14,1,C217,Domicilio,Tarjeta
5163,2026-09-09,07:53,1,,Mostrador,Efectivo
5164,2026-09-09,17:42,1,,Domicilio,Tarjeta
5165,2026-09-09,19:06,1,,Mostrador,Nequi
5166,2026-09-09,16:40,1,,Mostrador,Efectivo
5167,2026-09-09,18:02,1,C277,Mostrador,Efectivo
5168,2026-09-09,15:22,1,,Domicilio,Nequi
5169,2026-09-09,15:24,1,,Mostrador,Tarjeta
5170,2026-09-09,07:43,1,C275,Mostrador,Tarjeta
5171,2026-09-09,15:00,1,C196,Mostrador,Nequi
5172,2026-09-09,08:01,1,C297,Mostrador,Tarjeta
5173,2026-09-09,08:56,1,C064,Mostrador,Efectivo
5174,2026-09-09,12:37,1,C259,Mostrador,Tarjeta
5175,2026-09-09,09:41,1,C166,Mostrador,Efectivo
5176,2026-09-09,06:14,1,C251,Mostrador,Nequi
5177,2026-09-09,14:55,1,C201,Mostrador,Tarjeta
5178,2026-09-09,07:37,1,,Mostrador,Tarjeta
5179,2026-09-09,07:38,1,,Mostrador,Tarjeta
5180,2026-09-09,07:52,1,,Domicilio,Tarjeta
5181,2026-09-09,08:17,1,C298,Mostrador,Tarjeta
5182,2026-09-09,13:42,1,C078,Domicilio,Nequi
5183,2026-09-09,08:07,1,C010,Mostrador,Efectivo
5184,2026-09-09,11:18,1,C011,Mostrador,Tarjeta
5185,2026-09-09,07:28,1,,Domicilio,Tarjeta
5186,2026-09-09,07:46,1,C293,Mostrador,Efectivo
5187,2026-09-09,19:21,1,,Mostrador,Tarjeta
5188,2026-09-09,09:58,1,C268,Mostrador,Nequi
5189,2026-09-09,19:28,1,C253,Mostrador,Efectivo
5190,2026-09-09,06:07,1,C107,Mostrador,Tarjeta
5191,2026-09-09,16:53,1,,Mostrador,Tarjeta
5192,2026-09-09,07:15,1,,Mostrador,Efectivo
5193,2026-09-09,11:53,1,,Mostrador,Tarjeta
5194,2026-09-09,18:36,1,,Domicilio,Efectivo
5195,2026-09-09,10:41,1,,Mostrador,Efectivo
5196,2026-09-09,15:12,2,,Domicilio,Tarjeta
5197,2026-09-09,09:39,2,,Domicilio,Efectivo
5198,2026-09-09,14:02,2,,Mostrador,Tarjeta
5199,2026-09-09,10:26,2,,Domicilio,Nequi
5200,2026-09-09,14:00,2,,Mostrador,Nequi
5201,2026-09-09,08:12,2,,Mostrador,Efectivo
5202,2026-09-09,16:54,2,,Mostrador,Tarjeta
5203,2026-09-09,10:54,2,,Mostrador,Efectivo
5204,2026-09-09,16:27,2,C281,Mostrador,Tarjeta
5205,2026-09-09,15:51,2,C056,Mostrador,Tarjeta
5206,2026-09-09,14:19,2,,Mostrador,Efectivo
5207,2026-09-09,09:09,2,,Mostrador,Nequi
5208,2026-09-09,13:21,2,,Mostrador,Efectivo
5209,2026-09-09,09:39,2,C115,Domicilio,Nequi
5210,2026-09-09,10:43,2,,Mostrador,Tarjeta
5211,2026-09-09,10:58,2,,Mostrador,Tarjeta
5212,2026-09-09,20:26,2,,Mostrador,Efectivo
5213,2026-09-09,14:48,2,,Domicilio,Tarjeta
5214,2026-09-09,15:35,2,,Mostrador,Nequi
5215,2026-09-09,10:40,2,,Mostrador,Tarjeta
5216,2026-09-09,14:20,2,,Domicilio,Nequi
5217,2026-09-09,07:38,2,,Mostrador,Efectivo
5218,2026-09-09,09:34,2,,Mostrador,Efectivo
5219,2026-09-09,17:24,2,C283,Mostrador,Efectivo
5220,2026-09-09,07:06,2,,Domicilio,Efectivo
5221,2026-09-09,10:18,2,C141,Mostrador,Nequi
5222,2026-09-09,08:45,2,,Mostrador,Efectivo
5223,2026-09-09,12:50,2,,Mostrador,Efectivo
5224,2026-09-09,12:44,2,,Mostrador,Tarjeta
5225,2026-09-09,09:43,2,C010,Mostrador,Efectivo
5226,2026-09-09,08:43,2,,Mostrador,Nequi
5227,2026-09-09,19:26,2,,Domicilio,Tarjeta
5228,2026-09-09,09:06,2,C068,Mostrador,Efectivo
5229,2026-09-09,09:58,2,,Mostrador,Efectivo
5230,2026-09-09,11:57,2,C225,Domicilio,Tarjeta
5231,2026-09-09,07:49,2,,Mostrador,Nequi
5232,2026-09-09,13:50,2,,Domicilio,Nequi
5233,2026-09-09,15:10,2,,Mostrador,Efectivo
5234,2026-09-09,09:33,2,C264,Mostrador,Nequi
5235,2026-09-09,09:43,2,C207,Mostrador,Efectivo
5236,2026-09-09,11:10,2,,Mostrador,Nequi
5237,2026-09-09,15:42,2,,Mostrador,Efectivo
5238,2026-09-09,07:17,2,,Mostrador,Nequi
5239,2026-09-09,09:43,2,,Mostrador,Efectivo
5240,2026-09-09,11:16,2,,Mostrador,Nequi
5241,2026-09-09,11:45,2,,Mostrador,Tarjeta
5242,2026-09-09,17:42,2,,Mostrador,Tarjeta
5243,2026-09-09,09:31,2,C260,Mostrador,Tarjeta
5244,2026-09-10,06:01,1,C136,Mostrador,Tarjeta
5245,2026-09-10,13:48,1,C215,Mostrador,Tarjeta
5246,2026-09-10,17:37,1,C172,Mostrador,Tarjeta
5247,2026-09-10,18:43,1,C196,Domicilio,Nequi
5248,2026-09-10,08:37,1,,Mostrador,Nequi
5249,2026-09-10,16:31,1,,Mostrador,Efectivo
5250,2026-09-10,07:26,1,C248,Domicilio,Nequi
5251,2026-09-10,07:39,1,C148,Mostrador,Tarjeta
5252,2026-09-10,10:44,1,,Domicilio,Tarjeta
5253,2026-09-10,17:06,1,C261,Domicilio,Efectivo
5254,2026-09-10,17:53,1,,Mostrador,Tarjeta
5255,2026-09-10,14:53,1,C007,Mostrador,Efectivo
5256,2026-09-10,09:32,1,,Mostrador,Efectivo
5257,2026-09-10,06:59,1,,Mostrador,Efectivo
5258,2026-09-10,18:12,1,C033,Mostrador,Nequi
5259,2026-09-10,07:21,1,,Mostrador,Nequi
5260,2026-09-10,09:07,1,,Mostrador,Nequi
5261,2026-09-10,10:19,1,,Domicilio,Efectivo
5262,2026-09-10,14:25,1,C138,Domicilio,Tarjeta
5263,2026-09-10,08:17,1,,Mostrador,Efectivo
5264,2026-09-10,08:02,1,,Mostrador,Nequi
5265,2026-09-10,08:27,1,,Domicilio,Efectivo
5266,2026-09-10,14:34,1,,Mostrador,Tarjeta
5267,2026-09-10,12:51,1,C259,Mostrador,Efectivo
5268,2026-09-10,18:55,1,C081,Mostrador,Nequi
5269,2026-09-10,09:49,1,,Domicilio,Tarjeta
5270,2026-09-10,08:17,1,C278,Domicilio,Nequi
5271,2026-09-10,07:23,1,,Mostrador,Tarjeta
5272,2026-09-10,15:15,1,,Mostrador,Nequi
5273,2026-09-10,10:00,1,,Mostrador,Nequi
5274,2026-09-10,19:09,1,,Mostrador,Tarjeta
5275,2026-09-10,07:57,1,,Mostrador,Nequi
5276,2026-09-10,16:08,1,,Mostrador,Tarjeta
5277,2026-09-10,16:49,1,C023,Mostrador,Tarjeta
5278,2026-09-10,19:13,1,C004,Domicilio,Nequi
5279,2026-09-10,08:43,1,C234,Domicilio,Nequi
5280,2026-09-10,09:51,1,C211,Domicilio,Efectivo
5281,2026-09-10,15:58,1,,Domicilio,Nequi
5282,2026-09-10,10:39,1,,Mostrador,Nequi
5283,2026-09-10,08:59,1,C070,Domicilio,Nequi
5284,2026-09-10,07:34,1,,Mostrador,Efectivo
5285,2026-09-10,17:58,1,,Mostrador,Nequi
5286,2026-09-10,11:51,1,,Mostrador,Nequi
5287,2026-09-10,07:38,1,C103,Domicilio,Efectivo
5288,2026-09-10,19:05,1,C213,Domicilio,Efectivo
5289,2026-09-10,07:00,1,,Mostrador,Nequi
5290,2026-09-10,17:02,1,C257,Domicilio,Nequi
5291,2026-09-10,17:59,1,C289,Mostrador,Nequi
5292,2026-09-10,08:47,1,,Mostrador,Tarjeta
5293,2026-09-10,06:16,1,,Mostrador,Efectivo
5294,2026-09-10,13:50,1,,Mostrador,Nequi
5295,2026-09-10,17:40,1,,Mostrador,Efectivo
5296,2026-09-10,08:09,1,C264,Mostrador,Nequi
5297,2026-09-10,09:39,1,,Mostrador,Nequi
5298,2026-09-10,15:08,1,C063,Mostrador,Tarjeta
5299,2026-09-10,08:00,1,,Domicilio,Tarjeta
5300,2026-09-10,10:46,1,C157,Mostrador,Nequi
5301,2026-09-10,12:09,1,C292,Domicilio,Tarjeta
5302,2026-09-10,10:57,1,C144,Mostrador,Efectivo
5303,2026-09-10,07:04,1,,Domicilio,Nequi
5304,2026-09-10,09:58,1,,Domicilio,Nequi
5305,2026-09-10,10:42,1,C053,Domicilio,Tarjeta
5306,2026-09-10,16:49,1,,Domicilio,Nequi
5307,2026-09-10,12:32,1,C235,Domicilio,Tarjeta
5308,2026-09-10,08:02,1,C268,Mostrador,Nequi
5309,2026-09-10,09:26,1,,Mostrador,Tarjeta
5310,2026-09-10,08:20,1,,Domicilio,Nequi
5311,2026-09-10,19:31,1,,Mostrador,Tarjeta
5312,2026-09-10,09:24,1,C220,Mostrador,Nequi
5313,2026-09-10,10:45,1,,Mostrador,Efectivo
5314,2026-09-10,09:36,1,,Domicilio,Tarjeta
5315,2026-09-10,16:30,1,,Mostrador,Efectivo
5316,2026-09-10,10:29,1,C155,Domicilio,Tarjeta
5317,2026-09-10,09:10,1,,Mostrador,Efectivo
5318,2026-09-10,08:38,1,C181,Mostrador,Nequi
5319,2026-09-10,16:29,1,,Domicilio,Tarjeta
5320,2026-09-10,19:50,1,C252,Domicilio,Nequi
5321,2026-09-10,17:29,1,C065,Domicilio,Tarjeta
5322,2026-09-10,14:59,1,,Mostrador,Tarjeta
5323,2026-09-10,07:26,1,,Mostrador,Tarjeta
5324,2026-09-10,15:38,1,,Mostrador,Tarjeta
5325,2026-09-10,09:19,1,,Domicilio,Nequi
5326,2026-09-10,10:29,1,C131,Mostrador,Efectivo
5327,2026-09-10,16:44,1,C221,Mostrador,Tarjeta
5328,2026-09-10,15:13,1,,Domicilio,Tarjeta
5329,2026-09-10,11:04,1,,Mostrador,Nequi
5330,2026-09-10,09:55,2,C078,Mostrador,Nequi
5331,2026-09-10,06:32,2,C117,Domicilio,Efectivo
5332,2026-09-10,13:08,2,,Domicilio,Efectivo
5333,2026-09-10,08:08,2,,Domicilio,Nequi
5334,2026-09-10,14:00,2,,Mostrador,Nequi
5335,2026-09-10,09:45,2,,Mostrador,Tarjeta
5336,2026-09-10,10:42,2,C193,Domicilio,Tarjeta
5337,2026-09-10,15:33,2,C024,Domicilio,Nequi
5338,2026-09-10,11:08,2,C145,Mostrador,Tarjeta
5339,2026-09-10,09:07,2,,Domicilio,Efectivo
5340,2026-09-10,12:55,2,,Domicilio,Nequi
5341,2026-09-10,13:34,2,,Mostrador,Tarjeta
5342,2026-09-10,06:30,2,,Mostrador,Efectivo
5343,2026-09-10,12:10,2,,Domicilio,Nequi
5344,2026-09-10,08:27,2,C165,Mostrador,Nequi
5345,2026-09-10,14:21,2,,Mostrador,Tarjeta
5346,2026-09-10,12:09,2,C280,Mostrador,Nequi
5347,2026-09-10,08:13,2,C295,Mostrador,Efectivo
5348,2026-09-10,09:19,2,C287,Domicilio,Efectivo
5349,2026-09-10,12:35,2,,Mostrador,Nequi
5350,2026-09-10,08:46,2,C300,Mostrador,Nequi
5351,2026-09-10,13:46,2,,Domicilio,Efectivo
5352,2026-09-10,15:19,2,C151,Mostrador,Tarjeta
5353,2026-09-10,13:50,2,,Mostrador,Tarjeta
5354,2026-09-10,17:12,2,,Domicilio,Efectivo
5355,2026-09-10,17:03,2,,Mostrador,Tarjeta
5356,2026-09-10,14:52,2,,Mostrador,Nequi
5357,2026-09-10,18:35,2,,Mostrador,Tarjeta
5358,2026-09-10,15:59,2,C198,Domicilio,Nequi
5359,2026-09-10,20:40,2,,Mostrador,Tarjeta
5360,2026-09-10,10:41,2,,Domicilio,Tarjeta
5361,2026-09-10,13:28,2,,Domicilio,Efectivo
5362,2026-09-10,07:14,2,,Mostrador,Efectivo
5363,2026-09-10,08:07,2,,Domicilio,Nequi
5364,2026-09-10,09:02,2,,Mostrador,Tarjeta
5365,2026-09-10,19:54,2,,Domicilio,Tarjeta
5366,2026-09-10,11:05,2,C225,Mostrador,Nequi
5367,2026-09-10,11:08,2,,Mostrador,Nequi
5368,2026-09-10,08:05,2,,Mostrador,Efectivo
5369,2026-09-10,08:00,2,,Domicilio,Efectivo
5370,2026-09-10,10:58,2,,Domicilio,Nequi
5371,2026-09-10,08:43,2,C163,Domicilio,Tarjeta
5372,2026-09-10,10:41,2,C199,Mostrador,Tarjeta
5373,2026-09-10,13:18,2,,Domicilio,Efectivo
5374,2026-09-10,08:51,2,C136,Domicilio,Nequi
5375,2026-09-10,14:20,2,,Domicilio,Tarjeta
5376,2026-09-10,09:47,2,,Domicilio,Efectivo
5377,2026-09-10,09:02,2,,Domicilio,Efectivo
5378,2026-09-10,17:37,2,,Mostrador,Nequi
5379,2026-09-10,13:43,2,C016,Mostrador,Efectivo
5380,2026-09-10,20:20,2,,Mostrador,Tarjeta
5381,2026-09-10,07:24,2,C151,Mostrador,Nequi
5382,2026-09-10,16:43,2,,Domicilio,Nequi
5383,2026-09-10,16:06,2,C115,Mostrador,Nequi
5384,2026-09-10,20:02,2,,Domicilio,Nequi
5385,2026-09-10,13:06,2,C200,Domicilio,Nequi
5386,2026-09-10,16:00,2,,Mostrador,Efectivo
5387,2026-09-10,11:13,2,,Mostrador,Tarjeta
5388,2026-09-10,12:20,2,,Mostrador,Nequi
5389,2026-09-10,13:27,2,,Mostrador,Efectivo
5390,2026-09-10,10:59,2,,Mostrador,Efectivo
5391,2026-09-10,13:51,2,C180,Mostrador,Tarjeta
5392,2026-09-10,07:01,2,,Mostrador,Nequi
5393,2026-09-10,17:09,2,C048,Domicilio,Efectivo
5394,2026-09-10,16:04,2,,Domicilio,Nequi
5395,2026-09-10,18:30,2,C214,Mostrador,Tarjeta
5396,2026-09-10,19:08,2,,Mostrador,Tarjeta
5397,2026-09-10,19:17,2,C147,Mostrador,Tarjeta
5398,2026-09-11,17:56,1,C248,Mostrador,Nequi
5399,2026-09-11,16:35,1,,Mostrador,Tarjeta
5400,2026-09-11,14:17,1,C273,Mostrador,Efectivo
5401,2026-09-11,09:45,1,,Mostrador,Efectivo
5402,2026-09-11,10:08,1,,Mostrador,Efectivo
5403,2026-09-11,14:58,1,,Domicilio,Tarjeta
5404,2026-09-11,09:36,1,C185,Mostrador,Efectivo
5405,2026-09-11,16:11,1,,Mostrador,Tarjeta
5406,2026-09-11,16:27,1,C028,Mostrador,Nequi
5407,2026-09-11,19:55,1,,Mostrador,Tarjeta
5408,2026-09-11,20:10,1,,Mostrador,Nequi
5409,2026-09-11,08:50,1,C080,Mostrador,Nequi
5410,2026-09-11,11:41,1,C170,Mostrador,Efectivo
5411,2026-09-11,11:10,1,,Mostrador,Nequi
5412,2026-09-11,15:35,1,C050,Domicilio,Efectivo
5413,2026-09-11,08:21,1,C273,Mostrador,Tarjeta
5414,2026-09-11,15:44,1,,Mostrador,Efectivo
5415,2026-09-11,15:40,1,C075,Mostrador,Tarjeta
5416,2026-09-11,15:07,1,C204,Mostrador,Nequi
5417,2026-09-11,09:01,1,,Mostrador,Tarjeta
5418,2026-09-11,07:21,1,,Mostrador,Tarjeta
5419,2026-09-11,13:43,1,C217,Domicilio,Efectivo
5420,2026-09-11,14:11,1,,Mostrador,Tarjeta
5421,2026-09-11,15:41,1,,Mostrador,Nequi
5422,2026-09-11,09:29,1,,Mostrador,Nequi
5423,2026-09-11,20:56,1,C127,Mostrador,Efectivo
5424,2026-09-11,09:26,1,,Mostrador,Nequi
5425,2026-09-11,15:44,1,,Mostrador,Nequi
5426,2026-09-11,11:44,1,,Mostrador,Efectivo
5427,2026-09-11,10:17,1,C229,Mostrador,Efectivo
5428,2026-09-11,09:44,1,C225,Mostrador,Efectivo
5429,2026-09-11,11:35,1,,Mostrador,Tarjeta
5430,2026-09-11,10:37,1,C195,Mostrador,Tarjeta
5431,2026-09-11,15:38,1,C161,Domicilio,Nequi
5432,2026-09-11,16:09,1,,Mostrador,Tarjeta
5433,2026-09-11,11:30,1,,Mostrador,Nequi
5434,2026-09-11,06:59,1,,Domicilio,Nequi
5435,2026-09-11,08:32,1,,Mostrador,Efectivo
5436,2026-09-11,17:02,1,C176,Mostrador,Efectivo
5437,2026-09-11,11:56,1,,Mostrador,Efectivo
5438,2026-09-11,09:01,1,,Mostrador,Tarjeta
5439,2026-09-11,08:12,1,,Mostrador,Nequi
5440,2026-09-11,15:18,1,,Mostrador,Tarjeta
5441,2026-09-11,08:33,1,,Mostrador,Tarjeta
5442,2026-09-11,08:53,1,,Mostrador,Tarjeta
5443,2026-09-11,12:54,1,C119,Mostrador,Efectivo
5444,2026-09-11,14:16,1,,Mostrador,Nequi
5445,2026-09-11,06:32,1,C142,Mostrador,Efectivo
5446,2026-09-11,14:49,1,C106,Mostrador,Efectivo
5447,2026-09-11,08:45,1,,Domicilio,Efectivo
5448,2026-09-11,09:45,1,,Mostrador,Nequi
5449,2026-09-11,08:27,1,,Mostrador,Tarjeta
5450,2026-09-11,14:41,1,C110,Mostrador,Tarjeta
5451,2026-09-11,08:02,1,,Mostrador,Nequi
5452,2026-09-11,10:51,1,,Mostrador,Nequi
5453,2026-09-11,06:03,1,,Mostrador,Nequi
5454,2026-09-11,13:04,1,,Domicilio,Tarjeta
5455,2026-09-11,18:17,1,,Mostrador,Efectivo
5456,2026-09-11,08:27,1,,Mostrador,Tarjeta
5457,2026-09-11,19:43,1,,Mostrador,Efectivo
5458,2026-09-11,07:00,1,,Mostrador,Tarjeta
5459,2026-09-11,09:24,1,,Mostrador,Efectivo
5460,2026-09-11,15:57,1,,Mostrador,Tarjeta
5461,2026-09-11,18:15,1,,Mostrador,Tarjeta
5462,2026-09-11,08:16,1,C157,Mostrador,Tarjeta
5463,2026-09-11,09:01,1,,Mostrador,Nequi
5464,2026-09-11,08:30,1,,Mostrador,Tarjeta
5465,2026-09-11,07:43,1,C096,Mostrador,Nequi
5466,2026-09-11,09:22,1,C135,Mostrador,Nequi
5467,2026-09-11,11:21,1,,Mostrador,Efectivo
5468,2026-09-11,09:36,1,C178,Domicilio,Efectivo
5469,2026-09-11,09:26,2,C117,Mostrador,Tarjeta
5470,2026-09-11,08:26,2,C152,Mostrador,Efectivo
5471,2026-09-11,15:43,2,,Mostrador,Efectivo
5472,2026-09-11,20:58,2,,Mostrador,Nequi
5473,2026-09-11,13:51,2,C145,Mostrador,Tarjeta
5474,2026-09-11,09:03,2,C265,Mostrador,Efectivo
5475,2026-09-11,10:09,2,C176,Mostrador,Efectivo
5476,2026-09-11,17:12,2,C166,Domicilio,Efectivo
5477,2026-09-11,11:35,2,,Mostrador,Nequi
5478,2026-09-11,07:35,2,C242,Mostrador,Tarjeta
5479,2026-09-11,17:35,2,,Mostrador,Efectivo
5480,2026-09-11,14:25,2,,Mostrador,Nequi
5481,2026-09-11,18:12,2,,Mostrador,Tarjeta
5482,2026-09-11,09:03,2,,Domicilio,Efectivo
5483,2026-09-11,17:02,2,,Mostrador,Tarjeta
5484,2026-09-11,12:34,2,,Domicilio,Efectivo
5485,2026-09-11,17:26,2,C153,Mostrador,Nequi
5486,2026-09-11,09:23,2,C247,Mostrador,Tarjeta
5487,2026-09-11,19:17,2,,Mostrador,Efectivo
5488,2026-09-11,08:40,2,,Mostrador,Tarjeta
5489,2026-09-11,16:35,2,,Mostrador,Efectivo
5490,2026-09-11,12:26,2,,Mostrador,Efectivo
5491,2026-09-11,17:56,2,C004,Mostrador,Efectivo
5492,2026-09-11,16:21,2,C124,Mostrador,Efectivo
5493,2026-09-11,15:37,2,,Mostrador,Nequi
5494,2026-09-11,09:47,2,,Mostrador,Nequi
5495,2026-09-11,14:22,2,C089,Mostrador,Efectivo
5496,2026-09-11,16:46,2,,Mostrador,Nequi
5497,2026-09-11,13:39,2,,Mostrador,Tarjeta
5498,2026-09-11,10:21,2,,Mostrador,Efectivo
5499,2026-09-11,08:19,2,C151,Mostrador,Efectivo
5500,2026-09-11,12:51,2,,Mostrador,Efectivo
5501,2026-09-11,14:08,2,C245,Domicilio,Efectivo
5502,2026-09-11,19:30,2,C171,Domicilio,Efectivo
5503,2026-09-11,11:10,2,C207,Mostrador,Efectivo
5504,2026-09-11,17:50,2,,Mostrador,Tarjeta
5505,2026-09-11,08:22,2,C258,Mostrador,Tarjeta
5506,2026-09-11,07:21,2,C126,Mostrador,Nequi
5507,2026-09-11,16:28,2,,Mostrador,Efectivo
5508,2026-09-11,11:26,2,,Domicilio,Tarjeta
5509,2026-09-11,15:46,2,,Domicilio,Tarjeta
5510,2026-09-11,09:42,2,C219,Mostrador,Efectivo
5511,2026-09-11,16:15,2,,Mostrador,Tarjeta
5512,2026-09-11,10:03,2,C229,Mostrador,Tarjeta
5513,2026-09-11,11:52,2,,Mostrador,Efectivo
5514,2026-09-11,10:57,2,C185,Mostrador,Nequi
5515,2026-09-11,07:36,2,C296,Mostrador,Tarjeta
5516,2026-09-11,17:59,2,C049,Mostrador,Efectivo
5517,2026-09-11,08:12,2,C215,Mostrador,Tarjeta
5518,2026-09-11,16:44,2,,Mostrador,Efectivo
5519,2026-09-11,09:15,2,,Domicilio,Efectivo
5520,2026-09-11,12:10,2,,Domicilio,Nequi
5521,2026-09-11,07:28,2,C144,Mostrador,Tarjeta
5522,2026-09-11,10:27,2,,Domicilio,Nequi
5523,2026-09-11,17:44,2,,Mostrador,Efectivo
5524,2026-09-11,08:55,2,C150,Mostrador,Tarjeta
5525,2026-09-11,08:31,2,C028,Mostrador,Nequi
5526,2026-09-11,07:47,2,,Domicilio,Tarjeta
5527,2026-09-12,08:11,1,,Domicilio,Efectivo
5528,2026-09-12,11:43,1,C213,Domicilio,Tarjeta
5529,2026-09-12,20:01,1,,Mostrador,Nequi
5530,2026-09-12,09:37,1,,Mostrador,Efectivo
5531,2026-09-12,16:24,1,C078,Mostrador,Nequi
5532,2026-09-12,17:14,1,C119,Mostrador,Efectivo
5533,2026-09-12,10:24,1,,Mostrador,Nequi
5534,2026-09-12,09:01,1,,Mostrador,Nequi
5535,2026-09-12,09:38,1,,Mostrador,Efectivo
5536,2026-09-12,08:54,1,C176,Domicilio,Tarjeta
5537,2026-09-12,06:18,1,,Domicilio,Nequi
5538,2026-09-12,14:01,1,,Domicilio,Tarjeta
5539,2026-09-12,07:15,1,C294,Domicilio,Efectivo
5540,2026-09-12,08:15,1,,Mostrador,Nequi
5541,2026-09-12,09:30,1,,Domicilio,Nequi
5542,2026-09-12,10:33,1,,Mostrador,Tarjeta
5543,2026-09-12,08:25,1,C154,Mostrador,Tarjeta
5544,2026-09-12,09:39,1,,Domicilio,Nequi
5545,2026-09-12,06:53,1,,Domicilio,Tarjeta
5546,2026-09-12,17:17,1,,Mostrador,Nequi
5547,2026-09-12,07:11,1,,Mostrador,Nequi
5548,2026-09-12,10:44,1,C116,Mostrador,Tarjeta
5549,2026-09-12,15:18,1,,Mostrador,Efectivo
5550,2026-09-12,15:29,1,C124,Domicilio,Nequi
5551,2026-09-12,19:51,1,,Domicilio,Nequi
5552,2026-09-12,08:36,1,,Mostrador,Tarjeta
5553,2026-09-12,16:03,1,,Domicilio,Tarjeta
5554,2026-09-12,10:28,1,,Mostrador,Nequi
5555,2026-09-12,17:21,1,,Domicilio,Efectivo
5556,2026-09-12,13:45,1,,Domicilio,Efectivo
5557,2026-09-12,11:38,1,C216,Mostrador,Tarjeta
5558,2026-09-12,10:50,1,,Mostrador,Tarjeta
5559,2026-09-12,15:34,1,C113,Mostrador,Efectivo
5560,2026-09-12,16:40,1,,Mostrador,Nequi
5561,2026-09-12,09:36,1,C030,Mostrador,Nequi
5562,2026-09-12,09:42,1,,Mostrador,Tarjeta
5563,2026-09-12,07:24,1,C085,Mostrador,Nequi
5564,2026-09-12,14:51,1,,Mostrador,Tarjeta
5565,2026-09-12,10:08,1,C248,Domicilio,Efectivo
5566,2026-09-12,10:14,1,,Mostrador,Efectivo
5567,2026-09-12,15:12,1,,Domicilio,Nequi
5568,2026-09-12,18:18,1,C280,Mostrador,Nequi
5569,2026-09-12,10:51,1,,Domicilio,Nequi
5570,2026-09-12,10:28,1,,Mostrador,Tarjeta
5571,2026-09-12,20:34,1,,Mostrador,Tarjeta
5572,2026-09-12,17:44,1,C030,Mostrador,Efectivo
5573,2026-09-12,08:32,1,,Mostrador,Nequi
5574,2026-09-12,08:03,1,,Domicilio,Tarjeta
5575,2026-09-12,10:08,1,C179,Domicilio,Tarjeta
5576,2026-09-12,06:51,1,,Mostrador,Tarjeta
5577,2026-09-12,10:05,1,C041,Mostrador,Tarjeta
5578,2026-09-12,09:40,1,,Mostrador,Tarjeta
5579,2026-09-12,08:56,1,C280,Mostrador,Efectivo
5580,2026-09-12,16:20,1,,Mostrador,Tarjeta
5581,2026-09-12,13:49,1,C050,Domicilio,Tarjeta
5582,2026-09-12,18:43,1,C050,Mostrador,Efectivo
5583,2026-09-12,12:26,1,,Mostrador,Efectivo
5584,2026-09-12,06:52,1,,Mostrador,Tarjeta
5585,2026-09-12,09:08,1,,Domicilio,Nequi
5586,2026-09-12,18:48,1,,Mostrador,Nequi
5587,2026-09-12,18:08,1,,Mostrador,Nequi
5588,2026-09-12,08:10,1,C232,Mostrador,Efectivo
5589,2026-09-12,08:11,1,C151,Mostrador,Nequi
5590,2026-09-12,18:40,1,,Domicilio,Tarjeta
5591,2026-09-12,08:48,1,C171,Domicilio,Nequi
5592,2026-09-12,09:59,1,,Domicilio,Tarjeta
5593,2026-09-12,08:12,1,C067,Domicilio,Tarjeta
5594,2026-09-12,15:18,1,,Domicilio,Tarjeta
5595,2026-09-12,16:47,1,C227,Mostrador,Tarjeta
5596,2026-09-12,17:49,1,,Domicilio,Nequi
5597,2026-09-12,16:02,1,C280,Mostrador,Tarjeta
5598,2026-09-12,09:48,1,,Mostrador,Tarjeta
5599,2026-09-12,16:03,1,C009,Domicilio,Efectivo
5600,2026-09-12,19:50,1,,Mostrador,Nequi
5601,2026-09-12,13:13,1,C189,Mostrador,Nequi
5602,2026-09-12,07:30,1,C027,Domicilio,Tarjeta
5603,2026-09-12,16:10,1,,Domicilio,Efectivo
5604,2026-09-12,10:47,1,,Mostrador,Efectivo
5605,2026-09-12,08:34,2,,Domicilio,Nequi
5606,2026-09-12,11:35,2,C049,Mostrador,Tarjeta
5607,2026-09-12,07:09,2,,Mostrador,Efectivo
5608,2026-09-12,10:42,2,C003,Mostrador,Efectivo
5609,2026-09-12,16:39,2,,Domicilio,Nequi
5610,2026-09-12,09:54,2,C251,Domicilio,Nequi
5611,2026-09-12,10:33,2,,Domicilio,Nequi
5612,2026-09-12,09:15,2,,Mostrador,Tarjeta
5613,2026-09-12,08:10,2,C207,Domicilio,Efectivo
5614,2026-09-12,13:19,2,,Mostrador,Nequi
5615,2026-09-12,11:54,2,C210,Mostrador,Efectivo
5616,2026-09-12,09:52,2,C167,Mostrador,Efectivo
5617,2026-09-12,10:23,2,C174,Mostrador,Efectivo
5618,2026-09-12,19:43,2,,Mostrador,Nequi
5619,2026-09-12,10:25,2,,Mostrador,Efectivo
5620,2026-09-12,10:20,2,,Domicilio,Tarjeta
5621,2026-09-12,11:06,2,C124,Mostrador,Nequi
5622,2026-09-12,08:39,2,C284,Domicilio,Nequi
5623,2026-09-12,09:16,2,C179,Domicilio,Tarjeta
5624,2026-09-12,17:03,2,C093,Mostrador,Nequi
5625,2026-09-12,12:00,2,,Mostrador,Efectivo
5626,2026-09-12,11:06,2,C300,Mostrador,Nequi
5627,2026-09-12,08:31,2,,Mostrador,Tarjeta
5628,2026-09-12,15:20,2,,Domicilio,Nequi
5629,2026-09-12,14:55,2,,Mostrador,Efectivo
5630,2026-09-12,14:19,2,,Domicilio,Tarjeta
5631,2026-09-12,13:08,2,,Domicilio,Nequi
5632,2026-09-12,08:43,2,,Mostrador,Tarjeta
5633,2026-09-12,15:59,2,,Domicilio,Efectivo
5634,2026-09-12,08:15,2,,Domicilio,Tarjeta
5635,2026-09-12,12:17,2,C172,Mostrador,Nequi
5636,2026-09-12,10:28,2,C224,Mostrador,Efectivo
5637,2026-09-12,10:05,2,C065,Domicilio,Nequi
5638,2026-09-12,08:06,2,,Mostrador,Nequi
5639,2026-09-12,15:05,2,,Domicilio,Efectivo
5640,2026-09-12,10:08,2,C294,Domicilio,Efectivo
5641,2026-09-12,16:25,2,C250,Domicilio,Tarjeta
5642,2026-09-12,09:05,2,C274,Mostrador,Efectivo
5643,2026-09-12,06:40,2,,Mostrador,Efectivo
5644,2026-09-12,09:15,2,,Domicilio,Tarjeta
5645,2026-09-12,11:58,2,,Mostrador,Nequi
5646,2026-09-12,06:48,2,C148,Mostrador,Efectivo
5647,2026-09-12,17:30,2,C296,Domicilio,Tarjeta
5648,2026-09-12,10:37,2,,Mostrador,Nequi
5649,2026-09-12,07:19,2,,Mostrador,Nequi
5650,2026-09-12,13:07,2,,Mostrador,Nequi
5651,2026-09-12,08:55,2,C016,Mostrador,Nequi
5652,2026-09-12,07:14,2,C216,Mostrador,Tarjeta
5653,2026-09-12,07:29,2,,Mostrador,Nequi
5654,2026-09-12,10:37,2,C109,Mostrador,Efectivo
5655,2026-09-13,10:14,1,C262,Mostrador,Efectivo
5656,2026-09-13,09:46,1,,Mostrador,Efectivo
5657,2026-09-13,14:28,1,,Mostrador,Nequi
5658,2026-09-13,11:13,1,,Domicilio,Nequi
5659,2026-09-13,09:27,1,C228,Mostrador,Tarjeta
5660,2026-09-13,14:10,1,C202,Mostrador,Nequi
5661,2026-09-13,12:47,1,C095,Domicilio,Nequi
5662,2026-09-13,17:08,1,C055,Mostrador,Efectivo
5663,2026-09-13,08:38,1,C222,Mostrador,Nequi
5664,2026-09-13,10:58,1,,Mostrador,Tarjeta
5665,2026-09-13,17:19,1,C225,Mostrador,Efectivo
5666,2026-09-13,10:48,1,,Mostrador,Tarjeta
5667,2026-09-13,12:30,1,,Mostrador,Tarjeta
5668,2026-09-13,18:40,1,,Mostrador,Nequi
5669,2026-09-13,16:01,1,C007,Domicilio,Efectivo
5670,2026-09-13,09:26,1,,Mostrador,Nequi
5671,2026-09-13,11:49,1,,Mostrador,Nequi
5672,2026-09-13,09:21,1,C202,Mostrador,Efectivo
5673,2026-09-13,14:14,1,C004,Mostrador,Nequi
5674,2026-09-13,10:40,1,,Mostrador,Nequi
5675,2026-09-13,07:57,1,C300,Mostrador,Nequi
5676,2026-09-13,17:05,1,C175,Mostrador,Efectivo
5677,2026-09-13,20:16,1,,Mostrador,Tarjeta
5678,2026-09-13,15:29,1,,Domicilio,Nequi
5679,2026-09-13,16:13,1,C157,Mostrador,Nequi
5680,2026-09-13,07:44,1,,Mostrador,Tarjeta
5681,2026-09-13,13:21,1,C214,Mostrador,Nequi
5682,2026-09-13,16:16,1,,Mostrador,Efectivo
5683,2026-09-13,07:51,1,,Mostrador,Efectivo
5684,2026-09-13,16:59,1,,Mostrador,Nequi
5685,2026-09-13,09:52,1,C086,Mostrador,Tarjeta
5686,2026-09-13,10:50,1,,Mostrador,Tarjeta
5687,2026-09-13,17:37,1,,Domicilio,Tarjeta
5688,2026-09-13,19:27,1,,Mostrador,Tarjeta
5689,2026-09-13,16:42,1,C097,Mostrador,Efectivo
5690,2026-09-13,16:45,1,,Mostrador,Nequi
5691,2026-09-13,15:13,1,C112,Mostrador,Nequi
5692,2026-09-13,14:22,1,C204,Mostrador,Tarjeta
5693,2026-09-13,15:31,1,C109,Mostrador,Nequi
5694,2026-09-13,08:24,1,,Mostrador,Nequi
5695,2026-09-13,07:34,1,,Mostrador,Nequi
5696,2026-09-13,07:00,1,,Mostrador,Efectivo
5697,2026-09-13,10:54,1,,Mostrador,Tarjeta
5698,2026-09-13,16:10,1,,Mostrador,Nequi
5699,2026-09-13,10:57,1,,Mostrador,Efectivo
5700,2026-09-13,13:28,1,,Mostrador,Nequi
5701,2026-09-13,16:54,1,,Mostrador,Efectivo
5702,2026-09-13,07:02,1,,Mostrador,Tarjeta
5703,2026-09-13,08:03,1,,Mostrador,Tarjeta
5704,2026-09-13,06:46,1,,Mostrador,Nequi
5705,2026-09-13,11:06,1,C295,Domicilio,Efectivo
5706,2026-09-13,12:12,1,C253,Mostrador,Tarjeta
5707,2026-09-13,10:02,1,,Mostrador,Nequi
5708,2026-09-13,06:19,1,C082,Domicilio,Nequi
5709,2026-09-13,19:40,1,,Mostrador,Nequi
5710,2026-09-13,16:31,1,,Mostrador,Efectivo
5711,2026-09-13,08:32,1,,Mostrador,Nequi
5712,2026-09-13,16:45,1,C280,Mostrador,Tarjeta
5713,2026-09-13,07:46,1,,Mostrador,Tarjeta
5714,2026-09-13,06:31,1,C185,Mostrador,Efectivo
5715,2026-09-13,16:27,1,,Mostrador,Efectivo
5716,2026-09-13,07:19,1,,Mostrador,Efectivo
5717,2026-09-13,08:24,1,,Mostrador,Tarjeta
5718,2026-09-13,14:29,1,C081,Mostrador,Tarjeta
5719,2026-09-13,12:38,1,C188,Domicilio,Efectivo
5720,2026-09-13,09:06,1,C090,Domicilio,Tarjeta
5721,2026-09-13,09:51,1,,Mostrador,Nequi
5722,2026-09-13,17:46,1,C024,Mostrador,Tarjeta
5723,2026-09-13,08:42,1,,Mostrador,Efectivo
5724,2026-09-13,07:58,1,,Mostrador,Efectivo
5725,2026-09-13,07:01,1,,Mostrador,Nequi
5726,2026-09-13,11:24,1,C183,Mostrador,Efectivo
5727,2026-09-13,18:59,1,,Mostrador,Nequi
5728,2026-09-13,09:57,1,,Mostrador,Efectivo
5729,2026-09-13,16:31,1,C279,Domicilio,Efectivo
5730,2026-09-13,11:36,1,C026,Mostrador,Tarjeta
5731,2026-09-13,10:42,1,,Mostrador,Efectivo
5732,2026-09-13,17:12,1,,Domicilio,Efectivo
5733,2026-09-13,10:42,1,,Mostrador,Nequi
5734,2026-09-13,10:07,1,,Mostrador,Tarjeta
5735,2026-09-13,12:55,1,,Mostrador,Efectivo
5736,2026-09-13,09:50,1,,Mostrador,Efectivo
5737,2026-09-13,18:06,1,,Mostrador,Efectivo
5738,2026-09-13,08:32,1,C189,Mostrador,Efectivo
5739,2026-09-13,09:24,1,C231,Mostrador,Efectivo
5740,2026-09-13,16:05,1,C099,Mostrador,Efectivo
5741,2026-09-13,09:10,1,,Mostrador,Efectivo
5742,2026-09-13,15:55,1,,Domicilio,Efectivo
5743,2026-09-13,13:58,1,,Domicilio,Efectivo
5744,2026-09-13,14:07,1,,Mostrador,Nequi
5745,2026-09-13,16:45,1,,Domicilio,Efectivo
5746,2026-09-13,09:07,2,,Mostrador,Nequi
5747,2026-09-13,09:12,2,,Mostrador,Nequi
5748,2026-09-13,16:25,2,,Mostrador,Nequi
5749,2026-09-13,10:31,2,,Mostrador,Nequi
5750,2026-09-13,07:48,2,C140,Mostrador,Tarjeta
5751,2026-09-13,11:07,2,C269,Domicilio,Efectivo
5752,2026-09-13,09:06,2,C058,Mostrador,Efectivo
5753,2026-09-13,11:11,2,,Mostrador,Nequi
5754,2026-09-13,14:52,2,C264,Mostrador,Efectivo
5755,2026-09-13,16:43,2,,Mostrador,Nequi
5756,2026-09-13,17:37,2,,Mostrador,Efectivo
5757,2026-09-13,06:18,2,,Mostrador,Efectivo
5758,2026-09-13,13:31,2,,Mostrador,Nequi
5759,2026-09-13,08:28,2,,Domicilio,Efectivo
5760,2026-09-13,13:23,2,C208,Mostrador,Nequi
5761,2026-09-13,15:33,2,,Mostrador,Tarjeta
5762,2026-09-13,11:55,2,,Domicilio,Nequi
5763,2026-09-13,18:38,2,,Mostrador,Nequi
5764,2026-09-13,09:01,2,C129,Domicilio,Nequi
5765,2026-09-13,09:33,2,C078,Mostrador,Nequi
5766,2026-09-13,09:43,2,,Mostrador,Tarjeta
5767,2026-09-13,13:47,2,C183,Mostrador,Nequi
5768,2026-09-13,07:54,2,C014,Mostrador,Tarjeta
5769,2026-09-13,07:39,2,,Mostrador,Tarjeta
5770,2026-09-13,08:12,2,,Domicilio,Tarjeta
5771,2026-09-13,08:34,2,C188,Mostrador,Efectivo
5772,2026-09-13,10:53,2,C151,Mostrador,Efectivo
5773,2026-09-13,07:47,2,,Mostrador,Efectivo
5774,2026-09-13,16:35,2,C223,Mostrador,Tarjeta
5775,2026-09-13,15:29,2,,Domicilio,Nequi
5776,2026-09-13,17:56,2,,Mostrador,Efectivo
5777,2026-09-13,09:04,2,,Mostrador,Efectivo
5778,2026-09-13,16:37,2,,Domicilio,Efectivo
5779,2026-09-13,14:27,2,,Mostrador,Tarjeta
5780,2026-09-13,09:38,2,C122,Domicilio,Nequi
5781,2026-09-13,16:12,2,C166,Mostrador,Nequi
5782,2026-09-13,16:03,2,,Mostrador,Nequi
5783,2026-09-13,09:08,2,,Mostrador,Tarjeta
5784,2026-09-13,19:18,2,C300,Mostrador,Nequi
5785,2026-09-13,09:05,2,,Mostrador,Tarjeta
5786,2026-09-13,09:24,2,C203,Mostrador,Nequi
5787,2026-09-13,06:25,2,C294,Mostrador,Efectivo
5788,2026-09-13,11:16,2,C091,Domicilio,Tarjeta
5789,2026-09-13,18:08,2,,Mostrador,Tarjeta
5790,2026-09-13,16:02,2,,Mostrador,Nequi
5791,2026-09-13,09:20,2,,Mostrador,Efectivo
5792,2026-09-13,09:45,2,,Mostrador,Nequi
5793,2026-09-13,10:09,2,,Mostrador,Efectivo
5794,2026-09-13,13:41,2,,Mostrador,Nequi
5795,2026-09-13,16:44,2,C279,Domicilio,Efectivo
5796,2026-09-13,16:23,2,,Domicilio,Efectivo
5797,2026-09-13,09:07,2,,Mostrador,Nequi
5798,2026-09-13,16:12,2,C059,Mostrador,Efectivo
5799,2026-09-13,13:18,2,,Domicilio,Tarjeta
5800,2026-09-13,09:39,2,C197,Mostrador,Nequi
5801,2026-09-13,10:06,2,,Mostrador,Tarjeta
5802,2026-09-13,15:23,2,,Mostrador,Tarjeta
5803,2026-09-13,14:34,2,,Mostrador,Efectivo
5804,2026-09-13,08:38,2,,Mostrador,Efectivo
5805,2026-09-13,13:32,2,,Domicilio,Nequi
5806,2026-09-13,19:21,2,C017,Mostrador,Nequi
5807,2026-09-13,07:02,2,,Mostrador,Nequi
5808,2026-09-13,09:56,2,,Domicilio,Tarjeta
5809,2026-09-13,07:13,2,,Mostrador,Nequi
5810,2026-09-14,08:36,1,,Domicilio,Efectivo
5811,2026-09-14,10:53,1,,Mostrador,Nequi
5812,2026-09-14,07:38,1,,Mostrador,Nequi
5813,2026-09-14,08:45,1,C166,Mostrador,Tarjeta
5814,2026-09-14,16:41,1,,Mostrador,Nequi
5815,2026-09-14,09:11,1,C056,Domicilio,Nequi
5816,2026-09-14,07:44,1,C170,Domicilio,Efectivo
5817,2026-09-14,12:48,1,C042,Mostrador,Nequi
5818,2026-09-14,08:36,1,C262,Mostrador,Nequi
5819,2026-09-14,11:06,1,,Mostrador,Nequi
5820,2026-09-14,15:39,1,C291,Mostrador,Efectivo
5821,2026-09-14,09:52,1,,Mostrador,Efectivo
5822,2026-09-14,09:16,1,C230,Mostrador,Efectivo
5823,2026-09-14,10:24,1,,Mostrador,Tarjeta
5824,2026-09-14,17:49,1,C291,Domicilio,Efectivo
5825,2026-09-14,07:04,1,C115,Mostrador,Efectivo
5826,2026-09-14,10:10,1,,Mostrador,Efectivo
5827,2026-09-14,14:24,1,,Domicilio,Tarjeta
5828,2026-09-14,14:53,1,,Mostrador,Nequi
5829,2026-09-14,17:57,1,,Mostrador,Efectivo
5830,2026-09-14,17:53,1,,Domicilio,Nequi
5831,2026-09-14,14:34,1,C244,Mostrador,Tarjeta
5832,2026-09-14,13:33,1,C163,Mostrador,Nequi
5833,2026-09-14,07:03,1,,Mostrador,Nequi
5834,2026-09-14,15:45,1,,Mostrador,Efectivo
5835,2026-09-14,11:14,1,C151,Domicilio,Nequi
5836,2026-09-14,12:15,1,,Domicilio,Efectivo
5837,2026-09-14,19:26,1,C229,Mostrador,Nequi
5838,2026-09-14,19:43,1,C230,Domicilio,Efectivo
5839,2026-09-14,08:06,1,C131,Mostrador,Efectivo
5840,2026-09-14,13:48,1,C279,Mostrador,Nequi
5841,2026-09-14,08:35,1,C256,Mostrador,Tarjeta
5842,2026-09-14,14:50,1,,Mostrador,Nequi
5843,2026-09-14,13:17,1,,Mostrador,Efectivo
5844,2026-09-14,15:39,1,,Mostrador,Nequi
5845,2026-09-14,19:48,1,,Mostrador,Tarjeta
5846,2026-09-14,13:47,1,C069,Mostrador,Efectivo
5847,2026-09-14,08:34,1,,Mostrador,Nequi
5848,2026-09-14,09:13,1,,Mostrador,Efectivo
5849,2026-09-14,09:09,1,,Mostrador,Tarjeta
5850,2026-09-14,09:42,1,,Mostrador,Nequi
5851,2026-09-14,07:16,1,C051,Mostrador,Efectivo
5852,2026-09-14,07:17,1,,Mostrador,Nequi
5853,2026-09-14,09:39,1,C041,Mostrador,Nequi
5854,2026-09-14,15:00,1,C136,Domicilio,Tarjeta
5855,2026-09-14,08:46,1,,Mostrador,Efectivo
5856,2026-09-14,16:21,1,,Mostrador,Nequi
5857,2026-09-14,16:52,1,C202,Mostrador,Tarjeta
5858,2026-09-14,11:41,1,C004,Mostrador,Tarjeta
5859,2026-09-14,17:38,1,,Domicilio,Nequi
5860,2026-09-14,07:02,1,C194,Domicilio,Efectivo
5861,2026-09-14,08:18,1,C242,Mostrador,Efectivo
5862,2026-09-14,10:38,1,C299,Mostrador,Efectivo
5863,2026-09-14,12:46,1,C100,Domicilio,Nequi
5864,2026-09-14,20:41,1,,Mostrador,Nequi
5865,2026-09-14,08:29,1,C264,Domicilio,Nequi
5866,2026-09-14,19:31,1,C159,Mostrador,Tarjeta
5867,2026-09-14,07:36,1,,Mostrador,Nequi
5868,2026-09-14,16:51,1,C097,Mostrador,Nequi
5869,2026-09-14,10:10,1,,Mostrador,Nequi
5870,2026-09-14,16:16,1,,Mostrador,Efectivo
5871,2026-09-14,19:37,1,C186,Mostrador,Efectivo
5872,2026-09-14,09:43,1,,Mostrador,Nequi
5873,2026-09-14,08:07,1,,Mostrador,Efectivo
5874,2026-09-14,10:22,1,C155,Mostrador,Efectivo
5875,2026-09-14,15:00,1,C004,Mostrador,Efectivo
5876,2026-09-14,08:24,1,,Domicilio,Tarjeta
5877,2026-09-14,11:31,1,,Mostrador,Tarjeta
5878,2026-09-14,10:56,1,,Domicilio,Tarjeta
5879,2026-09-14,14:09,1,,Mostrador,Efectivo
5880,2026-09-14,19:15,1,C276,Mostrador,Efectivo
5881,2026-09-14,09:02,1,C221,Mostrador,Nequi
5882,2026-09-14,17:21,1,C073,Mostrador,Nequi
5883,2026-09-14,18:08,1,C259,Mostrador,Tarjeta
5884,2026-09-14,11:10,1,C036,Domicilio,Efectivo
5885,2026-09-14,18:06,1,,Domicilio,Tarjeta
5886,2026-09-14,08:35,1,C081,Mostrador,Nequi
5887,2026-09-14,12:26,1,,Mostrador,Efectivo
5888,2026-09-14,11:02,1,C017,Mostrador,Nequi
5889,2026-09-14,08:04,1,,Mostrador,Efectivo
5890,2026-09-14,16:49,2,,Mostrador,Nequi
5891,2026-09-14,16:05,2,C112,Mostrador,Tarjeta
5892,2026-09-14,09:39,2,,Domicilio,Nequi
5893,2026-09-14,09:30,2,C286,Mostrador,Efectivo
5894,2026-09-14,11:40,2,C135,Mostrador,Efectivo
5895,2026-09-14,13:39,2,,Mostrador,Efectivo
5896,2026-09-14,17:23,2,,Mostrador,Tarjeta
5897,2026-09-14,13:37,2,,Mostrador,Efectivo
5898,2026-09-14,14:58,2,C150,Mostrador,Tarjeta
5899,2026-09-14,16:20,2,,Mostrador,Tarjeta
5900,2026-09-14,09:24,2,C065,Mostrador,Tarjeta
5901,2026-09-14,08:53,2,,Mostrador,Tarjeta
5902,2026-09-14,14:51,2,C190,Mostrador,Tarjeta
5903,2026-09-14,06:04,2,,Mostrador,Nequi
5904,2026-09-14,19:23,2,,Domicilio,Efectivo
5905,2026-09-14,08:05,2,C234,Mostrador,Nequi
5906,2026-09-14,17:17,2,,Domicilio,Nequi
5907,2026-09-14,08:31,2,,Mostrador,Efectivo
5908,2026-09-14,19:23,2,,Mostrador,Efectivo
5909,2026-09-14,09:52,2,C263,Mostrador,Efectivo
5910,2026-09-14,16:15,2,,Domicilio,Efectivo
5911,2026-09-14,10:19,2,,Domicilio,Efectivo
5912,2026-09-14,09:47,2,C093,Mostrador,Nequi
5913,2026-09-14,08:37,2,,Mostrador,Nequi
5914,2026-09-14,16:25,2,C172,Mostrador,Tarjeta
5915,2026-09-14,11:04,2,C116,Domicilio,Nequi
5916,2026-09-14,18:31,2,,Mostrador,Tarjeta
5917,2026-09-14,08:57,2,C223,Mostrador,Tarjeta
5918,2026-09-14,07:57,2,,Mostrador,Efectivo
5919,2026-09-14,11:02,2,,Mostrador,Efectivo
5920,2026-09-14,08:10,2,,Mostrador,Efectivo
5921,2026-09-14,09:53,2,C025,Domicilio,Efectivo
5922,2026-09-14,07:19,2,,Mostrador,Efectivo
5923,2026-09-14,08:43,2,,Mostrador,Efectivo
5924,2026-09-14,13:49,2,,Mostrador,Nequi
5925,2026-09-14,18:32,2,,Domicilio,Nequi
5926,2026-09-14,07:59,2,,Mostrador,Efectivo
5927,2026-09-14,07:36,2,,Mostrador,Nequi
5928,2026-09-14,17:39,2,,Mostrador,Nequi
5929,2026-09-14,08:34,2,,Mostrador,Efectivo
5930,2026-09-14,18:47,2,C270,Domicilio,Nequi
5931,2026-09-14,16:46,2,,Domicilio,Nequi
5932,2026-09-14,15:01,2,C256,Mostrador,Tarjeta
5933,2026-09-14,09:24,2,,Domicilio,Efectivo
5934,2026-09-14,11:49,2,C275,Mostrador,Nequi
5935,2026-09-14,06:33,2,C071,Domicilio,Tarjeta
5936,2026-09-14,08:51,2,,Mostrador,Nequi
5937,2026-09-14,17:09,2,C034,Mostrador,Efectivo
5938,2026-09-14,19:50,2,,Mostrador,Nequi
5939,2026-09-14,15:22,2,,Mostrador,Efectivo
5940,2026-09-14,09:48,2,,Mostrador,Nequi
5941,2026-09-14,20:02,2,,Mostrador,Nequi
5942,2026-09-14,07:57,2,C161,Mostrador,Efectivo
5943,2026-09-14,10:29,2,,Mostrador,Efectivo
5944,2026-09-14,15:27,2,C149,Mostrador,Tarjeta
5945,2026-09-14,14:08,2,,Mostrador,Tarjeta
5946,2026-09-14,16:58,2,C217,Mostrador,Nequi
5947,2026-09-14,09:56,2,,Mostrador,Efectivo
5948,2026-09-14,16:59,2,,Mostrador,Efectivo
5949,2026-09-15,08:47,1,,Mostrador,Efectivo
5950,2026-09-15,20:37,1,,Mostrador,Nequi
5951,2026-09-15,17:50,1,C173,Domicilio,Tarjeta
5952,2026-09-15,16:55,1,C191,Mostrador,Nequi
5953,2026-09-15,10:33,1,C298,Domicilio,Tarjeta
5954,2026-09-15,06:01,1,,Mostrador,Efectivo
5955,2026-09-15,09:35,1,C263,Mostrador,Efectivo
5956,2026-09-15,08:07,1,,Mostrador,Nequi
5957,2026-09-15,09:49,1,,Mostrador,Nequi
5958,2026-09-15,09:59,1,,Domicilio,Efectivo
5959,2026-09-15,09:02,1,,Mostrador,Nequi
5960,2026-09-15,15:00,1,C126,Domicilio,Nequi
5961,2026-09-15,08:16,1,C084,Mostrador,Nequi
5962,2026-09-15,09:45,1,,Mostrador,Nequi
5963,2026-09-15,14:58,1,,Mostrador,Efectivo
5964,2026-09-15,11:18,1,C283,Mostrador,Tarjeta
5965,2026-09-15,17:13,1,C019,Mostrador,Nequi
5966,2026-09-15,14:16,1,,Domicilio,Efectivo
5967,2026-09-15,11:29,1,,Domicilio,Tarjeta
5968,2026-09-15,10:46,1,C007,Mostrador,Nequi
5969,2026-09-15,16:14,1,,Mostrador,Nequi
5970,2026-09-15,07:10,1,C110,Mostrador,Efectivo
5971,2026-09-15,16:43,1,C129,Mostrador,Efectivo
5972,2026-09-15,17:20,1,,Domicilio,Efectivo
5973,2026-09-15,16:13,1,,Domicilio,Tarjeta
5974,2026-09-15,07:36,1,,Mostrador,Nequi
5975,2026-09-15,13:58,1,,Mostrador,Efectivo
5976,2026-09-15,07:52,1,C097,Mostrador,Nequi
5977,2026-09-15,15:06,1,C248,Mostrador,Nequi
5978,2026-09-15,07:46,1,C296,Domicilio,Efectivo
5979,2026-09-15,09:20,1,,Mostrador,Efectivo
5980,2026-09-15,20:42,1,,Mostrador,Tarjeta
5981,2026-09-15,10:03,1,,Mostrador,Tarjeta
5982,2026-09-15,08:32,1,,Mostrador,Efectivo
5983,2026-09-15,11:28,1,,Domicilio,Tarjeta
5984,2026-09-15,09:46,1,,Mostrador,Nequi
5985,2026-09-15,20:03,1,,Mostrador,Nequi
5986,2026-09-15,08:04,1,,Domicilio,Nequi
5987,2026-09-15,10:41,1,,Domicilio,Nequi
5988,2026-09-15,08:09,1,C085,Domicilio,Nequi
5989,2026-09-15,08:45,1,C042,Domicilio,Tarjeta
5990,2026-09-15,18:42,1,,Mostrador,Nequi
5991,2026-09-15,09:21,1,,Mostrador,Tarjeta
5992,2026-09-15,12:05,1,,Mostrador,Nequi
5993,2026-09-15,11:24,1,,Domicilio,Tarjeta
5994,2026-09-15,08:04,1,,Mostrador,Nequi
5995,2026-09-15,08:38,1,C022,Mostrador,Nequi
5996,2026-09-15,18:16,1,,Mostrador,Tarjeta
5997,2026-09-15,07:10,1,C272,Mostrador,Nequi
5998,2026-09-15,17:05,1,C222,Mostrador,Nequi
5999,2026-09-15,15:26,1,C291,Mostrador,Nequi
6000,2026-09-15,07:56,1,,Mostrador,Efectivo
6001,2026-09-15,17:10,2,,Mostrador,Efectivo
6002,2026-09-15,19:53,2,,Mostrador,Tarjeta
6003,2026-09-15,06:29,2,C212,Mostrador,Efectivo
6004,2026-09-15,12:35,2,C248,Mostrador,Tarjeta
6005,2026-09-15,11:26,2,C121,Mostrador,Efectivo
6006,2026-09-15,10:58,2,C155,Mostrador,Tarjeta
6007,2026-09-15,11:02,2,,Domicilio,Nequi
6008,2026-09-15,16:09,2,C237,Domicilio,Efectivo
6009,2026-09-15,08:38,2,C289,Domicilio,Efectivo
6010,2026-09-15,12:38,2,,Mostrador,Tarjeta
6011,2026-09-15,09:31,2,C255,Mostrador,Efectivo
6012,2026-09-15,09:27,2,,Mostrador,Tarjeta
6013,2026-09-15,08:03,2,C245,Mostrador,Tarjeta
6014,2026-09-15,12:40,2,,Domicilio,Tarjeta
6015,2026-09-15,10:33,2,,Mostrador,Efectivo
6016,2026-09-15,08:14,2,,Domicilio,Efectivo
6017,2026-09-15,12:06,2,C077,Domicilio,Nequi
6018,2026-09-15,12:56,2,C291,Mostrador,Tarjeta
6019,2026-09-15,07:17,2,C255,Domicilio,Tarjeta
6020,2026-09-15,19:06,2,,Domicilio,Nequi
6021,2026-09-15,14:46,2,C239,Mostrador,Tarjeta
6022,2026-09-15,17:54,2,C079,Domicilio,Efectivo
6023,2026-09-15,07:41,2,C050,Mostrador,Efectivo
6024,2026-09-15,10:15,2,C266,Mostrador,Efectivo
6025,2026-09-15,10:59,2,,Mostrador,Efectivo
6026,2026-09-15,08:35,2,C261,Mostrador,Nequi
6027,2026-09-15,08:59,2,,Mostrador,Efectivo
6028,2026-09-15,08:27,2,,Mostrador,Tarjeta
6029,2026-09-15,19:13,2,,Mostrador,Nequi
6030,2026-09-15,07:19,2,,Domicilio,Tarjeta
6031,2026-09-15,14:55,2,,Mostrador,Efectivo
6032,2026-09-15,07:51,2,,Domicilio,Efectivo
6033,2026-09-15,14:41,2,C091,Mostrador,Nequi
6034,2026-09-15,12:18,2,C003,Domicilio,Nequi
6035,2026-09-15,12:18,2,,Mostrador,Tarjeta
6036,2026-09-15,13:18,2,,Mostrador,Tarjeta
6037,2026-09-15,16:18,2,C232,Mostrador,Nequi
6038,2026-09-15,11:14,2,,Domicilio,Efectivo
6039,2026-09-15,18:46,2,,Domicilio,Tarjeta
6040,2026-09-15,11:28,2,,Mostrador,Tarjeta
6041,2026-09-15,09:20,2,C011,Mostrador,Tarjeta
6042,2026-09-15,08:30,2,,Mostrador,Tarjeta
6043,2026-09-15,09:24,2,C244,Mostrador,Efectivo
6044,2026-09-15,15:53,2,C033,Mostrador,Tarjeta
6045,2026-09-15,16:04,2,C203,Mostrador,Nequi
6046,2026-09-15,14:28,2,,Mostrador,Efectivo
6047,2026-09-16,16:35,1,,Domicilio,Tarjeta
6048,2026-09-16,09:07,1,C043,Mostrador,Nequi
6049,2026-09-16,16:30,1,C205,Mostrador,Tarjeta
6050,2026-09-16,10:41,1,C004,Mostrador,Nequi
6051,2026-09-16,10:16,1,,Mostrador,Nequi
6052,2026-09-16,09:43,1,,Mostrador,Nequi
6053,2026-09-16,09:03,1,,Domicilio,Efectivo
6054,2026-09-16,09:43,1,C151,Mostrador,Tarjeta
6055,2026-09-16,07:14,1,C141,Domicilio,Nequi
6056,2026-09-16,10:57,1,C091,Mostrador,Efectivo
6057,2026-09-16,16:26,1,,Mostrador,Efectivo
6058,2026-09-16,06:32,1,C207,Mostrador,Efectivo
6059,2026-09-16,14:55,1,C269,Mostrador,Tarjeta
6060,2026-09-16,10:40,1,C157,Mostrador,Efectivo
6061,2026-09-16,08:11,1,,Mostrador,Efectivo
6062,2026-09-16,10:28,1,C075,Mostrador,Efectivo
6063,2026-09-16,08:52,1,,Mostrador,Efectivo
6064,2026-09-16,19:52,1,,Mostrador,Tarjeta
6065,2026-09-16,08:37,1,C069,Mostrador,Nequi
6066,2026-09-16,16:19,1,,Mostrador,Nequi
6067,2026-09-16,10:03,1,,Mostrador,Tarjeta
6068,2026-09-16,19:30,1,C172,Mostrador,Tarjeta
6069,2026-09-16,09:03,1,,Domicilio,Efectivo
6070,2026-09-16,06:48,1,,Mostrador,Efectivo
6071,2026-09-16,08:06,1,C209,Mostrador,Efectivo
6072,2026-09-16,08:17,1,C073,Mostrador,Tarjeta
6073,2026-09-16,07:50,1,,Mostrador,Nequi
6074,2026-09-16,07:35,1,,Mostrador,Tarjeta
6075,2026-09-16,15:23,1,,Mostrador,Efectivo
6076,2026-09-16,15:48,1,,Mostrador,Nequi
6077,2026-09-16,15:46,1,,Mostrador,Tarjeta
6078,2026-09-16,18:08,1,,Mostrador,Tarjeta
6079,2026-09-16,09:03,1,,Mostrador,Efectivo
6080,2026-09-16,16:30,1,C159,Mostrador,Efectivo
6081,2026-09-16,07:19,1,,Mostrador,Tarjeta
6082,2026-09-16,07:11,1,,Mostrador,Nequi
6083,2026-09-16,16:17,1,,Domicilio,Nequi
6084,2026-09-16,07:05,1,C233,Mostrador,Tarjeta
6085,2026-09-16,09:40,1,,Domicilio,Tarjeta
6086,2026-09-16,10:41,1,C147,Mostrador,Nequi
6087,2026-09-16,09:34,1,,Mostrador,Efectivo
6088,2026-09-16,09:22,1,,Mostrador,Efectivo
6089,2026-09-16,17:26,1,,Mostrador,Tarjeta
6090,2026-09-16,13:15,1,C014,Mostrador,Tarjeta
6091,2026-09-16,16:40,1,,Mostrador,Tarjeta
6092,2026-09-16,11:27,1,C047,Domicilio,Nequi
6093,2026-09-16,07:14,1,C027,Mostrador,Tarjeta
6094,2026-09-16,07:05,1,,Domicilio,Tarjeta
6095,2026-09-16,19:24,1,,Mostrador,Tarjeta
6096,2026-09-16,07:24,1,C076,Mostrador,Tarjeta
6097,2026-09-16,11:07,1,C235,Mostrador,Efectivo
6098,2026-09-16,06:12,1,,Mostrador,Nequi
6099,2026-09-16,08:00,1,C197,Mostrador,Efectivo
6100,2026-09-16,10:59,1,,Mostrador,Nequi
6101,2026-09-16,16:11,1,C015,Mostrador,Tarjeta
6102,2026-09-16,07:51,1,C275,Mostrador,Nequi
6103,2026-09-16,14:12,1,C164,Mostrador,Nequi
6104,2026-09-16,08:30,1,,Mostrador,Tarjeta
6105,2026-09-16,09:35,1,,Mostrador,Efectivo
6106,2026-09-16,06:33,1,C274,Mostrador,Tarjeta
6107,2026-09-16,17:28,1,,Mostrador,Tarjeta
6108,2026-09-16,09:58,1,,Mostrador,Nequi
6109,2026-09-16,12:02,1,C186,Mostrador,Nequi
6110,2026-09-16,08:58,1,C228,Mostrador,Efectivo
6111,2026-09-16,09:06,1,,Domicilio,Nequi
6112,2026-09-16,20:19,1,,Mostrador,Tarjeta
6113,2026-09-16,12:56,1,,Mostrador,Tarjeta
6114,2026-09-16,11:04,2,,Mostrador,Tarjeta
6115,2026-09-16,18:47,2,,Mostrador,Efectivo
6116,2026-09-16,15:49,2,,Domicilio,Efectivo
6117,2026-09-16,17:18,2,C024,Mostrador,Efectivo
6118,2026-09-16,16:47,2,,Mostrador,Efectivo
6119,2026-09-16,08:57,2,C224,Mostrador,Nequi
6120,2026-09-16,08:43,2,C140,Mostrador,Efectivo
6121,2026-09-16,16:39,2,C155,Mostrador,Nequi
6122,2026-09-16,10:56,2,,Mostrador,Efectivo
6123,2026-09-16,09:49,2,C140,Domicilio,Tarjeta
6124,2026-09-16,16:13,2,,Domicilio,Tarjeta
6125,2026-09-16,12:15,2,C048,Mostrador,Efectivo
6126,2026-09-16,15:55,2,,Mostrador,Tarjeta
6127,2026-09-16,11:56,2,,Mostrador,Tarjeta
6128,2026-09-16,14:29,2,C054,Mostrador,Tarjeta
6129,2026-09-16,09:23,2,,Domicilio,Tarjeta
6130,2026-09-16,12:26,2,,Mostrador,Tarjeta
6131,2026-09-16,15:40,2,C289,Domicilio,Nequi
6132,2026-09-16,16:18,2,,Domicilio,Nequi
6133,2026-09-16,14:08,2,,Mostrador,Tarjeta
6134,2026-09-16,08:21,2,,Mostrador,Nequi
6135,2026-09-16,09:24,2,C206,Mostrador,Efectivo
6136,2026-09-16,09:17,2,,Mostrador,Tarjeta
6137,2026-09-16,07:06,2,,Mostrador,Tarjeta
6138,2026-09-16,09:03,2,C177,Domicilio,Tarjeta
6139,2026-09-16,08:03,2,,Domicilio,Nequi
6140,2026-09-16,10:39,2,,Domicilio,Tarjeta
6141,2026-09-16,17:37,2,,Mostrador,Nequi
6142,2026-09-16,11:01,2,C023,Mostrador,Tarjeta
6143,2026-09-16,09:06,2,,Domicilio,Nequi
6144,2026-09-16,10:41,2,,Domicilio,Tarjeta
6145,2026-09-16,08:15,2,C209,Mostrador,Efectivo
6146,2026-09-16,16:34,2,C264,Domicilio,Tarjeta
6147,2026-09-16,11:41,2,C263,Mostrador,Tarjeta
6148,2026-09-16,17:13,2,C065,Mostrador,Efectivo
6149,2026-09-16,18:32,2,C026,Mostrador,Nequi
6150,2026-09-16,12:54,2,,Domicilio,Efectivo
6151,2026-09-16,20:49,2,C233,Mostrador,Efectivo
6152,2026-09-16,06:18,2,,Mostrador,Nequi
6153,2026-09-16,17:41,2,C289,Mostrador,Efectivo
6154,2026-09-16,08:43,2,C227,Mostrador,Tarjeta
6155,2026-09-16,16:43,2,,Mostrador,Efectivo
6156,2026-09-16,20:05,2,C111,Mostrador,Efectivo
6157,2026-09-16,09:08,2,,Mostrador,Efectivo
6158,2026-09-16,12:11,2,,Mostrador,Efectivo
6159,2026-09-16,18:20,2,,Domicilio,Efectivo
6160,2026-09-16,08:26,2,C279,Mostrador,Nequi
6161,2026-09-16,08:14,2,,Domicilio,Efectivo
6162,2026-09-16,18:30,2,,Mostrador,Nequi
6163,2026-09-16,17:31,2,,Mostrador,Tarjeta
6164,2026-09-16,08:57,2,C269,Mostrador,Tarjeta
6165,2026-09-17,08:38,1,C107,Mostrador,Efectivo
6166,2026-09-17,18:51,1,,Domicilio,Nequi
6167,2026-09-17,11:02,1,,Mostrador,Tarjeta
6168,2026-09-17,11:16,1,,Mostrador,Nequi
6169,2026-09-17,11:21,1,C252,Mostrador,Nequi
6170,2026-09-17,08:57,1,,Mostrador,Efectivo
6171,2026-09-17,08:34,1,,Mostrador,Efectivo
6172,2026-09-17,16:46,1,,Mostrador,Nequi
6173,2026-09-17,13:44,1,,Mostrador,Nequi
6174,2026-09-17,17:10,1,,Mostrador,Efectivo
6175,2026-09-17,09:41,1,,Domicilio,Tarjeta
6176,2026-09-17,11:36,1,,Domicilio,Efectivo
6177,2026-09-17,08:05,1,,Mostrador,Nequi
6178,2026-09-17,11:16,1,C237,Mostrador,Tarjeta
6179,2026-09-17,10:33,1,C136,Mostrador,Efectivo
6180,2026-09-17,16:50,1,,Domicilio,Nequi
6181,2026-09-17,06:46,1,,Mostrador,Nequi
6182,2026-09-17,20:19,1,C228,Mostrador,Nequi
6183,2026-09-17,11:46,1,,Domicilio,Efectivo
6184,2026-09-17,08:42,1,C271,Mostrador,Efectivo
6185,2026-09-17,11:12,1,C053,Mostrador,Tarjeta
6186,2026-09-17,16:27,1,C287,Domicilio,Nequi
6187,2026-09-17,09:54,1,C071,Mostrador,Efectivo
6188,2026-09-17,08:33,1,C269,Mostrador,Efectivo
6189,2026-09-17,07:40,1,,Mostrador,Efectivo
6190,2026-09-17,07:30,1,,Mostrador,Tarjeta
6191,2026-09-17,12:32,1,,Mostrador,Nequi
6192,2026-09-17,13:06,1,C057,Domicilio,Tarjeta
6193,2026-09-17,13:09,1,C157,Mostrador,Efectivo
6194,2026-09-17,11:14,1,,Mostrador,Tarjeta
6195,2026-09-17,10:21,1,,Mostrador,Nequi
6196,2026-09-17,16:30,1,,Domicilio,Efectivo
6197,2026-09-17,15:16,1,,Mostrador,Efectivo
6198,2026-09-17,07:42,1,,Mostrador,Nequi
6199,2026-09-17,12:14,1,C266,Mostrador,Nequi
6200,2026-09-17,09:16,1,C297,Mostrador,Tarjeta
6201,2026-09-17,08:08,1,,Mostrador,Nequi
6202,2026-09-17,09:11,1,C270,Mostrador,Nequi
6203,2026-09-17,09:34,1,,Mostrador,Nequi
6204,2026-09-17,16:50,1,,Mostrador,Efectivo
6205,2026-09-17,07:47,1,,Mostrador,Tarjeta
6206,2026-09-17,17:54,1,,Domicilio,Efectivo
6207,2026-09-17,12:54,1,C169,Mostrador,Efectivo
6208,2026-09-17,08:37,1,C013,Mostrador,Nequi
6209,2026-09-17,08:56,1,,Mostrador,Tarjeta
6210,2026-09-17,08:20,1,,Mostrador,Tarjeta
6211,2026-09-17,11:49,1,,Mostrador,Nequi
6212,2026-09-17,09:35,1,C221,Mostrador,Tarjeta
6213,2026-09-17,16:47,1,,Mostrador,Efectivo
6214,2026-09-17,16:15,1,,Domicilio,Efectivo
6215,2026-09-17,16:33,1,C211,Mostrador,Nequi
6216,2026-09-17,07:02,1,C239,Mostrador,Nequi
6217,2026-09-17,09:03,1,C250,Mostrador,Nequi
6218,2026-09-17,15:47,1,,Mostrador,Nequi
6219,2026-09-17,16:11,1,C086,Domicilio,Nequi
6220,2026-09-17,09:59,1,C161,Mostrador,Tarjeta
6221,2026-09-17,13:38,1,,Mostrador,Efectivo
6222,2026-09-17,15:33,1,,Mostrador,Nequi
6223,2026-09-17,08:36,1,C257,Mostrador,Tarjeta
6224,2026-09-17,07:27,1,,Mostrador,Nequi
6225,2026-09-17,07:28,1,C129,Mostrador,Nequi
6226,2026-09-17,13:52,1,,Domicilio,Efectivo
6227,2026-09-17,08:20,1,,Mostrador,Efectivo
6228,2026-09-17,08:34,1,C151,Mostrador,Efectivo
6229,2026-09-17,07:40,1,C007,Mostrador,Nequi
6230,2026-09-17,11:18,1,,Domicilio,Tarjeta
6231,2026-09-17,07:02,1,C064,Mostrador,Efectivo
6232,2026-09-17,14:33,1,,Mostrador,Nequi
6233,2026-09-17,16:51,1,,Mostrador,Tarjeta
6234,2026-09-17,09:06,1,C300,Mostrador,Tarjeta
6235,2026-09-17,08:24,1,,Mostrador,Tarjeta
6236,2026-09-17,07:55,1,C294,Mostrador,Tarjeta
6237,2026-09-17,10:39,1,,Mostrador,Efectivo
6238,2026-09-17,10:00,1,C096,Mostrador,Efectivo
6239,2026-09-17,08:13,1,C042,Mostrador,Efectivo
6240,2026-09-17,06:08,1,,Mostrador,Nequi
6241,2026-09-17,16:53,1,,Mostrador,Efectivo
6242,2026-09-17,07:23,1,,Mostrador,Tarjeta
6243,2026-09-17,14:04,2,,Domicilio,Efectivo
6244,2026-09-17,09:30,2,,Mostrador,Nequi
6245,2026-09-17,12:22,2,,Mostrador,Nequi
6246,2026-09-17,09:31,2,,Domicilio,Tarjeta
6247,2026-09-17,08:19,2,C125,Mostrador,Tarjeta
6248,2026-09-17,08:10,2,,Mostrador,Efectivo
6249,2026-09-17,09:00,2,,Mostrador,Efectivo
6250,2026-09-17,15:51,2,C243,Mostrador,Nequi
6251,2026-09-17,13:13,2,,Domicilio,Efectivo
6252,2026-09-17,16:42,2,,Domicilio,Efectivo
6253,2026-09-17,14:49,2,C220,Mostrador,Nequi
6254,2026-09-17,20:36,2,,Mostrador,Efectivo
6255,2026-09-17,12:19,2,,Mostrador,Efectivo
6256,2026-09-17,11:07,2,C052,Domicilio,Nequi
6257,2026-09-17,09:41,2,,Mostrador,Nequi
6258,2026-09-17,09:25,2,,Mostrador,Efectivo
6259,2026-09-17,16:47,2,,Mostrador,Nequi
6260,2026-09-17,09:16,2,C187,Mostrador,Tarjeta
6261,2026-09-17,18:29,2,,Domicilio,Tarjeta
6262,2026-09-17,18:45,2,,Mostrador,Efectivo
6263,2026-09-17,10:00,2,C155,Mostrador,Tarjeta
6264,2026-09-17,18:52,2,,Mostrador,Efectivo
6265,2026-09-17,06:34,2,,Domicilio,Tarjeta
6266,2026-09-17,08:42,2,,Mostrador,Tarjeta
6267,2026-09-17,07:38,2,,Mostrador,Nequi
6268,2026-09-17,10:25,2,,Mostrador,Efectivo
6269,2026-09-17,11:51,2,,Mostrador,Tarjeta
6270,2026-09-17,14:50,2,,Mostrador,Nequi
6271,2026-09-17,07:48,2,C080,Mostrador,Nequi
6272,2026-09-17,19:56,2,C093,Domicilio,Nequi
6273,2026-09-17,17:19,2,C065,Mostrador,Tarjeta
6274,2026-09-17,08:35,2,C161,Mostrador,Tarjeta
6275,2026-09-17,07:52,2,,Mostrador,Nequi
6276,2026-09-17,09:01,2,,Mostrador,Tarjeta
6277,2026-09-17,15:51,2,C121,Mostrador,Nequi
6278,2026-09-17,07:44,2,C116,Mostrador,Nequi
6279,2026-09-17,13:36,2,,Mostrador,Efectivo
6280,2026-09-17,18:37,2,,Mostrador,Efectivo
6281,2026-09-17,18:16,2,,Mostrador,Efectivo
6282,2026-09-17,17:01,2,,Domicilio,Efectivo
6283,2026-09-17,09:32,2,,Mostrador,Nequi
6284,2026-09-17,09:45,2,,Mostrador,Nequi
6285,2026-09-17,13:19,2,,Mostrador,Efectivo
6286,2026-09-17,09:34,2,,Mostrador,Efectivo
6287,2026-09-17,07:49,2,,Mostrador,Efectivo
6288,2026-09-18,18:59,1,,Mostrador,Nequi
6289,2026-09-18,16:11,1,C286,Mostrador,Nequi
6290,2026-09-18,16:56,1,,Mostrador,Efectivo
6291,2026-09-18,17:03,1,,Mostrador,Nequi
6292,2026-09-18,07:53,1,,Domicilio,Tarjeta
6293,2026-09-18,08:07,1,,Mostrador,Nequi
6294,2026-09-18,09:31,1,,Domicilio,Nequi
6295,2026-09-18,10:39,1,,Mostrador,Nequi
6296,2026-09-18,18:41,1,,Mostrador,Tarjeta
6297,2026-09-18,12:46,1,,Domicilio,Efectivo
6298,2026-09-18,18:30,1,,Mostrador,Nequi
6299,2026-09-18,06:17,1,,Mostrador,Tarjeta
6300,2026-09-18,07:23,1,,Mostrador,Tarjeta
6301,2026-09-18,08:53,1,,Domicilio,Efectivo
6302,2026-09-18,16:12,1,,Mostrador,Nequi
6303,2026-09-18,08:08,1,,Mostrador,Tarjeta
6304,2026-09-18,18:16,1,,Mostrador,Efectivo
6305,2026-09-18,17:08,1,,Mostrador,Efectivo
6306,2026-09-18,08:58,1,,Mostrador,Efectivo
6307,2026-09-18,09:09,1,C202,Mostrador,Efectivo
6308,2026-09-18,07:58,1,C221,Mostrador,Tarjeta
6309,2026-09-18,16:43,1,C212,Mostrador,Efectivo
6310,2026-09-18,14:10,1,,Mostrador,Tarjeta
6311,2026-09-18,14:21,1,,Mostrador,Efectivo
6312,2026-09-18,08:24,1,,Mostrador,Efectivo
6313,2026-09-18,12:01,1,C112,Domicilio,Tarjeta
6314,2026-09-18,08:00,1,,Mostrador,Efectivo
6315,2026-09-18,08:34,1,C201,Mostrador,Nequi
6316,2026-09-18,20:43,1,C206,Mostrador,Nequi
6317,2026-09-18,17:11,1,C085,Mostrador,Tarjeta
6318,2026-09-18,08:40,1,C089,Mostrador,Efectivo
6319,2026-09-18,15:18,1,C086,Mostrador,Tarjeta
6320,2026-09-18,12:45,1,,Mostrador,Efectivo
6321,2026-09-18,07:41,1,,Mostrador,Nequi
6322,2026-09-18,08:30,1,C292,Mostrador,Tarjeta
6323,2026-09-18,16:15,1,,Domicilio,Tarjeta
6324,2026-09-18,13:52,1,C092,Mostrador,Tarjeta
6325,2026-09-18,07:18,1,C128,Mostrador,Tarjeta
6326,2026-09-18,15:14,1,C254,Mostrador,Tarjeta
6327,2026-09-18,10:11,1,,Mostrador,Tarjeta
6328,2026-09-18,20:34,1,,Mostrador,Nequi
6329,2026-09-18,16:50,1,,Domicilio,Tarjeta
6330,2026-09-18,09:02,1,,Mostrador,Efectivo
6331,2026-09-18,09:24,1,C295,Domicilio,Efectivo
6332,2026-09-18,16:14,1,,Mostrador,Nequi
6333,2026-09-18,10:26,1,C161,Mostrador,Tarjeta
6334,2026-09-18,09:28,1,,Mostrador,Efectivo
6335,2026-09-18,08:14,1,,Mostrador,Efectivo
6336,2026-09-18,20:24,1,C254,Domicilio,Efectivo
6337,2026-09-18,15:52,1,C083,Mostrador,Nequi
6338,2026-09-18,08:28,1,,Domicilio,Efectivo
6339,2026-09-18,14:21,1,C273,Domicilio,Tarjeta
6340,2026-09-18,12:21,1,,Mostrador,Efectivo
6341,2026-09-18,07:05,1,C246,Mostrador,Nequi
6342,2026-09-18,11:14,1,C265,Mostrador,Tarjeta
6343,2026-09-18,14:46,1,,Mostrador,Tarjeta
6344,2026-09-18,10:56,1,,Mostrador,Nequi
6345,2026-09-18,19:44,1,,Mostrador,Nequi
6346,2026-09-18,20:31,1,,Mostrador,Efectivo
6347,2026-09-18,09:45,1,C259,Mostrador,Efectivo
6348,2026-09-18,19:46,1,C269,Mostrador,Efectivo
6349,2026-09-18,08:13,1,C046,Mostrador,Efectivo
6350,2026-09-18,16:33,1,,Mostrador,Efectivo
6351,2026-09-18,18:12,1,,Mostrador,Tarjeta
6352,2026-09-18,10:33,1,,Mostrador,Nequi
6353,2026-09-18,07:49,1,C088,Mostrador,Efectivo
6354,2026-09-18,06:34,1,C286,Mostrador,Efectivo
6355,2026-09-18,11:39,1,C058,Mostrador,Tarjeta
6356,2026-09-18,12:38,1,C176,Mostrador,Tarjeta
6357,2026-09-18,08:30,1,C166,Mostrador,Tarjeta
6358,2026-09-18,14:05,1,,Mostrador,Tarjeta
6359,2026-09-18,10:50,1,,Domicilio,Efectivo
6360,2026-09-18,10:12,1,C175,Mostrador,Efectivo
6361,2026-09-18,08:59,1,,Mostrador,Tarjeta
6362,2026-09-18,10:01,1,C097,Mostrador,Nequi
6363,2026-09-18,12:50,1,,Mostrador,Efectivo
6364,2026-09-18,13:25,1,,Domicilio,Nequi
6365,2026-09-18,13:07,1,,Mostrador,Nequi
6366,2026-09-18,17:25,1,C148,Mostrador,Nequi
6367,2026-09-18,17:19,1,,Mostrador,Tarjeta
6368,2026-09-18,13:38,1,,Mostrador,Nequi
6369,2026-09-18,06:34,1,,Mostrador,Tarjeta
6370,2026-09-18,17:28,1,,Mostrador,Efectivo
6371,2026-09-18,17:10,1,,Mostrador,Tarjeta
6372,2026-09-18,11:45,1,C017,Mostrador,Tarjeta
6373,2026-09-18,16:27,1,C207,Mostrador,Nequi
6374,2026-09-18,07:00,1,,Mostrador,Nequi
6375,2026-09-18,08:19,1,,Mostrador,Tarjeta
6376,2026-09-18,09:46,2,,Mostrador,Tarjeta
6377,2026-09-18,15:41,2,,Mostrador,Tarjeta
6378,2026-09-18,07:32,2,,Mostrador,Efectivo
6379,2026-09-18,11:11,2,,Mostrador,Tarjeta
6380,2026-09-18,15:48,2,,Mostrador,Efectivo
6381,2026-09-18,12:00,2,,Mostrador,Efectivo
6382,2026-09-18,16:10,2,,Mostrador,Nequi
6383,2026-09-18,09:10,2,,Mostrador,Nequi
6384,2026-09-18,10:47,2,,Mostrador,Nequi
6385,2026-09-18,15:48,2,C220,Domicilio,Tarjeta
6386,2026-09-18,06:23,2,,Mostrador,Efectivo
6387,2026-09-18,07:51,2,,Domicilio,Efectivo
6388,2026-09-18,16:45,2,,Domicilio,Tarjeta
6389,2026-09-18,16:00,2,,Mostrador,Tarjeta
6390,2026-09-18,07:30,2,,Mostrador,Nequi
6391,2026-09-18,10:29,2,,Domicilio,Tarjeta
6392,2026-09-18,14:14,2,C187,Mostrador,Nequi
6393,2026-09-18,15:53,2,C014,Mostrador,Nequi
6394,2026-09-18,06:48,2,,Mostrador,Nequi
6395,2026-09-18,09:24,2,,Domicilio,Tarjeta
6396,2026-09-18,08:33,2,,Mostrador,Efectivo
6397,2026-09-18,18:01,2,C042,Mostrador,Tarjeta
6398,2026-09-18,15:47,2,C125,Mostrador,Efectivo
6399,2026-09-18,17:40,2,,Mostrador,Nequi
6400,2026-09-18,18:19,2,C035,Mostrador,Tarjeta
6401,2026-09-18,13:30,2,C221,Mostrador,Tarjeta
6402,2026-09-18,08:23,2,C119,Mostrador,Tarjeta
6403,2026-09-18,15:20,2,C234,Mostrador,Tarjeta
6404,2026-09-18,08:47,2,C037,Mostrador,Nequi
6405,2026-09-18,16:14,2,C149,Mostrador,Efectivo
6406,2026-09-18,07:30,2,,Mostrador,Tarjeta
6407,2026-09-18,07:04,2,,Mostrador,Nequi
6408,2026-09-18,10:52,2,C184,Mostrador,Tarjeta
6409,2026-09-18,08:18,2,C226,Mostrador,Nequi
6410,2026-09-18,07:46,2,,Mostrador,Tarjeta
6411,2026-09-18,11:31,2,,Mostrador,Efectivo
6412,2026-09-18,07:38,2,C233,Mostrador,Nequi
6413,2026-09-18,09:00,2,,Mostrador,Nequi
6414,2026-09-18,07:51,2,,Mostrador,Efectivo
6415,2026-09-18,09:09,2,C011,Mostrador,Efectivo
6416,2026-09-18,16:24,2,C073,Mostrador,Nequi
6417,2026-09-18,14:05,2,C263,Domicilio,Efectivo
6418,2026-09-18,15:29,2,,Domicilio,Efectivo
6419,2026-09-18,16:20,2,,Mostrador,Nequi
6420,2026-09-18,17:02,2,,Mostrador,Nequi
6421,2026-09-18,09:10,2,C279,Mostrador,Efectivo
6422,2026-09-18,07:54,2,,Mostrador,Efectivo
6423,2026-09-18,17:46,2,C013,Mostrador,Nequi
6424,2026-09-18,17:48,2,,Mostrador,Tarjeta
6425,2026-09-18,07:55,2,C294,Domicilio,Tarjeta
6426,2026-09-18,07:09,2,C031,Mostrador,Efectivo
6427,2026-09-18,20:16,2,C003,Domicilio,Tarjeta
6428,2026-09-18,16:22,2,,Mostrador,Efectivo
6429,2026-09-18,17:21,2,,Mostrador,Nequi
6430,2026-09-18,07:27,2,C030,Mostrador,Nequi
6431,2026-09-18,19:21,2,,Domicilio,Efectivo
6432,2026-09-18,20:42,2,,Mostrador,Tarjeta
6433,2026-09-18,12:06,2,,Domicilio,Tarjeta
6434,2026-09-18,16:48,2,C194,Mostrador,Tarjeta
6435,2026-09-18,10:37,2,C085,Mostrador,Nequi
6436,2026-09-18,18:43,2,C232,Domicilio,Tarjeta
6437,2026-09-18,15:19,2,,Domicilio,Tarjeta
6438,2026-09-18,20:43,2,,Domicilio,Nequi
6439,2026-09-18,06:35,2,C049,Mostrador,Efectivo
6440,2026-09-18,08:41,2,C016,Mostrador,Tarjeta
6441,2026-09-18,12:52,2,,Mostrador,Nequi
6442,2026-09-18,08:18,2,,Mostrador,Efectivo
6443,2026-09-18,09:54,2,,Mostrador,Tarjeta
6444,2026-09-18,08:36,2,,Mostrador,Nequi
6445,2026-09-18,08:37,2,,Mostrador,Efectivo
6446,2026-09-18,08:34,2,,Domicilio,Tarjeta
6447,2026-09-19,06:51,1,,Mostrador,Tarjeta
6448,2026-09-19,20:23,1,C053,Domicilio,Tarjeta
6449,2026-09-19,07:42,1,C217,Mostrador,Tarjeta
6450,2026-09-19,15:48,1,,Mostrador,Efectivo
6451,2026-09-19,12:45,1,,Domicilio,Tarjeta
6452,2026-09-19,12:13,1,C050,Domicilio,Nequi
6453,2026-09-19,08:43,1,,Domicilio,Efectivo
6454,2026-09-19,12:01,1,,Mostrador,Tarjeta
6455,2026-09-19,19:38,1,C262,Mostrador,Tarjeta
6456,2026-09-19,10:17,1,,Mostrador,Efectivo
6457,2026-09-19,10:09,1,C046,Mostrador,Nequi
6458,2026-09-19,15:26,1,,Mostrador,Tarjeta
6459,2026-09-19,13:05,1,,Mostrador,Efectivo
6460,2026-09-19,18:07,1,,Domicilio,Tarjeta
6461,2026-09-19,17:42,1,,Mostrador,Efectivo
6462,2026-09-19,18:48,1,,Mostrador,Efectivo
6463,2026-09-19,13:21,1,C153,Mostrador,Tarjeta
6464,2026-09-19,10:20,1,,Mostrador,Nequi
6465,2026-09-19,08:46,1,,Mostrador,Tarjeta
6466,2026-09-19,12:42,1,,Domicilio,Efectivo
6467,2026-09-19,06:30,1,C005,Mostrador,Efectivo
6468,2026-09-19,17:55,1,,Mostrador,Tarjeta
6469,2026-09-19,08:57,1,C268,Mostrador,Tarjeta
6470,2026-09-19,14:56,1,,Mostrador,Tarjeta
6471,2026-09-19,20:33,1,,Mostrador,Nequi
6472,2026-09-19,07:52,1,C005,Domicilio,Efectivo
6473,2026-09-19,12:47,1,C250,Mostrador,Efectivo
6474,2026-09-19,06:08,1,C177,Mostrador,Nequi
6475,2026-09-19,19:13,1,C179,Mostrador,Tarjeta
6476,2026-09-19,15:13,1,C106,Mostrador,Nequi
6477,2026-09-19,13:25,1,,Mostrador,Efectivo
6478,2026-09-19,20:00,1,C212,Mostrador,Nequi
6479,2026-09-19,07:45,1,C245,Mostrador,Efectivo
6480,2026-09-19,17:51,1,C247,Mostrador,Efectivo
6481,2026-09-19,08:27,1,,Domicilio,Nequi
6482,2026-09-19,12:34,1,,Mostrador,Efectivo
6483,2026-09-19,11:37,1,C183,Mostrador,Nequi
6484,2026-09-19,07:15,1,,Mostrador,Efectivo
6485,2026-09-19,11:58,1,C230,Mostrador,Nequi
6486,2026-09-19,14:42,1,,Mostrador,Nequi
6487,2026-09-19,06:15,1,,Domicilio,Tarjeta
6488,2026-09-19,13:12,1,,Mostrador,Tarjeta
6489,2026-09-19,12:39,1,C179,Mostrador,Efectivo
6490,2026-09-19,20:34,1,,Domicilio,Tarjeta
6491,2026-09-19,13:42,1,,Domicilio,Tarjeta
6492,2026-09-19,09:47,1,,Mostrador,Efectivo
6493,2026-09-19,16:38,1,C118,Mostrador,Efectivo
6494,2026-09-19,16:25,1,,Mostrador,Nequi
6495,2026-09-19,15:10,1,,Mostrador,Efectivo
6496,2026-09-19,09:52,1,,Mostrador,Nequi
6497,2026-09-19,09:56,1,,Mostrador,Efectivo
6498,2026-09-19,08:08,1,,Mostrador,Nequi
6499,2026-09-19,14:52,1,C188,Domicilio,Tarjeta
6500,2026-09-19,19:08,1,C212,Mostrador,Nequi
6501,2026-09-19,08:28,1,,Domicilio,Efectivo
6502,2026-09-19,16:31,1,,Domicilio,Efectivo
6503,2026-09-19,08:17,1,C223,Domicilio,Nequi
6504,2026-09-19,15:56,1,,Mostrador,Tarjeta
6505,2026-09-19,07:48,1,C193,Mostrador,Nequi
6506,2026-09-19,12:08,1,,Domicilio,Efectivo
6507,2026-09-19,10:50,1,,Mostrador,Efectivo
6508,2026-09-19,10:31,1,,Mostrador,Efectivo
6509,2026-09-19,19:01,1,,Mostrador,Tarjeta
6510,2026-09-19,14:34,1,C066,Mostrador,Nequi
6511,2026-09-19,15:13,1,,Domicilio,Tarjeta
6512,2026-09-19,08:27,1,,Mostrador,Tarjeta
6513,2026-09-19,10:13,1,,Mostrador,Efectivo
6514,2026-09-19,08:19,1,C201,Mostrador,Efectivo
6515,2026-09-19,13:04,1,C285,Mostrador,Nequi
6516,2026-09-19,13:17,1,,Domicilio,Tarjeta
6517,2026-09-19,07:52,1,,Domicilio,Nequi
6518,2026-09-19,06:36,1,C003,Mostrador,Tarjeta
6519,2026-09-19,16:54,1,,Mostrador,Nequi
6520,2026-09-19,17:27,1,,Mostrador,Nequi
6521,2026-09-19,17:27,1,,Mostrador,Tarjeta
6522,2026-09-19,10:21,1,C065,Mostrador,Nequi
6523,2026-09-19,08:18,1,,Mostrador,Nequi
6524,2026-09-19,12:28,1,C183,Mostrador,Tarjeta
6525,2026-09-19,16:25,1,,Mostrador,Nequi
6526,2026-09-19,12:15,1,,Mostrador,Nequi
6527,2026-09-19,14:20,1,,Mostrador,Efectivo
6528,2026-09-19,12:36,1,C256,Mostrador,Nequi
6529,2026-09-19,07:43,1,,Mostrador,Tarjeta
6530,2026-09-19,09:32,1,C188,Mostrador,Nequi
6531,2026-09-19,08:40,1,,Mostrador,Nequi
6532,2026-09-19,06:32,1,,Mostrador,Nequi
6533,2026-09-19,09:37,1,,Mostrador,Tarjeta
6534,2026-09-19,10:16,1,C167,Mostrador,Efectivo
6535,2026-09-19,19:59,1,,Mostrador,Nequi
6536,2026-09-19,08:30,1,C221,Mostrador,Tarjeta
6537,2026-09-19,16:44,1,,Domicilio,Nequi
6538,2026-09-19,15:53,1,C161,Mostrador,Efectivo
6539,2026-09-19,16:31,1,,Mostrador,Efectivo
6540,2026-09-19,16:37,1,C108,Mostrador,Nequi
6541,2026-09-19,17:09,2,C261,Domicilio,Nequi
6542,2026-09-19,16:38,2,,Mostrador,Tarjeta
6543,2026-09-19,10:15,2,,Mostrador,Nequi
6544,2026-09-19,19:27,2,,Mostrador,Tarjeta
6545,2026-09-19,11:21,2,,Mostrador,Efectivo
6546,2026-09-19,11:54,2,C205,Mostrador,Nequi
6547,2026-09-19,07:36,2,C138,Mostrador,Tarjeta
6548,2026-09-19,15:29,2,,Mostrador,Nequi
6549,2026-09-19,07:57,2,C026,Domicilio,Nequi
6550,2026-09-19,09:53,2,,Mostrador,Nequi
6551,2026-09-19,07:20,2,C185,Mostrador,Efectivo
6552,2026-09-19,06:44,2,,Mostrador,Tarjeta
6553,2026-09-19,07:02,2,,Mostrador,Tarjeta
6554,2026-09-19,09:16,2,,Domicilio,Efectivo
6555,2026-09-19,07:03,2,,Mostrador,Nequi
6556,2026-09-19,17:08,2,,Mostrador,Nequi
6557,2026-09-19,09:08,2,C269,Mostrador,Nequi
6558,2026-09-19,12:21,2,C031,Mostrador,Efectivo
6559,2026-09-19,08:33,2,,Mostrador,Efectivo
6560,2026-09-19,10:29,2,C106,Mostrador,Nequi
6561,2026-09-19,19:13,2,C206,Mostrador,Nequi
6562,2026-09-19,13:59,2,C197,Mostrador,Nequi
6563,2026-09-19,10:48,2,C144,Mostrador,Efectivo
6564,2026-09-19,11:30,2,C126,Mostrador,Tarjeta
6565,2026-09-19,06:52,2,C021,Domicilio,Nequi
6566,2026-09-19,09:39,2,,Domicilio,Efectivo
6567,2026-09-19,09:08,2,C299,Mostrador,Tarjeta
6568,2026-09-19,13:35,2,C181,Mostrador,Efectivo
6569,2026-09-19,07:20,2,,Mostrador,Efectivo
6570,2026-09-19,11:46,2,,Mostrador,Tarjeta
6571,2026-09-19,18:56,2,,Mostrador,Nequi
6572,2026-09-19,06:38,2,C281,Mostrador,Nequi
6573,2026-09-19,11:48,2,C105,Mostrador,Tarjeta
6574,2026-09-19,07:49,2,,Mostrador,Nequi
6575,2026-09-19,16:16,2,,Mostrador,Efectivo
6576,2026-09-19,09:42,2,,Mostrador,Tarjeta
6577,2026-09-19,14:37,2,,Mostrador,Efectivo
6578,2026-09-19,12:36,2,,Mostrador,Efectivo
6579,2026-09-19,09:32,2,C087,Mostrador,Efectivo
6580,2026-09-19,12:04,2,,Domicilio,Nequi
6581,2026-09-19,13:41,2,C063,Mostrador,Efectivo
6582,2026-09-19,07:05,2,,Mostrador,Tarjeta
6583,2026-09-19,13:51,2,,Mostrador,Nequi
6584,2026-09-19,07:22,2,C229,Mostrador,Efectivo
6585,2026-09-19,11:22,2,C054,Mostrador,Nequi
6586,2026-09-19,15:49,2,C053,Domicilio,Efectivo
6587,2026-09-19,10:31,2,,Mostrador,Efectivo
6588,2026-09-19,07:13,2,,Domicilio,Nequi
6589,2026-09-19,10:19,2,,Domicilio,Nequi
6590,2026-09-19,08:15,2,C194,Mostrador,Nequi
6591,2026-09-19,10:19,2,C260,Mostrador,Efectivo
6592,2026-09-19,12:49,2,,Mostrador,Nequi
6593,2026-09-19,15:33,2,C061,Domicilio,Efectivo
6594,2026-09-19,08:47,2,,Mostrador,Tarjeta
6595,2026-09-19,18:34,2,C068,Mostrador,Nequi
6596,2026-09-19,09:21,2,,Mostrador,Efectivo
6597,2026-09-19,17:58,2,C152,Mostrador,Nequi
6598,2026-09-19,07:11,2,,Mostrador,Efectivo
6599,2026-09-19,16:29,2,,Domicilio,Efectivo
6600,2026-09-19,15:04,2,C035,Mostrador,Efectivo
6601,2026-09-19,07:16,2,C171,Mostrador,Nequi
6602,2026-09-19,18:17,2,,Mostrador,Efectivo
6603,2026-09-19,09:51,2,C186,Mostrador,Efectivo
6604,2026-09-19,16:55,2,,Mostrador,Nequi
6605,2026-09-19,12:03,2,C243,Mostrador,Tarjeta
6606,2026-09-19,10:53,2,C127,Mostrador,Tarjeta
6607,2026-09-19,16:21,2,,Domicilio,Nequi
6608,2026-09-19,07:05,2,,Mostrador,Efectivo
6609,2026-09-19,10:30,2,,Mostrador,Efectivo
6610,2026-09-19,15:09,2,C289,Mostrador,Nequi
6611,2026-09-19,09:04,2,C276,Mostrador,Tarjeta
6612,2026-09-19,15:19,2,,Domicilio,Efectivo
6613,2026-09-19,08:19,2,C249,Mostrador,Tarjeta
6614,2026-09-19,08:55,2,,Mostrador,Efectivo
6615,2026-09-19,16:21,2,C158,Mostrador,Nequi
6616,2026-09-19,14:02,2,,Mostrador,Nequi
6617,2026-09-19,07:38,2,C199,Mostrador,Nequi
6618,2026-09-19,17:48,2,,Mostrador,Nequi
6619,2026-09-19,07:52,2,C220,Mostrador,Efectivo
6620,2026-09-19,08:42,2,,Mostrador,Tarjeta
6621,2026-09-19,07:38,2,,Mostrador,Efectivo
6622,2026-09-19,17:59,2,,Mostrador,Efectivo
6623,2026-09-19,19:28,2,,Mostrador,Nequi
6624,2026-09-19,06:26,2,,Mostrador,Tarjeta
6625,2026-09-19,13:52,2,C204,Mostrador,Tarjeta
6626,2026-09-20,13:52,1,,Mostrador,Tarjeta
6627,2026-09-20,14:36,1,C259,Domicilio,Tarjeta
6628,2026-09-20,16:04,1,,Mostrador,Efectivo
6629,2026-09-20,08:25,1,,Mostrador,Tarjeta
6630,2026-09-20,07:01,1,,Mostrador,Nequi
6631,2026-09-20,17:18,1,C151,Mostrador,Tarjeta
6632,2026-09-20,08:54,1,,Mostrador,Efectivo
6633,2026-09-20,11:43,1,,Domicilio,Nequi
6634,2026-09-20,17:54,1,,Mostrador,Nequi
6635,2026-09-20,12:59,1,,Mostrador,Nequi
6636,2026-09-20,14:50,1,C252,Mostrador,Nequi
6637,2026-09-20,17:23,1,,Domicilio,Tarjeta
6638,2026-09-20,15:31,1,C181,Mostrador,Nequi
6639,2026-09-20,19:00,1,,Mostrador,Efectivo
6640,2026-09-20,19:13,1,,Mostrador,Efectivo
6641,2026-09-20,17:13,1,C141,Mostrador,Efectivo
6642,2026-09-20,16:47,1,C180,Mostrador,Tarjeta
6643,2026-09-20,09:03,1,,Mostrador,Nequi
6644,2026-09-20,18:07,1,,Domicilio,Efectivo
6645,2026-09-20,19:51,1,,Domicilio,Tarjeta
6646,2026-09-20,09:13,1,,Mostrador,Nequi
6647,2026-09-20,15:28,1,,Mostrador,Efectivo
6648,2026-09-20,19:04,1,,Domicilio,Efectivo
6649,2026-09-20,14:38,1,,Mostrador,Efectivo
6650,2026-09-20,08:15,1,,Mostrador,Nequi
6651,2026-09-20,08:24,1,,Mostrador,Tarjeta
6652,2026-09-20,17:38,1,,Mostrador,Nequi
6653,2026-09-20,20:29,1,,Mostrador,Efectivo
6654,2026-09-20,10:35,1,,Mostrador,Nequi
6655,2026-09-20,16:37,1,,Domicilio,Efectivo
6656,2026-09-20,16:23,1,,Mostrador,Nequi
6657,2026-09-20,10:39,1,,Domicilio,Tarjeta
6658,2026-09-20,16:58,1,,Mostrador,Nequi
6659,2026-09-20,08:44,1,,Mostrador,Efectivo
6660,2026-09-20,06:56,1,C257,Mostrador,Efectivo
6661,2026-09-20,11:38,1,,Mostrador,Efectivo
6662,2026-09-20,10:32,1,C171,Mostrador,Nequi
6663,2026-09-20,13:30,1,,Mostrador,Tarjeta
6664,2026-09-20,09:17,1,,Domicilio,Nequi
6665,2026-09-20,14:49,1,,Mostrador,Nequi
6666,2026-09-20,06:39,1,,Mostrador,Nequi
6667,2026-09-20,07:27,1,,Mostrador,Efectivo
6668,2026-09-20,11:04,1,,Mostrador,Tarjeta
6669,2026-09-20,14:50,1,,Mostrador,Tarjeta
6670,2026-09-20,11:30,1,C220,Domicilio,Efectivo
6671,2026-09-20,09:06,1,,Mostrador,Tarjeta
6672,2026-09-20,11:49,1,C139,Mostrador,Efectivo
6673,2026-09-20,19:20,1,C172,Mostrador,Efectivo
6674,2026-09-20,09:30,1,,Mostrador,Tarjeta
6675,2026-09-20,17:14,1,,Domicilio,Efectivo
6676,2026-09-20,19:42,1,,Mostrador,Tarjeta
6677,2026-09-20,06:11,1,,Mostrador,Nequi
6678,2026-09-20,17:02,1,,Mostrador,Tarjeta
6679,2026-09-20,11:44,1,,Domicilio,Efectivo
6680,2026-09-20,20:02,1,,Mostrador,Efectivo
6681,2026-09-20,13:16,1,,Domicilio,Nequi
6682,2026-09-20,07:24,1,,Mostrador,Tarjeta
6683,2026-09-20,09:12,1,,Mostrador,Efectivo
6684,2026-09-20,12:11,1,,Mostrador,Tarjeta
6685,2026-09-20,20:33,1,,Domicilio,Efectivo
6686,2026-09-20,16:13,1,,Mostrador,Nequi
6687,2026-09-20,09:02,1,,Domicilio,Nequi
6688,2026-09-20,10:57,1,,Mostrador,Tarjeta
6689,2026-09-20,07:21,1,,Mostrador,Nequi
6690,2026-09-20,13:34,1,C005,Mostrador,Nequi
6691,2026-09-20,09:31,1,C273,Domicilio,Efectivo
6692,2026-09-20,10:04,1,C168,Mostrador,Efectivo
6693,2026-09-20,08:27,1,,Domicilio,Tarjeta
6694,2026-09-20,08:45,1,C286,Mostrador,Efectivo
6695,2026-09-20,07:56,1,,Mostrador,Nequi
6696,2026-09-20,12:45,1,C024,Mostrador,Efectivo
6697,2026-09-20,15:56,1,,Mostrador,Nequi
6698,2026-09-20,13:38,1,C003,Domicilio,Nequi
6699,2026-09-20,09:56,1,,Mostrador,Efectivo
6700,2026-09-20,08:21,1,,Domicilio,Efectivo
6701,2026-09-20,08:25,1,C122,Domicilio,Nequi
6702,2026-09-20,14:27,1,C200,Mostrador,Efectivo
6703,2026-09-20,15:20,1,,Mostrador,Tarjeta
6704,2026-09-20,19:55,1,C065,Mostrador,Efectivo
6705,2026-09-20,09:58,1,,Mostrador,Efectivo
6706,2026-09-20,20:27,1,C183,Mostrador,Tarjeta
6707,2026-09-20,07:52,2,C252,Mostrador,Tarjeta
6708,2026-09-20,09:17,2,,Mostrador,Efectivo
6709,2026-09-20,07:35,2,C092,Mostrador,Efectivo
6710,2026-09-20,13:10,2,C175,Mostrador,Tarjeta
6711,2026-09-20,16:33,2,C129,Mostrador,Efectivo
6712,2026-09-20,13:31,2,C049,Mostrador,Tarjeta
6713,2026-09-20,08:13,2,C050,Mostrador,Tarjeta
6714,2026-09-20,10:13,2,,Mostrador,Efectivo
6715,2026-09-20,16:22,2,C213,Mostrador,Efectivo
6716,2026-09-20,10:13,2,,Domicilio,Tarjeta
6717,2026-09-20,10:24,2,,Domicilio,Tarjeta
6718,2026-09-20,13:31,2,,Mostrador,Nequi
6719,2026-09-20,16:31,2,,Mostrador,Efectivo
6720,2026-09-20,07:22,2,C291,Mostrador,Nequi
6721,2026-09-20,08:50,2,C187,Mostrador,Nequi
6722,2026-09-20,10:50,2,,Mostrador,Efectivo
6723,2026-09-20,14:33,2,,Mostrador,Efectivo
6724,2026-09-20,06:30,2,C212,Mostrador,Nequi
6725,2026-09-20,09:16,2,C140,Mostrador,Nequi
6726,2026-09-20,08:41,2,C277,Domicilio,Nequi
6727,2026-09-20,13:00,2,,Domicilio,Nequi
6728,2026-09-20,12:21,2,C237,Domicilio,Tarjeta
6729,2026-09-20,09:18,2,,Mostrador,Tarjeta
6730,2026-09-20,19:03,2,,Mostrador,Nequi
6731,2026-09-20,15:38,2,,Mostrador,Efectivo
6732,2026-09-20,08:53,2,C271,Domicilio,Tarjeta
6733,2026-09-20,12:24,2,,Mostrador,Tarjeta
6734,2026-09-20,07:50,2,,Domicilio,Efectivo
6735,2026-09-20,08:16,2,,Mostrador,Efectivo
6736,2026-09-20,14:47,2,,Mostrador,Efectivo
6737,2026-09-20,14:41,2,,Mostrador,Tarjeta
6738,2026-09-20,09:30,2,,Domicilio,Tarjeta
6739,2026-09-20,14:12,2,C060,Mostrador,Efectivo
6740,2026-09-20,10:07,2,,Mostrador,Tarjeta
6741,2026-09-20,11:28,2,,Mostrador,Nequi
6742,2026-09-20,16:28,2,C280,Domicilio,Efectivo
6743,2026-09-20,19:34,2,,Mostrador,Efectivo
6744,2026-09-20,16:30,2,,Domicilio,Efectivo
6745,2026-09-20,09:14,2,C039,Mostrador,Efectivo
6746,2026-09-20,08:15,2,,Domicilio,Nequi
6747,2026-09-20,10:48,2,,Mostrador,Efectivo
6748,2026-09-20,06:51,2,,Mostrador,Tarjeta
6749,2026-09-20,10:10,2,C239,Mostrador,Efectivo
6750,2026-09-20,07:13,2,C293,Mostrador,Nequi
6751,2026-09-20,11:31,2,C186,Mostrador,Tarjeta
6752,2026-09-20,06:05,2,,Mostrador,Nequi
6753,2026-09-20,08:15,2,,Mostrador,Tarjeta
6754,2026-09-20,07:48,2,C097,Mostrador,Tarjeta
6755,2026-09-20,07:09,2,,Mostrador,Tarjeta
6756,2026-09-20,15:37,2,,Domicilio,Nequi
6757,2026-09-20,09:38,2,C230,Mostrador,Tarjeta
6758,2026-09-20,17:23,2,C031,Domicilio,Efectivo
6759,2026-09-20,18:44,2,,Mostrador,Tarjeta
6760,2026-09-20,17:54,2,,Domicilio,Tarjeta
6761,2026-09-20,15:41,2,,Mostrador,Nequi
6762,2026-09-20,07:04,2,,Mostrador,Efectivo
6763,2026-09-20,12:34,2,,Mostrador,Efectivo
6764,2026-09-21,15:02,1,C153,Mostrador,Efectivo
6765,2026-09-21,17:56,1,C299,Domicilio,Tarjeta
6766,2026-09-21,07:30,1,C264,Mostrador,Nequi
6767,2026-09-21,15:47,1,,Mostrador,Tarjeta
6768,2026-09-21,06:30,1,,Mostrador,Efectivo
6769,2026-09-21,07:37,1,C184,Mostrador,Nequi
6770,2026-09-21,11:39,1,,Domicilio,Tarjeta
6771,2026-09-21,09:57,1,C157,Mostrador,Efectivo
6772,2026-09-21,18:34,1,,Mostrador,Tarjeta
6773,2026-09-21,09:07,1,C204,Domicilio,Tarjeta
6774,2026-09-21,14:43,1,C228,Mostrador,Efectivo
6775,2026-09-21,06:39,1,C165,Mostrador,Efectivo
6776,2026-09-21,11:04,1,,Mostrador,Tarjeta
6777,2026-09-21,10:29,1,,Mostrador,Nequi
6778,2026-09-21,15:03,1,C034,Mostrador,Nequi
6779,2026-09-21,09:08,1,C083,Domicilio,Tarjeta
6780,2026-09-21,07:32,1,,Domicilio,Nequi
6781,2026-09-21,10:20,1,,Mostrador,Efectivo
6782,2026-09-21,07:30,1,,Mostrador,Efectivo
6783,2026-09-21,08:35,1,,Mostrador,Tarjeta
6784,2026-09-21,08:08,1,,Mostrador,Nequi
6785,2026-09-21,09:34,1,,Mostrador,Tarjeta
6786,2026-09-21,13:22,1,C253,Mostrador,Tarjeta
6787,2026-09-21,08:07,1,C272,Mostrador,Nequi
6788,2026-09-21,10:20,1,,Mostrador,Nequi
6789,2026-09-21,07:57,1,,Mostrador,Tarjeta
6790,2026-09-21,18:04,1,C157,Mostrador,Nequi
6791,2026-09-21,07:15,1,,Mostrador,Efectivo
6792,2026-09-21,07:49,1,C284,Domicilio,Efectivo
6793,2026-09-21,08:09,1,C099,Mostrador,Tarjeta
6794,2026-09-21,08:37,1,,Mostrador,Nequi
6795,2026-09-21,10:49,1,,Mostrador,Tarjeta
6796,2026-09-21,08:01,1,,Mostrador,Nequi
6797,2026-09-21,12:47,1,,Mostrador,Efectivo
6798,2026-09-21,17:29,1,C274,Mostrador,Nequi
6799,2026-09-21,17:52,1,C062,Mostrador,Efectivo
6800,2026-09-21,17:30,1,,Domicilio,Efectivo
6801,2026-09-21,20:06,1,,Mostrador,Tarjeta
6802,2026-09-21,15:43,1,,Mostrador,Efectivo
6803,2026-09-21,09:16,1,C030,Mostrador,Tarjeta
6804,2026-09-21,10:48,1,,Mostrador,Nequi
6805,2026-09-21,16:36,1,C099,Mostrador,Tarjeta
6806,2026-09-21,20:01,1,,Mostrador,Tarjeta
6807,2026-09-21,06:34,1,C213,Mostrador,Efectivo
6808,2026-09-21,18:36,1,,Domicilio,Nequi
6809,2026-09-21,10:53,1,,Mostrador,Nequi
6810,2026-09-21,06:06,1,,Mostrador,Tarjeta
6811,2026-09-21,06:01,1,C202,Mostrador,Efectivo
6812,2026-09-21,08:52,1,C045,Mostrador,Tarjeta
6813,2026-09-21,09:02,1,C069,Mostrador,Nequi
6814,2026-09-21,11:05,1,,Mostrador,Efectivo
6815,2026-09-21,09:26,1,,Domicilio,Nequi
6816,2026-09-21,12:41,1,C071,Mostrador,Nequi
6817,2026-09-21,10:15,1,,Mostrador,Efectivo
6818,2026-09-21,07:56,1,,Mostrador,Efectivo
6819,2026-09-21,08:11,1,,Mostrador,Efectivo
6820,2026-09-21,19:46,1,C009,Mostrador,Efectivo
6821,2026-09-21,17:32,1,,Mostrador,Nequi
6822,2026-09-21,17:07,1,,Mostrador,Nequi
6823,2026-09-21,10:12,1,C052,Mostrador,Tarjeta
6824,2026-09-21,08:27,1,,Domicilio,Nequi
6825,2026-09-21,07:27,1,,Mostrador,Efectivo
6826,2026-09-21,09:05,1,C075,Mostrador,Nequi
6827,2026-09-21,09:52,1,,Mostrador,Nequi
6828,2026-09-21,08:51,1,C079,Domicilio,Efectivo
6829,2026-09-21,10:16,1,C034,Mostrador,Efectivo
6830,2026-09-21,06:56,1,,Domicilio,Nequi
6831,2026-09-21,07:35,1,,Mostrador,Tarjeta
6832,2026-09-21,08:04,1,,Domicilio,Nequi
6833,2026-09-21,18:50,1,,Mostrador,Nequi
6834,2026-09-21,16:32,1,,Domicilio,Nequi
6835,2026-09-21,10:09,1,,Mostrador,Efectivo
6836,2026-09-21,09:45,1,,Mostrador,Tarjeta
6837,2026-09-21,08:50,1,C009,Mostrador,Efectivo
6838,2026-09-21,15:05,1,,Mostrador,Tarjeta
6839,2026-09-21,12:00,1,,Mostrador,Nequi
6840,2026-09-21,16:05,1,C145,Domicilio,Tarjeta
6841,2026-09-21,15:21,2,,Mostrador,Efectivo
6842,2026-09-21,09:04,2,,Mostrador,Efectivo
6843,2026-09-21,08:16,2,,Domicilio,Tarjeta
6844,2026-09-21,13:27,2,C136,Domicilio,Tarjeta
6845,2026-09-21,07:14,2,C282,Mostrador,Efectivo
6846,2026-09-21,14:00,2,,Mostrador,Tarjeta
6847,2026-09-21,13:12,2,C287,Mostrador,Efectivo
6848,2026-09-21,09:49,2,C073,Mostrador,Efectivo
6849,2026-09-21,07:03,2,,Mostrador,Efectivo
6850,2026-09-21,16:57,2,C251,Mostrador,Efectivo
6851,2026-09-21,10:16,2,,Mostrador,Tarjeta
6852,2026-09-21,17:04,2,C036,Mostrador,Nequi
6853,2026-09-21,15:24,2,,Mostrador,Tarjeta
6854,2026-09-21,11:23,2,C171,Domicilio,Tarjeta
6855,2026-09-21,06:14,2,,Mostrador,Efectivo
6856,2026-09-21,11:08,2,C184,Mostrador,Tarjeta
6857,2026-09-21,08:18,2,,Mostrador,Efectivo
6858,2026-09-21,14:09,2,,Mostrador,Tarjeta
6859,2026-09-21,10:59,2,C211,Mostrador,Efectivo
6860,2026-09-21,18:55,2,C233,Mostrador,Tarjeta
6861,2026-09-21,08:46,2,,Mostrador,Efectivo
6862,2026-09-21,15:44,2,,Mostrador,Tarjeta
6863,2026-09-21,08:17,2,,Mostrador,Tarjeta
6864,2026-09-21,07:47,2,,Domicilio,Nequi
6865,2026-09-21,11:43,2,,Mostrador,Nequi
6866,2026-09-21,09:20,2,,Domicilio,Tarjeta
6867,2026-09-21,15:10,2,C297,Mostrador,Tarjeta
6868,2026-09-21,07:03,2,C173,Mostrador,Efectivo
6869,2026-09-21,09:15,2,C251,Mostrador,Nequi
6870,2026-09-21,06:00,2,,Mostrador,Nequi
6871,2026-09-21,14:52,2,,Mostrador,Tarjeta
6872,2026-09-21,19:38,2,C135,Mostrador,Nequi
6873,2026-09-21,17:03,2,C105,Mostrador,Tarjeta
6874,2026-09-21,15:07,2,,Mostrador,Tarjeta
6875,2026-09-21,07:42,2,,Mostrador,Efectivo
6876,2026-09-21,17:13,2,,Mostrador,Efectivo
6877,2026-09-21,15:41,2,,Mostrador,Efectivo
6878,2026-09-21,12:39,2,C241,Mostrador,Nequi
6879,2026-09-21,06:29,2,,Mostrador,Tarjeta
6880,2026-09-21,11:37,2,,Domicilio,Tarjeta
6881,2026-09-21,12:24,2,,Mostrador,Efectivo
6882,2026-09-21,10:19,2,,Mostrador,Efectivo
6883,2026-09-21,08:06,2,C232,Domicilio,Nequi
6884,2026-09-21,08:09,2,,Mostrador,Efectivo
6885,2026-09-21,07:16,2,,Mostrador,Nequi
6886,2026-09-21,14:30,2,,Mostrador,Efectivo
6887,2026-09-21,15:05,2,C009,Mostrador,Tarjeta
6888,2026-09-21,10:07,2,,Mostrador,Tarjeta
6889,2026-09-21,10:30,2,,Mostrador,Efectivo
6890,2026-09-21,13:42,2,C282,Mostrador,Nequi
6891,2026-09-22,09:01,1,,Mostrador,Efectivo
6892,2026-09-22,17:44,1,C213,Mostrador,Efectivo
6893,2026-09-22,15:10,1,,Mostrador,Efectivo
6894,2026-09-22,09:57,1,,Mostrador,Tarjeta
6895,2026-09-22,08:30,1,C071,Mostrador,Nequi
6896,2026-09-22,07:39,1,,Mostrador,Efectivo
6897,2026-09-22,13:54,1,,Domicilio,Efectivo
6898,2026-09-22,14:17,1,,Mostrador,Tarjeta
6899,2026-09-22,10:33,1,C116,Domicilio,Tarjeta
6900,2026-09-22,12:39,1,,Mostrador,Efectivo
6901,2026-09-22,17:19,1,C071,Domicilio,Nequi
6902,2026-09-22,10:19,1,,Mostrador,Nequi
6903,2026-09-22,08:53,1,,Mostrador,Nequi
6904,2026-09-22,19:57,1,,Mostrador,Nequi
6905,2026-09-22,13:32,1,,Mostrador,Efectivo
6906,2026-09-22,17:54,1,,Mostrador,Tarjeta
6907,2026-09-22,08:24,1,,Mostrador,Efectivo
6908,2026-09-22,10:31,1,C264,Mostrador,Nequi
6909,2026-09-22,17:00,1,,Mostrador,Nequi
6910,2026-09-22,07:42,1,,Mostrador,Nequi
6911,2026-09-22,17:20,1,,Mostrador,Nequi
6912,2026-09-22,11:49,1,,Mostrador,Efectivo
6913,2026-09-22,09:12,1,,Domicilio,Tarjeta
6914,2026-09-22,09:11,1,C262,Mostrador,Efectivo
6915,2026-09-22,11:00,1,,Domicilio,Tarjeta
6916,2026-09-22,09:12,1,,Mostrador,Nequi
6917,2026-09-22,18:14,1,,Mostrador,Tarjeta
6918,2026-09-22,11:57,1,,Mostrador,Tarjeta
6919,2026-09-22,18:29,1,C274,Mostrador,Efectivo
6920,2026-09-22,16:48,1,,Mostrador,Tarjeta
6921,2026-09-22,08:06,1,C111,Mostrador,Tarjeta
6922,2026-09-22,19:56,1,,Mostrador,Efectivo
6923,2026-09-22,14:48,1,C215,Domicilio,Tarjeta
6924,2026-09-22,17:46,1,C281,Domicilio,Tarjeta
6925,2026-09-22,07:33,1,C060,Mostrador,Nequi
6926,2026-09-22,10:02,1,C265,Domicilio,Nequi
6927,2026-09-22,10:20,1,C151,Mostrador,Tarjeta
6928,2026-09-22,12:10,1,,Mostrador,Efectivo
6929,2026-09-22,11:50,1,,Mostrador,Nequi
6930,2026-09-22,07:03,1,,Mostrador,Efectivo
6931,2026-09-22,09:47,1,,Mostrador,Nequi
6932,2026-09-22,08:23,1,,Mostrador,Nequi
6933,2026-09-22,08:19,1,,Domicilio,Tarjeta
6934,2026-09-22,09:42,1,,Mostrador,Nequi
6935,2026-09-22,07:42,1,,Mostrador,Nequi
6936,2026-09-22,11:42,1,C160,Mostrador,Nequi
6937,2026-09-22,09:38,1,C197,Mostrador,Tarjeta
6938,2026-09-22,09:06,1,C028,Mostrador,Nequi
6939,2026-09-22,20:42,1,,Mostrador,Tarjeta
6940,2026-09-22,06:18,1,C152,Mostrador,Nequi
6941,2026-09-22,15:15,1,,Mostrador,Efectivo
6942,2026-09-22,07:37,1,,Mostrador,Tarjeta
6943,2026-09-22,13:55,1,C197,Mostrador,Tarjeta
6944,2026-09-22,11:29,1,,Mostrador,Nequi
6945,2026-09-22,10:34,1,C280,Mostrador,Tarjeta
6946,2026-09-22,08:09,1,C096,Mostrador,Efectivo
6947,2026-09-22,09:12,1,,Mostrador,Nequi
6948,2026-09-22,11:53,1,C167,Mostrador,Tarjeta
6949,2026-09-22,14:12,1,,Domicilio,Efectivo
6950,2026-09-22,14:18,1,C141,Domicilio,Tarjeta
6951,2026-09-22,13:28,1,C081,Mostrador,Efectivo
6952,2026-09-22,10:48,2,C111,Mostrador,Tarjeta
6953,2026-09-22,09:05,2,,Mostrador,Tarjeta
6954,2026-09-22,13:34,2,,Mostrador,Nequi
6955,2026-09-22,16:20,2,,Mostrador,Nequi
6956,2026-09-22,09:58,2,C211,Mostrador,Nequi
6957,2026-09-22,08:02,2,C011,Mostrador,Tarjeta
6958,2026-09-22,20:03,2,C116,Mostrador,Tarjeta
6959,2026-09-22,07:22,2,C004,Mostrador,Nequi
6960,2026-09-22,11:23,2,,Domicilio,Efectivo
6961,2026-09-22,20:12,2,,Mostrador,Nequi
6962,2026-09-22,17:29,2,C039,Mostrador,Efectivo
6963,2026-09-22,16:38,2,,Mostrador,Nequi
6964,2026-09-22,09:27,2,,Mostrador,Nequi
6965,2026-09-22,16:20,2,C030,Mostrador,Nequi
6966,2026-09-22,08:41,2,,Mostrador,Nequi
6967,2026-09-22,13:41,2,C123,Mostrador,Nequi
6968,2026-09-22,14:12,2,,Mostrador,Efectivo
6969,2026-09-22,19:38,2,,Mostrador,Nequi
6970,2026-09-22,12:49,2,,Mostrador,Tarjeta
6971,2026-09-22,07:30,2,,Mostrador,Nequi
6972,2026-09-22,13:56,2,,Mostrador,Tarjeta
6973,2026-09-22,12:46,2,C049,Mostrador,Efectivo
6974,2026-09-22,09:55,2,C214,Mostrador,Efectivo
6975,2026-09-22,08:43,2,C008,Mostrador,Nequi
6976,2026-09-22,16:57,2,,Domicilio,Nequi
6977,2026-09-22,07:36,2,,Mostrador,Nequi
6978,2026-09-22,13:06,2,C069,Mostrador,Efectivo
6979,2026-09-22,14:07,2,,Mostrador,Efectivo
6980,2026-09-22,13:01,2,C182,Mostrador,Efectivo
6981,2026-09-22,08:04,2,C131,Mostrador,Efectivo
6982,2026-09-22,15:12,2,,Mostrador,Efectivo
6983,2026-09-22,11:34,2,,Mostrador,Nequi
6984,2026-09-22,10:44,2,,Mostrador,Efectivo
6985,2026-09-22,10:44,2,,Mostrador,Efectivo
6986,2026-09-22,15:06,2,,Mostrador,Efectivo
6987,2026-09-22,08:10,2,C233,Mostrador,Nequi
6988,2026-09-22,07:32,2,C177,Domicilio,Tarjeta
6989,2026-09-22,20:15,2,C179,Mostrador,Efectivo
6990,2026-09-22,06:00,2,C043,Mostrador,Nequi
6991,2026-09-22,16:38,2,,Mostrador,Tarjeta
6992,2026-09-22,10:58,2,,Mostrador,Nequi
6993,2026-09-22,08:30,2,C067,Mostrador,Nequi
6994,2026-09-22,18:32,2,C047,Mostrador,Tarjeta
6995,2026-09-22,11:06,2,,Domicilio,Nequi
6996,2026-09-23,07:03,1,,Domicilio,Tarjeta
6997,2026-09-23,16:46,1,,Mostrador,Nequi
6998,2026-09-23,07:28,1,C134,Mostrador,Nequi
6999,2026-09-23,07:49,1,C033,Mostrador,Tarjeta
7000,2026-09-23,13:20,1,C185,Mostrador,Efectivo
7001,2026-09-23,16:12,1,,Domicilio,Nequi
7002,2026-09-23,06:51,1,C095,Mostrador,Efectivo
7003,2026-09-23,08:41,1,,Mostrador,Nequi
7004,2026-09-23,10:45,1,C224,Mostrador,Tarjeta
7005,2026-09-23,15:01,1,,Mostrador,Efectivo
7006,2026-09-23,09:20,1,,Mostrador,Efectivo
7007,2026-09-23,08:46,1,C157,Mostrador,Nequi
7008,2026-09-23,11:29,1,C083,Mostrador,Tarjeta
7009,2026-09-23,08:33,1,,Mostrador,Efectivo
7010,2026-09-23,11:59,1,,Mostrador,Efectivo
7011,2026-09-23,08:25,1,,Mostrador,Tarjeta
7012,2026-09-23,07:41,1,,Domicilio,Efectivo
7013,2026-09-23,16:40,1,,Mostrador,Nequi
7014,2026-09-23,12:58,1,,Domicilio,Efectivo
7015,2026-09-23,11:02,1,C017,Mostrador,Tarjeta
7016,2026-09-23,09:03,1,C213,Mostrador,Nequi
7017,2026-09-23,06:40,1,C175,Mostrador,Efectivo
7018,2026-09-23,14:07,1,,Mostrador,Efectivo
7019,2026-09-23,09:01,1,,Mostrador,Efectivo
7020,2026-09-23,09:16,1,C118,Mostrador,Efectivo
7021,2026-09-23,11:00,1,,Mostrador,Nequi
7022,2026-09-23,10:40,1,,Mostrador,Nequi
7023,2026-09-23,07:35,1,,Domicilio,Nequi
7024,2026-09-23,10:10,1,,Domicilio,Efectivo
7025,2026-09-23,07:28,1,,Mostrador,Nequi
7026,2026-09-23,09:42,1,,Mostrador,Tarjeta
7027,2026-09-23,14:39,1,,Mostrador,Nequi
7028,2026-09-23,08:12,1,C115,Domicilio,Nequi
7029,2026-09-23,10:03,1,C021,Domicilio,Nequi
7030,2026-09-23,12:33,1,C237,Mostrador,Nequi
7031,2026-09-23,11:20,1,,Mostrador,Nequi
7032,2026-09-23,10:31,1,,Mostrador,Nequi
7033,2026-09-23,07:23,1,,Mostrador,Efectivo
7034,2026-09-23,08:43,1,,Mostrador,Tarjeta
7035,2026-09-23,11:21,1,C114,Mostrador,Nequi
7036,2026-09-23,19:33,1,C095,Mostrador,Tarjeta
7037,2026-09-23,19:27,1,C253,Mostrador,Efectivo
7038,2026-09-23,20:48,1,,Mostrador,Tarjeta
7039,2026-09-23,08:42,1,,Mostrador,Efectivo
7040,2026-09-23,15:33,1,,Mostrador,Nequi
7041,2026-09-23,07:36,1,,Domicilio,Tarjeta
7042,2026-09-23,17:40,1,,Domicilio,Efectivo
7043,2026-09-23,17:24,1,,Mostrador,Nequi
7044,2026-09-23,07:02,1,C271,Domicilio,Efectivo
7045,2026-09-23,08:21,1,,Mostrador,Tarjeta
7046,2026-09-23,17:43,1,,Domicilio,Tarjeta
7047,2026-09-23,11:05,1,C291,Domicilio,Nequi
7048,2026-09-23,10:55,1,C140,Mostrador,Efectivo
7049,2026-09-23,08:47,1,,Domicilio,Nequi
7050,2026-09-23,15:44,1,,Mostrador,Nequi
7051,2026-09-23,15:18,1,,Domicilio,Nequi
7052,2026-09-23,11:22,1,,Domicilio,Efectivo
7053,2026-09-23,06:48,1,,Mostrador,Nequi
7054,2026-09-23,10:38,1,,Mostrador,Tarjeta
7055,2026-09-23,09:11,1,C194,Mostrador,Efectivo
7056,2026-09-23,08:16,1,,Mostrador,Nequi
7057,2026-09-23,09:17,1,C275,Mostrador,Tarjeta
7058,2026-09-23,08:04,1,,Mostrador,Nequi
7059,2026-09-23,09:53,1,C292,Mostrador,Efectivo
7060,2026-09-23,19:35,1,,Mostrador,Nequi
7061,2026-09-23,08:40,2,,Mostrador,Tarjeta
7062,2026-09-23,09:06,2,,Domicilio,Nequi
7063,2026-09-23,16:50,2,,Domicilio,Tarjeta
7064,2026-09-23,09:38,2,C215,Mostrador,Tarjeta
7065,2026-09-23,10:29,2,C111,Mostrador,Nequi
7066,2026-09-23,08:52,2,,Mostrador,Efectivo
7067,2026-09-23,15:05,2,C255,Mostrador,Tarjeta
7068,2026-09-23,20:17,2,,Mostrador,Efectivo
7069,2026-09-23,12:33,2,C107,Mostrador,Nequi
7070,2026-09-23,08:54,2,,Mostrador,Efectivo
7071,2026-09-23,18:49,2,C139,Mostrador,Tarjeta
7072,2026-09-23,09:35,2,,Mostrador,Tarjeta
7073,2026-09-23,12:45,2,,Domicilio,Nequi
7074,2026-09-23,08:37,2,,Mostrador,Tarjeta
7075,2026-09-23,17:22,2,C179,Mostrador,Efectivo
7076,2026-09-23,09:58,2,,Mostrador,Efectivo
7077,2026-09-23,17:59,2,C167,Domicilio,Efectivo
7078,2026-09-23,13:03,2,,Mostrador,Nequi
7079,2026-09-23,09:39,2,C057,Mostrador,Nequi
7080,2026-09-23,11:45,2,,Mostrador,Tarjeta
7081,2026-09-23,12:05,2,,Mostrador,Efectivo
7082,2026-09-23,09:40,2,,Domicilio,Nequi
7083,2026-09-23,16:47,2,,Domicilio,Nequi
7084,2026-09-23,14:39,2,C143,Mostrador,Efectivo
7085,2026-09-23,07:43,2,C187,Mostrador,Nequi
7086,2026-09-23,17:59,2,C261,Mostrador,Efectivo
7087,2026-09-23,08:15,2,C150,Mostrador,Efectivo
7088,2026-09-23,06:19,2,,Domicilio,Nequi
7089,2026-09-23,09:05,2,C045,Mostrador,Tarjeta
7090,2026-09-23,09:56,2,,Mostrador,Efectivo
7091,2026-09-23,07:12,2,,Mostrador,Tarjeta
7092,2026-09-23,14:29,2,,Domicilio,Tarjeta
7093,2026-09-23,08:48,2,,Mostrador,Nequi
7094,2026-09-23,08:35,2,,Mostrador,Nequi
7095,2026-09-23,16:40,2,C138,Mostrador,Efectivo
7096,2026-09-23,07:43,2,C158,Mostrador,Nequi
7097,2026-09-23,19:20,2,,Mostrador,Tarjeta
7098,2026-09-23,08:42,2,C118,Mostrador,Efectivo
7099,2026-09-23,17:29,2,C292,Mostrador,Tarjeta
7100,2026-09-23,15:43,2,C238,Mostrador,Efectivo
7101,2026-09-23,08:22,2,,Mostrador,Nequi
7102,2026-09-23,09:56,2,C168,Domicilio,Nequi
7103,2026-09-23,10:44,2,,Domicilio,Nequi
7104,2026-09-23,15:38,2,C014,Mostrador,Nequi
7105,2026-09-23,06:05,2,,Mostrador,Tarjeta
7106,2026-09-23,19:40,2,C166,Mostrador,Efectivo
7107,2026-09-23,17:22,2,C047,Mostrador,Nequi
7108,2026-09-24,13:22,1,,Mostrador,Tarjeta
7109,2026-09-24,07:30,1,C119,Mostrador,Efectivo
7110,2026-09-24,13:49,1,,Mostrador,Nequi
7111,2026-09-24,09:20,1,C185,Domicilio,Efectivo
7112,2026-09-24,09:36,1,,Mostrador,Efectivo
7113,2026-09-24,12:32,1,,Mostrador,Tarjeta
7114,2026-09-24,11:45,1,,Mostrador,Efectivo
7115,2026-09-24,17:57,1,C009,Mostrador,Tarjeta
7116,2026-09-24,16:17,1,C289,Mostrador,Efectivo
7117,2026-09-24,13:16,1,C113,Mostrador,Nequi
7118,2026-09-24,11:20,1,C069,Mostrador,Nequi
7119,2026-09-24,07:45,1,C053,Mostrador,Nequi
7120,2026-09-24,10:22,1,C102,Mostrador,Efectivo
7121,2026-09-24,17:54,1,,Mostrador,Efectivo
7122,2026-09-24,09:18,1,,Domicilio,Nequi
7123,2026-09-24,13:19,1,C159,Mostrador,Efectivo
7124,2026-09-24,18:21,1,,Domicilio,Nequi
7125,2026-09-24,19:07,1,,Mostrador,Nequi
7126,2026-09-24,15:00,1,C141,Mostrador,Tarjeta
7127,2026-09-24,07:49,1,C021,Mostrador,Efectivo
7128,2026-09-24,15:24,1,,Mostrador,Efectivo
7129,2026-09-24,18:21,1,,Mostrador,Efectivo
7130,2026-09-24,15:35,1,C299,Mostrador,Efectivo
7131,2026-09-24,09:47,1,,Domicilio,Nequi
7132,2026-09-24,09:22,1,,Mostrador,Tarjeta
7133,2026-09-24,18:23,1,,Mostrador,Efectivo
7134,2026-09-24,08:09,1,C015,Mostrador,Tarjeta
7135,2026-09-24,19:50,1,,Domicilio,Nequi
7136,2026-09-24,10:32,1,,Mostrador,Efectivo
7137,2026-09-24,08:29,1,,Mostrador,Nequi
7138,2026-09-24,10:35,1,C284,Mostrador,Efectivo
7139,2026-09-24,10:55,1,C197,Mostrador,Tarjeta
7140,2026-09-24,09:21,1,C239,Mostrador,Tarjeta
7141,2026-09-24,07:40,1,,Mostrador,Nequi
7142,2026-09-24,14:22,1,C033,Mostrador,Nequi
7143,2026-09-24,17:54,1,C186,Mostrador,Efectivo
7144,2026-09-24,16:06,1,C083,Mostrador,Tarjeta
7145,2026-09-24,12:58,1,,Mostrador,Nequi
7146,2026-09-24,09:45,1,,Domicilio,Tarjeta
7147,2026-09-24,07:45,1,C047,Mostrador,Tarjeta
7148,2026-09-24,09:44,1,,Mostrador,Tarjeta
7149,2026-09-24,16:44,1,C134,Mostrador,Efectivo
7150,2026-09-24,07:55,1,C062,Mostrador,Efectivo
7151,2026-09-24,10:29,1,C155,Mostrador,Nequi
7152,2026-09-24,12:16,1,,Mostrador,Nequi
7153,2026-09-24,12:44,1,,Mostrador,Tarjeta
7154,2026-09-24,11:19,1,,Domicilio,Efectivo
7155,2026-09-24,09:46,1,,Mostrador,Tarjeta
7156,2026-09-24,13:12,1,C065,Mostrador,Nequi
7157,2026-09-24,15:49,1,C111,Domicilio,Efectivo
7158,2026-09-24,10:00,1,,Domicilio,Nequi
7159,2026-09-24,08:19,1,,Mostrador,Efectivo
7160,2026-09-24,17:35,1,,Mostrador,Tarjeta
7161,2026-09-24,13:46,1,C097,Mostrador,Efectivo
7162,2026-09-24,14:26,1,,Mostrador,Tarjeta
7163,2026-09-24,06:29,1,,Mostrador,Tarjeta
7164,2026-09-24,19:45,1,,Domicilio,Efectivo
7165,2026-09-24,15:31,1,,Mostrador,Nequi
7166,2026-09-24,16:38,1,,Domicilio,Tarjeta
7167,2026-09-24,13:00,1,,Mostrador,Efectivo
7168,2026-09-24,08:49,1,,Mostrador,Efectivo
7169,2026-09-24,15:12,1,C042,Mostrador,Nequi
7170,2026-09-24,18:44,1,C060,Domicilio,Efectivo
7171,2026-09-24,10:29,1,C184,Domicilio,Nequi
7172,2026-09-24,09:27,1,,Mostrador,Nequi
7173,2026-09-24,11:41,1,,Mostrador,Efectivo
7174,2026-09-24,17:59,1,,Mostrador,Efectivo
7175,2026-09-24,17:04,1,C179,Mostrador,Nequi
7176,2026-09-24,16:56,1,,Domicilio,Efectivo
7177,2026-09-24,08:22,2,C015,Mostrador,Nequi
7178,2026-09-24,07:39,2,,Mostrador,Efectivo
7179,2026-09-24,08:33,2,C097,Domicilio,Nequi
7180,2026-09-24,08:06,2,C212,Mostrador,Nequi
7181,2026-09-24,07:50,2,,Domicilio,Efectivo
7182,2026-09-24,18:40,2,,Mostrador,Tarjeta
7183,2026-09-24,09:24,2,C273,Mostrador,Efectivo
7184,2026-09-24,13:40,2,,Mostrador,Tarjeta
7185,2026-09-24,10:28,2,,Mostrador,Tarjeta
7186,2026-09-24,08:33,2,C186,Mostrador,Efectivo
7187,2026-09-24,08:54,2,C038,Mostrador,Nequi
7188,2026-09-24,16:04,2,,Mostrador,Nequi
7189,2026-09-24,08:40,2,C129,Mostrador,Efectivo
7190,2026-09-24,07:56,2,,Mostrador,Tarjeta
7191,2026-09-24,07:23,2,C003,Mostrador,Nequi
7192,2026-09-24,18:09,2,C247,Mostrador,Efectivo
7193,2026-09-24,16:39,2,,Mostrador,Tarjeta
7194,2026-09-24,13:23,2,,Domicilio,Tarjeta
7195,2026-09-24,08:33,2,C181,Mostrador,Tarjeta
7196,2026-09-24,06:28,2,,Mostrador,Nequi
7197,2026-09-24,07:07,2,C033,Mostrador,Nequi
7198,2026-09-24,12:52,2,,Mostrador,Nequi
7199,2026-09-24,16:53,2,C102,Mostrador,Tarjeta
7200,2026-09-24,16:16,2,,Mostrador,Tarjeta
7201,2026-09-24,16:33,2,,Mostrador,Efectivo
7202,2026-09-24,07:55,2,,Mostrador,Efectivo
7203,2026-09-24,17:38,2,C217,Mostrador,Nequi
7204,2026-09-24,10:07,2,C096,Mostrador,Efectivo
7205,2026-09-24,07:53,2,,Mostrador,Tarjeta
7206,2026-09-24,17:13,2,C166,Mostrador,Efectivo
7207,2026-09-24,09:12,2,,Mostrador,Efectivo
7208,2026-09-24,14:19,2,C058,Domicilio,Nequi
7209,2026-09-24,07:06,2,C170,Mostrador,Nequi
7210,2026-09-24,10:59,2,C145,Domicilio,Tarjeta
7211,2026-09-24,16:48,2,C016,Mostrador,Tarjeta
7212,2026-09-24,13:20,2,C054,Mostrador,Efectivo
7213,2026-09-24,11:48,2,C076,Mostrador,Efectivo
7214,2026-09-24,14:24,2,C167,Domicilio,Tarjeta
7215,2026-09-24,08:44,2,,Mostrador,Nequi
7216,2026-09-24,09:17,2,,Mostrador,Nequi
7217,2026-09-24,10:07,2,C135,Domicilio,Tarjeta
7218,2026-09-24,16:03,2,C282,Domicilio,Nequi
7219,2026-09-24,13:01,2,,Mostrador,Nequi
7220,2026-09-24,10:25,2,C290,Mostrador,Nequi
7221,2026-09-24,15:59,2,C197,Domicilio,Nequi
7222,2026-09-24,19:55,2,,Mostrador,Efectivo
7223,2026-09-24,10:30,2,,Mostrador,Nequi
7224,2026-09-24,08:21,2,,Mostrador,Tarjeta
7225,2026-09-24,07:54,2,,Mostrador,Nequi
7226,2026-09-24,10:25,2,,Mostrador,Efectivo
7227,2026-09-24,18:05,2,,Mostrador,Efectivo
7228,2026-09-24,08:49,2,C011,Mostrador,Nequi
7229,2026-09-24,15:59,2,C119,Domicilio,Efectivo
7230,2026-09-25,16:37,1,,Mostrador,Efectivo
7231,2026-09-25,12:13,1,,Mostrador,Efectivo
7232,2026-09-25,07:16,1,,Mostrador,Tarjeta
7233,2026-09-25,12:48,1,C170,Domicilio,Efectivo
7234,2026-09-25,07:02,1,,Mostrador,Nequi
7235,2026-09-25,07:22,1,,Mostrador,Tarjeta
7236,2026-09-25,11:50,1,,Domicilio,Nequi
7237,2026-09-25,14:27,1,,Mostrador,Efectivo
7238,2026-09-25,10:12,1,C045,Mostrador,Tarjeta
7239,2026-09-25,08:36,1,,Mostrador,Efectivo
7240,2026-09-25,14:04,1,,Mostrador,Efectivo
7241,2026-09-25,08:21,1,,Mostrador,Efectivo
7242,2026-09-25,08:33,1,C164,Mostrador,Tarjeta
7243,2026-09-25,17:45,1,,Domicilio,Efectivo
7244,2026-09-25,07:23,1,,Mostrador,Tarjeta
7245,2026-09-25,08:48,1,,Mostrador,Efectivo
7246,2026-09-25,08:14,1,C147,Mostrador,Nequi
7247,2026-09-25,19:36,1,,Mostrador,Nequi
7248,2026-09-25,11:38,1,C142,Mostrador,Efectivo
7249,2026-09-25,10:55,1,,Mostrador,Nequi
7250,2026-09-25,10:21,1,,Mostrador,Efectivo
7251,2026-09-25,11:08,1,C202,Domicilio,Efectivo
7252,2026-09-25,16:31,1,C196,Mostrador,Tarjeta
7253,2026-09-25,08:01,1,C267,Mostrador,Nequi
7254,2026-09-25,09:12,1,C121,Mostrador,Nequi
7255,2026-09-25,09:43,1,C120,Mostrador,Efectivo
7256,2026-09-25,08:03,1,C141,Mostrador,Nequi
7257,2026-09-25,18:12,1,,Mostrador,Nequi
7258,2026-09-25,10:15,1,,Domicilio,Tarjeta
7259,2026-09-25,11:40,1,C138,Mostrador,Tarjeta
7260,2026-09-25,08:49,1,,Mostrador,Efectivo
7261,2026-09-25,13:35,1,,Mostrador,Efectivo
7262,2026-09-25,09:26,1,C260,Mostrador,Efectivo
7263,2026-09-25,19:55,1,,Mostrador,Nequi
7264,2026-09-25,07:18,1,,Domicilio,Tarjeta
7265,2026-09-25,18:22,1,,Mostrador,Nequi
7266,2026-09-25,15:41,1,C233,Mostrador,Efectivo
7267,2026-09-25,15:12,1,,Mostrador,Efectivo
7268,2026-09-25,08:37,1,,Mostrador,Tarjeta
7269,2026-09-25,08:39,1,C089,Mostrador,Efectivo
7270,2026-09-25,09:55,1,C083,Mostrador,Tarjeta
7271,2026-09-25,08:30,1,,Mostrador,Nequi
7272,2026-09-25,07:20,1,C152,Mostrador,Tarjeta
7273,2026-09-25,07:07,1,,Mostrador,Tarjeta
7274,2026-09-25,08:47,1,C100,Mostrador,Nequi
7275,2026-09-25,15:35,1,C109,Mostrador,Tarjeta
7276,2026-09-25,16:27,1,C230,Mostrador,Efectivo
7277,2026-09-25,08:57,1,C022,Mostrador,Nequi
7278,2026-09-25,16:37,1,,Domicilio,Tarjeta
7279,2026-09-25,10:16,1,,Mostrador,Nequi
7280,2026-09-25,07:12,1,C263,Domicilio,Nequi
7281,2026-09-25,07:02,1,,Mostrador,Tarjeta
7282,2026-09-25,07:32,1,C159,Mostrador,Tarjeta
7283,2026-09-25,13:27,1,C242,Mostrador,Nequi
7284,2026-09-25,08:57,1,C210,Domicilio,Efectivo
7285,2026-09-25,08:29,1,,Domicilio,Efectivo
7286,2026-09-25,09:15,1,,Mostrador,Nequi
7287,2026-09-25,07:12,1,,Mostrador,Efectivo
7288,2026-09-25,20:42,1,,Mostrador,Nequi
7289,2026-09-25,15:39,1,,Mostrador,Efectivo
7290,2026-09-25,09:24,1,,Mostrador,Nequi
7291,2026-09-25,18:53,1,,Domicilio,Nequi
7292,2026-09-25,14:55,1,,Mostrador,Nequi
7293,2026-09-25,08:24,1,C040,Mostrador,Nequi
7294,2026-09-25,17:17,1,,Mostrador,Nequi
7295,2026-09-25,07:12,1,,Mostrador,Nequi
7296,2026-09-25,16:28,1,,Mostrador,Tarjeta
7297,2026-09-25,08:30,1,C103,Mostrador,Efectivo
7298,2026-09-25,09:34,1,C260,Domicilio,Efectivo
7299,2026-09-25,11:21,1,,Domicilio,Nequi
7300,2026-09-25,16:09,1,C087,Mostrador,Tarjeta
7301,2026-09-25,08:03,1,,Mostrador,Tarjeta
7302,2026-09-25,17:07,1,C177,Mostrador,Tarjeta
7303,2026-09-25,10:04,1,,Mostrador,Tarjeta
7304,2026-09-25,20:19,1,,Mostrador,Nequi
7305,2026-09-25,06:25,1,C190,Mostrador,Efectivo
7306,2026-09-25,07:58,1,,Domicilio,Nequi
7307,2026-09-25,09:19,2,,Mostrador,Tarjeta
7308,2026-09-25,07:51,2,,Domicilio,Nequi
7309,2026-09-25,11:39,2,,Mostrador,Efectivo
7310,2026-09-25,07:29,2,,Domicilio,Nequi
7311,2026-09-25,17:47,2,C172,Mostrador,Efectivo
7312,2026-09-25,10:56,2,,Mostrador,Efectivo
7313,2026-09-25,15:01,2,C299,Mostrador,Nequi
7314,2026-09-25,09:33,2,C246,Mostrador,Nequi
7315,2026-09-25,14:11,2,,Mostrador,Nequi
7316,2026-09-25,09:45,2,,Mostrador,Efectivo
7317,2026-09-25,16:29,2,C050,Mostrador,Tarjeta
7318,2026-09-25,07:59,2,C235,Mostrador,Efectivo
7319,2026-09-25,12:47,2,,Mostrador,Tarjeta
7320,2026-09-25,20:16,2,,Mostrador,Efectivo
7321,2026-09-25,18:50,2,C227,Domicilio,Tarjeta
7322,2026-09-25,07:51,2,C256,Mostrador,Tarjeta
7323,2026-09-25,07:20,2,C216,Domicilio,Tarjeta
7324,2026-09-25,08:05,2,C001,Mostrador,Efectivo
7325,2026-09-25,07:38,2,C292,Domicilio,Tarjeta
7326,2026-09-25,10:25,2,C177,Mostrador,Nequi
7327,2026-09-25,15:52,2,C272,Mostrador,Efectivo
7328,2026-09-25,17:40,2,,Mostrador,Nequi
7329,2026-09-25,20:19,2,,Mostrador,Tarjeta
7330,2026-09-25,08:04,2,C138,Mostrador,Efectivo
7331,2026-09-25,17:44,2,C014,Mostrador,Efectivo
7332,2026-09-25,10:36,2,,Domicilio,Efectivo
7333,2026-09-25,07:16,2,C282,Mostrador,Nequi
7334,2026-09-25,06:22,2,C083,Mostrador,Efectivo
7335,2026-09-25,10:41,2,,Mostrador,Nequi
7336,2026-09-25,09:07,2,C005,Mostrador,Efectivo
7337,2026-09-25,08:29,2,,Mostrador,Nequi
7338,2026-09-25,08:15,2,,Mostrador,Efectivo
7339,2026-09-25,19:58,2,,Mostrador,Efectivo
7340,2026-09-25,11:37,2,,Mostrador,Nequi
7341,2026-09-25,10:55,2,C187,Mostrador,Nequi
7342,2026-09-25,11:10,2,C077,Mostrador,Nequi
7343,2026-09-25,11:48,2,,Mostrador,Nequi
7344,2026-09-25,08:16,2,,Mostrador,Efectivo
7345,2026-09-25,08:07,2,,Mostrador,Efectivo
7346,2026-09-25,16:05,2,C107,Mostrador,Efectivo
7347,2026-09-25,10:59,2,,Domicilio,Tarjeta
7348,2026-09-25,10:08,2,,Mostrador,Efectivo
7349,2026-09-25,16:36,2,C118,Domicilio,Tarjeta
7350,2026-09-25,07:45,2,,Mostrador,Efectivo
7351,2026-09-25,15:02,2,,Mostrador,Tarjeta
7352,2026-09-25,08:21,2,,Mostrador,Efectivo
7353,2026-09-25,07:49,2,,Mostrador,Efectivo
7354,2026-09-25,08:23,2,C089,Mostrador,Efectivo
7355,2026-09-25,12:14,2,,Mostrador,Efectivo
7356,2026-09-25,10:58,2,C025,Mostrador,Tarjeta
7357,2026-09-25,11:07,2,C275,Mostrador,Nequi
7358,2026-09-25,19:30,2,,Mostrador,Nequi
7359,2026-09-25,14:15,2,C172,Mostrador,Nequi
7360,2026-09-25,10:22,2,,Mostrador,Tarjeta
7361,2026-09-25,16:01,2,,Mostrador,Nequi
7362,2026-09-25,10:49,2,C027,Mostrador,Nequi
7363,2026-09-25,08:46,2,,Mostrador,Efectivo
7364,2026-09-26,06:01,1,,Mostrador,Tarjeta
7365,2026-09-26,14:51,1,,Domicilio,Efectivo
7366,2026-09-26,09:44,1,,Domicilio,Nequi
7367,2026-09-26,13:34,1,,Domicilio,Efectivo
7368,2026-09-26,19:38,1,,Mostrador,Efectivo
7369,2026-09-26,15:43,1,,Mostrador,Efectivo
7370,2026-09-26,17:44,1,,Domicilio,Efectivo
7371,2026-09-26,19:42,1,,Mostrador,Efectivo
7372,2026-09-26,18:41,1,,Domicilio,Tarjeta
7373,2026-09-26,12:48,1,,Mostrador,Efectivo
7374,2026-09-26,13:45,1,C187,Mostrador,Nequi
7375,2026-09-26,07:29,1,C095,Mostrador,Tarjeta
7376,2026-09-26,17:04,1,C028,Domicilio,Tarjeta
7377,2026-09-26,15:47,1,,Mostrador,Efectivo
7378,2026-09-26,09:05,1,C213,Domicilio,Tarjeta
7379,2026-09-26,11:52,1,C286,Mostrador,Nequi
7380,2026-09-26,09:22,1,C111,Mostrador,Nequi
7381,2026-09-26,07:00,1,C259,Domicilio,Efectivo
7382,2026-09-26,10:01,1,,Domicilio,Tarjeta
7383,2026-09-26,08:45,1,C060,Mostrador,Nequi
7384,2026-09-26,12:53,1,,Domicilio,Nequi
7385,2026-09-26,20:42,1,,Mostrador,Nequi
7386,2026-09-26,16:30,1,C036,Mostrador,Tarjeta
7387,2026-09-26,10:55,1,,Mostrador,Nequi
7388,2026-09-26,11:31,1,,Mostrador,Nequi
7389,2026-09-26,09:46,1,C024,Domicilio,Nequi
7390,2026-09-26,17:58,1,,Domicilio,Tarjeta
7391,2026-09-26,06:57,1,,Mostrador,Efectivo
7392,2026-09-26,14:17,1,C277,Mostrador,Tarjeta
7393,2026-09-26,16:56,1,C109,Domicilio,Tarjeta
7394,2026-09-26,16:44,1,,Mostrador,Efectivo
7395,2026-09-26,17:09,1,,Mostrador,Tarjeta
7396,2026-09-26,13:51,1,,Mostrador,Efectivo
7397,2026-09-26,12:59,1,,Domicilio,Nequi
7398,2026-09-26,08:24,1,C024,Domicilio,Efectivo
7399,2026-09-26,20:24,1,,Mostrador,Efectivo
7400,2026-09-26,18:30,1,C234,Domicilio,Tarjeta
7401,2026-09-26,10:50,1,,Mostrador,Efectivo
7402,2026-09-26,13:18,1,C173,Mostrador,Tarjeta
7403,2026-09-26,10:55,1,,Domicilio,Nequi
7404,2026-09-26,12:58,1,C043,Mostrador,Efectivo
7405,2026-09-26,17:15,1,C236,Mostrador,Efectivo
7406,2026-09-26,07:11,1,,Mostrador,Efectivo
7407,2026-09-26,17:08,1,C200,Domicilio,Nequi
7408,2026-09-26,08:23,1,,Domicilio,Nequi
7409,2026-09-26,09:37,1,,Mostrador,Tarjeta
7410,2026-09-26,10:03,1,,Mostrador,Efectivo
7411,2026-09-26,13:24,1,,Mostrador,Nequi
7412,2026-09-26,16:01,1,C285,Mostrador,Efectivo
7413,2026-09-26,07:20,1,C298,Mostrador,Nequi
7414,2026-09-26,18:57,1,,Domicilio,Tarjeta
7415,2026-09-26,17:18,1,,Mostrador,Nequi
7416,2026-09-26,14:02,1,,Domicilio,Nequi
7417,2026-09-26,17:32,1,,Domicilio,Tarjeta
7418,2026-09-26,09:54,1,C203,Domicilio,Efectivo
7419,2026-09-26,09:33,1,C120,Mostrador,Tarjeta
7420,2026-09-26,06:02,1,,Mostrador,Tarjeta
7421,2026-09-26,11:31,1,,Domicilio,Efectivo
7422,2026-09-26,10:48,1,C245,Domicilio,Nequi
7423,2026-09-26,10:24,1,,Mostrador,Tarjeta
7424,2026-09-26,09:39,1,,Mostrador,Efectivo
7425,2026-09-26,16:46,1,,Mostrador,Tarjeta
7426,2026-09-26,08:49,1,C045,Mostrador,Nequi
7427,2026-09-26,07:37,1,,Domicilio,Efectivo
7428,2026-09-26,17:03,1,,Domicilio,Efectivo
7429,2026-09-26,17:21,1,,Domicilio,Efectivo
7430,2026-09-26,15:58,1,,Mostrador,Nequi
7431,2026-09-26,08:39,1,,Domicilio,Nequi
7432,2026-09-26,17:34,1,,Domicilio,Efectivo
7433,2026-09-26,07:02,1,,Domicilio,Nequi
7434,2026-09-26,15:04,1,,Mostrador,Tarjeta
7435,2026-09-26,18:14,1,,Mostrador,Efectivo
7436,2026-09-26,11:42,1,,Domicilio,Nequi
7437,2026-09-26,06:40,1,,Domicilio,Nequi
7438,2026-09-26,17:13,1,C205,Mostrador,Nequi
7439,2026-09-26,10:10,1,C087,Mostrador,Efectivo
7440,2026-09-26,07:53,1,,Mostrador,Tarjeta
7441,2026-09-26,07:06,1,,Domicilio,Efectivo
7442,2026-09-26,20:08,1,C145,Mostrador,Efectivo
7443,2026-09-26,12:32,1,C198,Domicilio,Efectivo
7444,2026-09-26,20:35,1,,Mostrador,Nequi
7445,2026-09-26,19:59,1,C235,Mostrador,Nequi
7446,2026-09-26,06:01,1,C261,Mostrador,Nequi
7447,2026-09-26,18:16,1,,Mostrador,Tarjeta
7448,2026-09-26,07:27,1,C146,Mostrador,Tarjeta
7449,2026-09-26,11:40,1,,Mostrador,Tarjeta
7450,2026-09-26,07:54,1,C158,Mostrador,Nequi
7451,2026-09-26,12:18,1,,Mostrador,Efectivo
7452,2026-09-26,13:59,2,,Mostrador,Tarjeta
7453,2026-09-26,09:41,2,C206,Domicilio,Nequi
7454,2026-09-26,09:45,2,,Mostrador,Efectivo
7455,2026-09-26,17:13,2,C227,Domicilio,Efectivo
7456,2026-09-26,14:08,2,C108,Domicilio,Nequi
7457,2026-09-26,20:10,2,,Domicilio,Efectivo
7458,2026-09-26,17:02,2,,Mostrador,Nequi
7459,2026-09-26,11:32,2,C275,Mostrador,Efectivo
7460,2026-09-26,18:43,2,C227,Mostrador,Efectivo
7461,2026-09-26,12:54,2,,Mostrador,Nequi
7462,2026-09-26,10:24,2,,Domicilio,Efectivo
7463,2026-09-26,12:28,2,C224,Mostrador,Efectivo
7464,2026-09-26,15:52,2,C166,Mostrador,Efectivo
7465,2026-09-26,08:37,2,,Domicilio,Nequi
7466,2026-09-26,12:07,2,C029,Mostrador,Tarjeta
7467,2026-09-26,17:18,2,,Mostrador,Tarjeta
7468,2026-09-26,18:18,2,C203,Mostrador,Nequi
7469,2026-09-26,16:35,2,C131,Mostrador,Efectivo
7470,2026-09-26,13:43,2,C162,Mostrador,Tarjeta
7471,2026-09-26,15:26,2,C103,Domicilio,Efectivo
7472,2026-09-26,17:00,2,,Domicilio,Efectivo
7473,2026-09-26,14:00,2,,Mostrador,Efectivo
7474,2026-09-26,10:16,2,,Mostrador,Tarjeta
7475,2026-09-26,06:27,2,,Domicilio,Nequi
7476,2026-09-26,19:53,2,,Mostrador,Tarjeta
7477,2026-09-26,08:39,2,,Mostrador,Tarjeta
7478,2026-09-26,15:51,2,,Mostrador,Tarjeta
7479,2026-09-26,10:55,2,C185,Mostrador,Tarjeta
7480,2026-09-26,07:45,2,,Domicilio,Nequi
7481,2026-09-26,15:49,2,C129,Mostrador,Efectivo
7482,2026-09-26,10:46,2,,Mostrador,Nequi
7483,2026-09-26,10:12,2,,Domicilio,Efectivo
7484,2026-09-26,09:05,2,,Mostrador,Tarjeta
7485,2026-09-26,11:56,2,,Mostrador,Tarjeta
7486,2026-09-26,07:58,2,,Mostrador,Nequi
7487,2026-09-26,10:54,2,C124,Mostrador,Nequi
7488,2026-09-26,06:17,2,,Mostrador,Tarjeta
7489,2026-09-26,07:44,2,,Domicilio,Efectivo
7490,2026-09-26,10:36,2,C264,Mostrador,Efectivo
7491,2026-09-26,07:34,2,C216,Domicilio,Efectivo
7492,2026-09-26,16:40,2,C016,Domicilio,Nequi
7493,2026-09-26,09:52,2,C241,Mostrador,Nequi
7494,2026-09-26,19:52,2,,Mostrador,Nequi
7495,2026-09-26,08:31,2,,Mostrador,Efectivo
7496,2026-09-26,20:56,2,C085,Domicilio,Nequi
7497,2026-09-26,15:39,2,C161,Mostrador,Efectivo
7498,2026-09-26,10:49,2,C171,Mostrador,Tarjeta
7499,2026-09-26,07:24,2,,Mostrador,Efectivo
7500,2026-09-26,09:24,2,,Mostrador,Nequi
7501,2026-09-26,12:01,2,,Mostrador,Nequi
7502,2026-09-26,13:37,2,,Mostrador,Efectivo
7503,2026-09-26,07:51,2,,Mostrador,Efectivo
7504,2026-09-26,15:00,2,C209,Domicilio,Tarjeta
7505,2026-09-26,06:42,2,,Mostrador,Nequi
7506,2026-09-26,09:55,2,,Domicilio,Tarjeta
7507,2026-09-26,13:57,2,C031,Mostrador,Tarjeta
7508,2026-09-26,13:05,2,,Mostrador,Nequi
7509,2026-09-26,07:33,2,,Mostrador,Efectivo
7510,2026-09-26,08:39,2,,Domicilio,Tarjeta
7511,2026-09-26,08:13,2,,Mostrador,Nequi
7512,2026-09-26,17:20,2,C098,Domicilio,Tarjeta
7513,2026-09-26,15:13,2,C058,Domicilio,Nequi
7514,2026-09-26,07:22,2,,Domicilio,Nequi
7515,2026-09-26,10:11,2,C289,Mostrador,Efectivo
7516,2026-09-26,09:37,2,C149,Mostrador,Nequi
7517,2026-09-26,08:03,2,C244,Domicilio,Nequi
7518,2026-09-26,08:57,2,,Domicilio,Tarjeta
7519,2026-09-26,12:18,2,C187,Mostrador,Efectivo
7520,2026-09-26,18:54,2,C195,Domicilio,Tarjeta
7521,2026-09-26,09:26,2,,Domicilio,Nequi
7522,2026-09-26,16:04,2,C282,Mostrador,Tarjeta
7523,2026-09-26,20:50,2,C205,Domicilio,Nequi
7524,2026-09-26,10:38,2,C244,Domicilio,Nequi
7525,2026-09-26,08:16,2,,Mostrador,Efectivo
7526,2026-09-26,09:26,2,,Mostrador,Tarjeta
7527,2026-09-26,09:55,2,,Domicilio,Efectivo
7528,2026-09-26,08:33,2,,Mostrador,Nequi
7529,2026-09-26,10:06,2,,Mostrador,Efectivo
7530,2026-09-26,09:13,2,C215,Domicilio,Nequi
7531,2026-09-26,16:48,2,,Mostrador,Nequi
7532,2026-09-26,16:55,2,C017,Mostrador,Tarjeta
7533,2026-09-27,11:27,1,,Mostrador,Efectivo
7534,2026-09-27,10:03,1,C260,Mostrador,Efectivo
7535,2026-09-27,11:49,1,C023,Mostrador,Efectivo
7536,2026-09-27,09:27,1,C102,Mostrador,Efectivo
7537,2026-09-27,14:50,1,,Mostrador,Efectivo
7538,2026-09-27,09:02,1,C195,Domicilio,Efectivo
7539,2026-09-27,10:47,1,C188,Mostrador,Nequi
7540,2026-09-27,15:07,1,,Mostrador,Tarjeta
7541,2026-09-27,07:33,1,C003,Mostrador,Tarjeta
7542,2026-09-27,17:37,1,C061,Mostrador,Nequi
7543,2026-09-27,10:45,1,,Mostrador,Efectivo
7544,2026-09-27,13:06,1,C135,Mostrador,Efectivo
7545,2026-09-27,18:11,1,,Mostrador,Efectivo
7546,2026-09-27,07:09,1,,Mostrador,Nequi
7547,2026-09-27,09:00,1,,Mostrador,Nequi
7548,2026-09-27,09:29,1,C050,Mostrador,Nequi
7549,2026-09-27,18:22,1,,Mostrador,Efectivo
7550,2026-09-27,09:07,1,C022,Mostrador,Efectivo
7551,2026-09-27,08:13,1,C005,Mostrador,Efectivo
7552,2026-09-27,08:22,1,C256,Mostrador,Efectivo
7553,2026-09-27,10:36,1,,Domicilio,Nequi
7554,2026-09-27,14:59,1,C249,Domicilio,Nequi
7555,2026-09-27,09:00,1,,Mostrador,Tarjeta
7556,2026-09-27,13:01,1,,Mostrador,Nequi
7557,2026-09-27,11:35,1,C241,Mostrador,Efectivo
7558,2026-09-27,11:48,1,,Mostrador,Tarjeta
7559,2026-09-27,15:38,1,,Mostrador,Tarjeta
7560,2026-09-27,15:57,1,C040,Mostrador,Nequi
7561,2026-09-27,06:54,1,C041,Mostrador,Nequi
7562,2026-09-27,08:56,1,,Mostrador,Tarjeta
7563,2026-09-27,13:06,1,,Mostrador,Tarjeta
7564,2026-09-27,10:20,1,,Mostrador,Tarjeta
7565,2026-09-27,11:19,1,,Mostrador,Efectivo
7566,2026-09-27,15:10,1,,Mostrador,Nequi
7567,2026-09-27,12:46,1,C081,Mostrador,Efectivo
7568,2026-09-27,08:48,1,,Mostrador,Nequi
7569,2026-09-27,09:36,1,C011,Mostrador,Nequi
7570,2026-09-27,08:12,1,C296,Mostrador,Nequi
7571,2026-09-27,15:19,1,,Mostrador,Efectivo
7572,2026-09-27,10:42,1,C242,Mostrador,Efectivo
7573,2026-09-27,17:25,1,,Mostrador,Efectivo
7574,2026-09-27,07:32,1,,Mostrador,Tarjeta
7575,2026-09-27,12:13,1,C004,Mostrador,Tarjeta
7576,2026-09-27,13:55,1,,Mostrador,Tarjeta
7577,2026-09-27,07:50,1,,Mostrador,Efectivo
7578,2026-09-27,18:04,1,C299,Mostrador,Nequi
7579,2026-09-27,08:50,1,,Domicilio,Efectivo
7580,2026-09-27,10:46,1,,Mostrador,Efectivo
7581,2026-09-27,16:02,1,,Mostrador,Nequi
7582,2026-09-27,06:19,1,C200,Mostrador,Nequi
7583,2026-09-27,09:19,1,C005,Mostrador,Efectivo
7584,2026-09-27,12:14,1,C292,Domicilio,Nequi
7585,2026-09-27,09:25,1,C033,Mostrador,Nequi
7586,2026-09-27,11:24,1,,Mostrador,Efectivo
7587,2026-09-27,09:39,1,C237,Mostrador,Nequi
7588,2026-09-27,09:08,1,C255,Mostrador,Nequi
7589,2026-09-27,08:13,1,C102,Mostrador,Tarjeta
7590,2026-09-27,08:03,1,,Mostrador,Nequi
7591,2026-09-27,18:04,1,,Mostrador,Tarjeta
7592,2026-09-27,18:43,1,,Domicilio,Efectivo
7593,2026-09-27,17:48,1,,Domicilio,Tarjeta
7594,2026-09-27,09:44,1,C262,Mostrador,Nequi
7595,2026-09-27,19:30,1,,Domicilio,Tarjeta
7596,2026-09-27,11:39,1,C173,Mostrador,Tarjeta
7597,2026-09-27,20:18,1,,Mostrador,Nequi
7598,2026-09-27,14:23,1,,Mostrador,Efectivo
7599,2026-09-27,09:05,1,,Mostrador,Efectivo
7600,2026-09-27,15:39,1,,Mostrador,Nequi
7601,2026-09-27,17:33,1,,Mostrador,Tarjeta
7602,2026-09-27,12:12,1,C285,Mostrador,Efectivo
7603,2026-09-27,10:07,1,,Mostrador,Tarjeta
7604,2026-09-27,11:32,1,C158,Mostrador,Tarjeta
7605,2026-09-27,10:34,1,,Domicilio,Tarjeta
7606,2026-09-27,10:26,1,,Mostrador,Efectivo
7607,2026-09-27,17:52,1,C154,Mostrador,Nequi
7608,2026-09-27,19:25,1,,Mostrador,Efectivo
7609,2026-09-27,09:38,1,,Mostrador,Tarjeta
7610,2026-09-27,16:54,1,C057,Mostrador,Nequi
7611,2026-09-27,17:53,1,,Mostrador,Efectivo
7612,2026-09-27,08:28,1,C002,Mostrador,Efectivo
7613,2026-09-27,17:27,1,,Mostrador,Nequi
7614,2026-09-27,07:29,1,,Domicilio,Nequi
7615,2026-09-27,17:32,1,,Mostrador,Efectivo
7616,2026-09-27,18:21,1,,Mostrador,Tarjeta
7617,2026-09-27,18:59,2,,Mostrador,Efectivo
7618,2026-09-27,15:40,2,,Domicilio,Nequi
7619,2026-09-27,17:07,2,,Mostrador,Efectivo
7620,2026-09-27,09:55,2,C194,Mostrador,Efectivo
7621,2026-09-27,12:55,2,,Domicilio,Tarjeta
7622,2026-09-27,18:28,2,,Mostrador,Nequi
7623,2026-09-27,11:52,2,,Domicilio,Efectivo
7624,2026-09-27,09:37,2,,Mostrador,Tarjeta
7625,2026-09-27,12:17,2,C036,Domicilio,Efectivo
7626,2026-09-27,10:27,2,C295,Mostrador,Nequi
7627,2026-09-27,13:53,2,,Domicilio,Efectivo
7628,2026-09-27,10:36,2,,Mostrador,Nequi
7629,2026-09-27,16:45,2,,Mostrador,Efectivo
7630,2026-09-27,09:10,2,,Mostrador,Tarjeta
7631,2026-09-27,06:20,2,C200,Mostrador,Nequi
7632,2026-09-27,08:17,2,,Mostrador,Nequi
7633,2026-09-27,16:32,2,,Domicilio,Tarjeta
7634,2026-09-27,07:41,2,,Domicilio,Tarjeta
7635,2026-09-27,07:28,2,,Mostrador,Tarjeta
7636,2026-09-27,10:13,2,,Mostrador,Efectivo
7637,2026-09-27,15:55,2,,Mostrador,Efectivo
7638,2026-09-27,08:30,2,C090,Mostrador,Tarjeta
7639,2026-09-27,11:47,2,,Mostrador,Nequi
7640,2026-09-27,12:39,2,,Mostrador,Nequi
7641,2026-09-27,13:51,2,,Mostrador,Efectivo
7642,2026-09-27,10:28,2,C175,Mostrador,Nequi
7643,2026-09-27,10:01,2,,Mostrador,Nequi
7644,2026-09-27,14:03,2,C142,Mostrador,Efectivo
7645,2026-09-27,17:25,2,,Mostrador,Tarjeta
7646,2026-09-27,06:01,2,C178,Mostrador,Tarjeta
7647,2026-09-27,14:04,2,,Mostrador,Efectivo
7648,2026-09-27,08:13,2,C248,Mostrador,Tarjeta
7649,2026-09-27,07:17,2,C009,Domicilio,Tarjeta
7650,2026-09-27,18:57,2,,Mostrador,Efectivo
7651,2026-09-27,07:14,2,C217,Mostrador,Tarjeta
7652,2026-09-27,12:50,2,,Mostrador,Nequi
7653,2026-09-27,07:04,2,C159,Mostrador,Efectivo
7654,2026-09-27,16:05,2,,Mostrador,Efectivo
7655,2026-09-27,12:12,2,C168,Mostrador,Efectivo
7656,2026-09-27,17:23,2,C205,Domicilio,Tarjeta
7657,2026-09-27,15:44,2,C237,Mostrador,Nequi
7658,2026-09-27,16:11,2,C218,Mostrador,Efectivo
7659,2026-09-27,15:21,2,C284,Domicilio,Efectivo
7660,2026-09-27,18:40,2,C074,Mostrador,Efectivo
7661,2026-09-27,15:01,2,,Mostrador,Efectivo
7662,2026-09-27,14:18,2,C294,Mostrador,Efectivo
7663,2026-09-27,16:13,2,,Domicilio,Nequi
7664,2026-09-27,16:06,2,,Mostrador,Tarjeta
7665,2026-09-27,09:45,2,,Mostrador,Tarjeta
7666,2026-09-27,12:25,2,C160,Mostrador,Tarjeta
7667,2026-09-27,07:49,2,,Domicilio,Nequi
7668,2026-09-27,17:59,2,,Mostrador,Tarjeta
7669,2026-09-27,07:55,2,,Mostrador,Nequi
7670,2026-09-27,08:26,2,C074,Mostrador,Tarjeta
7671,2026-09-27,11:25,2,,Mostrador,Tarjeta
7672,2026-09-27,08:49,2,,Domicilio,Efectivo
7673,2026-09-27,06:39,2,,Mostrador,Nequi
7674,2026-09-27,16:06,2,C045,Mostrador,Efectivo
7675,2026-09-27,10:39,2,,Mostrador,Efectivo
7676,2026-09-27,09:10,2,,Mostrador,Efectivo
