id_venta,fecha,hora,punto,canal,producto,cantidad,precio_unitario,medio_pago,id_cliente
1,2026-08-03,09:58,Nübe Centro,Mostrador,Americano,1,5000,Nequi,
1,2026-08-03,09:58,Nübe Centro,Mostrador,Tinto,1,3000,Nequi,
2,2026-08-03,18:18,Nübe Centro,Mostrador,Frappé de café,1,11000,Tarjeta,C061
2,2026-08-03,18:18,Nübe Centro,Mostrador,Tinto,2,3000,Tarjeta,C061
3,2026-08-03,08:55,Nübe Centro,Mostrador,Croissant,1,6000,Tarjeta,
4,2026-08-03,15:04,Nübe Centro,Mostrador,Frappé de café,1,11000,Efectivo,
5,2026-08-03,09:09,Nübe Centro,Mostrador,Frappé de café,1,11000,Tarjeta,
5,2026-08-03,09:09,Nübe Centro,Mostrador,Tinto,2,3000,Tarjeta,
6,2026-08-03,17:07,Nübe Centro,Mostrador,Croissant de almendras,1,8000,Efectivo,C069
6,2026-08-03,17:07,Nübe Centro,Mostrador,Tinto,1,3000,Efectivo,C069
7,2026-08-03,13:45,Nübe Centro,Mostrador,Tinto,1,3000,Nequi,
8,2026-08-03,09:03,Nübe Centro,Mostrador,Capuchino,1,8500,Tarjeta,
8,2026-08-03,09:03,Nübe Centro,Mostrador,Croissant,1,6000,Tarjeta,
9,2026-08-03,18:08,Nübe Centro,Domicilio,Capuchino,1,8500,Tarjeta,
9,2026-08-03,18:08,Nübe Centro,Domicilio,Frappé de café,1,11000,Tarjeta,
10,2026-08-03,10:53,Nübe Centro,Mostrador,Croissant,1,6000,Nequi,
10,2026-08-03,10:53,Nübe Centro,Mostrador,Frappé de café,1,11000,Nequi,
11,2026-08-03,07:38,Nübe Centro,Domicilio,Capuchino,1,8500,Nequi,C179
11,2026-08-03,07:38,Nübe Centro,Domicilio,Tinto,1,3000,Nequi,C179
12,2026-08-03,08:00,Nübe Centro,Mostrador,Tinto,1,3000,Tarjeta,
13,2026-08-03,09:08,Nübe Centro,Mostrador,Americano,2,5000,Efectivo,
13,2026-08-03,09:08,Nübe Centro,Mostrador,Capuchino,1,8500,Efectivo,
13,2026-08-03,09:08,Nübe Centro,Mostrador,Tinto,1,3000,Efectivo,
14,2026-08-03,16:39,Nübe Centro,Mostrador,Croissant,1,6000,Nequi,C017
14,2026-08-03,16:39,Nübe Centro,Mostrador,Frappé de café,1,11000,Nequi,C017
15,2026-08-03,12:43,Nübe Centro,Mostrador,Capuchino,1,8500,Nequi,
15,2026-08-03,12:43,Nübe Centro,Mostrador,Frappé de café,1,11000,Nequi,
16,2026-08-03,11:12,Nübe Centro,Mostrador,Americano,1,5000,Nequi,C238
17,2026-08-03,11:55,Nübe Centro,Mostrador,Croissant de almendras,1,8000,Nequi,
17,2026-08-03,11:55,Nübe Centro,Mostrador,Latte,3,9000,Nequi,
18,2026-08-03,06:17,Nübe Centro,Mostrador,Croissant,2,6000,Tarjeta,C176
19,2026-08-03,07:54,Nübe Centro,Mostrador,Croissant,1,6000,Tarjeta,C224
20,2026-08-03,14:10,Nübe Centro,Mostrador,Chocolate caliente,1,7500,Nequi,C210
21,2026-08-03,10:33,Nübe Centro,Domicilio,Croissant de almendras,1,8000,Efectivo,C092
22,2026-08-03,18:35,Nübe Centro,Mostrador,Capuchino,1,8500,Tarjeta,
22,2026-08-03,18:35,Nübe Centro,Mostrador,Frappé de café,1,11000,Tarjeta,
23,2026-08-03,11:05,Nübe Centro,Domicilio,Latte,1,9000,Efectivo,C180
24,2026-08-03,09:44,Nübe Centro,Mostrador,Capuchino,1,8500,Nequi,
25,2026-08-03,15:10,Nübe Centro,Domicilio,Tinto,1,3000,Nequi,C025
26,2026-08-03,10:17,Nübe Centro,Mostrador,Croissant,1,6000,Nequi,C138
26,2026-08-03,10:17,Nübe Centro,Mostrador,Tinto,1,3000,Nequi,C138
27,2026-08-03,19:31,Nübe Centro,Mostrador,Tinto,1,3000,Efectivo,C297
28,2026-08-03,17:20,Nübe Centro,Mostrador,Latte,1,9000,Nequi,
29,2026-08-03,15:18,Nübe Centro,Domicilio,Americano,1,5000,Nequi,C043
29,2026-08-03,15:18,Nübe Centro,Domicilio,Capuchino,1,8500,Nequi,C043
29,2026-08-03,15:18,Nübe Centro,Domicilio,Croissant,1,6000,Nequi,C043
30,2026-08-03,10:35,Nübe Centro,Mostrador,Croissant de almendras,1,8000,Nequi,
30,2026-08-03,10:35,Nübe Centro,Mostrador,Latte,2,9000,Nequi,
31,2026-08-03,07:13,Nübe Centro,Mostrador,Chocolate caliente,2,7500,Tarjeta,C110
31,2026-08-03,07:13,Nübe Centro,Mostrador,Tinto,1,3000,Tarjeta,C110
32,2026-08-03,09:53,Nübe Centro,Mostrador,Capuchino,1,8500,Nequi,
33,2026-08-03,09:31,Nübe Centro,Mostrador,Chocolate caliente,1,7500,Tarjeta,
34,2026-08-03,07:25,Nübe Centro,Mostrador,Tinto,1,3000,Nequi,C123
35,2026-08-03,19:01,Nübe Centro,Mostrador,Frappé de café,1,11000,Tarjeta,
36,2026-08-03,15:38,Nübe Centro,Mostrador,Chocolate caliente,1,7500,Efectivo,C215
37,2026-08-03,08:26,Nübe Centro,Mostrador,Croissant,2,6000,Nequi,
37,2026-08-03,08:26,Nübe Centro,Mostrador,Croissant de almendras,3,8000,Nequi,
38,2026-08-03,09:10,Nübe Centro,Mostrador,Americano,1,5000,Efectivo,
38,2026-08-03,09:10,Nübe Centro,Mostrador,Chocolate caliente,2,7500,Efectivo,
38,2026-08-03,09:10,Nübe Centro,Mostrador,Frappé de café,2,11000,Efectivo,
39,2026-08-03,15:07,Nübe Centro,Mostrador,Frappé de café,2,11000,Efectivo,
40,2026-08-03,12:01,Nübe Centro,Mostrador,Croissant,1,6000,Tarjeta,C046
40,2026-08-03,12:01,Nübe Centro,Mostrador,Croissant de almendras,1,8000,Tarjeta,C046
40,2026-08-03,12:01,Nübe Centro,Mostrador,Frappé de café,1,11000,Tarjeta,C046
41,2026-08-03,11:19,Nübe Centro,Mostrador,Capuchino,1,8500,Efectivo,C005
42,2026-08-03,11:42,Nübe Centro,Domicilio,Americano,1,5000,Efectivo,C137
43,2026-08-03,08:52,Nübe Centro,Mostrador,Capuchino,2,8500,Tarjeta,C077
43,2026-08-03,08:52,Nübe Centro,Mostrador,Croissant,1,6000,Tarjeta,C077
44,2026-08-03,13:06,Nübe Centro,Mostrador,Croissant de almendras,1,8000,Efectivo,
45,2026-08-03,08:56,Nübe Centro,Mostrador,Americano,1,5000,Efectivo,
45,2026-08-03,08:56,Nübe Centro,Mostrador,Croissant,1,6000,Efectivo,
46,2026-08-03,15:22,Nübe Centro,Mostrador,Frappé de café,2,11000,Tarjeta,
47,2026-08-03,13:54,Nübe Centro,Domicilio,Americano,1,5000,Nequi,C017
47,2026-08-03,13:54,Nübe Centro,Domicilio,Frappé de café,1,11000,Nequi,C017
48,2026-08-03,16:16,Nübe Centro,Mostrador,Latte,1,9000,Nequi,
49,2026-08-03,09:00,Nübe Centro,Mostrador,Capuchino,1,8500,Efectivo,C085
49,2026-08-03,09:00,Nübe Centro,Mostrador,Tinto,1,3000,Efectivo,C085
50,2026-08-03,10:19,Nübe Centro,Mostrador,Croissant,2,6000,Efectivo,C103
51,2026-08-03,11:35,Nübe Centro,Mostrador,Croissant,1,6000,Nequi,
51,2026-08-03,11:35,Nübe Centro,Mostrador,Tinto,1,3000,Nequi,
52,2026-08-03,07:57,Nübe Centro,Domicilio,Tinto,1,3000,Tarjeta,C296
53,2026-08-03,07:25,Nübe Centro,Mostrador,Croissant de almendras,1,8000,Nequi,
53,2026-08-03,07:25,Nübe Centro,Mostrador,Frappé de café,1,11000,Nequi,
53,2026-08-03,07:25,Nübe Centro,Mostrador,Latte,1,9000,Nequi,
54,2026-08-03,08:02,Nübe Centro,Mostrador,Tinto,1,3000,Tarjeta,
55,2026-08-03,07:03,Nübe Centro,Mostrador,Tinto,1,3000,Tarjeta,
56,2026-08-03,18:20,Nübe Centro,Mostrador,Chocolate caliente,1,7500,Tarjeta,C083
57,2026-08-03,19:50,Nübe Centro,Mostrador,Croissant,1,6000,Efectivo,
58,2026-08-03,10:49,Nübe Centro,Mostrador,Capuchino,1,8500,Efectivo,
58,2026-08-03,10:49,Nübe Centro,Mostrador,Croissant,2,6000,Efectivo,
59,2026-08-03,16:18,Nübe Centro,Mostrador,Croissant,1,6000,Sin dato,C007
60,2026-08-03,12:34,Nübe Centro,Mostrador,Frappé de café,1,11000,Nequi,C140
60,2026-08-03,12:34,Nübe Centro,Mostrador,Tinto,1,3000,Nequi,C140
61,2026-08-03,18:17,Nübe Centro,Mostrador,Capuchino,1,8500,Efectivo,C259
62,2026-08-03,09:25,Nübe Centro,Domicilio,Capuchino,2,8500,Nequi,
62,2026-08-03,09:25,Nübe Centro,Domicilio,Frappé de café,1,11000,Nequi,
63,2026-08-03,18:02,Nübe Centro,Mostrador,Latte,1,9000,Nequi,
64,2026-08-03,08:20,Nübe Centro,Mostrador,Americano,1,5000,Efectivo,C150
65,2026-08-03,16:53,Nübe Altico,Domicilio,Capuchino,1,8500,Efectivo,C279
66,2026-08-03,10:52,Nübe Altico,Mostrador,Tinto,1,3000,Efectivo,
67,2026-08-03,07:03,Nübe Altico,Mostrador,Tinto,1,3000,Efectivo,
68,2026-08-03,06:59,Nübe Altico,Mostrador,Americano,1,5000,Efectivo,
68,2026-08-03,06:59,Nübe Altico,Mostrador,Chocolate caliente,1,7500,Efectivo,
69,2026-08-03,09:45,Nübe Altico,Mostrador,Croissant de almendras,1,8000,Tarjeta,
69,2026-08-03,09:45,Nübe Altico,Mostrador,Tinto,1,3000,Tarjeta,
70,2026-08-03,09:53,Nübe Altico,Mostrador,Croissant,1,6000,Tarjeta,C248
70,2026-08-03,09:53,Nübe Altico,Mostrador,Frappé de café,1,11000,Tarjeta,C248
71,2026-08-03,09:15,Nübe Altico,Mostrador,Capuchino,1,8500,Efectivo,C141
71,2026-08-03,09:15,Nübe Altico,Mostrador,Croissant,1,6000,Efectivo,C141
71,2026-08-03,09:15,Nübe Altico,Mostrador,Tinto,2,3000,Sin dato,C141
72,2026-08-03,19:24,Nübe Altico,Mostrador,Americano,2,5000,Nequi,
72,2026-08-03,19:24,Nübe Altico,Mostrador,Croissant,1,6000,Nequi,
73,2026-08-03,09:42,Nübe Altico,Mostrador,Latte,2,9000,Efectivo,C196
73,2026-08-03,09:42,Nübe Altico,Mostrador,Tinto,3,3000,Efectivo,C196
74,2026-08-03,09:57,Nübe Altico,Mostrador,Croissant,1,6000,Efectivo,C037
75,2026-08-03,08:11,Nübe Altico,Mostrador,Tinto,1,3000,Tarjeta,C190
76,2026-08-03,09:37,Nübe Altico,Mostrador,Croissant de almendras,1,8000,Tarjeta,
77,2026-08-03,20:31,Nübe Altico,Mostrador,Americano,1,5000,Efectivo,
78,2026-08-03,17:11,Nübe Altico,Mostrador,Americano,1,5000,Efectivo,C074
79,2026-08-03,10:37,Nübe Altico,Domicilio,Croissant,1,6000,Tarjeta,
80,2026-08-03,08:01,Nübe Altico,Domicilio,Croissant de almendras,1,8000,Efectivo,
81,2026-08-03,08:34,Nübe Altico,Mostrador,Americano,1,5000,Nequi,
82,2026-08-03,10:59,Nübe Altico,Domicilio,Croissant,1,6000,Nequi,C057
82,2026-08-03,10:59,Nübe Altico,Domicilio,Latte,1,9000,Nequi,C057
82,2026-08-03,10:59,Nübe Altico,Domicilio,Tinto,1,3000,Nequi,C057
83,2026-08-03,07:20,Nübe Altico,Mostrador,Croissant,1,6000,Tarjeta,C272
83,2026-08-03,07:20,Nübe Altico,Mostrador,Tinto,1,3000,Tarjeta,C272
84,2026-08-03,07:27,Nübe Altico,Mostrador,Tinto,2,3000,Nequi,
85,2026-08-03,15:35,Nübe Altico,Mostrador,Tinto,1,3000,Sin dato,C181
86,2026-08-03,13:34,Nübe Altico,Domicilio,Frappé de café,1,11000,Efectivo,C202
87,2026-08-03,10:44,Nübe Altico,Domicilio,Croissant,1,6000,Tarjeta,
87,2026-08-03,10:44,Nübe Altico,Domicilio,Frappé de café,1,11000,Tarjeta,
88,2026-08-03,16:06,Nübe Altico,Mostrador,Capuchino,1,8500,Efectivo,C198
88,2026-08-03,16:06,Nübe Altico,Mostrador,Croissant de almendras,2,8000,Efectivo,C198
88,2026-08-03,16:06,Nübe Altico,Mostrador,Latte,1,9000,Efectivo,C198
89,2026-08-03,08:38,Nübe Altico,Mostrador,Capuchino,2,8500,Nequi,
90,2026-08-03,06:25,Nübe Altico,Domicilio,Tinto,1,3000,Efectivo,
91,2026-08-03,07:38,Nübe Altico,Mostrador,Americano,1,5000,Tarjeta,
91,2026-08-03,07:38,Nübe Altico,Mostrador,Tinto,1,3000,Sin dato,
92,2026-08-03,08:34,Nübe Altico,Domicilio,Americano,1,5000,Nequi,
92,2026-08-03,08:34,Nübe Altico,Domicilio,Capuchino,1,8500,Nequi,
93,2026-08-03,09:47,Nübe Altico,Mostrador,Americano,1,5000,Nequi,
93,2026-08-03,09:47,Nübe Altico,Mostrador,Croissant,1,6000,Nequi,
94,2026-08-03,20:51,Nübe Altico,Mostrador,Latte,1,9000,Tarjeta,
95,2026-08-03,08:22,Nübe Altico,Mostrador,Croissant,1,6000,Nequi,
96,2026-08-03,20:56,Nübe Altico,Mostrador,Capuchino,1,8500,Tarjeta,
97,2026-08-03,06:51,Nübe Altico,Mostrador,Americano,1,5000,Efectivo,C177
98,2026-08-03,11:29,Nübe Altico,Domicilio,Chocolate caliente,1,7500,Tarjeta,
99,2026-08-03,10:11,Nübe Altico,Mostrador,Capuchino,1,8500,Tarjeta,C206
99,2026-08-03,10:11,Nübe Altico,Mostrador,Tinto,1,3000,Tarjeta,C206
100,2026-08-03,15:42,Nübe Altico,Domicilio,Croissant,1,6000,Tarjeta,C040
100,2026-08-03,15:42,Nübe Altico,Domicilio,Latte,1,9000,Tarjeta,C040
101,2026-08-03,08:03,Nübe Altico,Mostrador,Croissant,1,6000,Tarjeta,C101
101,2026-08-03,08:03,Nübe Altico,Mostrador,Latte,1,9000,Tarjeta,C101
102,2026-08-03,20:57,Nübe Altico,Mostrador,Tinto,1,3000,Efectivo,
103,2026-08-03,18:55,Nübe Altico,Mostrador,Capuchino,1,8500,Tarjeta,C147
103,2026-08-03,18:55,Nübe Altico,Mostrador,Tinto,1,3000,Tarjeta,C147
104,2026-08-03,08:33,Nübe Altico,Mostrador,Capuchino,2,8500,Nequi,C015
104,2026-08-03,08:33,Nübe Altico,Mostrador,Croissant,1,6000,Nequi,C015
105,2026-08-03,10:07,Nübe Altico,Mostrador,Chocolate caliente,1,7500,Nequi,
105,2026-08-03,10:07,Nübe Altico,Mostrador,Croissant,1,6000,Nequi,
105,2026-08-03,10:07,Nübe Altico,Mostrador,Tinto,1,3000,Nequi,
106,2026-08-03,07:46,Nübe Altico,Mostrador,Croissant,1,6000,Efectivo,
106,2026-08-03,07:46,Nübe Altico,Mostrador,Tinto,1,3000,Efectivo,
107,2026-08-03,09:04,Nübe Altico,Mostrador,Croissant,1,6000,Tarjeta,C133
108,2026-08-04,12:19,Nübe Centro,Domicilio,Americano,1,5000,Tarjeta,
108,2026-08-04,12:19,Nübe Centro,Domicilio,Capuchino,1,8500,Tarjeta,
109,2026-08-04,13:19,Nübe Centro,Mostrador,Chocolate caliente,1,7500,Efectivo,C126
110,2026-08-04,08:45,Nübe Centro,Mostrador,Capuchino,1,8500,Nequi,C159
110,2026-08-04,08:45,Nübe Centro,Mostrador,Latte,1,9000,Nequi,C159
111,2026-08-04,14:54,Nübe Centro,Domicilio,Americano,1,5000,Nequi,
111,2026-08-04,14:54,Nübe Centro,Domicilio,Tinto,1,3000,Nequi,
112,2026-08-04,08:50,Nübe Centro,Domicilio,Chocolate caliente,2,7500,Tarjeta,
112,2026-08-04,08:50,Nübe Centro,Domicilio,Tinto,2,3000,Tarjeta,
113,2026-08-04,19:18,Nübe Centro,Mostrador,Capuchino,2,8500,Nequi,C216
114,2026-08-04,20:59,Nübe Centro,Domicilio,Chocolate caliente,1,7500,Nequi,C116
115,2026-08-04,12:14,Nübe Centro,Mostrador,Americano,1,5000,Efectivo,
115,2026-08-04,12:14,Nübe Centro,Mostrador,Capuchino,2,8500,Efectivo,
116,2026-08-04,20:31,Nübe Centro,Mostrador,Croissant,1,6000,Nequi,
117,2026-08-04,16:11,Nübe Centro,Domicilio,Tinto,1,3000,Nequi,C228
118,2026-08-04,15:17,Nübe Centro,Mostrador,Frappé de café,1,11000,Nequi,
119,2026-08-04,14:40,Nübe Centro,Domicilio,Frappé de café,1,11000,Nequi,
120,2026-08-04,12:01,Nübe Centro,Mostrador,Americano,1,5000,Efectivo,C267
120,2026-08-04,12:01,Nübe Centro,Mostrador,Chocolate caliente,1,7500,Efectivo,C267
121,2026-08-04,09:21,Nübe Centro,Domicilio,Croissant,1,6000,Tarjeta,
121,2026-08-04,09:21,Nübe Centro,Domicilio,Latte,2,9000,Tarjeta,
122,2026-08-04,12:02,Nübe Centro,Mostrador,Latte,1,9000,Efectivo,C206
122,2026-08-04,12:02,Nübe Centro,Mostrador,Tinto,3,3000,Efectivo,C206
123,2026-08-04,08:03,Nübe Centro,Mostrador,Americano,1,5000,Nequi,C255
123,2026-08-04,08:03,Nübe Centro,Mostrador,Capuchino,1,8500,Nequi,C255
123,2026-08-04,08:03,Nübe Centro,Mostrador,Chocolate caliente,1,7500,Nequi,C255
124,2026-08-04,08:11,Nübe Centro,Mostrador,Americano,1,5000,Tarjeta,
124,2026-08-04,08:11,Nübe Centro,Mostrador,Capuchino,1,8500,Tarjeta,
124,2026-08-04,08:11,Nübe Centro,Mostrador,Tinto,1,3000,Tarjeta,
125,2026-08-04,11:52,Nübe Centro,Mostrador,Croissant,1,6000,Efectivo,
125,2026-08-04,11:52,Nübe Centro,Mostrador,Latte,3,9000,Efectivo,
125,2026-08-04,11:52,Nübe Centro,Mostrador,Tinto,1,3000,Efectivo,
126,2026-08-04,12:03,Nübe Centro,Mostrador,Americano,1,5000,Tarjeta,C037
126,2026-08-04,12:03,Nübe Centro,Mostrador,Latte,1,9000,Tarjeta,C037
127,2026-08-04,18:07,Nübe Centro,Mostrador,Croissant,1,6000,Tarjeta,
128,2026-08-04,07:46,Nübe Centro,Mostrador,Capuchino,2,8500,Efectivo,
129,2026-08-04,16:54,Nübe Centro,Mostrador,Tinto,3,3000,Efectivo,
130,2026-08-04,20:27,Nübe Centro,Mostrador,Latte,1,9000,Tarjeta,
131,2026-08-04,11:43,Nübe Centro,Domicilio,Croissant,3,6000,Efectivo,
131,2026-08-04,11:43,Nübe Centro,Domicilio,Tinto,2,3000,Efectivo,
132,2026-08-04,09:08,Nübe Centro,Mostrador,Tinto,3,3000,Efectivo,C033
133,2026-08-04,18:18,Nübe Centro,Mostrador,Latte,1,9000,Nequi,
134,2026-08-04,13:42,Nübe Centro,Domicilio,Tinto,1,3000,Efectivo,C253
135,2026-08-04,08:18,Nübe Centro,Domicilio,Capuchino,1,8500,Tarjeta,
135,2026-08-04,08:18,Nübe Centro,Domicilio,Chocolate caliente,1,7500,Tarjeta,
135,2026-08-04,08:18,Nübe Centro,Domicilio,Tinto,1,3000,Tarjeta,
136,2026-08-04,12:44,Nübe Centro,Mostrador,Capuchino,2,8500,Nequi,C099
136,2026-08-04,12:44,Nübe Centro,Mostrador,Croissant de almendras,1,8000,Nequi,C099
137,2026-08-04,06:44,Nübe Centro,Mostrador,Latte,1,9000,Nequi,
138,2026-08-04,07:07,Nübe Centro,Mostrador,Croissant,2,6000,Tarjeta,C239
139,2026-08-04,08:10,Nübe Centro,Domicilio,Capuchino,1,8500,Efectivo,C153
139,2026-08-04,08:10,Nübe Centro,Domicilio,Croissant,1,6000,Efectivo,C153
140,2026-08-04,07:03,Nübe Centro,Domicilio,Americano,1,5000,Efectivo,
140,2026-08-04,07:03,Nübe Centro,Domicilio,Capuchino,1,8500,Efectivo,
140,2026-08-04,07:03,Nübe Centro,Domicilio,Chocolate caliente,2,7500,Efectivo,
141,2026-08-04,07:54,Nübe Centro,Domicilio,Capuchino,1,8500,Efectivo,C299
141,2026-08-04,07:54,Nübe Centro,Domicilio,Croissant,1,6000,Efectivo,C299
141,2026-08-04,07:54,Nübe Centro,Domicilio,Croissant de almendras,2,8000,Efectivo,C299
142,2026-08-04,13:05,Nübe Centro,Domicilio,Frappé de café,1,11000,Sin dato,
143,2026-08-04,07:18,Nübe Centro,Domicilio,Tinto,1,3000,Tarjeta,C127
144,2026-08-04,15:42,Nübe Centro,Domicilio,Chocolate caliente,1,7500,Tarjeta,
145,2026-08-04,12:52,Nübe Centro,Mostrador,Capuchino,2,8500,Efectivo,C290
145,2026-08-04,12:52,Nübe Centro,Mostrador,Croissant de almendras,2,8000,Efectivo,C290
146,2026-08-04,06:59,Nübe Centro,Mostrador,Chocolate caliente,1,7500,Nequi,
146,2026-08-04,06:59,Nübe Centro,Mostrador,Croissant,1,6000,Nequi,
147,2026-08-04,18:29,Nübe Centro,Domicilio,Capuchino,2,8500,Tarjeta,C129
148,2026-08-04,15:14,Nübe Centro,Domicilio,Capuchino,1,8500,Efectivo,
148,2026-08-04,15:14,Nübe Centro,Domicilio,Croissant de almendras,1,8000,Efectivo,
149,2026-08-04,08:51,Nübe Centro,Domicilio,Latte,1,9000,Tarjeta,
150,2026-08-04,19:40,Nübe Centro,Mostrador,Chocolate caliente,1,7500,Tarjeta,C300
150,2026-08-04,19:40,Nübe Centro,Mostrador,Tinto,1,3000,Tarjeta,C300
151,2026-08-04,10:29,Nübe Centro,Domicilio,Croissant,1,6000,Nequi,C171
152,2026-08-04,17:41,Nübe Centro,Mostrador,Capuchino,1,8500,Tarjeta,
153,2026-08-04,07:54,Nübe Centro,Mostrador,Capuchino,1,8500,Efectivo,
153,2026-08-04,07:54,Nübe Centro,Mostrador,Chocolate caliente,1,7500,Efectivo,
153,2026-08-04,07:54,Nübe Centro,Mostrador,Tinto,1,3000,Efectivo,
154,2026-08-04,06:28,Nübe Centro,Mostrador,Chocolate caliente,1,7500,Nequi,
154,2026-08-04,06:28,Nübe Centro,Mostrador,Croissant,1,6000,Nequi,
154,2026-08-04,06:28,Nübe Centro,Mostrador,Latte,1,9000,Nequi,
155,2026-08-04,18:29,Nübe Centro,Domicilio,Capuchino,1,8500,Nequi,C171
155,2026-08-04,18:29,Nübe Centro,Domicilio,Latte,1,9000,Nequi,C171
156,2026-08-04,17:03,Nübe Centro,Mostrador,Chocolate caliente,2,7500,Efectivo,C198
157,2026-08-04,16:45,Nübe Centro,Mostrador,Capuchino,1,8500,Nequi,C128
158,2026-08-04,09:50,Nübe Centro,Mostrador,Chocolate caliente,1,7500,Tarjeta,
159,2026-08-04,08:04,Nübe Centro,Mostrador,Americano,1,5000,Tarjeta,
159,2026-08-04,08:04,Nübe Centro,Mostrador,Croissant,2,6000,Tarjeta,
159,2026-08-04,08:04,Nübe Centro,Mostrador,Latte,3,9000,Tarjeta,
160,2026-08-04,09:30,Nübe Centro,Mostrador,Croissant,1,6000,Nequi,
161,2026-08-04,10:31,Nübe Centro,Mostrador,Capuchino,2,8500,Efectivo,
162,2026-08-04,07:24,Nübe Centro,Mostrador,Croissant,1,6000,Nequi,
163,2026-08-04,08:09,Nübe Centro,Mostrador,Americano,1,5000,Nequi,
163,2026-08-04,08:09,Nübe Centro,Mostrador,Capuchino,1,8500,Nequi,
163,2026-08-04,08:09,Nübe Centro,Mostrador,Tinto,1,3000,Nequi,
164,2026-08-04,10:06,Nübe Centro,Domicilio,Latte,1,9000,Tarjeta,
165,2026-08-04,16:34,Nübe Centro,Mostrador,Americano,1,5000,Tarjeta,C158
165,2026-08-04,16:34,Nübe Centro,Mostrador,Tinto,1,3000,Tarjeta,C158
166,2026-08-04,14:55,Nübe Centro,Mostrador,Capuchino,1,8500,Nequi,C008
167,2026-08-04,09:52,Nübe Centro,Domicilio,Croissant,1,6000,Nequi,C195
167,2026-08-04,09:52,Nübe Centro,Domicilio,Croissant de almendras,1,8000,Nequi,C195
168,2026-08-04,16:45,Nübe Centro,Mostrador,Americano,1,5000,Efectivo,
169,2026-08-04,07:21,Nübe Centro,Domicilio,Capuchino,3,8500,Efectivo,C157
170,2026-08-04,10:58,Nübe Centro,Mostrador,Chocolate caliente,1,7500,Efectivo,
171,2026-08-04,08:28,Nübe Centro,Domicilio,Capuchino,1,8500,Tarjeta,
171,2026-08-04,08:28,Nübe Centro,Domicilio,Tinto,1,3000,Tarjeta,
172,2026-08-04,18:11,Nübe Centro,Mostrador,Croissant de almendras,1,8000,Tarjeta,C138
173,2026-08-04,14:28,Nübe Centro,Domicilio,Capuchino,1,8500,Tarjeta,C030
173,2026-08-04,14:28,Nübe Centro,Domicilio,Chocolate caliente,1,7500,Tarjeta,C030
173,2026-08-04,14:28,Nübe Centro,Domicilio,Tinto,1,3000,Tarjeta,C030
174,2026-08-04,08:34,Nübe Centro,Mostrador,Capuchino,1,8500,Tarjeta,
174,2026-08-04,08:34,Nübe Centro,Mostrador,Croissant,2,6000,Tarjeta,
175,2026-08-04,16:03,Nübe Centro,Mostrador,Capuchino,1,8500,Nequi,
175,2026-08-04,16:03,Nübe Centro,Mostrador,Tinto,1,3000,Nequi,
176,2026-08-04,08:42,Nübe Altico,Domicilio,Chocolate caliente,1,7500,Nequi,C240
176,2026-08-04,08:42,Nübe Altico,Domicilio,Croissant,1,6000,Nequi,C240
176,2026-08-04,08:42,Nübe Altico,Domicilio,Latte,1,9000,Nequi,C240
177,2026-08-04,09:00,Nübe Altico,Domicilio,Americano,1,5000,Tarjeta,C051
177,2026-08-04,09:00,Nübe Altico,Domicilio,Croissant,1,6000,Tarjeta,C051
177,2026-08-04,09:00,Nübe Altico,Domicilio,Latte,1,9000,Tarjeta,C051
178,2026-08-04,09:43,Nübe Altico,Mostrador,Latte,1,9000,Efectivo,
178,2026-08-04,09:43,Nübe Altico,Mostrador,Tinto,1,3000,Efectivo,
179,2026-08-04,09:02,Nübe Altico,Mostrador,Americano,2,5000,Tarjeta,C047
180,2026-08-04,08:04,Nübe Altico,Mostrador,Americano,1,5000,Tarjeta,
181,2026-08-04,14:40,Nübe Altico,Mostrador,Capuchino,1,8500,Nequi,
181,2026-08-04,14:40,Nübe Altico,Mostrador,Latte,1,9000,Nequi,
182,2026-08-04,09:14,Nübe Altico,Mostrador,Capuchino,1,8500,Efectivo,C052
183,2026-08-04,09:33,Nübe Altico,Mostrador,Latte,1,9000,Efectivo,
184,2026-08-04,10:44,Nübe Altico,Domicilio,Americano,1,5000,Efectivo,C156
184,2026-08-04,10:44,Nübe Altico,Domicilio,Capuchino,2,8500,Efectivo,C156
184,2026-08-04,10:44,Nübe Altico,Domicilio,Latte,1,9000,Efectivo,C156
185,2026-08-04,18:38,Nübe Altico,Mostrador,Latte,1,9000,Tarjeta,
186,2026-08-04,08:16,Nübe Altico,Mostrador,Latte,1,9000,Nequi,
187,2026-08-04,10:24,Nübe Altico,Mostrador,Americano,1,5000,Tarjeta,
187,2026-08-04,10:24,Nübe Altico,Mostrador,Chocolate caliente,1,7500,Tarjeta,
187,2026-08-04,10:24,Nübe Altico,Mostrador,Latte,1,9000,Tarjeta,
188,2026-08-04,09:21,Nübe Altico,Mostrador,Chocolate caliente,1,7500,Efectivo,C068
189,2026-08-04,12:19,Nübe Altico,Mostrador,Americano,1,5000,Efectivo,C096
189,2026-08-04,12:19,Nübe Altico,Mostrador,Croissant de almendras,1,8000,Efectivo,C096
190,2026-08-04,17:16,Nübe Altico,Mostrador,Americano,1,5000,Nequi,
190,2026-08-04,17:16,Nübe Altico,Mostrador,Tinto,1,3000,Nequi,
191,2026-08-04,17:32,Nübe Altico,Mostrador,Capuchino,3,8500,Nequi,
191,2026-08-04,17:32,Nübe Altico,Mostrador,Tinto,1,3000,Nequi,
192,2026-08-04,07:57,Nübe Altico,Domicilio,Americano,1,5000,Tarjeta,
193,2026-08-04,08:30,Nübe Altico,Domicilio,Americano,2,5000,Nequi,C138
193,2026-08-04,08:30,Nübe Altico,Domicilio,Croissant de almendras,1,8000,Nequi,C138
193,2026-08-04,08:30,Nübe Altico,Domicilio,Tinto,1,3000,Nequi,C138
194,2026-08-04,07:48,Nübe Altico,Mostrador,Americano,1,5000,Nequi,
195,2026-08-04,08:50,Nübe Altico,Mostrador,Tinto,1,3000,Efectivo,
196,2026-08-04,09:09,Nübe Altico,Mostrador,Capuchino,1,8500,Tarjeta,
196,2026-08-04,09:09,Nübe Altico,Mostrador,Tinto,1,3000,Tarjeta,
197,2026-08-04,13:16,Nübe Altico,Mostrador,Capuchino,1,8500,Nequi,
198,2026-08-04,10:01,Nübe Altico,Domicilio,Chocolate caliente,1,7500,Efectivo,
198,2026-08-04,10:01,Nübe Altico,Domicilio,Croissant,1,6000,Efectivo,
199,2026-08-04,18:18,Nübe Altico,Domicilio,Chocolate caliente,2,7500,Efectivo,
199,2026-08-04,18:18,Nübe Altico,Domicilio,Croissant de almendras,1,8000,Efectivo,
199,2026-08-04,18:18,Nübe Altico,Domicilio,Tinto,1,3000,Efectivo,
200,2026-08-04,15:14,Nübe Altico,Mostrador,Capuchino,1,8500,Efectivo,
200,2026-08-04,15:14,Nübe Altico,Mostrador,Chocolate caliente,1,7500,Efectivo,
200,2026-08-04,15:14,Nübe Altico,Mostrador,Croissant,3,6000,Efectivo,
201,2026-08-04,10:49,Nübe Altico,Domicilio,Capuchino,2,8500,Tarjeta,
201,2026-08-04,10:49,Nübe Altico,Domicilio,Tinto,2,3000,Tarjeta,
202,2026-08-04,09:19,Nübe Altico,Mostrador,Tinto,1,3000,Nequi,C051
203,2026-08-04,12:31,Nübe Altico,Mostrador,Croissant,1,6000,Nequi,
204,2026-08-04,07:33,Nübe Altico,Domicilio,Latte,2,9000,Nequi,C094
205,2026-08-04,09:22,Nübe Altico,Mostrador,Chocolate caliente,1,7500,Tarjeta,
206,2026-08-04,10:49,Nübe Altico,Domicilio,Capuchino,1,8500,Efectivo,
206,2026-08-04,10:49,Nübe Altico,Domicilio,Chocolate caliente,1,7500,Efectivo,
207,2026-08-04,09:56,Nübe Altico,Mostrador,Chocolate caliente,1,7500,Tarjeta,
208,2026-08-04,17:58,Nübe Altico,Mostrador,Capuchino,1,8500,Nequi,C297
209,2026-08-04,13:26,Nübe Altico,Domicilio,Croissant de almendras,1,8000,Efectivo,
210,2026-08-04,10:19,Nübe Altico,Mostrador,Capuchino,1,8500,Nequi,C146
210,2026-08-04,10:19,Nübe Altico,Mostrador,Tinto,1,3000,Nequi,C146
211,2026-08-04,10:18,Nübe Altico,Domicilio,Capuchino,1,8500,Tarjeta,C187
211,2026-08-04,10:18,Nübe Altico,Domicilio,Croissant,1,6000,Tarjeta,C187
211,2026-08-04,10:18,Nübe Altico,Domicilio,Tinto,1,3000,Tarjeta,C187
212,2026-08-04,16:12,Nübe Altico,Domicilio,Croissant,3,6000,Efectivo,
213,2026-08-04,10:56,Nübe Altico,Mostrador,Capuchino,3,8500,Efectivo,
214,2026-08-04,08:10,Nübe Altico,Domicilio,Tinto,1,3000,Nequi,C245
215,2026-08-04,09:43,Nübe Altico,Mostrador,Capuchino,2,8500,Nequi,C047
215,2026-08-04,09:43,Nübe Altico,Mostrador,Croissant,1,6000,Nequi,C047
216,2026-08-04,12:51,Nübe Altico,Domicilio,Croissant,2,6000,Nequi,
217,2026-08-04,10:24,Nübe Altico,Domicilio,Croissant,1,6000,Efectivo,
218,2026-08-04,08:14,Nübe Altico,Mostrador,Croissant,1,6000,Tarjeta,C299
218,2026-08-04,08:14,Nübe Altico,Mostrador,Latte,1,9000,Tarjeta,C299
219,2026-08-04,10:16,Nübe Altico,Domicilio,Americano,1,5000,Efectivo,
219,2026-08-04,10:16,Nübe Altico,Domicilio,Croissant,2,6000,Efectivo,
219,2026-08-04,10:16,Nübe Altico,Domicilio,Tinto,1,3000,Efectivo,
220,2026-08-04,08:18,Nübe Altico,Mostrador,Tinto,1,3000,Nequi,
221,2026-08-04,15:12,Nübe Altico,Mostrador,Croissant de almendras,1,8000,Nequi,
222,2026-08-04,10:54,Nübe Altico,Mostrador,Croissant,1,6000,Tarjeta,
222,2026-08-04,10:54,Nübe Altico,Mostrador,Tinto,1,3000,Tarjeta,
223,2026-08-04,13:45,Nübe Altico,Mostrador,Capuchino,1,8500,Tarjeta,C069
224,2026-08-05,06:06,Nübe Centro,Mostrador,Croissant,2,6000,Tarjeta,
224,2026-08-05,06:06,Nübe Centro,Mostrador,Latte,1,9000,Tarjeta,
225,2026-08-05,11:38,Nübe Centro,Mostrador,Croissant,1,6000,Efectivo,
226,2026-08-05,07:18,Nübe Centro,Mostrador,Latte,1,9000,Tarjeta,C070
227,2026-08-05,09:30,Nübe Centro,Mostrador,Americano,3,5000,Tarjeta,
228,2026-08-05,07:40,Nübe Centro,Mostrador,Americano,1,5000,Efectivo,
228,2026-08-05,07:40,Nübe Centro,Mostrador,Chocolate caliente,1,7500,Efectivo,
228,2026-08-05,07:40,Nübe Centro,Mostrador,Croissant,3,6000,Efectivo,
229,2026-08-05,17:18,Nübe Centro,Mostrador,Capuchino,1,8500,Nequi,
229,2026-08-05,17:18,Nübe Centro,Mostrador,Croissant,1,6000,Nequi,
229,2026-08-05,17:18,Nübe Centro,Mostrador,Croissant de almendras,1,8000,Nequi,
230,2026-08-05,13:00,Nübe Centro,Mostrador,Croissant,1,6000,Efectivo,
231,2026-08-05,09:10,Nübe Centro,Mostrador,Croissant,1,6000,Efectivo,
231,2026-08-05,09:10,Nübe Centro,Mostrador,Latte,1,9000,Efectivo,
232,2026-08-05,15:12,Nübe Centro,Mostrador,Tinto,1,3000,Tarjeta,
233,2026-08-05,08:04,Nübe Centro,Mostrador,Capuchino,1,8500,Tarjeta,
234,2026-08-05,07:00,Nübe Centro,Mostrador,Chocolate caliente,2,7500,Nequi,C219
235,2026-08-05,08:31,Nübe Centro,Mostrador,Tinto,1,3000,Nequi,
236,2026-08-05,11:35,Nübe Centro,Mostrador,Croissant,2,6000,Efectivo,C118
236,2026-08-05,11:35,Nübe Centro,Mostrador,Croissant de almendras,1,8000,Efectivo,C118
237,2026-08-05,10:25,Nübe Centro,Mostrador,Croissant de almendras,3,8000,Efectivo,C093
237,2026-08-05,10:25,Nübe Centro,Mostrador,Latte,1,9000,Efectivo,C093
238,2026-08-05,11:17,Nübe Centro,Mostrador,Croissant,1,6000,Nequi,C172
239,2026-08-05,07:10,Nübe Centro,Mostrador,Capuchino,1,8500,Efectivo,
239,2026-08-05,07:10,Nübe Centro,Mostrador,Croissant,1,6000,Efectivo,
240,2026-08-05,10:58,Nübe Centro,Mostrador,Latte,1,9000,Efectivo,C182
241,2026-08-05,10:04,Nübe Centro,Mostrador,Capuchino,1,8500,Tarjeta,
241,2026-08-05,10:04,Nübe Centro,Mostrador,Chocolate caliente,2,7500,Tarjeta,
242,2026-08-05,18:06,Nübe Centro,Mostrador,Capuchino,1,8500,Efectivo,
242,2026-08-05,18:06,Nübe Centro,Mostrador,Frappé de café,3,11000,Efectivo,
242,2026-08-05,18:06,Nübe Centro,Mostrador,Latte,1,9000,Efectivo,
243,2026-08-05,11:14,Nübe Centro,Mostrador,Latte,1,9000,Efectivo,C160
244,2026-08-05,08:34,Nübe Centro,Mostrador,Croissant de almendras,1,8000,Tarjeta,
245,2026-08-05,08:38,Nübe Centro,Mostrador,Americano,2,5000,Tarjeta,C066
246,2026-08-05,16:32,Nübe Centro,Mostrador,Americano,1,5000,Nequi,
246,2026-08-05,16:32,Nübe Centro,Mostrador,Tinto,2,3000,Nequi,
247,2026-08-05,09:53,Nübe Centro,Mostrador,Tinto,2,3000,Efectivo,
248,2026-08-05,13:48,Nübe Centro,Mostrador,Americano,1,5000,Nequi,C216
249,2026-08-05,14:18,Nübe Centro,Mostrador,Americano,1,5000,Efectivo,C298
249,2026-08-05,14:18,Nübe Centro,Mostrador,Frappé de café,1,11000,Efectivo,C298
250,2026-08-05,13:33,Nübe Centro,Mostrador,Capuchino,1,8500,Tarjeta,
251,2026-08-05,08:26,Nübe Centro,Mostrador,Croissant,2,6000,Tarjeta,
251,2026-08-05,08:26,Nübe Centro,Mostrador,Croissant de almendras,1,8000,Sin dato,
251,2026-08-05,08:26,Nübe Centro,Mostrador,Tinto,1,3000,Tarjeta,
252,2026-08-05,12:59,Nübe Centro,Domicilio,Tinto,1,3000,Tarjeta,C095
253,2026-08-05,13:43,Nübe Centro,Mostrador,Americano,1,5000,Efectivo,C070
254,2026-08-05,12:25,Nübe Centro,Mostrador,Chocolate caliente,1,7500,Nequi,
255,2026-08-05,11:27,Nübe Centro,Mostrador,Latte,1,9000,Efectivo,
256,2026-08-05,12:32,Nübe Centro,Domicilio,Americano,1,5000,Sin dato,C259
256,2026-08-05,12:32,Nübe Centro,Domicilio,Chocolate caliente,1,7500,Efectivo,C259
257,2026-08-05,17:24,Nübe Centro,Mostrador,Capuchino,1,8500,Nequi,
257,2026-08-05,17:24,Nübe Centro,Mostrador,Croissant,1,6000,Nequi,
258,2026-08-05,07:11,Nübe Centro,Mostrador,Latte,3,9000,Nequi,
259,2026-08-05,17:45,Nübe Centro,Mostrador,Tinto,1,3000,Efectivo,C150
260,2026-08-05,10:23,Nübe Centro,Mostrador,Americano,2,5000,Efectivo,
261,2026-08-05,10:17,Nübe Centro,Mostrador,Croissant de almendras,1,8000,Nequi,
262,2026-08-05,16:24,Nübe Centro,Mostrador,Americano,1,5000,Tarjeta,C251
263,2026-08-05,07:15,Nübe Centro,Mostrador,Latte,1,9000,Tarjeta,C036
264,2026-08-05,09:58,Nübe Centro,Mostrador,Latte,1,9000,Tarjeta,C110
265,2026-08-05,15:11,Nübe Centro,Mostrador,Croissant,1,6000,Tarjeta,
266,2026-08-05,09:37,Nübe Centro,Mostrador,Americano,1,5000,Nequi,
266,2026-08-05,09:37,Nübe Centro,Mostrador,Latte,2,9000,Nequi,
266,2026-08-05,09:37,Nübe Centro,Mostrador,Tinto,1,3000,Nequi,
267,2026-08-05,17:13,Nübe Centro,Mostrador,Americano,2,5000,Efectivo,
267,2026-08-05,17:13,Nübe Centro,Mostrador,Capuchino,1,8500,Efectivo,
267,2026-08-05,17:13,Nübe Centro,Mostrador,Frappé de café,1,11000,Efectivo,
268,2026-08-05,07:29,Nübe Centro,Domicilio,Capuchino,1,8500,Efectivo,
269,2026-08-05,08:22,Nübe Centro,Domicilio,Croissant,1,6000,Nequi,
270,2026-08-05,08:30,Nübe Centro,Domicilio,Capuchino,1,8500,Tarjeta,C212
270,2026-08-05,08:30,Nübe Centro,Domicilio,Croissant de almendras,2,8000,Tarjeta,C212
271,2026-08-05,08:49,Nübe Centro,Mostrador,Capuchino,1,8500,Efectivo,C124
271,2026-08-05,08:49,Nübe Centro,Mostrador,Chocolate caliente,1,7500,Efectivo,C124
272,2026-08-05,09:45,Nübe Centro,Domicilio,Americano,1,5000,Nequi,
273,2026-08-05,11:52,Nübe Centro,Mostrador,Americano,1,5000,Nequi,
273,2026-08-05,11:52,Nübe Centro,Mostrador,Croissant de almendras,1,8000,Nequi,
273,2026-08-05,11:52,Nübe Centro,Mostrador,Frappé de café,1,11000,Nequi,
274,2026-08-05,10:44,Nübe Centro,Domicilio,Tinto,1,3000,Tarjeta,C093
275,2026-08-05,15:55,Nübe Centro,Mostrador,Capuchino,1,8500,Tarjeta,C066
275,2026-08-05,15:55,Nübe Centro,Mostrador,Frappé de café,1,11000,Tarjeta,C066
275,2026-08-05,15:55,Nübe Centro,Mostrador,Tinto,2,3000,Tarjeta,C066
276,2026-08-05,08:05,Nübe Centro,Mostrador,Tinto,1,3000,Nequi,
277,2026-08-05,08:00,Nübe Centro,Domicilio,Americano,1,5000,Tarjeta,
278,2026-08-05,16:01,Nübe Centro,Mostrador,Capuchino,1,8500,Efectivo,
278,2026-08-05,16:01,Nübe Centro,Mostrador,Tinto,2,3000,Efectivo,
279,2026-08-05,16:00,Nübe Centro,Mostrador,Frappé de café,3,11000,Efectivo,C149
280,2026-08-05,15:20,Nübe Altico,Mostrador,Chocolate caliente,1,7500,Efectivo,
280,2026-08-05,15:20,Nübe Altico,Mostrador,Frappé de café,1,11000,Efectivo,
280,2026-08-05,15:20,Nübe Altico,Mostrador,Tinto,2,3000,Efectivo,
281,2026-08-05,10:40,Nübe Altico,Mostrador,Chocolate caliente,1,7500,Efectivo,
281,2026-08-05,10:40,Nübe Altico,Mostrador,Croissant,1,6000,Efectivo,
282,2026-08-05,08:05,Nübe Altico,Mostrador,Capuchino,1,8500,Tarjeta,
282,2026-08-05,08:05,Nübe Altico,Mostrador,Croissant,1,6000,Tarjeta,
282,2026-08-05,08:05,Nübe Altico,Mostrador,Frappé de café,1,11000,Tarjeta,
283,2026-08-05,10:08,Nübe Altico,Mostrador,Capuchino,3,8500,Nequi,C088
283,2026-08-05,10:08,Nübe Altico,Mostrador,Chocolate caliente,1,7500,Nequi,C088
284,2026-08-05,17:18,Nübe Altico,Domicilio,Tinto,1,3000,Nequi,
285,2026-08-05,12:08,Nübe Altico,Mostrador,Capuchino,1,8500,Tarjeta,
285,2026-08-05,12:08,Nübe Altico,Mostrador,Chocolate caliente,1,7500,Tarjeta,
285,2026-08-05,12:08,Nübe Altico,Mostrador,Croissant,1,6000,Tarjeta,
286,2026-08-05,08:02,Nübe Altico,Mostrador,Americano,1,5000,Nequi,C254
286,2026-08-05,08:02,Nübe Altico,Mostrador,Croissant,1,6000,Nequi,C254
287,2026-08-05,09:59,Nübe Altico,Mostrador,Capuchino,1,8500,Tarjeta,
287,2026-08-05,09:59,Nübe Altico,Mostrador,Croissant,1,6000,Tarjeta,
288,2026-08-05,14:54,Nübe Altico,Mostrador,Tinto,1,3000,Efectivo,
289,2026-08-05,08:42,Nübe Altico,Mostrador,Capuchino,1,8500,Tarjeta,
289,2026-08-05,08:42,Nübe Altico,Mostrador,Frappé de café,1,11000,Tarjeta,
290,2026-08-05,16:25,Nübe Altico,Mostrador,Frappé de café,1,11000,Efectivo,
290,2026-08-05,16:25,Nübe Altico,Mostrador,Tinto,1,3000,Efectivo,
291,2026-08-05,10:30,Nübe Altico,Mostrador,Capuchino,1,8500,Nequi,C093
292,2026-08-05,10:38,Nübe Altico,Mostrador,Chocolate caliente,1,7500,Tarjeta,C079
292,2026-08-05,10:38,Nübe Altico,Mostrador,Croissant de almendras,2,8000,Tarjeta,C079
293,2026-08-05,07:15,Nübe Altico,Mostrador,Tinto,1,3000,Tarjeta,
294,2026-08-05,15:30,Nübe Altico,Mostrador,Capuchino,1,8500,Nequi,
295,2026-08-05,15:49,Nübe Altico,Mostrador,Tinto,1,3000,Tarjeta,C068
296,2026-08-05,13:52,Nübe Altico,Mostrador,Tinto,1,3000,Nequi,C292
297,2026-08-05,17:06,Nübe Altico,Mostrador,Americano,1,5000,Efectivo,
297,2026-08-05,17:06,Nübe Altico,Mostrador,Capuchino,1,8500,Efectivo,
297,2026-08-05,17:06,Nübe Altico,Mostrador,Croissant,1,6000,Efectivo,
298,2026-08-05,09:31,Nübe Altico,Mostrador,Americano,1,5000,Nequi,
299,2026-08-05,11:30,Nübe Altico,Mostrador,Latte,1,9000,Tarjeta,
300,2026-08-05,07:26,Nübe Altico,Mostrador,Latte,2,9000,Nequi,C080
300,2026-08-05,07:26,Nübe Altico,Mostrador,Tinto,1,3000,Nequi,C080
301,2026-08-05,11:14,Nübe Altico,Mostrador,Capuchino,1,8500,Sin dato,
301,2026-08-05,11:14,Nübe Altico,Mostrador,Latte,1,9000,Nequi,
302,2026-08-05,07:44,Nübe Altico,Domicilio,Capuchino,1,8500,Tarjeta,
302,2026-08-05,07:44,Nübe Altico,Domicilio,Chocolate caliente,3,7500,Sin dato,
302,2026-08-05,07:44,Nübe Altico,Domicilio,Croissant de almendras,1,8000,Tarjeta,
303,2026-08-05,10:12,Nübe Altico,Mostrador,Capuchino,3,8500,Efectivo,
303,2026-08-05,10:12,Nübe Altico,Mostrador,Chocolate caliente,1,7500,Efectivo,
304,2026-08-05,14:55,Nübe Altico,Mostrador,Latte,1,9000,Tarjeta,
305,2026-08-05,16:35,Nübe Altico,Mostrador,Capuchino,1,8500,Nequi,C192
305,2026-08-05,16:35,Nübe Altico,Mostrador,Croissant de almendras,1,8000,Nequi,C192
306,2026-08-05,09:34,Nübe Altico,Mostrador,Americano,1,5000,Tarjeta,
307,2026-08-05,19:23,Nübe Altico,Mostrador,Americano,1,5000,Nequi,C261
307,2026-08-05,19:23,Nübe Altico,Mostrador,Latte,3,9000,Nequi,C261
308,2026-08-05,18:32,Nübe Altico,Mostrador,Croissant,1,6000,Efectivo,
308,2026-08-05,18:32,Nübe Altico,Mostrador,Frappé de café,2,11000,Efectivo,
309,2026-08-05,10:11,Nübe Altico,Domicilio,Croissant,1,6000,Efectivo,
309,2026-08-05,10:11,Nübe Altico,Domicilio,Tinto,1,3000,Efectivo,
310,2026-08-05,10:14,Nübe Altico,Mostrador,Capuchino,3,8500,Tarjeta,
310,2026-08-05,10:14,Nübe Altico,Mostrador,Croissant,1,6000,Tarjeta,
311,2026-08-05,14:56,Nübe Altico,Mostrador,Croissant de almendras,1,8000,Tarjeta,C239
311,2026-08-05,14:56,Nübe Altico,Mostrador,Latte,1,9000,Tarjeta,C239
311,2026-08-05,14:56,Nübe Altico,Mostrador,Tinto,1,3000,Tarjeta,C239
312,2026-08-05,10:07,Nübe Altico,Mostrador,Chocolate caliente,1,7500,Efectivo,C185
313,2026-08-05,07:52,Nübe Altico,Mostrador,Croissant,1,6000,Efectivo,
314,2026-08-05,13:33,Nübe Altico,Domicilio,Americano,1,5000,Nequi,C281
314,2026-08-05,13:33,Nübe Altico,Domicilio,Croissant,2,6000,Nequi,C281
315,2026-08-05,09:23,Nübe Altico,Mostrador,Americano,1,5000,Efectivo,
315,2026-08-05,09:23,Nübe Altico,Mostrador,Tinto,1,3000,Efectivo,
316,2026-08-05,07:47,Nübe Altico,Mostrador,Latte,1,9000,Tarjeta,
317,2026-08-05,13:10,Nübe Altico,Mostrador,Capuchino,1,8500,Efectivo,
318,2026-08-05,07:50,Nübe Altico,Domicilio,Latte,2,9000,Efectivo,
319,2026-08-05,08:08,Nübe Altico,Mostrador,Croissant de almendras,2,8000,Tarjeta,C055
320,2026-08-05,09:37,Nübe Altico,Mostrador,Capuchino,1,8500,Nequi,
320,2026-08-05,09:37,Nübe Altico,Mostrador,Croissant,1,6000,Nequi,
320,2026-08-05,09:37,Nübe Altico,Mostrador,Latte,2,9000,Nequi,
321,2026-08-05,15:42,Nübe Altico,Mostrador,Tinto,1,3000,Tarjeta,
322,2026-08-05,09:17,Nübe Altico,Mostrador,Americano,2,5000,Sin dato,C159
322,2026-08-05,09:17,Nübe Altico,Mostrador,Capuchino,1,8500,Nequi,C159
323,2026-08-05,15:06,Nübe Altico,Mostrador,Frappé de café,1,11000,Tarjeta,
323,2026-08-05,15:06,Nübe Altico,Mostrador,Latte,1,9000,Tarjeta,
323,2026-08-05,15:06,Nübe Altico,Mostrador,Tinto,1,3000,Tarjeta,
324,2026-08-05,20:13,Nübe Altico,Domicilio,Croissant,3,6000,Tarjeta,
325,2026-08-05,09:54,Nübe Altico,Domicilio,Tinto,2,3000,Nequi,
326,2026-08-05,07:03,Nübe Altico,Mostrador,Americano,1,5000,Efectivo,
326,2026-08-05,07:03,Nübe Altico,Mostrador,Capuchino,1,8500,Efectivo,
327,2026-08-05,15:39,Nübe Altico,Domicilio,Tinto,1,3000,Tarjeta,C143
328,2026-08-05,10:14,Nübe Altico,Mostrador,Americano,1,5000,Nequi,
328,2026-08-05,10:14,Nübe Altico,Mostrador,Capuchino,1,8500,Nequi,
329,2026-08-05,09:08,Nübe Altico,Domicilio,Croissant,1,6000,Tarjeta,
330,2026-08-05,12:14,Nübe Altico,Mostrador,Tinto,1,3000,Efectivo,
331,2026-08-05,20:00,Nübe Altico,Mostrador,Capuchino,1,8500,Nequi,
332,2026-08-06,08:43,Nübe Centro,Mostrador,Chocolate caliente,1,7500,Tarjeta,
333,2026-08-06,11:23,Nübe Centro,Mostrador,Americano,1,5000,Nequi,
334,2026-08-06,16:35,Nübe Centro,Mostrador,Chocolate caliente,1,7500,Tarjeta,
335,2026-08-06,08:48,Nübe Centro,Mostrador,Tinto,1,3000,Tarjeta,
336,2026-08-06,13:14,Nübe Centro,Domicilio,Tinto,2,3000,Sin dato,C250
337,2026-08-06,09:35,Nübe Centro,Mostrador,Capuchino,1,8500,Efectivo,
337,2026-08-06,09:35,Nübe Centro,Mostrador,Chocolate caliente,2,7500,Efectivo,
337,2026-08-06,09:35,Nübe Centro,Mostrador,Latte,1,9000,Efectivo,
338,2026-08-06,17:25,Nübe Centro,Domicilio,Americano,1,5000,Sin dato,C207
338,2026-08-06,17:25,Nübe Centro,Domicilio,Frappé de café,1,11000,Efectivo,C207
339,2026-08-06,13:09,Nübe Centro,Mostrador,Americano,1,5000,Efectivo,
339,2026-08-06,13:09,Nübe Centro,Mostrador,Latte,1,9000,Efectivo,
339,2026-08-06,13:09,Nübe Centro,Mostrador,Tinto,1,3000,Efectivo,
340,2026-08-06,07:51,Nübe Centro,Domicilio,Latte,1,9000,Nequi,
341,2026-08-06,14:11,Nübe Centro,Mostrador,Capuchino,1,8500,Efectivo,
341,2026-08-06,14:11,Nübe Centro,Mostrador,Frappé de café,1,11000,Efectivo,
341,2026-08-06,14:11,Nübe Centro,Mostrador,Tinto,2,3000,Sin dato,
342,2026-08-06,09:21,Nübe Centro,Mostrador,Croissant,1,6000,Tarjeta,C177
342,2026-08-06,09:21,Nübe Centro,Mostrador,Latte,1,9000,Tarjeta,C177
343,2026-08-06,19:52,Nübe Centro,Mostrador,Croissant de almendras,1,8000,Nequi,
344,2026-08-06,12:57,Nübe Centro,Domicilio,Capuchino,1,8500,Efectivo,
344,2026-08-06,12:57,Nübe Centro,Domicilio,Croissant de almendras,1,8000,Efectivo,
344,2026-08-06,12:57,Nübe Centro,Domicilio,Tinto,1,3000,Efectivo,
345,2026-08-06,13:54,Nübe Centro,Mostrador,Americano,2,5000,Tarjeta,
346,2026-08-06,09:57,Nübe Centro,Domicilio,Croissant,1,6000,Nequi,
346,2026-08-06,09:57,Nübe Centro,Domicilio,Tinto,1,3000,Nequi,
347,2026-08-06,17:17,Nübe Centro,Mostrador,Americano,2,5000,Tarjeta,
347,2026-08-06,17:17,Nübe Centro,Mostrador,Latte,1,9000,Tarjeta,
348,2026-08-06,10:28,Nübe Centro,Mostrador,Croissant de almendras,1,8000,Efectivo,C191
348,2026-08-06,10:28,Nübe Centro,Mostrador,Tinto,1,3000,Efectivo,C191
349,2026-08-06,09:09,Nübe Centro,Mostrador,Frappé de café,2,11000,Nequi,C019
350,2026-08-06,09:50,Nübe Centro,Mostrador,Croissant,1,6000,Efectivo,C240
350,2026-08-06,09:50,Nübe Centro,Mostrador,Latte,1,9000,Efectivo,C240
351,2026-08-06,08:37,Nübe Centro,Mostrador,Croissant de almendras,1,8000,Efectivo,C191
351,2026-08-06,08:37,Nübe Centro,Mostrador,Tinto,1,3000,Efectivo,C191
352,2026-08-06,11:40,Nübe Centro,Mostrador,Chocolate caliente,2,7500,Tarjeta,C066
352,2026-08-06,11:40,Nübe Centro,Mostrador,Latte,1,9000,Tarjeta,C066
353,2026-08-06,16:10,Nübe Centro,Mostrador,Croissant,2,6000,Nequi,
353,2026-08-06,16:10,Nübe Centro,Mostrador,Frappé de café,1,11000,Nequi,
353,2026-08-06,16:10,Nübe Centro,Mostrador,Latte,2,9000,Nequi,
354,2026-08-06,09:31,Nübe Centro,Domicilio,Americano,1,5000,Efectivo,C101
355,2026-08-06,07:21,Nübe Centro,Mostrador,Croissant,1,6000,Nequi,C100
355,2026-08-06,07:21,Nübe Centro,Mostrador,Tinto,1,3000,Nequi,C100
356,2026-08-06,15:00,Nübe Centro,Mostrador,Croissant,1,6000,Tarjeta,
357,2026-08-06,07:11,Nübe Centro,Mostrador,Capuchino,1,8500,Efectivo,
357,2026-08-06,07:11,Nübe Centro,Mostrador,Croissant,1,6000,Efectivo,
358,2026-08-06,17:48,Nübe Centro,Mostrador,Latte,1,9000,Efectivo,
359,2026-08-06,07:03,Nübe Centro,Mostrador,Croissant,1,6000,Efectivo,
360,2026-08-06,09:49,Nübe Centro,Domicilio,Capuchino,1,8500,Efectivo,C095
361,2026-08-06,11:28,Nübe Centro,Mostrador,Capuchino,2,8500,Tarjeta,C110
361,2026-08-06,11:28,Nübe Centro,Mostrador,Frappé de café,1,11000,Tarjeta,C110
362,2026-08-06,16:41,Nübe Centro,Mostrador,Latte,1,9000,Tarjeta,
363,2026-08-06,11:21,Nübe Centro,Mostrador,Capuchino,1,8500,Efectivo,C008
363,2026-08-06,11:21,Nübe Centro,Mostrador,Croissant,1,6000,Efectivo,C008
364,2026-08-06,18:23,Nübe Centro,Mostrador,Tinto,3,3000,Tarjeta,
365,2026-08-06,18:08,Nübe Centro,Domicilio,Croissant,1,6000,Efectivo,C228
366,2026-08-06,14:29,Nübe Centro,Mostrador,Capuchino,1,8500,Nequi,
366,2026-08-06,14:29,Nübe Centro,Mostrador,Tinto,1,3000,Nequi,
367,2026-08-06,07:49,Nübe Centro,Mostrador,Tinto,1,3000,Efectivo,
368,2026-08-06,13:11,Nübe Centro,Mostrador,Capuchino,1,8500,Nequi,
368,2026-08-06,13:11,Nübe Centro,Mostrador,Chocolate caliente,1,7500,Nequi,
369,2026-08-06,07:09,Nübe Centro,Mostrador,Americano,2,5000,Tarjeta,
370,2026-08-06,09:43,Nübe Centro,Mostrador,Chocolate caliente,1,7500,Efectivo,
371,2026-08-06,11:57,Nübe Centro,Mostrador,Croissant,1,6000,Tarjeta,C035
371,2026-08-06,11:57,Nübe Centro,Mostrador,Latte,1,9000,Tarjeta,C035
372,2026-08-06,18:21,Nübe Centro,Mostrador,Croissant,1,6000,Nequi,
373,2026-08-06,15:07,Nübe Centro,Domicilio,Chocolate caliente,1,7500,Efectivo,C092
374,2026-08-06,12:41,Nübe Centro,Mostrador,Chocolate caliente,1,7500,Efectivo,C041
375,2026-08-06,07:58,Nübe Centro,Mostrador,Capuchino,1,8500,Tarjeta,C205
375,2026-08-06,07:58,Nübe Centro,Mostrador,Croissant,1,6000,Tarjeta,C205
375,2026-08-06,07:58,Nübe Centro,Mostrador,Tinto,1,3000,Tarjeta,C205
376,2026-08-06,12:55,Nübe Centro,Mostrador,Croissant,1,6000,Sin dato,
376,2026-08-06,12:55,Nübe Centro,Mostrador,Frappé de café,1,11000,Efectivo,
377,2026-08-06,08:41,Nübe Centro,Mostrador,Capuchino,1,8500,Efectivo,C146
378,2026-08-06,08:32,Nübe Centro,Domicilio,Americano,1,5000,Nequi,
378,2026-08-06,08:32,Nübe Centro,Domicilio,Tinto,1,3000,Nequi,
379,2026-08-06,09:09,Nübe Centro,Mostrador,Chocolate caliente,3,7500,Tarjeta,C093
379,2026-08-06,09:09,Nübe Centro,Mostrador,Croissant,1,6000,Tarjeta,C093
380,2026-08-06,15:56,Nübe Centro,Mostrador,Tinto,1,3000,Nequi,C119
381,2026-08-06,09:57,Nübe Centro,Mostrador,Capuchino,1,8500,Tarjeta,
381,2026-08-06,09:57,Nübe Centro,Mostrador,Croissant,1,6000,Tarjeta,
381,2026-08-06,09:57,Nübe Centro,Mostrador,Croissant de almendras,1,8000,Tarjeta,
382,2026-08-06,13:57,Nübe Centro,Mostrador,Croissant,2,6000,Tarjeta,
382,2026-08-06,13:57,Nübe Centro,Mostrador,Latte,1,9000,Tarjeta,
383,2026-08-06,16:55,Nübe Centro,Mostrador,Frappé de café,1,11000,Nequi,
384,2026-08-06,11:10,Nübe Centro,Mostrador,Chocolate caliente,1,7500,Tarjeta,C237
384,2026-08-06,11:10,Nübe Centro,Mostrador,Tinto,1,3000,Tarjeta,C237
385,2026-08-06,18:22,Nübe Centro,Mostrador,Capuchino,1,8500,Tarjeta,C205
386,2026-08-06,11:40,Nübe Centro,Mostrador,Capuchino,1,8500,Tarjeta,C206
386,2026-08-06,11:40,Nübe Centro,Mostrador,Croissant,1,6000,Tarjeta,C206
387,2026-08-06,07:25,Nübe Centro,Mostrador,Croissant de almendras,2,8000,Tarjeta,
388,2026-08-06,12:19,Nübe Centro,Mostrador,Chocolate caliente,1,7500,Nequi,
388,2026-08-06,12:19,Nübe Centro,Mostrador,Croissant,1,6000,Nequi,
389,2026-08-06,10:32,Nübe Centro,Mostrador,Chocolate caliente,2,7500,Efectivo,C123
390,2026-08-06,15:20,Nübe Centro,Mostrador,Croissant,1,6000,Efectivo,C103
391,2026-08-06,06:24,Nübe Centro,Mostrador,Chocolate caliente,2,7500,Efectivo,
391,2026-08-06,06:24,Nübe Centro,Mostrador,Tinto,1,3000,Efectivo,
392,2026-08-06,12:53,Nübe Centro,Mostrador,Americano,1,5000,Tarjeta,C066
393,2026-08-06,17:05,Nübe Centro,Mostrador,Croissant de almendras,1,8000,Efectivo,
394,2026-08-06,17:21,Nübe Centro,Mostrador,Chocolate caliente,2,7500,Tarjeta,
394,2026-08-06,17:21,Nübe Centro,Mostrador,Frappé de café,1,11000,Tarjeta,
394,2026-08-06,17:21,Nübe Centro,Mostrador,Tinto,1,3000,Tarjeta,
395,2026-08-06,14:55,Nübe Centro,Mostrador,Capuchino,3,8500,Efectivo,
396,2026-08-06,07:51,Nübe Centro,Mostrador,Croissant,2,6000,Nequi,
396,2026-08-06,07:51,Nübe Centro,Mostrador,Croissant de almendras,1,8000,Nequi,
397,2026-08-06,16:02,Nübe Centro,Mostrador,Tinto,1,3000,Efectivo,
398,2026-08-06,06:23,Nübe Centro,Domicilio,Croissant,1,6000,Nequi,C140
399,2026-08-06,09:29,Nübe Centro,Mostrador,Latte,1,9000,Nequi,C020
399,2026-08-06,09:29,Nübe Centro,Mostrador,Tinto,1,3000,Nequi,C020
400,2026-08-06,17:49,Nübe Centro,Mostrador,Americano,1,5000,Nequi,
400,2026-08-06,17:49,Nübe Centro,Mostrador,Latte,1,9000,Nequi,
401,2026-08-06,06:13,Nübe Centro,Mostrador,Latte,2,9000,Nequi,
402,2026-08-06,08:54,Nübe Centro,Mostrador,Americano,2,5000,Nequi,
402,2026-08-06,08:54,Nübe Centro,Mostrador,Croissant de almendras,1,8000,Nequi,
403,2026-08-06,13:27,Nübe Centro,Mostrador,Capuchino,2,8500,Tarjeta,
403,2026-08-06,13:27,Nübe Centro,Mostrador,Frappé de café,1,11000,Tarjeta,
404,2026-08-06,07:17,Nübe Centro,Mostrador,Chocolate caliente,1,7500,Efectivo,C155
404,2026-08-06,07:17,Nübe Centro,Mostrador,Croissant,1,6000,Efectivo,C155
405,2026-08-06,06:35,Nübe Centro,Domicilio,Americano,2,5000,Tarjeta,C060
405,2026-08-06,06:35,Nübe Centro,Domicilio,Croissant,1,6000,Tarjeta,C060
405,2026-08-06,06:35,Nübe Centro,Domicilio,Tinto,1,3000,Tarjeta,C060
406,2026-08-06,09:34,Nübe Centro,Mostrador,Capuchino,1,8500,Nequi,C033
407,2026-08-06,14:13,Nübe Centro,Mostrador,Croissant,2,6000,Efectivo,
407,2026-08-06,14:13,Nübe Centro,Mostrador,Latte,2,9000,Efectivo,
408,2026-08-06,19:38,Nübe Centro,Domicilio,Latte,2,9000,Efectivo,
408,2026-08-06,19:38,Nübe Centro,Domicilio,Tinto,1,3000,Efectivo,
409,2026-08-06,08:33,Nübe Centro,Mostrador,Americano,1,5000,Efectivo,
410,2026-08-06,10:05,Nübe Centro,Mostrador,Americano,3,5000,Sin dato,
411,2026-08-06,13:02,Nübe Centro,Mostrador,Croissant,1,6000,Efectivo,
412,2026-08-06,09:09,Nübe Centro,Mostrador,Croissant,1,6000,Nequi,
413,2026-08-06,16:27,Nübe Altico,Mostrador,Frappé de café,1,11000,Nequi,
414,2026-08-06,16:39,Nübe Altico,Mostrador,Latte,3,9000,Efectivo,
415,2026-08-06,10:49,Nübe Altico,Mostrador,Americano,1,5000,Nequi,C041
415,2026-08-06,10:49,Nübe Altico,Mostrador,Croissant,1,6000,Nequi,C041
416,2026-08-06,07:10,Nübe Altico,Mostrador,Americano,1,5000,Efectivo,C184
416,2026-08-06,07:10,Nübe Altico,Mostrador,Frappé de café,1,11000,Efectivo,C184
417,2026-08-06,07:29,Nübe Altico,Mostrador,Americano,1,5000,Efectivo,
418,2026-08-06,14:24,Nübe Altico,Domicilio,Croissant,1,6000,Nequi,
419,2026-08-06,09:26,Nübe Altico,Mostrador,Latte,1,9000,Nequi,
420,2026-08-06,11:14,Nübe Altico,Mostrador,Capuchino,1,8500,Efectivo,
421,2026-08-06,09:29,Nübe Altico,Mostrador,Chocolate caliente,1,7500,Nequi,C186
422,2026-08-06,14:29,Nübe Altico,Mostrador,Americano,2,5000,Nequi,C135
422,2026-08-06,14:29,Nübe Altico,Mostrador,Chocolate caliente,2,7500,Nequi,C135
423,2026-08-06,07:30,Nübe Altico,Mostrador,Tinto,1,3000,Efectivo,C275
424,2026-08-06,17:11,Nübe Altico,Mostrador,Americano,3,5000,Tarjeta,C045
424,2026-08-06,17:11,Nübe Altico,Mostrador,Tinto,1,3000,Tarjeta,C045
425,2026-08-06,16:47,Nübe Altico,Mostrador,Chocolate caliente,1,7500,Efectivo,C197
426,2026-08-06,13:37,Nübe Altico,Mostrador,Croissant,1,6000,Efectivo,C153
426,2026-08-06,13:37,Nübe Altico,Mostrador,Frappé de café,1,11000,Efectivo,C153
426,2026-08-06,13:37,Nübe Altico,Mostrador,Tinto,1,3000,Efectivo,C153
427,2026-08-06,09:39,Nübe Altico,Mostrador,Croissant de almendras,2,8000,Efectivo,
427,2026-08-06,09:39,Nübe Altico,Mostrador,Tinto,1,3000,Efectivo,
428,2026-08-06,12:19,Nübe Altico,Mostrador,Americano,1,5000,Tarjeta,C185
428,2026-08-06,12:19,Nübe Altico,Mostrador,Capuchino,2,8500,Tarjeta,C185
429,2026-08-06,09:28,Nübe Altico,Domicilio,Chocolate caliente,1,7500,Nequi,
429,2026-08-06,09:28,Nübe Altico,Domicilio,Tinto,2,3000,Nequi,
430,2026-08-06,17:10,Nübe Altico,Mostrador,Capuchino,1,8500,Efectivo,
430,2026-08-06,17:10,Nübe Altico,Mostrador,Croissant,1,6000,Efectivo,
430,2026-08-06,17:10,Nübe Altico,Mostrador,Latte,1,9000,Efectivo,
431,2026-08-06,14:22,Nübe Altico,Mostrador,Frappé de café,1,11000,Efectivo,
432,2026-08-06,17:40,Nübe Altico,Mostrador,Tinto,1,3000,Efectivo,
433,2026-08-06,15:32,Nübe Altico,Mostrador,Croissant,1,6000,Nequi,C213
434,2026-08-06,14:53,Nübe Altico,Mostrador,Croissant de almendras,1,8000,Efectivo,
435,2026-08-06,07:22,Nübe Altico,Mostrador,Capuchino,2,8500,Tarjeta,C218
435,2026-08-06,07:22,Nübe Altico,Mostrador,Latte,3,9000,Tarjeta,C218
436,2026-08-06,07:56,Nübe Altico,Mostrador,Capuchino,1,8500,Tarjeta,
437,2026-08-06,14:13,Nübe Altico,Mostrador,Americano,1,5000,Tarjeta,C256
437,2026-08-06,14:13,Nübe Altico,Mostrador,Croissant,1,6000,Tarjeta,C256
438,2026-08-06,10:38,Nübe Altico,Mostrador,Americano,1,5000,Sin dato,C070
439,2026-08-06,18:16,Nübe Altico,Mostrador,Croissant,1,6000,Nequi,C128
440,2026-08-06,08:24,Nübe Altico,Mostrador,Tinto,1,3000,Nequi,C297
441,2026-08-06,09:19,Nübe Altico,Mostrador,Capuchino,1,8500,Nequi,
441,2026-08-06,09:19,Nübe Altico,Mostrador,Croissant,1,6000,Nequi,
441,2026-08-06,09:19,Nübe Altico,Mostrador,Latte,2,9000,Nequi,
442,2026-08-06,12:18,Nübe Altico,Mostrador,Latte,2,9000,Tarjeta,
443,2026-08-06,17:03,Nübe Altico,Mostrador,Americano,1,5000,Nequi,
443,2026-08-06,17:03,Nübe Altico,Mostrador,Latte,1,9000,Nequi,
444,2026-08-06,10:16,Nübe Altico,Mostrador,Croissant,2,6000,Nequi,
444,2026-08-06,10:16,Nübe Altico,Mostrador,Latte,2,9000,Nequi,
445,2026-08-06,07:09,Nübe Altico,Mostrador,Chocolate caliente,1,7500,Nequi,
446,2026-08-06,08:45,Nübe Altico,Domicilio,Americano,1,5000,Nequi,
447,2026-08-06,20:45,Nübe Altico,Mostrador,Croissant,1,6000,Nequi,
447,2026-08-06,20:45,Nübe Altico,Mostrador,Tinto,1,3000,Nequi,
448,2026-08-06,11:54,Nübe Altico,Mostrador,Croissant de almendras,1,8000,Efectivo,
449,2026-08-06,09:06,Nübe Altico,Domicilio,Latte,1,9000,Efectivo,C029
450,2026-08-06,06:01,Nübe Altico,Domicilio,Croissant,1,6000,Efectivo,
451,2026-08-06,14:20,Nübe Altico,Mostrador,Tinto,1,3000,Tarjeta,C205
452,2026-08-06,17:21,Nübe Altico,Mostrador,Frappé de café,1,11000,Tarjeta,
452,2026-08-06,17:21,Nübe Altico,Mostrador,Tinto,2,3000,Tarjeta,
453,2026-08-06,11:14,Nübe Altico,Mostrador,Croissant de almendras,1,8000,Tarjeta,
454,2026-08-06,09:06,Nübe Altico,Mostrador,Croissant,1,6000,Nequi,C207
455,2026-08-06,09:19,Nübe Altico,Mostrador,Capuchino,1,8500,Efectivo,
455,2026-08-06,09:19,Nübe Altico,Mostrador,Croissant de almendras,1,8000,Efectivo,
455,2026-08-06,09:19,Nübe Altico,Mostrador,Latte,1,9000,Efectivo,
456,2026-08-06,07:03,Nübe Altico,Domicilio,Croissant,2,6000,Efectivo,
457,2026-08-06,11:19,Nübe Altico,Mostrador,Americano,1,5000,Efectivo,C156
458,2026-08-06,09:31,Nübe Altico,Mostrador,Croissant,1,6000,Tarjeta,
458,2026-08-06,09:31,Nübe Altico,Mostrador,Croissant de almendras,1,8000,Tarjeta,
459,2026-08-06,10:49,Nübe Altico,Domicilio,Croissant,1,6000,Nequi,C035
459,2026-08-06,10:49,Nübe Altico,Domicilio,Croissant de almendras,1,8000,Nequi,C035
460,2026-08-06,11:11,Nübe Altico,Mostrador,Capuchino,2,8500,Efectivo,C284
460,2026-08-06,11:11,Nübe Altico,Mostrador,Tinto,3,3000,Efectivo,C284
461,2026-08-06,07:13,Nübe Altico,Mostrador,Capuchino,3,8500,Nequi,C168
461,2026-08-06,07:13,Nübe Altico,Mostrador,Croissant,1,6000,Nequi,C168
462,2026-08-06,08:15,Nübe Altico,Mostrador,Americano,1,5000,Nequi,
463,2026-08-06,07:28,Nübe Altico,Mostrador,Chocolate caliente,1,7500,Tarjeta,
463,2026-08-06,07:28,Nübe Altico,Mostrador,Croissant,1,6000,Tarjeta,
463,2026-08-06,07:28,Nübe Altico,Mostrador,Latte,1,9000,Tarjeta,
464,2026-08-06,07:43,Nübe Altico,Mostrador,Americano,2,5000,Efectivo,
465,2026-08-06,18:03,Nübe Altico,Mostrador,Frappé de café,1,11000,Nequi,
466,2026-08-06,07:37,Nübe Altico,Mostrador,Capuchino,1,8500,Tarjeta,
466,2026-08-06,07:37,Nübe Altico,Mostrador,Croissant,1,6000,Tarjeta,
466,2026-08-06,07:37,Nübe Altico,Mostrador,Latte,1,9000,Tarjeta,
467,2026-08-06,16:35,Nübe Altico,Mostrador,Capuchino,1,8500,Tarjeta,
467,2026-08-06,16:35,Nübe Altico,Mostrador,Croissant,1,6000,Tarjeta,
468,2026-08-07,12:33,Nübe Centro,Mostrador,Croissant,2,6000,Tarjeta,C219
469,2026-08-07,15:54,Nübe Centro,Mostrador,Tinto,1,3000,Nequi,
470,2026-08-07,09:34,Nübe Centro,Mostrador,Americano,1,5000,Nequi,C293
470,2026-08-07,09:34,Nübe Centro,Mostrador,Croissant de almendras,1,8000,Nequi,C293
470,2026-08-07,09:34,Nübe Centro,Mostrador,Latte,2,9000,Nequi,C293
471,2026-08-07,12:35,Nübe Centro,Domicilio,Chocolate caliente,1,7500,Tarjeta,
472,2026-08-07,10:55,Nübe Centro,Mostrador,Americano,1,5000,Nequi,
473,2026-08-07,16:05,Nübe Centro,Domicilio,Latte,1,9000,Nequi,
474,2026-08-07,15:44,Nübe Centro,Mostrador,Americano,2,5000,Nequi,
474,2026-08-07,15:44,Nübe Centro,Mostrador,Capuchino,1,8500,Nequi,
474,2026-08-07,15:44,Nübe Centro,Mostrador,Latte,1,9000,Nequi,
475,2026-08-07,15:27,Nübe Centro,Mostrador,Capuchino,1,8500,Tarjeta,C142
476,2026-08-07,15:57,Nübe Centro,Mostrador,Capuchino,3,8500,Efectivo,
476,2026-08-07,15:57,Nübe Centro,Mostrador,Chocolate caliente,2,7500,Efectivo,
476,2026-08-07,15:57,Nübe Centro,Mostrador,Croissant,1,6000,Efectivo,
477,2026-08-07,17:26,Nübe Centro,Mostrador,Frappé de café,1,11000,Tarjeta,C186
478,2026-08-07,08:46,Nübe Centro,Domicilio,Americano,1,5000,Efectivo,
479,2026-08-07,15:03,Nübe Centro,Mostrador,Croissant,1,6000,Tarjeta,
479,2026-08-07,15:03,Nübe Centro,Mostrador,Croissant de almendras,1,8000,Tarjeta,
479,2026-08-07,15:03,Nübe Centro,Mostrador,Latte,1,9000,Tarjeta,
480,2026-08-07,14:47,Nübe Centro,Mostrador,Latte,1,9000,Tarjeta,
481,2026-08-07,16:22,Nübe Centro,Mostrador,Americano,1,5000,Efectivo,
481,2026-08-07,16:22,Nübe Centro,Mostrador,Latte,1,9000,Efectivo,
482,2026-08-07,10:54,Nübe Centro,Mostrador,Croissant de almendras,1,8000,Efectivo,
482,2026-08-07,10:54,Nübe Centro,Mostrador,Latte,2,9000,Efectivo,
483,2026-08-07,09:07,Nübe Centro,Domicilio,Capuchino,1,8500,Nequi,
483,2026-08-07,09:07,Nübe Centro,Domicilio,Croissant,1,6000,Nequi,
483,2026-08-07,09:07,Nübe Centro,Domicilio,Latte,1,9000,Nequi,
484,2026-08-07,09:54,Nübe Centro,Mostrador,Croissant,1,6000,Nequi,
485,2026-08-07,08:43,Nübe Centro,Mostrador,Americano,1,5000,Efectivo,
486,2026-08-07,11:44,Nübe Centro,Mostrador,Chocolate caliente,1,7500,Nequi,C239
486,2026-08-07,11:44,Nübe Centro,Mostrador,Tinto,1,3000,Nequi,C239
487,2026-08-07,18:15,Nübe Centro,Mostrador,Capuchino,1,8500,Nequi,
487,2026-08-07,18:15,Nübe Centro,Mostrador,Croissant,2,6000,Nequi,
488,2026-08-07,10:26,Nübe Centro,Domicilio,Croissant,2,6000,Tarjeta,
488,2026-08-07,10:26,Nübe Centro,Domicilio,Tinto,1,3000,Tarjeta,
489,2026-08-07,17:15,Nübe Centro,Domicilio,Chocolate caliente,3,7500,Tarjeta,C194
489,2026-08-07,17:15,Nübe Centro,Domicilio,Croissant,1,6000,Tarjeta,C194
490,2026-08-07,07:06,Nübe Centro,Mostrador,Americano,1,5000,Nequi,
491,2026-08-07,17:39,Nübe Centro,Domicilio,Capuchino,1,8500,Tarjeta,C240
491,2026-08-07,17:39,Nübe Centro,Domicilio,Croissant de almendras,1,8000,Tarjeta,C240
491,2026-08-07,17:39,Nübe Centro,Domicilio,Tinto,1,3000,Tarjeta,C240
492,2026-08-07,18:37,Nübe Centro,Mostrador,Latte,1,9000,Sin dato,C197
493,2026-08-07,09:29,Nübe Centro,Mostrador,Americano,1,5000,Nequi,C287
493,2026-08-07,09:29,Nübe Centro,Mostrador,Chocolate caliente,1,7500,Nequi,C287
494,2026-08-07,11:30,Nübe Centro,Mostrador,Croissant,1,6000,Efectivo,C285
495,2026-08-07,07:32,Nübe Centro,Domicilio,Croissant,1,6000,Efectivo,C076
496,2026-08-07,13:38,Nübe Centro,Mostrador,Capuchino,2,8500,Tarjeta,C056
496,2026-08-07,13:38,Nübe Centro,Mostrador,Croissant de almendras,1,8000,Tarjeta,C056
497,2026-08-07,11:12,Nübe Centro,Mostrador,Americano,2,5000,Nequi,
497,2026-08-07,11:12,Nübe Centro,Mostrador,Croissant,1,6000,Nequi,
497,2026-08-07,11:12,Nübe Centro,Mostrador,Croissant de almendras,1,8000,Nequi,
498,2026-08-07,13:53,Nübe Centro,Domicilio,Capuchino,1,8500,Tarjeta,C061
498,2026-08-07,13:53,Nübe Centro,Domicilio,Tinto,1,3000,Tarjeta,C061
499,2026-08-07,15:55,Nübe Centro,Domicilio,Americano,1,5000,Tarjeta,C274
500,2026-08-07,16:40,Nübe Centro,Mostrador,Chocolate caliente,2,7500,Efectivo,
501,2026-08-07,07:16,Nübe Centro,Domicilio,Chocolate caliente,1,7500,Nequi,C030
501,2026-08-07,07:16,Nübe Centro,Domicilio,Latte,1,9000,Nequi,C030
502,2026-08-07,12:24,Nübe Centro,Domicilio,Capuchino,2,8500,Tarjeta,C223
503,2026-08-07,16:39,Nübe Centro,Mostrador,Americano,1,5000,Efectivo,
503,2026-08-07,16:39,Nübe Centro,Mostrador,Latte,2,9000,Efectivo,
504,2026-08-07,07:59,Nübe Centro,Mostrador,Chocolate caliente,1,7500,Tarjeta,
504,2026-08-07,07:59,Nübe Centro,Mostrador,Tinto,1,3000,Tarjeta,
505,2026-08-07,16:24,Nübe Centro,Mostrador,Croissant,1,6000,Nequi,C292
506,2026-08-07,12:35,Nübe Centro,Mostrador,Americano,1,5000,Tarjeta,C031
506,2026-08-07,12:35,Nübe Centro,Mostrador,Croissant de almendras,1,8000,Tarjeta,C031
507,2026-08-07,09:17,Nübe Centro,Mostrador,Croissant de almendras,2,8000,Efectivo,
508,2026-08-07,09:44,Nübe Centro,Mostrador,Americano,1,5000,Efectivo,
508,2026-08-07,09:44,Nübe Centro,Mostrador,Croissant,1,6000,Efectivo,
509,2026-08-07,14:14,Nübe Centro,Mostrador,Americano,1,5000,Nequi,
509,2026-08-07,14:14,Nübe Centro,Mostrador,Croissant de almendras,1,8000,Nequi,
510,2026-08-07,16:14,Nübe Centro,Mostrador,Latte,1,9000,Tarjeta,C024
511,2026-08-07,11:42,Nübe Centro,Mostrador,Capuchino,1,8500,Efectivo,
511,2026-08-07,11:42,Nübe Centro,Mostrador,Frappé de café,1,11000,Efectivo,
512,2026-08-07,07:30,Nübe Centro,Mostrador,Chocolate caliente,1,7500,Tarjeta,C250
512,2026-08-07,07:30,Nübe Centro,Mostrador,Croissant,1,6000,Tarjeta,C250
513,2026-08-07,09:58,Nübe Centro,Mostrador,Capuchino,1,8500,Efectivo,
514,2026-08-07,11:23,Nübe Centro,Mostrador,Capuchino,1,8500,Efectivo,
514,2026-08-07,11:23,Nübe Centro,Mostrador,Croissant,1,6000,Efectivo,
514,2026-08-07,11:23,Nübe Centro,Mostrador,Frappé de café,1,11000,Efectivo,
515,2026-08-07,15:02,Nübe Centro,Mostrador,Americano,1,5000,Tarjeta,
515,2026-08-07,15:02,Nübe Centro,Mostrador,Capuchino,2,8500,Tarjeta,
516,2026-08-07,13:21,Nübe Centro,Mostrador,Latte,3,9000,Efectivo,C172
517,2026-08-07,08:56,Nübe Centro,Domicilio,Capuchino,3,8500,Efectivo,C071
518,2026-08-07,18:00,Nübe Centro,Domicilio,Latte,1,9000,Tarjeta,C016
519,2026-08-07,18:22,Nübe Centro,Mostrador,Capuchino,2,8500,Efectivo,
519,2026-08-07,18:22,Nübe Centro,Mostrador,Latte,1,9000,Efectivo,
520,2026-08-07,19:11,Nübe Centro,Domicilio,Americano,3,5000,Efectivo,
520,2026-08-07,19:11,Nübe Centro,Domicilio,Capuchino,1,8500,Efectivo,
520,2026-08-07,19:11,Nübe Centro,Domicilio,Croissant de almendras,1,8000,Efectivo,
521,2026-08-07,09:57,Nübe Centro,Mostrador,Capuchino,1,8500,Tarjeta,
521,2026-08-07,09:57,Nübe Centro,Mostrador,Tinto,1,3000,Tarjeta,
522,2026-08-07,20:16,Nübe Centro,Mostrador,Capuchino,1,8500,Efectivo,
523,2026-08-07,17:27,Nübe Centro,Domicilio,Capuchino,1,8500,Tarjeta,
523,2026-08-07,17:27,Nübe Centro,Domicilio,Latte,1,9000,Tarjeta,
524,2026-08-07,07:31,Nübe Centro,Mostrador,Croissant,2,6000,Tarjeta,C261
524,2026-08-07,07:31,Nübe Centro,Mostrador,Tinto,1,3000,Tarjeta,C261
525,2026-08-07,08:01,Nübe Centro,Mostrador,Croissant,1,6000,Efectivo,
525,2026-08-07,08:01,Nübe Centro,Mostrador,Tinto,2,3000,Efectivo,
526,2026-08-07,15:06,Nübe Centro,Mostrador,Croissant,1,6000,Tarjeta,C271
527,2026-08-07,11:30,Nübe Centro,Mostrador,Capuchino,2,8500,Nequi,
528,2026-08-07,16:25,Nübe Centro,Mostrador,Croissant,1,6000,Efectivo,C154
528,2026-08-07,16:25,Nübe Centro,Mostrador,Latte,1,9000,Efectivo,C154
528,2026-08-07,16:25,Nübe Centro,Mostrador,Tinto,1,3000,Efectivo,C154
529,2026-08-07,08:33,Nübe Centro,Mostrador,Capuchino,1,8500,Efectivo,C085
530,2026-08-07,09:11,Nübe Centro,Domicilio,Tinto,1,3000,Tarjeta,
531,2026-08-07,09:37,Nübe Centro,Mostrador,Americano,1,5000,Nequi,C070
532,2026-08-07,08:55,Nübe Centro,Domicilio,Capuchino,1,8500,Efectivo,
532,2026-08-07,08:55,Nübe Centro,Domicilio,Croissant,1,6000,Efectivo,
532,2026-08-07,08:55,Nübe Centro,Domicilio,Tinto,1,3000,Efectivo,
533,2026-08-07,11:19,Nübe Centro,Domicilio,Chocolate caliente,1,7500,Tarjeta,
533,2026-08-07,11:19,Nübe Centro,Domicilio,Croissant,1,6000,Tarjeta,
533,2026-08-07,11:19,Nübe Centro,Domicilio,Latte,1,9000,Tarjeta,
534,2026-08-07,09:19,Nübe Centro,Domicilio,Croissant,1,6000,Nequi,
535,2026-08-07,09:52,Nübe Centro,Domicilio,Americano,1,5000,Efectivo,
535,2026-08-07,09:52,Nübe Centro,Domicilio,Capuchino,3,8500,Efectivo,
536,2026-08-07,07:38,Nübe Centro,Mostrador,Tinto,1,3000,Tarjeta,C089
537,2026-08-07,08:54,Nübe Centro,Mostrador,Tinto,1,3000,Nequi,C238
538,2026-08-07,12:46,Nübe Centro,Domicilio,Capuchino,1,8500,Efectivo,
538,2026-08-07,12:46,Nübe Centro,Domicilio,Tinto,2,3000,Efectivo,
539,2026-08-07,19:02,Nübe Centro,Domicilio,Tinto,1,3000,Tarjeta,
540,2026-08-07,07:50,Nübe Centro,Mostrador,Americano,1,5000,Tarjeta,C214
540,2026-08-07,07:50,Nübe Centro,Mostrador,Capuchino,1,8500,Tarjeta,C214
541,2026-08-07,20:22,Nübe Centro,Mostrador,Chocolate caliente,1,7500,Nequi,
542,2026-08-07,08:44,Nübe Centro,Mostrador,Tinto,1,3000,Nequi,
543,2026-08-07,06:25,Nübe Centro,Mostrador,Chocolate caliente,2,7500,Sin dato,
544,2026-08-07,12:32,Nübe Centro,Mostrador,Croissant de almendras,1,8000,Efectivo,
545,2026-08-07,07:48,Nübe Centro,Domicilio,Croissant,1,6000,Tarjeta,
545,2026-08-07,07:48,Nübe Centro,Domicilio,Tinto,1,3000,Tarjeta,
546,2026-08-07,09:20,Nübe Centro,Domicilio,Chocolate caliente,1,7500,Nequi,
546,2026-08-07,09:20,Nübe Centro,Domicilio,Croissant,1,6000,Nequi,
546,2026-08-07,09:20,Nübe Centro,Domicilio,Tinto,1,3000,Nequi,
547,2026-08-07,09:56,Nübe Centro,Mostrador,Capuchino,2,8500,Tarjeta,C038
548,2026-08-07,07:41,Nübe Centro,Mostrador,Americano,1,5000,Nequi,
549,2026-08-07,13:21,Nübe Centro,Mostrador,Croissant de almendras,1,8000,Efectivo,
550,2026-08-07,10:00,Nübe Centro,Domicilio,Americano,1,5000,Tarjeta,
551,2026-08-07,16:38,Nübe Centro,Mostrador,Latte,1,9000,Nequi,
552,2026-08-07,12:40,Nübe Centro,Domicilio,Tinto,2,3000,Efectivo,C285
553,2026-08-07,14:56,Nübe Centro,Mostrador,Americano,1,5000,Efectivo,C261
554,2026-08-07,13:14,Nübe Centro,Domicilio,Americano,1,5000,Efectivo,
554,2026-08-07,13:14,Nübe Centro,Domicilio,Croissant,1,6000,Efectivo,
554,2026-08-07,13:14,Nübe Centro,Domicilio,Latte,1,9000,Efectivo,
555,2026-08-07,11:25,Nübe Centro,Mostrador,Latte,1,9000,Nequi,
556,2026-08-07,10:59,Nübe Centro,Mostrador,Americano,1,5000,Efectivo,C157
557,2026-08-07,16:02,Nübe Centro,Mostrador,Tinto,1,3000,Nequi,
558,2026-08-07,19:55,Nübe Centro,Mostrador,Chocolate caliente,1,7500,Tarjeta,
558,2026-08-07,19:55,Nübe Centro,Mostrador,Latte,1,9000,Tarjeta,
559,2026-08-07,13:26,Nübe Centro,Mostrador,Croissant,1,6000,Nequi,
559,2026-08-07,13:26,Nübe Centro,Mostrador,Latte,1,9000,Nequi,
560,2026-08-07,10:09,Nübe Centro,Mostrador,Tinto,2,3000,Efectivo,C229
561,2026-08-07,16:10,Nübe Centro,Domicilio,Croissant,2,6000,Efectivo,C069
561,2026-08-07,16:10,Nübe Centro,Domicilio,Tinto,2,3000,Efectivo,C069
562,2026-08-07,19:23,Nübe Centro,Mostrador,Frappé de café,1,11000,Nequi,
563,2026-08-07,17:37,Nübe Centro,Domicilio,Americano,1,5000,Nequi,
564,2026-08-07,17:26,Nübe Centro,Mostrador,Croissant de almendras,1,8000,Nequi,
565,2026-08-07,09:54,Nübe Centro,Mostrador,Frappé de café,2,11000,Efectivo,
565,2026-08-07,09:54,Nübe Centro,Mostrador,Tinto,2,3000,Efectivo,
566,2026-08-07,16:28,Nübe Centro,Mostrador,Capuchino,1,8500,Efectivo,
566,2026-08-07,16:28,Nübe Centro,Mostrador,Croissant de almendras,1,8000,Efectivo,
566,2026-08-07,16:28,Nübe Centro,Mostrador,Latte,1,9000,Efectivo,
567,2026-08-07,10:40,Nübe Centro,Domicilio,Latte,2,9000,Efectivo,C149
567,2026-08-07,10:40,Nübe Centro,Domicilio,Tinto,1,3000,Efectivo,C149
568,2026-08-07,13:26,Nübe Centro,Domicilio,Chocolate caliente,1,7500,Nequi,
569,2026-08-07,12:35,Nübe Centro,Mostrador,Capuchino,1,8500,Tarjeta,
570,2026-08-07,13:24,Nübe Centro,Mostrador,Frappé de café,1,11000,Tarjeta,
571,2026-08-07,19:42,Nübe Altico,Domicilio,Croissant,1,6000,Efectivo,
572,2026-08-07,08:35,Nübe Altico,Mostrador,Capuchino,2,8500,Efectivo,C181
572,2026-08-07,08:35,Nübe Altico,Mostrador,Croissant,1,6000,Efectivo,C181
572,2026-08-07,08:35,Nübe Altico,Mostrador,Croissant de almendras,1,8000,Efectivo,C181
573,2026-08-07,16:27,Nübe Altico,Mostrador,Croissant,1,6000,Tarjeta,
573,2026-08-07,16:27,Nübe Altico,Mostrador,Croissant de almendras,1,8000,Tarjeta,
574,2026-08-07,12:43,Nübe Altico,Mostrador,Americano,2,5000,Nequi,
574,2026-08-07,12:43,Nübe Altico,Mostrador,Tinto,2,3000,Nequi,
575,2026-08-07,16:13,Nübe Altico,Domicilio,Capuchino,1,8500,Efectivo,
575,2026-08-07,16:13,Nübe Altico,Domicilio,Chocolate caliente,1,7500,Efectivo,
576,2026-08-07,11:37,Nübe Altico,Domicilio,Tinto,1,3000,Tarjeta,C071
577,2026-08-07,09:50,Nübe Altico,Mostrador,Chocolate caliente,2,7500,Efectivo,
578,2026-08-07,10:12,Nübe Altico,Mostrador,Croissant de almendras,1,8000,Efectivo,
579,2026-08-07,16:01,Nübe Altico,Mostrador,Tinto,1,3000,Nequi,C202
580,2026-08-07,19:45,Nübe Altico,Domicilio,Americano,3,5000,Nequi,
581,2026-08-07,08:12,Nübe Altico,Mostrador,Chocolate caliente,1,7500,Nequi,
581,2026-08-07,08:12,Nübe Altico,Mostrador,Croissant,1,6000,Nequi,
581,2026-08-07,08:12,Nübe Altico,Mostrador,Tinto,1,3000,Nequi,
582,2026-08-07,13:59,Nübe Altico,Mostrador,Capuchino,1,8500,Tarjeta,
583,2026-08-07,11:27,Nübe Altico,Mostrador,Latte,1,9000,Nequi,C030
583,2026-08-07,11:27,Nübe Altico,Mostrador,Tinto,2,3000,Nequi,C030
584,2026-08-07,13:39,Nübe Altico,Mostrador,Croissant,1,6000,Tarjeta,C213
585,2026-08-07,16:38,Nübe Altico,Domicilio,Capuchino,1,8500,Efectivo,
585,2026-08-07,16:38,Nübe Altico,Domicilio,Tinto,2,3000,Efectivo,
586,2026-08-07,07:18,Nübe Altico,Domicilio,Latte,1,9000,Efectivo,
587,2026-08-07,12:14,Nübe Altico,Mostrador,Americano,1,5000,Efectivo,
587,2026-08-07,12:14,Nübe Altico,Mostrador,Tinto,1,3000,Efectivo,
588,2026-08-07,09:20,Nübe Altico,Domicilio,Capuchino,1,8500,Nequi,
588,2026-08-07,09:20,Nübe Altico,Domicilio,Tinto,1,3000,Nequi,
589,2026-08-07,09:21,Nübe Altico,Mostrador,Capuchino,1,8500,Efectivo,
590,2026-08-07,10:23,Nübe Altico,Mostrador,Tinto,1,3000,Efectivo,
591,2026-08-07,09:06,Nübe Altico,Mostrador,Croissant,1,6000,Tarjeta,C126
592,2026-08-07,15:45,Nübe Altico,Mostrador,Croissant,1,6000,Efectivo,
593,2026-08-07,11:00,Nübe Altico,Domicilio,Americano,1,5000,Efectivo,C189
593,2026-08-07,11:00,Nübe Altico,Domicilio,Croissant,1,6000,Efectivo,C189
594,2026-08-07,12:53,Nübe Altico,Mostrador,Croissant,1,6000,Nequi,C235
595,2026-08-07,17:31,Nübe Altico,Mostrador,Americano,1,5000,Tarjeta,
595,2026-08-07,17:31,Nübe Altico,Mostrador,Tinto,1,3000,Tarjeta,
596,2026-08-07,10:14,Nübe Altico,Mostrador,Croissant de almendras,1,8000,Nequi,
597,2026-08-07,18:19,Nübe Altico,Mostrador,Chocolate caliente,1,7500,Tarjeta,
597,2026-08-07,18:19,Nübe Altico,Mostrador,Tinto,1,3000,Tarjeta,
598,2026-08-07,09:15,Nübe Altico,Mostrador,Chocolate caliente,1,7500,Efectivo,C174
598,2026-08-07,09:15,Nübe Altico,Mostrador,Croissant,2,6000,Efectivo,C174
599,2026-08-07,09:37,Nübe Altico,Mostrador,Capuchino,1,8500,Efectivo,
599,2026-08-07,09:37,Nübe Altico,Mostrador,Frappé de café,1,11000,Efectivo,
599,2026-08-07,09:37,Nübe Altico,Mostrador,Tinto,1,3000,Efectivo,
600,2026-08-07,08:19,Nübe Altico,Mostrador,Chocolate caliente,1,7500,Tarjeta,
600,2026-08-07,08:19,Nübe Altico,Mostrador,Croissant,1,6000,Tarjeta,
600,2026-08-07,08:19,Nübe Altico,Mostrador,Tinto,1,3000,Tarjeta,
601,2026-08-07,10:09,Nübe Altico,Mostrador,Americano,1,5000,Efectivo,C140
602,2026-08-07,11:00,Nübe Altico,Mostrador,Americano,1,5000,Efectivo,C086
603,2026-08-07,12:27,Nübe Altico,Mostrador,Chocolate caliente,1,7500,Tarjeta,
603,2026-08-07,12:27,Nübe Altico,Mostrador,Tinto,1,3000,Tarjeta,
604,2026-08-07,08:21,Nübe Altico,Domicilio,Americano,1,5000,Efectivo,
605,2026-08-07,10:43,Nübe Altico,Domicilio,Latte,1,9000,Tarjeta,C017
606,2026-08-07,17:47,Nübe Altico,Domicilio,Capuchino,1,8500,Nequi,
606,2026-08-07,17:47,Nübe Altico,Domicilio,Croissant,1,6000,Sin dato,
607,2026-08-07,13:51,Nübe Altico,Domicilio,Croissant,1,6000,Tarjeta,
607,2026-08-07,13:51,Nübe Altico,Domicilio,Croissant de almendras,1,8000,Tarjeta,
608,2026-08-07,08:17,Nübe Altico,Mostrador,Capuchino,2,8500,Efectivo,
609,2026-08-07,12:22,Nübe Altico,Mostrador,Americano,1,5000,Efectivo,
609,2026-08-07,12:22,Nübe Altico,Mostrador,Latte,1,9000,Efectivo,
609,2026-08-07,12:22,Nübe Altico,Mostrador,Tinto,1,3000,Efectivo,
610,2026-08-07,09:45,Nübe Altico,Mostrador,Chocolate caliente,2,7500,Efectivo,C089
611,2026-08-07,14:07,Nübe Altico,Mostrador,Capuchino,1,8500,Efectivo,
611,2026-08-07,14:07,Nübe Altico,Mostrador,Croissant de almendras,1,8000,Efectivo,
611,2026-08-07,14:07,Nübe Altico,Mostrador,Tinto,3,3000,Efectivo,
612,2026-08-07,10:12,Nübe Altico,Mostrador,Americano,1,5000,Tarjeta,C292
612,2026-08-07,10:12,Nübe Altico,Mostrador,Tinto,1,3000,Tarjeta,C292
613,2026-08-07,08:00,Nübe Altico,Domicilio,Americano,1,5000,Nequi,C283
613,2026-08-07,08:00,Nübe Altico,Domicilio,Capuchino,2,8500,Nequi,C283
614,2026-08-07,07:24,Nübe Altico,Mostrador,Latte,1,9000,Nequi,
614,2026-08-07,07:24,Nübe Altico,Mostrador,Tinto,2,3000,Nequi,
615,2026-08-07,16:42,Nübe Altico,Mostrador,Americano,1,5000,Tarjeta,
615,2026-08-07,16:42,Nübe Altico,Mostrador,Tinto,2,3000,Tarjeta,
616,2026-08-07,07:34,Nübe Altico,Mostrador,Tinto,2,3000,Tarjeta,C163
617,2026-08-07,10:36,Nübe Altico,Domicilio,Capuchino,1,8500,Nequi,C202
617,2026-08-07,10:36,Nübe Altico,Domicilio,Croissant,1,6000,Nequi,C202
618,2026-08-07,15:12,Nübe Altico,Domicilio,Tinto,2,3000,Tarjeta,
619,2026-08-07,08:17,Nübe Altico,Domicilio,Americano,1,5000,Tarjeta,C212
620,2026-08-07,17:40,Nübe Altico,Mostrador,Croissant,1,6000,Efectivo,
620,2026-08-07,17:40,Nübe Altico,Mostrador,Tinto,1,3000,Efectivo,
621,2026-08-07,10:39,Nübe Altico,Domicilio,Croissant,1,6000,Efectivo,
622,2026-08-07,07:42,Nübe Altico,Mostrador,Capuchino,2,8500,Efectivo,
622,2026-08-07,07:42,Nübe Altico,Mostrador,Croissant,1,6000,Efectivo,
623,2026-08-07,16:52,Nübe Altico,Mostrador,Capuchino,1,8500,Tarjeta,C281
624,2026-08-07,11:45,Nübe Altico,Mostrador,Latte,1,9000,Efectivo,
625,2026-08-07,19:14,Nübe Altico,Mostrador,Latte,1,9000,Efectivo,
626,2026-08-07,17:20,Nübe Altico,Mostrador,Capuchino,1,8500,Efectivo,C010
626,2026-08-07,17:20,Nübe Altico,Mostrador,Croissant,1,6000,Efectivo,C010
627,2026-08-07,13:55,Nübe Altico,Mostrador,Chocolate caliente,1,7500,Nequi,
628,2026-08-07,09:15,Nübe Altico,Domicilio,Tinto,1,3000,Efectivo,
629,2026-08-07,10:05,Nübe Altico,Domicilio,Croissant de almendras,1,8000,Efectivo,
629,2026-08-07,10:05,Nübe Altico,Domicilio,Tinto,1,3000,Efectivo,
630,2026-08-07,07:04,Nübe Altico,Mostrador,Capuchino,1,8500,Nequi,C071
631,2026-08-07,15:57,Nübe Altico,Mostrador,Capuchino,1,8500,Efectivo,
631,2026-08-07,15:57,Nübe Altico,Mostrador,Croissant,1,6000,Efectivo,
632,2026-08-07,17:29,Nübe Altico,Domicilio,Capuchino,1,8500,Efectivo,C220
633,2026-08-07,09:34,Nübe Altico,Mostrador,Croissant,2,6000,Nequi,
633,2026-08-07,09:34,Nübe Altico,Mostrador,Croissant de almendras,1,8000,Nequi,
634,2026-08-07,14:19,Nübe Altico,Mostrador,Tinto,1,3000,Nequi,
635,2026-08-07,16:02,Nübe Altico,Domicilio,Croissant,2,6000,Efectivo,
635,2026-08-07,16:02,Nübe Altico,Domicilio,Latte,3,9000,Efectivo,
635,2026-08-07,16:02,Nübe Altico,Domicilio,Tinto,1,3000,Efectivo,
636,2026-08-07,19:13,Nübe Altico,Mostrador,Croissant de almendras,1,8000,Efectivo,
636,2026-08-07,19:13,Nübe Altico,Mostrador,Tinto,3,3000,Efectivo,
637,2026-08-07,07:01,Nübe Altico,Domicilio,Chocolate caliente,1,7500,Efectivo,C148
637,2026-08-07,07:01,Nübe Altico,Domicilio,Latte,1,9000,Efectivo,C148
638,2026-08-07,09:21,Nübe Altico,Mostrador,Chocolate caliente,1,7500,Tarjeta,
638,2026-08-07,09:21,Nübe Altico,Mostrador,Croissant,2,6000,Tarjeta,
639,2026-08-07,10:27,Nübe Altico,Domicilio,Americano,1,5000,Nequi,C078
639,2026-08-07,10:27,Nübe Altico,Domicilio,Croissant,2,6000,Nequi,C078
640,2026-08-07,11:53,Nübe Altico,Mostrador,Tinto,2,3000,Efectivo,
641,2026-08-07,10:30,Nübe Altico,Domicilio,Tinto,1,3000,Nequi,C011
642,2026-08-07,16:39,Nübe Altico,Mostrador,Latte,1,9000,Nequi,
643,2026-08-07,10:40,Nübe Altico,Mostrador,Chocolate caliente,1,7500,Nequi,
644,2026-08-07,08:11,Nübe Altico,Mostrador,Croissant,1,6000,Nequi,
645,2026-08-07,08:29,Nübe Altico,Mostrador,Tinto,1,3000,Nequi,C156
646,2026-08-07,09:49,Nübe Altico,Domicilio,Croissant,1,6000,Tarjeta,C145
646,2026-08-07,09:49,Nübe Altico,Domicilio,Tinto,1,3000,Tarjeta,C145
647,2026-08-07,09:47,Nübe Altico,Mostrador,Tinto,1,3000,Tarjeta,
648,2026-08-07,07:24,Nübe Altico,Domicilio,Capuchino,1,8500,Tarjeta,C232
649,2026-08-07,10:44,Nübe Altico,Mostrador,Croissant de almendras,1,8000,Tarjeta,C105
650,2026-08-07,07:27,Nübe Altico,Mostrador,Capuchino,1,8500,Efectivo,
650,2026-08-07,07:27,Nübe Altico,Mostrador,Croissant,2,6000,Efectivo,
651,2026-08-07,15:44,Nübe Altico,Mostrador,Americano,1,5000,Nequi,
651,2026-08-07,15:44,Nübe Altico,Mostrador,Capuchino,1,8500,Nequi,
651,2026-08-07,15:44,Nübe Altico,Mostrador,Latte,1,9000,Nequi,
652,2026-08-07,07:08,Nübe Altico,Domicilio,Latte,3,9000,Tarjeta,
653,2026-08-07,15:38,Nübe Altico,Domicilio,Tinto,2,3000,Tarjeta,
654,2026-08-08,06:56,Nübe Centro,Mostrador,Americano,2,5000,Tarjeta,C006
655,2026-08-08,16:19,Nübe Centro,Mostrador,Americano,1,5000,Nequi,
656,2026-08-08,07:33,Nübe Centro,Mostrador,Chocolate caliente,1,7500,Nequi,
656,2026-08-08,07:33,Nübe Centro,Mostrador,Croissant,2,6000,Nequi,
657,2026-08-08,11:21,Nübe Centro,Mostrador,Capuchino,2,8500,Nequi,C033
658,2026-08-08,18:18,Nübe Centro,Domicilio,Croissant,1,6000,Tarjeta,C253
658,2026-08-08,18:18,Nübe Centro,Domicilio,Latte,1,9000,Tarjeta,C253
658,2026-08-08,18:18,Nübe Centro,Domicilio,Tinto,2,3000,Tarjeta,C253
659,2026-08-08,06:24,Nübe Centro,Domicilio,Chocolate caliente,1,7500,Efectivo,C168
659,2026-08-08,06:24,Nübe Centro,Domicilio,Croissant de almendras,1,8000,Efectivo,C168
660,2026-08-08,11:22,Nübe Centro,Mostrador,Americano,2,5000,Tarjeta,C129
660,2026-08-08,11:22,Nübe Centro,Mostrador,Tinto,1,3000,Tarjeta,C129
661,2026-08-08,07:09,Nübe Centro,Mostrador,Croissant,3,6000,Nequi,
662,2026-08-08,16:59,Nübe Centro,Domicilio,Tinto,1,3000,Tarjeta,
663,2026-08-08,06:30,Nübe Centro,Domicilio,Croissant,1,6000,Tarjeta,C139
664,2026-08-08,08:21,Nübe Centro,Mostrador,Capuchino,1,8500,Efectivo,
665,2026-08-08,07:05,Nübe Centro,Domicilio,Capuchino,1,8500,Nequi,C166
665,2026-08-08,07:05,Nübe Centro,Domicilio,Tinto,1,3000,Nequi,C166
666,2026-08-08,17:07,Nübe Centro,Domicilio,Croissant de almendras,1,8000,Tarjeta,C207
667,2026-08-08,17:24,Nübe Centro,Mostrador,Croissant de almendras,1,8000,Efectivo,
668,2026-08-08,18:22,Nübe Centro,Mostrador,Capuchino,3,8500,Nequi,
668,2026-08-08,18:22,Nübe Centro,Mostrador,Tinto,1,3000,Nequi,
669,2026-08-08,13:12,Nübe Centro,Domicilio,Croissant,1,6000,Tarjeta,C084
670,2026-08-08,13:53,Nübe Centro,Mostrador,Americano,1,5000,Efectivo,C146
670,2026-08-08,13:53,Nübe Centro,Mostrador,Tinto,2,3000,Efectivo,C146
671,2026-08-08,09:11,Nübe Centro,Domicilio,Americano,1,5000,Efectivo,
671,2026-08-08,09:11,Nübe Centro,Domicilio,Capuchino,1,8500,Efectivo,
672,2026-08-08,19:03,Nübe Centro,Domicilio,Latte,1,9000,Tarjeta,
673,2026-08-08,15:11,Nübe Centro,Mostrador,Americano,1,5000,Nequi,C290
674,2026-08-08,19:10,Nübe Centro,Mostrador,Tinto,1,3000,Nequi,
675,2026-08-08,17:18,Nübe Centro,Mostrador,Tinto,1,3000,Efectivo,C081
676,2026-08-08,15:26,Nübe Centro,Domicilio,Americano,1,5000,Efectivo,C297
676,2026-08-08,15:26,Nübe Centro,Domicilio,Capuchino,1,8500,Efectivo,C297
677,2026-08-08,20:14,Nübe Centro,Mostrador,Chocolate caliente,1,7500,Efectivo,C116
677,2026-08-08,20:14,Nübe Centro,Mostrador,Croissant,1,6000,Efectivo,C116
678,2026-08-08,15:12,Nübe Centro,Mostrador,Latte,1,9000,Efectivo,
679,2026-08-08,09:43,Nübe Centro,Mostrador,Chocolate caliente,1,7500,Tarjeta,C001
679,2026-08-08,09:43,Nübe Centro,Mostrador,Tinto,1,3000,Tarjeta,C001
680,2026-08-08,11:26,Nübe Centro,Domicilio,Chocolate caliente,1,7500,Nequi,C175
681,2026-08-08,19:30,Nübe Centro,Domicilio,Croissant de almendras,1,8000,Tarjeta,C066
681,2026-08-08,19:30,Nübe Centro,Domicilio,Tinto,1,3000,Tarjeta,C066
682,2026-08-08,12:34,Nübe Centro,Mostrador,Capuchino,1,8500,Efectivo,
682,2026-08-08,12:34,Nübe Centro,Mostrador,Tinto,1,3000,Efectivo,
683,2026-08-08,08:10,Nübe Centro,Mostrador,Chocolate caliente,1,7500,Tarjeta,C276
684,2026-08-08,10:54,Nübe Centro,Mostrador,Tinto,2,3000,Efectivo,C094
685,2026-08-08,15:50,Nübe Centro,Domicilio,Tinto,1,3000,Tarjeta,C248
686,2026-08-08,16:54,Nübe Centro,Mostrador,Capuchino,2,8500,Tarjeta,
687,2026-08-08,09:40,Nübe Centro,Domicilio,Croissant,1,6000,Efectivo,
687,2026-08-08,09:40,Nübe Centro,Domicilio,Tinto,1,3000,Efectivo,
688,2026-08-08,18:51,Nübe Centro,Domicilio,Chocolate caliente,1,7500,Sin dato,
688,2026-08-08,18:51,Nübe Centro,Domicilio,Latte,2,9000,Nequi,
689,2026-08-08,08:16,Nübe Centro,Mostrador,Latte,2,9000,Tarjeta,
689,2026-08-08,08:16,Nübe Centro,Mostrador,Tinto,1,3000,Tarjeta,
690,2026-08-08,06:21,Nübe Centro,Mostrador,Americano,1,5000,Sin dato,C037
690,2026-08-08,06:21,Nübe Centro,Mostrador,Croissant de almendras,2,8000,Nequi,C037
691,2026-08-08,08:14,Nübe Centro,Mostrador,Capuchino,1,8500,Efectivo,
691,2026-08-08,08:14,Nübe Centro,Mostrador,Croissant,1,6000,Efectivo,
691,2026-08-08,08:14,Nübe Centro,Mostrador,Latte,1,9000,Efectivo,
692,2026-08-08,12:54,Nübe Centro,Mostrador,Americano,2,5000,Sin dato,
692,2026-08-08,12:54,Nübe Centro,Mostrador,Latte,2,9000,Tarjeta,
692,2026-08-08,12:54,Nübe Centro,Mostrador,Tinto,1,3000,Tarjeta,
693,2026-08-08,14:11,Nübe Centro,Mostrador,Croissant de almendras,2,8000,Nequi,C211
693,2026-08-08,14:11,Nübe Centro,Mostrador,Latte,1,9000,Nequi,C211
694,2026-08-08,08:05,Nübe Centro,Mostrador,Americano,1,5000,Efectivo,
694,2026-08-08,08:05,Nübe Centro,Mostrador,Capuchino,1,8500,Efectivo,
695,2026-08-08,08:09,Nübe Centro,Mostrador,Americano,1,5000,Tarjeta,
695,2026-08-08,08:09,Nübe Centro,Mostrador,Capuchino,1,8500,Tarjeta,
695,2026-08-08,08:09,Nübe Centro,Mostrador,Croissant,2,6000,Tarjeta,
696,2026-08-08,08:37,Nübe Centro,Mostrador,Chocolate caliente,1,7500,Tarjeta,
696,2026-08-08,08:37,Nübe Centro,Mostrador,Croissant de almendras,1,8000,Sin dato,
697,2026-08-08,09:12,Nübe Centro,Mostrador,Latte,1,9000,Efectivo,
698,2026-08-08,08:01,Nübe Centro,Domicilio,Americano,1,5000,Nequi,
698,2026-08-08,08:01,Nübe Centro,Domicilio,Chocolate caliente,2,7500,Nequi,
698,2026-08-08,08:01,Nübe Centro,Domicilio,Tinto,1,3000,Nequi,
699,2026-08-08,08:36,Nübe Centro,Mostrador,Croissant,1,6000,Efectivo,
700,2026-08-08,11:42,Nübe Centro,Mostrador,Tinto,1,3000,Efectivo,
701,2026-08-08,08:39,Nübe Centro,Domicilio,Americano,2,5000,Nequi,C207
701,2026-08-08,08:39,Nübe Centro,Domicilio,Croissant,1,6000,Nequi,C207
701,2026-08-08,08:39,Nübe Centro,Domicilio,Latte,1,9000,Nequi,C207
702,2026-08-08,10:23,Nübe Centro,Mostrador,Capuchino,1,8500,Tarjeta,C207
703,2026-08-08,07:26,Nübe Centro,Mostrador,Capuchino,1,8500,Efectivo,C144
703,2026-08-08,07:26,Nübe Centro,Mostrador,Croissant,1,6000,Efectivo,C144
703,2026-08-08,07:26,Nübe Centro,Mostrador,Tinto,2,3000,Efectivo,C144
704,2026-08-08,12:02,Nübe Centro,Mostrador,Americano,1,5000,Tarjeta,
704,2026-08-08,12:02,Nübe Centro,Mostrador,Chocolate caliente,1,7500,Tarjeta,
704,2026-08-08,12:02,Nübe Centro,Mostrador,Latte,1,9000,Tarjeta,
706,2026-08-08,07:04,Nübe Centro,Domicilio,Capuchino,3,8500,Tarjeta,
707,2026-08-08,12:57,Nübe Centro,Mostrador,Capuchino,1,8500,Efectivo,C215
708,2026-08-08,17:04,Nübe Centro,Mostrador,Americano,1,5000,Tarjeta,C074
709,2026-08-08,15:56,Nübe Centro,Mostrador,Croissant,1,6000,Efectivo,
710,2026-08-08,10:12,Nübe Centro,Domicilio,Capuchino,1,8500,Nequi,
711,2026-08-08,09:49,Nübe Centro,Mostrador,Americano,1,5000,Tarjeta,C200
711,2026-08-08,09:49,Nübe Centro,Mostrador,Frappé de café,1,11000,Tarjeta,C200
712,2026-08-08,14:49,Nübe Centro,Mostrador,Croissant de almendras,1,8000,Tarjeta,
712,2026-08-08,14:49,Nübe Centro,Mostrador,Latte,1,9000,Tarjeta,
713,2026-08-08,10:55,Nübe Centro,Mostrador,Croissant,1,6000,Nequi,C127
714,2026-08-08,09:11,Nübe Centro,Domicilio,Tinto,1,3000,Efectivo,C076
715,2026-08-08,10:28,Nübe Centro,Mostrador,Americano,1,5000,Nequi,
716,2026-08-08,15:01,Nübe Centro,Mostrador,Capuchino,1,8500,Efectivo,
716,2026-08-08,15:01,Nübe Centro,Mostrador,Chocolate caliente,1,7500,Efectivo,
717,2026-08-08,07:54,Nübe Centro,Domicilio,Americano,1,5000,Efectivo,
717,2026-08-08,07:54,Nübe Centro,Domicilio,Tinto,1,3000,Efectivo,
718,2026-08-08,09:15,Nübe Centro,Domicilio,Americano,1,5000,Efectivo,C089
719,2026-08-08,12:53,Nübe Centro,Mostrador,Americano,3,5000,Tarjeta,C177
719,2026-08-08,12:53,Nübe Centro,Mostrador,Frappé de café,3,11000,Tarjeta,C177
720,2026-08-08,07:11,Nübe Centro,Mostrador,Americano,1,5000,Nequi,
720,2026-08-08,07:11,Nübe Centro,Mostrador,Croissant,1,6000,Nequi,
721,2026-08-08,08:17,Nübe Centro,Mostrador,Capuchino,1,8500,Tarjeta,C005
721,2026-08-08,08:17,Nübe Centro,Mostrador,Croissant,2,6000,Tarjeta,C005
721,2026-08-08,08:17,Nübe Centro,Mostrador,Tinto,2,3000,Tarjeta,C005
722,2026-08-08,19:49,Nübe Centro,Domicilio,Capuchino,1,8500,Efectivo,
722,2026-08-08,19:49,Nübe Centro,Domicilio,Latte,2,9000,Efectivo,
723,2026-08-08,10:17,Nübe Centro,Domicilio,Americano,1,5000,Tarjeta,
724,2026-08-08,12:12,Nübe Centro,Domicilio,Capuchino,1,8500,Tarjeta,
724,2026-08-08,12:12,Nübe Centro,Domicilio,Croissant,1,6000,Tarjeta,
725,2026-08-08,14:55,Nübe Centro,Domicilio,Croissant,2,6000,Nequi,C277
726,2026-08-08,20:03,Nübe Centro,Mostrador,Capuchino,1,8500,Tarjeta,C093
727,2026-08-08,08:11,Nübe Centro,Mostrador,Latte,1,9000,Efectivo,C121
727,2026-08-08,08:11,Nübe Centro,Mostrador,Tinto,3,3000,Efectivo,C121
728,2026-08-08,15:03,Nübe Centro,Mostrador,Capuchino,1,8500,Efectivo,C031
728,2026-08-08,15:03,Nübe Centro,Mostrador,Latte,1,9000,Efectivo,C031
729,2026-08-08,18:42,Nübe Centro,Domicilio,Tinto,1,3000,Nequi,C141
730,2026-08-08,10:10,Nübe Centro,Domicilio,Croissant,1,6000,Nequi,C230
731,2026-08-08,13:47,Nübe Centro,Mostrador,Capuchino,1,8500,Tarjeta,
731,2026-08-08,13:47,Nübe Centro,Mostrador,Croissant,1,6000,Tarjeta,
732,2026-08-08,09:22,Nübe Centro,Mostrador,Capuchino,1,8500,Tarjeta,
732,2026-08-08,09:22,Nübe Centro,Mostrador,Croissant,1,6000,Tarjeta,
733,2026-08-08,14:46,Nübe Centro,Mostrador,Americano,2,5000,Nequi,
733,2026-08-08,14:46,Nübe Centro,Mostrador,Croissant,2,6000,Nequi,
734,2026-08-08,10:36,Nübe Centro,Domicilio,Americano,1,5000,Tarjeta,C051
734,2026-08-08,10:36,Nübe Centro,Domicilio,Tinto,1,3000,Tarjeta,C051
735,2026-08-08,07:09,Nübe Centro,Domicilio,Croissant,1,6000,Efectivo,C138
735,2026-08-08,07:09,Nübe Centro,Domicilio,Tinto,1,3000,Efectivo,C138
736,2026-08-08,12:01,Nübe Centro,Mostrador,Chocolate caliente,1,7500,Efectivo,C165
737,2026-08-08,08:14,Nübe Centro,Mostrador,Americano,1,5000,Nequi,
737,2026-08-08,08:14,Nübe Centro,Mostrador,Tinto,3,3000,Nequi,
738,2026-08-08,16:30,Nübe Centro,Domicilio,Capuchino,1,8500,Nequi,
739,2026-08-08,10:17,Nübe Centro,Mostrador,Croissant,1,6000,Efectivo,
740,2026-08-08,16:33,Nübe Centro,Mostrador,Americano,1,5000,Tarjeta,
740,2026-08-08,16:33,Nübe Centro,Mostrador,Croissant,1,6000,Tarjeta,
741,2026-08-08,08:08,Nübe Centro,Domicilio,Americano,1,5000,Nequi,
741,2026-08-08,08:08,Nübe Centro,Domicilio,Latte,1,9000,Nequi,
742,2026-08-08,15:20,Nübe Centro,Mostrador,Capuchino,3,8500,Efectivo,
743,2026-08-08,09:58,Nübe Centro,Mostrador,Americano,1,5000,Nequi,C157
743,2026-08-08,09:58,Nübe Centro,Mostrador,Croissant de almendras,1,8000,Nequi,C157
744,2026-08-08,20:58,Nübe Centro,Mostrador,Croissant,1,6000,Nequi,
745,2026-08-08,07:47,Nübe Centro,Domicilio,Latte,1,9000,Nequi,C139
746,2026-08-08,15:15,Nübe Centro,Mostrador,Latte,1,9000,Nequi,C132
747,2026-08-08,10:52,Nübe Centro,Mostrador,Capuchino,1,8500,Tarjeta,
747,2026-08-08,10:52,Nübe Centro,Mostrador,Croissant de almendras,1,8000,Tarjeta,
747,2026-08-08,10:52,Nübe Centro,Mostrador,Tinto,1,3000,Tarjeta,
748,2026-08-08,16:36,Nübe Centro,Domicilio,Capuchino,1,8500,Efectivo,C214
749,2026-08-08,20:13,Nübe Centro,Domicilio,Americano,1,5000,Nequi,C059
750,2026-08-08,07:33,Nübe Centro,Mostrador,Chocolate caliente,3,7500,Tarjeta,C161
751,2026-08-08,07:29,Nübe Centro,Mostrador,Americano,1,5000,Nequi,
752,2026-08-08,16:38,Nübe Centro,Domicilio,Croissant de almendras,2,8000,Nequi,
753,2026-08-08,07:42,Nübe Centro,Domicilio,Capuchino,1,8500,Nequi,C143
753,2026-08-08,07:42,Nübe Centro,Domicilio,Latte,1,9000,Nequi,C143
754,2026-08-08,17:34,Nübe Centro,Mostrador,Croissant de almendras,1,8000,Nequi,
754,2026-08-08,17:34,Nübe Centro,Mostrador,Latte,1,9000,Nequi,
755,2026-08-08,15:21,Nübe Centro,Mostrador,Capuchino,1,8500,Efectivo,
756,2026-08-08,18:48,Nübe Centro,Mostrador,Capuchino,1,8500,Efectivo,
756,2026-08-08,18:48,Nübe Centro,Mostrador,Chocolate caliente,1,7500,Efectivo,
756,2026-08-08,18:48,Nübe Centro,Mostrador,Tinto,1,3000,Efectivo,
757,2026-08-08,09:15,Nübe Centro,Domicilio,Capuchino,1,8500,Nequi,
757,2026-08-08,09:15,Nübe Centro,Domicilio,Chocolate caliente,1,7500,Nequi,
758,2026-08-08,13:08,Nübe Centro,Domicilio,Americano,1,5000,Nequi,C036
758,2026-08-08,13:08,Nübe Centro,Domicilio,Frappé de café,3,11000,Nequi,C036
759,2026-08-08,19:24,Nübe Centro,Domicilio,Latte,1,9000,Tarjeta,C073
760,2026-08-08,09:26,Nübe Centro,Domicilio,Chocolate caliente,1,7500,Sin dato,
761,2026-08-08,10:22,Nübe Centro,Mostrador,Capuchino,1,8500,Efectivo,C003
762,2026-08-08,12:32,Nübe Centro,Mostrador,Chocolate caliente,1,7500,Tarjeta,
763,2026-08-08,16:22,Nübe Centro,Domicilio,Capuchino,1,8500,Nequi,
763,2026-08-08,16:22,Nübe Centro,Domicilio,Tinto,1,3000,Nequi,
764,2026-08-08,07:48,Nübe Centro,Domicilio,Tinto,1,3000,Efectivo,C133
765,2026-08-08,08:17,Nübe Altico,Mostrador,Capuchino,1,8500,Nequi,
765,2026-08-08,08:17,Nübe Altico,Mostrador,Chocolate caliente,1,7500,Nequi,
766,2026-08-08,14:45,Nübe Altico,Mostrador,Americano,3,5000,Nequi,
767,2026-08-08,10:11,Nübe Altico,Domicilio,Capuchino,2,8500,Tarjeta,
768,2026-08-08,14:30,Nübe Altico,Mostrador,Capuchino,1,8500,Tarjeta,
768,2026-08-08,14:30,Nübe Altico,Mostrador,Croissant de almendras,1,8000,Tarjeta,
769,2026-08-08,07:54,Nübe Altico,Domicilio,Croissant,1,6000,Tarjeta,
770,2026-08-08,15:30,Nübe Altico,Domicilio,Croissant de almendras,1,8000,Efectivo,C045
770,2026-08-08,15:30,Nübe Altico,Domicilio,Latte,1,9000,Efectivo,C045
771,2026-08-08,10:41,Nübe Altico,Mostrador,Chocolate caliente,1,7500,Tarjeta,
772,2026-08-08,10:31,Nübe Altico,Domicilio,Latte,1,9000,Tarjeta,C282
773,2026-08-08,16:22,Nübe Altico,Mostrador,Chocolate caliente,1,7500,Nequi,
774,2026-08-08,14:01,Nübe Altico,Domicilio,Tinto,1,3000,Tarjeta,C128
775,2026-08-08,19:20,Nübe Altico,Mostrador,Capuchino,1,8500,Efectivo,
776,2026-08-08,06:09,Nübe Altico,Mostrador,Capuchino,1,8500,Efectivo,
777,2026-08-08,19:36,Nübe Altico,Domicilio,Americano,1,5000,Tarjeta,C242
778,2026-08-08,07:24,Nübe Altico,Mostrador,Americano,1,5000,Tarjeta,
778,2026-08-08,07:24,Nübe Altico,Mostrador,Capuchino,1,8500,Tarjeta,
778,2026-08-08,07:24,Nübe Altico,Mostrador,Tinto,1,3000,Tarjeta,
779,2026-08-08,15:06,Nübe Altico,Domicilio,Americano,1,5000,Efectivo,C013
779,2026-08-08,15:06,Nübe Altico,Domicilio,Chocolate caliente,1,7500,Sin dato,C013
780,2026-08-08,07:37,Nübe Altico,Domicilio,Tinto,1,3000,Nequi,
781,2026-08-08,19:53,Nübe Altico,Domicilio,Americano,1,5000,Nequi,
782,2026-08-08,10:52,Nübe Altico,Mostrador,Americano,2,5000,Nequi,
782,2026-08-08,10:52,Nübe Altico,Mostrador,Croissant de almendras,1,8000,Nequi,
783,2026-08-08,08:22,Nübe Altico,Mostrador,Croissant,1,6000,Nequi,C091
783,2026-08-08,08:22,Nübe Altico,Mostrador,Latte,1,9000,Nequi,C091
784,2026-08-08,16:32,Nübe Altico,Domicilio,Latte,1,9000,Nequi,
784,2026-08-08,16:32,Nübe Altico,Domicilio,Tinto,1,3000,Nequi,
785,2026-08-08,19:26,Nübe Altico,Domicilio,Croissant,1,6000,Nequi,C157
786,2026-08-08,12:57,Nübe Altico,Domicilio,Capuchino,1,8500,Tarjeta,C087
787,2026-08-08,16:22,Nübe Altico,Domicilio,Americano,1,5000,Nequi,
787,2026-08-08,16:22,Nübe Altico,Domicilio,Croissant de almendras,3,8000,Nequi,
788,2026-08-08,07:37,Nübe Altico,Mostrador,Chocolate caliente,1,7500,Tarjeta,
788,2026-08-08,07:37,Nübe Altico,Mostrador,Croissant,1,6000,Tarjeta,
789,2026-08-08,12:26,Nübe Altico,Mostrador,Americano,1,5000,Tarjeta,C265
790,2026-08-08,11:01,Nübe Altico,Mostrador,Chocolate caliente,1,7500,Tarjeta,
790,2026-08-08,11:01,Nübe Altico,Mostrador,Tinto,1,3000,Tarjeta,
791,2026-08-08,16:06,Nübe Altico,Domicilio,Chocolate caliente,1,7500,Tarjeta,
791,2026-08-08,16:06,Nübe Altico,Domicilio,Croissant,1,6000,Tarjeta,
792,2026-08-08,13:21,Nübe Altico,Domicilio,Capuchino,1,8500,Nequi,C154
793,2026-08-08,15:47,Nübe Altico,Mostrador,Capuchino,1,8500,Nequi,C170
794,2026-08-08,19:34,Nübe Altico,Domicilio,Tinto,3,3000,Efectivo,C026
795,2026-08-08,07:20,Nübe Altico,Domicilio,Croissant,1,6000,Tarjeta,
796,2026-08-08,09:04,Nübe Altico,Domicilio,Tinto,1,3000,Efectivo,C243
797,2026-08-08,07:18,Nübe Altico,Mostrador,Americano,1,5000,Nequi,
798,2026-08-08,18:15,Nübe Altico,Domicilio,Capuchino,3,8500,Tarjeta,C011
798,2026-08-08,18:15,Nübe Altico,Domicilio,Latte,2,9000,Tarjeta,C011
799,2026-08-08,15:58,Nübe Altico,Mostrador,Croissant,1,6000,Nequi,
800,2026-08-08,16:18,Nübe Altico,Mostrador,Capuchino,1,8500,Tarjeta,
800,2026-08-08,16:18,Nübe Altico,Mostrador,Tinto,1,3000,Tarjeta,
801,2026-08-08,09:33,Nübe Altico,Mostrador,Croissant de almendras,1,8000,Nequi,
801,2026-08-08,09:33,Nübe Altico,Mostrador,Latte,1,9000,Nequi,
802,2026-08-08,17:22,Nübe Altico,Mostrador,Capuchino,1,8500,Efectivo,
802,2026-08-08,17:22,Nübe Altico,Mostrador,Croissant de almendras,1,8000,Sin dato,
803,2026-08-08,17:00,Nübe Altico,Mostrador,Americano,1,5000,Nequi,
804,2026-08-08,08:47,Nübe Altico,Mostrador,Chocolate caliente,1,7500,Nequi,
804,2026-08-08,08:47,Nübe Altico,Mostrador,Croissant,1,6000,Nequi,
805,2026-08-08,15:16,Nübe Altico,Mostrador,Capuchino,1,8500,Nequi,C126
806,2026-08-08,20:38,Nübe Altico,Mostrador,Americano,1,5000,Efectivo,
806,2026-08-08,20:38,Nübe Altico,Mostrador,Croissant,1,6000,Efectivo,
806,2026-08-08,20:38,Nübe Altico,Mostrador,Latte,1,9000,Efectivo,
807,2026-08-08,09:24,Nübe Altico,Domicilio,Americano,1,5000,Efectivo,C246
807,2026-08-08,09:24,Nübe Altico,Domicilio,Croissant de almendras,1,8000,Efectivo,C246
808,2026-08-08,08:03,Nübe Altico,Mostrador,Capuchino,2,8500,Efectivo,
808,2026-08-08,08:03,Nübe Altico,Mostrador,Croissant de almendras,1,8000,Efectivo,
808,2026-08-08,08:03,Nübe Altico,Mostrador,Tinto,1,3000,Efectivo,
809,2026-08-08,16:00,Nübe Altico,Domicilio,Croissant,1,6000,Tarjeta,
810,2026-08-08,17:45,Nübe Altico,Mostrador,Capuchino,1,8500,Efectivo,
811,2026-08-08,16:42,Nübe Altico,Mostrador,Croissant,1,6000,Nequi,
812,2026-08-08,10:54,Nübe Altico,Mostrador,Latte,1,9000,Efectivo,
812,2026-08-08,10:54,Nübe Altico,Mostrador,Tinto,1,3000,Efectivo,
813,2026-08-08,19:23,Nübe Altico,Domicilio,Americano,1,5000,Nequi,
813,2026-08-08,19:23,Nübe Altico,Domicilio,Tinto,1,3000,Nequi,
814,2026-08-08,19:28,Nübe Altico,Domicilio,Chocolate caliente,1,7500,Efectivo,
814,2026-08-08,19:28,Nübe Altico,Domicilio,Croissant de almendras,2,8000,Efectivo,
815,2026-08-08,12:44,Nübe Altico,Mostrador,Capuchino,1,8500,Efectivo,C159
815,2026-08-08,12:44,Nübe Altico,Mostrador,Croissant,1,6000,Efectivo,C159
816,2026-08-08,19:48,Nübe Altico,Mostrador,Americano,1,5000,Tarjeta,
816,2026-08-08,19:48,Nübe Altico,Mostrador,Latte,1,9000,Tarjeta,
817,2026-08-08,08:41,Nübe Altico,Mostrador,Americano,1,5000,Nequi,
817,2026-08-08,08:41,Nübe Altico,Mostrador,Croissant de almendras,1,8000,Nequi,
817,2026-08-08,08:41,Nübe Altico,Mostrador,Tinto,1,3000,Nequi,
818,2026-08-08,07:47,Nübe Altico,Mostrador,Croissant,1,6000,Tarjeta,
818,2026-08-08,07:47,Nübe Altico,Mostrador,Tinto,1,3000,Tarjeta,
819,2026-08-08,19:41,Nübe Altico,Mostrador,Americano,1,5000,Nequi,
819,2026-08-08,19:41,Nübe Altico,Mostrador,Croissant,1,6000,Nequi,
819,2026-08-08,19:41,Nübe Altico,Mostrador,Croissant de almendras,1,8000,Nequi,
820,2026-08-08,16:16,Nübe Altico,Domicilio,Chocolate caliente,1,7500,Tarjeta,C065
820,2026-08-08,16:16,Nübe Altico,Domicilio,Tinto,1,3000,Tarjeta,C065
821,2026-08-08,16:38,Nübe Altico,Mostrador,Capuchino,1,8500,Sin dato,
821,2026-08-08,16:38,Nübe Altico,Mostrador,Latte,1,9000,Nequi,
822,2026-08-08,07:50,Nübe Altico,Domicilio,Croissant de almendras,1,8000,Efectivo,
822,2026-08-08,07:50,Nübe Altico,Domicilio,Latte,2,9000,Efectivo,
823,2026-08-08,14:30,Nübe Altico,Domicilio,Latte,3,9000,Tarjeta,
824,2026-08-08,09:26,Nübe Altico,Domicilio,Capuchino,3,8500,Efectivo,C034
824,2026-08-08,09:26,Nübe Altico,Domicilio,Chocolate caliente,1,7500,Efectivo,C034
825,2026-08-08,19:12,Nübe Altico,Mostrador,Croissant,1,6000,Tarjeta,
826,2026-08-08,12:33,Nübe Altico,Mostrador,Chocolate caliente,2,7500,Nequi,C095
827,2026-08-08,14:09,Nübe Altico,Mostrador,Chocolate caliente,1,7500,Efectivo,C270
827,2026-08-08,14:09,Nübe Altico,Mostrador,Croissant,1,6000,Efectivo,C270
827,2026-08-08,14:09,Nübe Altico,Mostrador,Croissant de almendras,2,8000,Efectivo,C270
828,2026-08-08,17:19,Nübe Altico,Mostrador,Chocolate caliente,1,7500,Efectivo,
828,2026-08-08,17:19,Nübe Altico,Mostrador,Latte,2,9000,Efectivo,
829,2026-08-08,07:44,Nübe Altico,Mostrador,Capuchino,1,8500,Tarjeta,C171
829,2026-08-08,07:44,Nübe Altico,Mostrador,Croissant de almendras,1,8000,Tarjeta,C171
830,2026-08-08,07:30,Nübe Altico,Mostrador,Latte,1,9000,Nequi,C179
830,2026-08-08,07:30,Nübe Altico,Mostrador,Tinto,1,3000,Nequi,C179
831,2026-08-08,08:40,Nübe Altico,Mostrador,Croissant de almendras,1,8000,Nequi,C094
832,2026-08-08,16:50,Nübe Altico,Mostrador,Capuchino,1,8500,Efectivo,
832,2026-08-08,16:50,Nübe Altico,Mostrador,Chocolate caliente,2,7500,Efectivo,
832,2026-08-08,16:50,Nübe Altico,Mostrador,Tinto,2,3000,Efectivo,
833,2026-08-08,10:00,Nübe Altico,Mostrador,Tinto,2,3000,Nequi,
834,2026-08-08,20:03,Nübe Altico,Mostrador,Chocolate caliente,1,7500,Tarjeta,C239
835,2026-08-08,12:39,Nübe Altico,Domicilio,Tinto,2,3000,Efectivo,
836,2026-08-08,15:00,Nübe Altico,Domicilio,Tinto,1,3000,Efectivo,
837,2026-08-08,07:00,Nübe Altico,Domicilio,Croissant de almendras,3,8000,Tarjeta,
838,2026-08-08,12:38,Nübe Altico,Mostrador,Americano,1,5000,Efectivo,
838,2026-08-08,12:38,Nübe Altico,Mostrador,Latte,1,9000,Efectivo,
838,2026-08-08,12:38,Nübe Altico,Mostrador,Tinto,1,3000,Efectivo,
839,2026-08-08,08:25,Nübe Altico,Mostrador,Capuchino,1,8500,Nequi,
839,2026-08-08,08:25,Nübe Altico,Mostrador,Latte,1,9000,Nequi,
840,2026-08-08,10:54,Nübe Altico,Mostrador,Capuchino,1,8500,Nequi,
841,2026-08-08,09:25,Nübe Altico,Domicilio,Capuchino,1,8500,Efectivo,
842,2026-08-08,08:26,Nübe Altico,Mostrador,Croissant,3,6000,Efectivo,
843,2026-08-08,09:41,Nübe Altico,Mostrador,Americano,1,5000,Nequi,
844,2026-08-08,15:15,Nübe Altico,Domicilio,Latte,1,9000,Tarjeta,
845,2026-08-08,12:06,Nübe Altico,Domicilio,Capuchino,1,8500,Sin dato,
845,2026-08-08,12:06,Nübe Altico,Domicilio,Croissant,1,6000,Tarjeta,
846,2026-08-08,09:35,Nübe Altico,Mostrador,Tinto,1,3000,Nequi,C091
847,2026-08-08,08:29,Nübe Altico,Domicilio,Latte,1,9000,Sin dato,C049
848,2026-08-08,16:06,Nübe Altico,Domicilio,Capuchino,1,8500,Efectivo,
848,2026-08-08,16:06,Nübe Altico,Domicilio,Chocolate caliente,1,7500,Efectivo,
849,2026-08-08,18:52,Nübe Altico,Domicilio,Chocolate caliente,1,7500,Efectivo,
849,2026-08-08,18:52,Nübe Altico,Domicilio,Tinto,1,3000,Efectivo,
850,2026-08-08,17:40,Nübe Altico,Domicilio,Americano,1,5000,Tarjeta,C286
850,2026-08-08,17:40,Nübe Altico,Domicilio,Tinto,1,3000,Tarjeta,C286
851,2026-08-09,13:58,Nübe Centro,Mostrador,Frappé de café,1,11000,Efectivo,C051
851,2026-08-09,13:58,Nübe Centro,Mostrador,Tinto,1,3000,Efectivo,C051
852,2026-08-09,10:56,Nübe Centro,Mostrador,Americano,1,5000,Nequi,C061
853,2026-08-09,07:23,Nübe Centro,Mostrador,Latte,1,9000,Efectivo,
854,2026-08-09,18:29,Nübe Centro,Domicilio,Latte,1,9000,Nequi,
855,2026-08-09,07:58,Nübe Centro,Domicilio,Frappé de café,1,11000,Efectivo,C138
856,2026-08-09,09:42,Nübe Centro,Mostrador,Capuchino,1,8500,Nequi,C004
856,2026-08-09,09:42,Nübe Centro,Mostrador,Latte,1,9000,Nequi,C004
857,2026-08-09,07:55,Nübe Centro,Domicilio,Croissant,1,6000,Tarjeta,
858,2026-08-09,12:06,Nübe Centro,Mostrador,Frappé de café,1,11000,Tarjeta,
859,2026-08-09,10:36,Nübe Centro,Mostrador,Tinto,1,3000,Nequi,C274
860,2026-08-09,06:20,Nübe Centro,Mostrador,Capuchino,1,8500,Efectivo,
860,2026-08-09,06:20,Nübe Centro,Mostrador,Croissant,1,6000,Efectivo,
861,2026-08-09,09:48,Nübe Centro,Mostrador,Croissant de almendras,3,8000,Nequi,C248
862,2026-08-09,10:39,Nübe Centro,Mostrador,Capuchino,2,8500,Nequi,
862,2026-08-09,10:39,Nübe Centro,Mostrador,Croissant de almendras,1,8000,Nequi,
862,2026-08-09,10:39,Nübe Centro,Mostrador,Latte,2,9000,Nequi,
863,2026-08-09,14:55,Nübe Centro,Mostrador,Croissant de almendras,3,8000,Nequi,
864,2026-08-09,07:26,Nübe Centro,Domicilio,Tinto,1,3000,Nequi,C011
865,2026-08-09,19:55,Nübe Centro,Mostrador,Tinto,1,3000,Tarjeta,
866,2026-08-09,08:26,Nübe Centro,Domicilio,Frappé de café,1,11000,Tarjeta,
867,2026-08-09,07:51,Nübe Centro,Mostrador,Croissant de almendras,3,8000,Nequi,
868,2026-08-09,10:49,Nübe Centro,Mostrador,Americano,2,5000,Nequi,
868,2026-08-09,10:49,Nübe Centro,Mostrador,Tinto,1,3000,Nequi,
869,2026-08-09,08:32,Nübe Centro,Mostrador,Americano,2,5000,Nequi,C144
869,2026-08-09,08:32,Nübe Centro,Mostrador,Croissant,1,6000,Nequi,C144
870,2026-08-09,10:36,Nübe Centro,Mostrador,Croissant,1,6000,Nequi,C095
870,2026-08-09,10:36,Nübe Centro,Mostrador,Tinto,1,3000,Nequi,C095
871,2026-08-09,11:52,Nübe Centro,Mostrador,Chocolate caliente,1,7500,Efectivo,C002
872,2026-08-09,15:53,Nübe Centro,Domicilio,Latte,1,9000,Nequi,
873,2026-08-09,09:06,Nübe Centro,Mostrador,Capuchino,1,8500,Tarjeta,
873,2026-08-09,09:06,Nübe Centro,Mostrador,Chocolate caliente,1,7500,Tarjeta,
874,2026-08-09,08:14,Nübe Centro,Mostrador,Americano,1,5000,Tarjeta,
874,2026-08-09,08:14,Nübe Centro,Mostrador,Croissant,1,6000,Tarjeta,
875,2026-08-09,13:54,Nübe Centro,Mostrador,Croissant,1,6000,Nequi,C047
875,2026-08-09,13:54,Nübe Centro,Mostrador,Latte,1,9000,Nequi,C047
876,2026-08-09,10:35,Nübe Centro,Mostrador,Americano,1,5000,Efectivo,C292
876,2026-08-09,10:35,Nübe Centro,Mostrador,Croissant,1,6000,Efectivo,C292
877,2026-08-09,15:42,Nübe Centro,Mostrador,Croissant,3,6000,Nequi,C268
877,2026-08-09,15:42,Nübe Centro,Mostrador,Tinto,1,3000,Nequi,C268
878,2026-08-09,16:22,Nübe Centro,Mostrador,Croissant,2,6000,Efectivo,C044
879,2026-08-09,07:42,Nübe Centro,Mostrador,Capuchino,3,8500,Nequi,C267
879,2026-08-09,07:42,Nübe Centro,Mostrador,Croissant,1,6000,Nequi,C267
880,2026-08-09,07:19,Nübe Centro,Mostrador,Chocolate caliente,3,7500,Tarjeta,
880,2026-08-09,07:19,Nübe Centro,Mostrador,Croissant,1,6000,Tarjeta,
880,2026-08-09,07:19,Nübe Centro,Mostrador,Frappé de café,1,11000,Tarjeta,
881,2026-08-09,14:54,Nübe Centro,Mostrador,Croissant,1,6000,Nequi,
882,2026-08-09,10:12,Nübe Centro,Domicilio,Croissant,1,6000,Efectivo,
882,2026-08-09,10:12,Nübe Centro,Domicilio,Tinto,1,3000,Efectivo,
883,2026-08-09,08:16,Nübe Centro,Domicilio,Croissant,1,6000,Efectivo,
884,2026-08-09,10:23,Nübe Centro,Mostrador,Capuchino,1,8500,Nequi,
884,2026-08-09,10:23,Nübe Centro,Mostrador,Croissant,1,6000,Sin dato,
884,2026-08-09,10:23,Nübe Centro,Mostrador,Latte,1,9000,Nequi,
885,2026-08-09,12:04,Nübe Centro,Mostrador,Croissant,1,6000,Efectivo,C016
886,2026-08-09,17:17,Nübe Centro,Mostrador,Latte,2,9000,Tarjeta,
887,2026-08-09,10:53,Nübe Centro,Mostrador,Croissant de almendras,1,8000,Efectivo,
887,2026-08-09,10:53,Nübe Centro,Mostrador,Tinto,1,3000,Efectivo,
888,2026-08-09,17:52,Nübe Centro,Mostrador,Croissant,1,6000,Nequi,
889,2026-08-09,09:48,Nübe Centro,Mostrador,Croissant de almendras,1,8000,Sin dato,
889,2026-08-09,09:48,Nübe Centro,Mostrador,Latte,3,9000,Nequi,
890,2026-08-09,09:18,Nübe Centro,Mostrador,Capuchino,1,8500,Nequi,C075
890,2026-08-09,09:18,Nübe Centro,Mostrador,Croissant de almendras,1,8000,Nequi,C075
891,2026-08-09,08:09,Nübe Centro,Mostrador,Croissant,1,6000,Efectivo,C214
891,2026-08-09,08:09,Nübe Centro,Mostrador,Latte,2,9000,Efectivo,C214
892,2026-08-09,16:13,Nübe Centro,Mostrador,Chocolate caliente,2,7500,Nequi,C050
893,2026-08-09,07:21,Nübe Centro,Mostrador,Chocolate caliente,1,7500,Sin dato,
893,2026-08-09,07:21,Nübe Centro,Mostrador,Croissant de almendras,1,8000,Nequi,
893,2026-08-09,07:21,Nübe Centro,Mostrador,Tinto,1,3000,Nequi,
894,2026-08-09,08:44,Nübe Centro,Mostrador,Americano,1,5000,Tarjeta,
894,2026-08-09,08:44,Nübe Centro,Mostrador,Tinto,1,3000,Tarjeta,
895,2026-08-09,06:52,Nübe Centro,Mostrador,Croissant,1,6000,Nequi,C072
896,2026-08-09,09:11,Nübe Centro,Mostrador,Croissant,1,6000,Efectivo,
896,2026-08-09,09:11,Nübe Centro,Mostrador,Latte,1,9000,Efectivo,
896,2026-08-09,09:11,Nübe Centro,Mostrador,Tinto,1,3000,Efectivo,
897,2026-08-09,16:55,Nübe Centro,Mostrador,Tinto,1,3000,Efectivo,
898,2026-08-09,08:19,Nübe Centro,Mostrador,Capuchino,1,8500,Tarjeta,
898,2026-08-09,08:19,Nübe Centro,Mostrador,Tinto,3,3000,Tarjeta,
899,2026-08-09,07:38,Nübe Centro,Domicilio,Capuchino,1,8500,Tarjeta,
899,2026-08-09,07:38,Nübe Centro,Domicilio,Croissant,1,6000,Tarjeta,
900,2026-08-09,12:35,Nübe Centro,Mostrador,Croissant,1,6000,Tarjeta,C126
901,2026-08-09,12:28,Nübe Centro,Mostrador,Capuchino,1,8500,Efectivo,C104
901,2026-08-09,12:28,Nübe Centro,Mostrador,Frappé de café,1,11000,Efectivo,C104
902,2026-08-09,18:47,Nübe Centro,Mostrador,Tinto,1,3000,Nequi,
903,2026-08-09,14:11,Nübe Centro,Mostrador,Frappé de café,1,11000,Nequi,
904,2026-08-09,10:10,Nübe Centro,Mostrador,Americano,1,5000,Tarjeta,C131
905,2026-08-09,10:15,Nübe Centro,Mostrador,Croissant,1,6000,Efectivo,C231
906,2026-08-09,07:29,Nübe Centro,Mostrador,Americano,1,5000,Nequi,C266
907,2026-08-09,18:37,Nübe Centro,Mostrador,Latte,2,9000,Tarjeta,C221
908,2026-08-09,15:20,Nübe Centro,Mostrador,Capuchino,1,8500,Tarjeta,C238
909,2026-08-09,11:02,Nübe Centro,Mostrador,Frappé de café,1,11000,Tarjeta,
910,2026-08-09,08:40,Nübe Centro,Mostrador,Tinto,1,3000,Efectivo,
911,2026-08-09,16:01,Nübe Centro,Mostrador,Croissant de almendras,2,8000,Nequi,
912,2026-08-09,08:04,Nübe Centro,Mostrador,Americano,1,5000,Nequi,C186
912,2026-08-09,08:04,Nübe Centro,Mostrador,Croissant,1,6000,Nequi,C186
912,2026-08-09,08:04,Nübe Centro,Mostrador,Latte,1,9000,Nequi,C186
913,2026-08-09,08:43,Nübe Centro,Mostrador,Capuchino,1,8500,Nequi,C203
913,2026-08-09,08:43,Nübe Centro,Mostrador,Chocolate caliente,1,7500,Nequi,C203
914,2026-08-09,17:28,Nübe Centro,Mostrador,Capuchino,2,8500,Efectivo,
914,2026-08-09,17:28,Nübe Centro,Mostrador,Frappé de café,1,11000,Efectivo,
915,2026-08-09,09:55,Nübe Centro,Mostrador,Americano,1,5000,Tarjeta,
915,2026-08-09,09:55,Nübe Centro,Mostrador,Capuchino,1,8500,Tarjeta,
916,2026-08-09,07:16,Nübe Centro,Mostrador,Capuchino,1,8500,Nequi,
916,2026-08-09,07:16,Nübe Centro,Mostrador,Latte,1,9000,Nequi,
917,2026-08-09,09:16,Nübe Centro,Mostrador,Capuchino,2,8500,Nequi,
917,2026-08-09,09:16,Nübe Centro,Mostrador,Croissant,1,6000,Nequi,
918,2026-08-09,17:31,Nübe Centro,Mostrador,Americano,1,5000,Nequi,C247
918,2026-08-09,17:31,Nübe Centro,Mostrador,Chocolate caliente,2,7500,Nequi,C247
918,2026-08-09,17:31,Nübe Centro,Mostrador,Croissant de almendras,1,8000,Nequi,C247
919,2026-08-09,08:27,Nübe Centro,Mostrador,Capuchino,3,8500,Efectivo,C273
919,2026-08-09,08:27,Nübe Centro,Mostrador,Chocolate caliente,1,7500,Efectivo,C273
919,2026-08-09,08:27,Nübe Centro,Mostrador,Croissant,1,6000,Efectivo,C273
920,2026-08-09,09:06,Nübe Centro,Mostrador,Chocolate caliente,2,7500,Tarjeta,C026
920,2026-08-09,09:06,Nübe Centro,Mostrador,Latte,2,9000,Tarjeta,C026
921,2026-08-09,13:59,Nübe Centro,Mostrador,Americano,1,5000,Nequi,C224
921,2026-08-09,13:59,Nübe Centro,Mostrador,Frappé de café,1,11000,Nequi,C224
921,2026-08-09,13:59,Nübe Centro,Mostrador,Tinto,1,3000,Nequi,C224
922,2026-08-09,15:45,Nübe Centro,Mostrador,Tinto,1,3000,Nequi,C248
923,2026-08-09,14:38,Nübe Centro,Mostrador,Tinto,1,3000,Efectivo,
924,2026-08-09,08:04,Nübe Centro,Mostrador,Croissant de almendras,1,8000,Efectivo,
925,2026-08-09,12:20,Nübe Centro,Mostrador,Americano,1,5000,Efectivo,C139
925,2026-08-09,12:20,Nübe Centro,Mostrador,Capuchino,1,8500,Efectivo,C139
926,2026-08-09,15:32,Nübe Centro,Domicilio,Croissant,1,6000,Tarjeta,C124
926,2026-08-09,15:32,Nübe Centro,Domicilio,Latte,1,9000,Tarjeta,C124
927,2026-08-09,07:19,Nübe Centro,Domicilio,Latte,1,9000,Efectivo,
928,2026-08-09,09:13,Nübe Centro,Mostrador,Americano,1,5000,Tarjeta,
928,2026-08-09,09:13,Nübe Centro,Mostrador,Latte,1,9000,Tarjeta,
928,2026-08-09,09:13,Nübe Centro,Mostrador,Tinto,2,3000,Tarjeta,
929,2026-08-09,07:33,Nübe Centro,Domicilio,Frappé de café,1,11000,Tarjeta,C128
930,2026-08-09,15:21,Nübe Centro,Mostrador,Croissant,1,6000,Efectivo,
931,2026-08-09,09:10,Nübe Centro,Domicilio,Croissant,2,6000,Efectivo,
932,2026-08-09,10:41,Nübe Centro,Domicilio,Croissant,1,6000,Nequi,
932,2026-08-09,10:41,Nübe Centro,Domicilio,Tinto,1,3000,Nequi,
933,2026-08-09,07:13,Nübe Centro,Mostrador,Capuchino,1,8500,Tarjeta,C237
933,2026-08-09,07:13,Nübe Centro,Mostrador,Latte,1,9000,Tarjeta,C237
934,2026-08-09,09:34,Nübe Centro,Mostrador,Tinto,1,3000,Tarjeta,
935,2026-08-09,11:46,Nübe Centro,Mostrador,Americano,1,5000,Efectivo,
935,2026-08-09,11:46,Nübe Centro,Mostrador,Chocolate caliente,2,7500,Efectivo,
936,2026-08-09,20:36,Nübe Centro,Domicilio,Capuchino,1,8500,Tarjeta,C195
937,2026-08-09,17:28,Nübe Centro,Mostrador,Tinto,1,3000,Tarjeta,
938,2026-08-09,12:08,Nübe Centro,Mostrador,Croissant,1,6000,Efectivo,C058
939,2026-08-09,07:04,Nübe Centro,Mostrador,Tinto,1,3000,Nequi,
940,2026-08-09,07:49,Nübe Centro,Mostrador,Capuchino,2,8500,Efectivo,
940,2026-08-09,07:49,Nübe Centro,Mostrador,Croissant de almendras,3,8000,Efectivo,
941,2026-08-09,15:07,Nübe Centro,Domicilio,Frappé de café,2,11000,Tarjeta,C080
942,2026-08-09,18:45,Nübe Centro,Mostrador,Croissant,1,6000,Efectivo,
942,2026-08-09,18:45,Nübe Centro,Mostrador,Latte,1,9000,Efectivo,
943,2026-08-09,17:26,Nübe Centro,Domicilio,Croissant,1,6000,Nequi,
943,2026-08-09,17:26,Nübe Centro,Domicilio,Croissant de almendras,1,8000,Nequi,
944,2026-08-09,13:19,Nübe Altico,Mostrador,Chocolate caliente,1,7500,Tarjeta,
945,2026-08-09,13:33,Nübe Altico,Mostrador,Capuchino,1,8500,Efectivo,C276
946,2026-08-09,13:21,Nübe Altico,Mostrador,Frappé de café,2,11000,Tarjeta,C043
946,2026-08-09,13:21,Nübe Altico,Mostrador,Latte,1,9000,Tarjeta,C043
947,2026-08-09,19:13,Nübe Altico,Mostrador,Capuchino,2,8500,Nequi,C197
947,2026-08-09,19:13,Nübe Altico,Mostrador,Frappé de café,1,11000,Nequi,C197
948,2026-08-09,11:22,Nübe Altico,Mostrador,Americano,1,5000,Nequi,C094
948,2026-08-09,11:22,Nübe Altico,Mostrador,Latte,1,9000,Nequi,C094
949,2026-08-09,18:17,Nübe Altico,Mostrador,Chocolate caliente,2,7500,Tarjeta,
949,2026-08-09,18:17,Nübe Altico,Mostrador,Croissant,1,6000,Tarjeta,
949,2026-08-09,18:17,Nübe Altico,Mostrador,Latte,1,9000,Tarjeta,
950,2026-08-09,16:30,Nübe Altico,Mostrador,Americano,1,5000,Nequi,
950,2026-08-09,16:30,Nübe Altico,Mostrador,Croissant de almendras,1,8000,Nequi,
951,2026-08-09,17:25,Nübe Altico,Mostrador,Croissant,1,6000,Sin dato,C264
951,2026-08-09,17:25,Nübe Altico,Mostrador,Tinto,1,3000,Efectivo,C264
952,2026-08-09,16:51,Nübe Altico,Mostrador,Capuchino,1,8500,Nequi,
952,2026-08-09,16:51,Nübe Altico,Mostrador,Croissant,2,6000,Nequi,
952,2026-08-09,16:51,Nübe Altico,Mostrador,Tinto,1,3000,Nequi,
953,2026-08-09,10:52,Nübe Altico,Mostrador,Tinto,1,3000,Efectivo,C045
954,2026-08-09,13:58,Nübe Altico,Mostrador,Capuchino,1,8500,Sin dato,
954,2026-08-09,13:58,Nübe Altico,Mostrador,Croissant de almendras,1,8000,Efectivo,
955,2026-08-09,12:20,Nübe Altico,Domicilio,Latte,1,9000,Nequi,
956,2026-08-09,14:50,Nübe Altico,Mostrador,Croissant de almendras,1,8000,Nequi,
956,2026-08-09,14:50,Nübe Altico,Mostrador,Latte,1,9000,Nequi,
957,2026-08-09,09:25,Nübe Altico,Mostrador,Capuchino,1,8500,Tarjeta,
958,2026-08-09,14:41,Nübe Altico,Domicilio,Chocolate caliente,1,7500,Nequi,
958,2026-08-09,14:41,Nübe Altico,Domicilio,Frappé de café,1,11000,Nequi,
959,2026-08-09,08:57,Nübe Altico,Domicilio,Tinto,1,3000,Nequi,
960,2026-08-09,08:45,Nübe Altico,Mostrador,Americano,1,5000,Efectivo,C091
960,2026-08-09,08:45,Nübe Altico,Mostrador,Chocolate caliente,2,7500,Efectivo,C091
961,2026-08-09,10:49,Nübe Altico,Mostrador,Americano,1,5000,Efectivo,
961,2026-08-09,10:49,Nübe Altico,Mostrador,Croissant,1,6000,Efectivo,
961,2026-08-09,10:49,Nübe Altico,Mostrador,Tinto,1,3000,Efectivo,
962,2026-08-09,07:59,Nübe Altico,Mostrador,Croissant,2,6000,Efectivo,
962,2026-08-09,07:59,Nübe Altico,Mostrador,Croissant de almendras,2,8000,Efectivo,
962,2026-08-09,07:59,Nübe Altico,Mostrador,Tinto,1,3000,Efectivo,
963,2026-08-09,20:33,Nübe Altico,Mostrador,Tinto,1,3000,Nequi,
964,2026-08-09,11:33,Nübe Altico,Mostrador,Croissant de almendras,2,8000,Nequi,
964,2026-08-09,11:33,Nübe Altico,Mostrador,Frappé de café,1,11000,Nequi,
965,2026-08-09,09:13,Nübe Altico,Domicilio,Chocolate caliente,1,7500,Tarjeta,
966,2026-08-09,20:55,Nübe Altico,Domicilio,Croissant,1,6000,Efectivo,C044
966,2026-08-09,20:55,Nübe Altico,Domicilio,Latte,1,9000,Efectivo,C044
967,2026-08-09,09:09,Nübe Altico,Mostrador,Capuchino,1,8500,Tarjeta,
967,2026-08-09,09:09,Nübe Altico,Mostrador,Frappé de café,1,11000,Tarjeta,
968,2026-08-09,12:32,Nübe Altico,Mostrador,Chocolate caliente,1,7500,Nequi,
969,2026-08-09,19:59,Nübe Altico,Domicilio,Capuchino,1,8500,Tarjeta,
970,2026-08-09,10:02,Nübe Altico,Mostrador,Americano,1,5000,Nequi,
971,2026-08-09,10:14,Nübe Altico,Domicilio,Capuchino,1,8500,Nequi,
972,2026-08-09,11:59,Nübe Altico,Mostrador,Tinto,1,3000,Nequi,
973,2026-08-09,10:05,Nübe Altico,Mostrador,Latte,1,9000,Nequi,C093
973,2026-08-09,10:05,Nübe Altico,Mostrador,Tinto,1,3000,Nequi,C093
974,2026-08-09,16:21,Nübe Altico,Mostrador,Capuchino,1,8500,Efectivo,
974,2026-08-09,16:21,Nübe Altico,Mostrador,Frappé de café,1,11000,Efectivo,
975,2026-08-09,16:58,Nübe Altico,Mostrador,Croissant de almendras,1,8000,Efectivo,C149
975,2026-08-09,16:58,Nübe Altico,Mostrador,Latte,1,9000,Efectivo,C149
976,2026-08-09,12:15,Nübe Altico,Mostrador,Capuchino,1,8500,Efectivo,
977,2026-08-09,08:58,Nübe Altico,Domicilio,Croissant,2,6000,Nequi,
978,2026-08-09,07:28,Nübe Altico,Mostrador,Croissant,1,6000,Sin dato,
979,2026-08-09,15:56,Nübe Altico,Mostrador,Americano,1,5000,Efectivo,
979,2026-08-09,15:56,Nübe Altico,Mostrador,Capuchino,1,8500,Efectivo,
979,2026-08-09,15:56,Nübe Altico,Mostrador,Tinto,1,3000,Efectivo,
980,2026-08-09,20:39,Nübe Altico,Domicilio,Americano,1,5000,Nequi,
980,2026-08-09,20:39,Nübe Altico,Domicilio,Croissant,1,6000,Nequi,
980,2026-08-09,20:39,Nübe Altico,Domicilio,Croissant de almendras,1,8000,Nequi,
981,2026-08-09,17:14,Nübe Altico,Domicilio,Chocolate caliente,1,7500,Nequi,C299
981,2026-08-09,17:14,Nübe Altico,Domicilio,Latte,1,9000,Nequi,C299
982,2026-08-09,08:53,Nübe Altico,Domicilio,Croissant,1,6000,Tarjeta,C294
982,2026-08-09,08:53,Nübe Altico,Domicilio,Tinto,2,3000,Tarjeta,C294
983,2026-08-09,17:09,Nübe Altico,Domicilio,Frappé de café,1,11000,Nequi,C162
984,2026-08-09,08:43,Nübe Altico,Mostrador,Latte,2,9000,Sin dato,
985,2026-08-09,20:19,Nübe Altico,Mostrador,Croissant,1,6000,Nequi,
986,2026-08-09,09:47,Nübe Altico,Mostrador,Croissant de almendras,1,8000,Nequi,
986,2026-08-09,09:47,Nübe Altico,Mostrador,Latte,2,9000,Nequi,
987,2026-08-09,19:31,Nübe Altico,Mostrador,Capuchino,1,8500,Tarjeta,
987,2026-08-09,19:31,Nübe Altico,Mostrador,Frappé de café,1,11000,Tarjeta,
987,2026-08-09,19:31,Nübe Altico,Mostrador,Latte,1,9000,Tarjeta,
988,2026-08-09,10:37,Nübe Altico,Mostrador,Capuchino,1,8500,Efectivo,C274
989,2026-08-09,20:41,Nübe Altico,Mostrador,Croissant,1,6000,Efectivo,
990,2026-08-09,08:25,Nübe Altico,Mostrador,Chocolate caliente,1,7500,Efectivo,
990,2026-08-09,08:25,Nübe Altico,Mostrador,Croissant de almendras,1,8000,Efectivo,
991,2026-08-09,09:11,Nübe Altico,Mostrador,Americano,1,5000,Nequi,
992,2026-08-09,07:34,Nübe Altico,Mostrador,Capuchino,2,8500,Nequi,
992,2026-08-09,07:34,Nübe Altico,Mostrador,Croissant,1,6000,Nequi,
993,2026-08-09,10:13,Nübe Altico,Mostrador,Capuchino,1,8500,Tarjeta,
994,2026-08-09,09:28,Nübe Altico,Mostrador,Tinto,1,3000,Nequi,C283
995,2026-08-09,10:36,Nübe Altico,Domicilio,Latte,2,9000,Efectivo,C269
996,2026-08-09,17:09,Nübe Altico,Mostrador,Croissant,2,6000,Nequi,C133
997,2026-08-09,06:55,Nübe Altico,Mostrador,Tinto,1,3000,Nequi,
998,2026-08-09,08:33,Nübe Altico,Mostrador,Americano,1,5000,Efectivo,
998,2026-08-09,08:33,Nübe Altico,Mostrador,Tinto,1,3000,Efectivo,
999,2026-08-09,09:54,Nübe Altico,Mostrador,Capuchino,2,8500,Nequi,C162
1000,2026-08-09,16:59,Nübe Altico,Mostrador,Chocolate caliente,1,7500,Efectivo,
1001,2026-08-09,17:03,Nübe Altico,Mostrador,Croissant de almendras,1,8000,Efectivo,C112
1002,2026-08-09,11:47,Nübe Altico,Mostrador,Croissant,1,6000,Nequi,
1002,2026-08-09,11:47,Nübe Altico,Mostrador,Tinto,1,3000,Nequi,
1003,2026-08-09,10:11,Nübe Altico,Mostrador,Croissant,2,6000,Tarjeta,
1003,2026-08-09,10:11,Nübe Altico,Mostrador,Croissant de almendras,1,8000,Tarjeta,
1004,2026-08-09,12:05,Nübe Altico,Domicilio,Croissant de almendras,1,8000,Efectivo,C269
1004,2026-08-09,12:05,Nübe Altico,Domicilio,Tinto,1,3000,Efectivo,C269
1005,2026-08-10,09:07,Nübe Centro,Domicilio,Capuchino,1,8500,Nequi,
1006,2026-08-10,10:41,Nübe Centro,Mostrador,Capuchino,1,8500,Nequi,
1006,2026-08-10,10:41,Nübe Centro,Mostrador,Tinto,1,3000,Nequi,
1007,2026-08-10,17:49,Nübe Centro,Domicilio,Croissant,1,6000,Efectivo,
1007,2026-08-10,17:49,Nübe Centro,Domicilio,Croissant de almendras,1,8000,Efectivo,
1008,2026-08-10,08:52,Nübe Centro,Mostrador,Capuchino,1,8500,Nequi,
1008,2026-08-10,08:52,Nübe Centro,Mostrador,Tinto,1,3000,Nequi,
1009,2026-08-10,09:15,Nübe Centro,Mostrador,Americano,1,5000,Efectivo,C076
1009,2026-08-10,09:15,Nübe Centro,Mostrador,Croissant,2,6000,Efectivo,C076
1009,2026-08-10,09:15,Nübe Centro,Mostrador,Tinto,1,3000,Efectivo,C076
1010,2026-08-10,08:21,Nübe Centro,Mostrador,Croissant,1,6000,Nequi,
1011,2026-08-10,11:25,Nübe Centro,Mostrador,Capuchino,1,8500,Efectivo,C183
1012,2026-08-10,08:41,Nübe Centro,Mostrador,Americano,1,5000,Efectivo,
1013,2026-08-10,06:20,Nübe Centro,Mostrador,Capuchino,3,8500,Nequi,
1013,2026-08-10,06:20,Nübe Centro,Mostrador,Frappé de café,1,11000,Nequi,
1014,2026-08-10,11:38,Nübe Centro,Mostrador,Capuchino,1,8500,Tarjeta,
1014,2026-08-10,11:38,Nübe Centro,Mostrador,Croissant,2,6000,Tarjeta,
1015,2026-08-10,07:58,Nübe Centro,Mostrador,Capuchino,1,8500,Efectivo,C162
1015,2026-08-10,07:58,Nübe Centro,Mostrador,Latte,1,9000,Efectivo,C162
1016,2026-08-10,10:42,Nübe Centro,Mostrador,Croissant de almendras,1,8000,Efectivo,C287
1017,2026-08-10,09:24,Nübe Centro,Domicilio,Capuchino,1,8500,Efectivo,
1018,2026-08-10,09:04,Nübe Centro,Mostrador,Americano,1,5000,Efectivo,C146
1018,2026-08-10,09:04,Nübe Centro,Mostrador,Chocolate caliente,1,7500,Efectivo,C146
1019,2026-08-10,14:35,Nübe Centro,Domicilio,Capuchino,1,8500,Efectivo,
1019,2026-08-10,14:35,Nübe Centro,Domicilio,Tinto,1,3000,Efectivo,
1020,2026-08-10,06:31,Nübe Centro,Mostrador,Americano,1,5000,Nequi,C289
1021,2026-08-10,20:56,Nübe Centro,Mostrador,Tinto,1,3000,Efectivo,
1022,2026-08-10,10:13,Nübe Centro,Mostrador,Chocolate caliente,2,7500,Efectivo,
1022,2026-08-10,10:13,Nübe Centro,Mostrador,Croissant,1,6000,Efectivo,
1023,2026-08-10,13:01,Nübe Centro,Mostrador,Tinto,2,3000,Tarjeta,
1024,2026-08-10,09:06,Nübe Centro,Mostrador,Americano,2,5000,Sin dato,
1025,2026-08-10,11:48,Nübe Centro,Mostrador,Tinto,1,3000,Nequi,C101
1026,2026-08-10,09:42,Nübe Centro,Mostrador,Croissant,1,6000,Efectivo,C048
1027,2026-08-10,15:33,Nübe Centro,Mostrador,Chocolate caliente,1,7500,Tarjeta,C108
1027,2026-08-10,15:33,Nübe Centro,Mostrador,Frappé de café,1,11000,Tarjeta,C108
1028,2026-08-10,19:51,Nübe Centro,Mostrador,Americano,1,5000,Tarjeta,
1029,2026-08-10,12:53,Nübe Centro,Domicilio,Capuchino,2,8500,Efectivo,C154
1029,2026-08-10,12:53,Nübe Centro,Domicilio,Frappé de café,1,11000,Efectivo,C154
1030,2026-08-10,06:06,Nübe Centro,Mostrador,Latte,1,9000,Tarjeta,
1031,2026-08-10,18:50,Nübe Centro,Mostrador,Capuchino,2,8500,Efectivo,C175
1032,2026-08-10,07:28,Nübe Centro,Mostrador,Chocolate caliente,1,7500,Efectivo,C244
1032,2026-08-10,07:28,Nübe Centro,Mostrador,Croissant,2,6000,Efectivo,C244
1033,2026-08-10,18:53,Nübe Centro,Mostrador,Croissant de almendras,1,8000,Tarjeta,C277
1034,2026-08-10,13:33,Nübe Centro,Mostrador,Capuchino,2,8500,Efectivo,
1034,2026-08-10,13:33,Nübe Centro,Mostrador,Frappé de café,1,11000,Efectivo,
1035,2026-08-10,15:26,Nübe Centro,Mostrador,Croissant de almendras,1,8000,Efectivo,C254
1036,2026-08-10,08:32,Nübe Centro,Mostrador,Croissant,2,6000,Efectivo,
1036,2026-08-10,08:32,Nübe Centro,Mostrador,Latte,1,9000,Efectivo,
1037,2026-08-10,10:57,Nübe Centro,Mostrador,Tinto,1,3000,Nequi,
1038,2026-08-10,09:56,Nübe Centro,Mostrador,Americano,1,5000,Efectivo,C216
1038,2026-08-10,09:56,Nübe Centro,Mostrador,Latte,1,9000,Efectivo,C216
1039,2026-08-10,17:18,Nübe Centro,Mostrador,Croissant,1,6000,Nequi,
1039,2026-08-10,17:18,Nübe Centro,Mostrador,Latte,2,9000,Nequi,
1040,2026-08-10,13:47,Nübe Centro,Domicilio,Croissant,1,6000,Nequi,
1041,2026-08-10,10:01,Nübe Centro,Domicilio,Capuchino,1,8500,Efectivo,
1041,2026-08-10,10:01,Nübe Centro,Domicilio,Tinto,1,3000,Efectivo,
1042,2026-08-10,11:44,Nübe Centro,Mostrador,Capuchino,1,8500,Nequi,C239
1042,2026-08-10,11:44,Nübe Centro,Mostrador,Croissant de almendras,1,8000,Nequi,C239
1042,2026-08-10,11:44,Nübe Centro,Mostrador,Latte,1,9000,Nequi,C239
1043,2026-08-10,14:44,Nübe Centro,Mostrador,Croissant,1,6000,Tarjeta,
1044,2026-08-10,17:02,Nübe Centro,Domicilio,Croissant de almendras,1,8000,Nequi,
1044,2026-08-10,17:02,Nübe Centro,Domicilio,Tinto,1,3000,Nequi,
1045,2026-08-10,09:59,Nübe Centro,Mostrador,Chocolate caliente,2,7500,Nequi,
1046,2026-08-10,13:28,Nübe Centro,Domicilio,Latte,2,9000,Tarjeta,
1047,2026-08-10,10:51,Nübe Centro,Mostrador,Americano,1,5000,Efectivo,
1048,2026-08-10,08:47,Nübe Centro,Mostrador,Americano,1,5000,Nequi,C111
1048,2026-08-10,08:47,Nübe Centro,Mostrador,Croissant,2,6000,Nequi,C111
1049,2026-08-10,16:31,Nübe Centro,Mostrador,Frappé de café,1,11000,Nequi,C234
1050,2026-08-10,17:28,Nübe Centro,Mostrador,Capuchino,1,8500,Nequi,C201
1051,2026-08-10,09:46,Nübe Centro,Mostrador,Croissant,2,6000,Efectivo,
1052,2026-08-10,18:35,Nübe Centro,Mostrador,Americano,1,5000,Tarjeta,
1052,2026-08-10,18:35,Nübe Centro,Mostrador,Tinto,1,3000,Tarjeta,
1053,2026-08-10,17:00,Nübe Centro,Mostrador,Croissant,1,6000,Nequi,
1053,2026-08-10,17:00,Nübe Centro,Mostrador,Frappé de café,1,11000,Nequi,
1054,2026-08-10,08:49,Nübe Centro,Domicilio,Capuchino,2,8500,Tarjeta,
1055,2026-08-10,14:03,Nübe Centro,Domicilio,Capuchino,1,8500,Tarjeta,
1055,2026-08-10,14:03,Nübe Centro,Domicilio,Chocolate caliente,2,7500,Tarjeta,
1056,2026-08-10,08:34,Nübe Centro,Domicilio,Americano,1,5000,Tarjeta,C062
1056,2026-08-10,08:34,Nübe Centro,Domicilio,Croissant,2,6000,Tarjeta,C062
1057,2026-08-10,15:38,Nübe Centro,Mostrador,Americano,3,5000,Efectivo,
1057,2026-08-10,15:38,Nübe Centro,Mostrador,Croissant,1,6000,Efectivo,
1058,2026-08-10,20:15,Nübe Altico,Mostrador,Croissant,1,6000,Nequi,C085
1059,2026-08-10,17:30,Nübe Altico,Mostrador,Capuchino,1,8500,Efectivo,
1060,2026-08-10,06:34,Nübe Altico,Mostrador,Croissant,1,6000,Nequi,C217
1060,2026-08-10,06:34,Nübe Altico,Mostrador,Latte,1,9000,Nequi,C217
1061,2026-08-10,12:35,Nübe Altico,Mostrador,Americano,1,5000,Nequi,
1061,2026-08-10,12:35,Nübe Altico,Mostrador,Capuchino,1,8500,Nequi,
1061,2026-08-10,12:35,Nübe Altico,Mostrador,Frappé de café,1,11000,Nequi,
1062,2026-08-10,13:13,Nübe Altico,Mostrador,Americano,1,5000,Efectivo,C060
1062,2026-08-10,13:13,Nübe Altico,Mostrador,Croissant de almendras,1,8000,Efectivo,C060
1063,2026-08-10,17:13,Nübe Altico,Mostrador,Croissant,1,6000,Efectivo,C229
1064,2026-08-10,08:38,Nübe Altico,Mostrador,Americano,1,5000,Tarjeta,
1065,2026-08-10,06:26,Nübe Altico,Domicilio,Capuchino,1,8500,Nequi,C295
1066,2026-08-10,19:11,Nübe Altico,Mostrador,Croissant,1,6000,Nequi,
1066,2026-08-10,19:11,Nübe Altico,Mostrador,Tinto,1,3000,Nequi,
1067,2026-08-10,09:30,Nübe Altico,Mostrador,Americano,3,5000,Efectivo,C060
1068,2026-08-10,15:41,Nübe Altico,Domicilio,Capuchino,1,8500,Nequi,C142
1068,2026-08-10,15:41,Nübe Altico,Domicilio,Croissant de almendras,1,8000,Nequi,C142
1069,2026-08-10,10:05,Nübe Altico,Mostrador,Capuchino,1,8500,Tarjeta,
1069,2026-08-10,10:05,Nübe Altico,Mostrador,Chocolate caliente,1,7500,Tarjeta,
1070,2026-08-10,18:51,Nübe Altico,Mostrador,Croissant de almendras,2,8000,Tarjeta,
1071,2026-08-10,09:09,Nübe Altico,Mostrador,Americano,1,5000,Sin dato,
1072,2026-08-10,16:28,Nübe Altico,Mostrador,Frappé de café,1,11000,Tarjeta,C243
1073,2026-08-10,16:31,Nübe Altico,Domicilio,Capuchino,1,8500,Nequi,
1073,2026-08-10,16:31,Nübe Altico,Domicilio,Tinto,1,3000,Nequi,
1074,2026-08-10,07:36,Nübe Altico,Mostrador,Capuchino,1,8500,Tarjeta,C131
1074,2026-08-10,07:36,Nübe Altico,Mostrador,Croissant de almendras,1,8000,Tarjeta,C131
1075,2026-08-10,17:40,Nübe Altico,Mostrador,Croissant,1,6000,Nequi,C108
1076,2026-08-10,09:54,Nübe Altico,Mostrador,Latte,2,9000,Efectivo,
1077,2026-08-10,12:48,Nübe Altico,Mostrador,Americano,1,5000,Efectivo,
1077,2026-08-10,12:48,Nübe Altico,Mostrador,Tinto,1,3000,Efectivo,
1078,2026-08-10,09:24,Nübe Altico,Mostrador,Croissant,1,6000,Efectivo,
1079,2026-08-10,12:20,Nübe Altico,Mostrador,Capuchino,2,8500,Nequi,
1079,2026-08-10,12:20,Nübe Altico,Mostrador,Tinto,1,3000,Nequi,
1080,2026-08-10,17:51,Nübe Altico,Mostrador,Croissant,1,6000,Tarjeta,C017
1080,2026-08-10,17:51,Nübe Altico,Mostrador,Tinto,1,3000,Tarjeta,C017
1081,2026-08-10,10:25,Nübe Altico,Mostrador,Americano,2,5000,Efectivo,
1081,2026-08-10,10:25,Nübe Altico,Mostrador,Capuchino,2,8500,Efectivo,
1082,2026-08-10,20:55,Nübe Altico,Mostrador,Croissant de almendras,1,8000,Efectivo,
1083,2026-08-10,12:10,Nübe Altico,Mostrador,Americano,1,5000,Efectivo,C027
1083,2026-08-10,12:10,Nübe Altico,Mostrador,Chocolate caliente,2,7500,Efectivo,C027
1084,2026-08-10,10:38,Nübe Altico,Mostrador,Americano,1,5000,Tarjeta,
1084,2026-08-10,10:38,Nübe Altico,Mostrador,Croissant,1,6000,Tarjeta,
1085,2026-08-10,18:10,Nübe Altico,Mostrador,Americano,1,5000,Efectivo,C196
1085,2026-08-10,18:10,Nübe Altico,Mostrador,Chocolate caliente,1,7500,Efectivo,C196
1085,2026-08-10,18:10,Nübe Altico,Mostrador,Tinto,2,3000,Efectivo,C196
1086,2026-08-10,15:18,Nübe Altico,Mostrador,Americano,1,5000,Tarjeta,
1086,2026-08-10,15:18,Nübe Altico,Mostrador,Croissant de almendras,1,8000,Tarjeta,
1087,2026-08-10,08:49,Nübe Altico,Mostrador,Capuchino,1,8500,Efectivo,
1088,2026-08-10,10:32,Nübe Altico,Mostrador,Americano,1,5000,Nequi,C174
1088,2026-08-10,10:32,Nübe Altico,Mostrador,Tinto,1,3000,Nequi,C174
1089,2026-08-10,16:03,Nübe Altico,Domicilio,Tinto,1,3000,Nequi,
1090,2026-08-10,10:12,Nübe Altico,Mostrador,Latte,1,9000,Nequi,
1091,2026-08-11,06:20,Nübe Centro,Mostrador,Croissant,2,6000,Efectivo,C005
1091,2026-08-11,06:20,Nübe Centro,Mostrador,Croissant de almendras,1,8000,Efectivo,C005
1092,2026-08-11,18:51,Nübe Centro,Mostrador,Capuchino,2,8500,Tarjeta,
1093,2026-08-11,08:44,Nübe Centro,Mostrador,Croissant de almendras,1,8000,Tarjeta,
1094,2026-08-11,09:21,Nübe Centro,Mostrador,Capuchino,1,8500,Nequi,
1095,2026-08-11,19:58,Nübe Centro,Mostrador,Tinto,1,3000,Tarjeta,C282
1096,2026-08-11,07:25,Nübe Centro,Mostrador,Croissant,1,6000,Nequi,C251
1097,2026-08-11,15:17,Nübe Centro,Mostrador,Croissant de almendras,1,8000,Nequi,
1098,2026-08-11,16:02,Nübe Centro,Mostrador,Croissant,1,6000,Tarjeta,
1099,2026-08-11,07:56,Nübe Centro,Mostrador,Croissant de almendras,1,8000,Nequi,C248
1100,2026-08-11,12:59,Nübe Centro,Mostrador,Chocolate caliente,1,7500,Tarjeta,
1100,2026-08-11,12:59,Nübe Centro,Mostrador,Croissant,2,6000,Tarjeta,
1100,2026-08-11,12:59,Nübe Centro,Mostrador,Tinto,1,3000,Tarjeta,
1101,2026-08-11,09:53,Nübe Centro,Mostrador,Americano,1,5000,Tarjeta,C046
1101,2026-08-11,09:53,Nübe Centro,Mostrador,Chocolate caliente,1,7500,Tarjeta,C046
1101,2026-08-11,09:53,Nübe Centro,Mostrador,Croissant,1,6000,Tarjeta,C046
1102,2026-08-11,11:48,Nübe Centro,Mostrador,Capuchino,1,8500,Tarjeta,C187
1103,2026-08-11,09:49,Nübe Centro,Mostrador,Americano,1,5000,Tarjeta,
1104,2026-08-11,15:47,Nübe Centro,Mostrador,Croissant de almendras,1,8000,Tarjeta,
1104,2026-08-11,15:47,Nübe Centro,Mostrador,Tinto,1,3000,Tarjeta,
1105,2026-08-11,13:44,Nübe Centro,Mostrador,Capuchino,1,8500,Efectivo,C005
1106,2026-08-11,18:30,Nübe Centro,Mostrador,Americano,1,5000,Tarjeta,
1107,2026-08-11,10:55,Nübe Centro,Mostrador,Tinto,1,3000,Efectivo,C048
1108,2026-08-11,17:12,Nübe Centro,Mostrador,Capuchino,3,8500,Efectivo,
1109,2026-08-11,11:42,Nübe Centro,Mostrador,Americano,1,5000,Nequi,C182
1110,2026-08-11,11:29,Nübe Centro,Domicilio,Tinto,1,3000,Sin dato,C211
1111,2026-08-11,11:46,Nübe Centro,Mostrador,Americano,1,5000,Efectivo,
1112,2026-08-11,13:25,Nübe Centro,Mostrador,Capuchino,1,8500,Tarjeta,
1112,2026-08-11,13:25,Nübe Centro,Mostrador,Croissant,2,6000,Tarjeta,
1113,2026-08-11,09:58,Nübe Centro,Mostrador,Americano,1,5000,Tarjeta,C242
1113,2026-08-11,09:58,Nübe Centro,Mostrador,Chocolate caliente,2,7500,Tarjeta,C242
1114,2026-08-11,07:11,Nübe Centro,Mostrador,Chocolate caliente,2,7500,Efectivo,
1115,2026-08-11,13:10,Nübe Centro,Mostrador,Latte,1,9000,Nequi,
1115,2026-08-11,13:10,Nübe Centro,Mostrador,Tinto,1,3000,Nequi,
1116,2026-08-11,11:00,Nübe Centro,Mostrador,Americano,2,5000,Tarjeta,
1116,2026-08-11,11:00,Nübe Centro,Mostrador,Tinto,1,3000,Tarjeta,
1117,2026-08-11,09:25,Nübe Centro,Domicilio,Capuchino,1,8500,Efectivo,
1117,2026-08-11,09:25,Nübe Centro,Domicilio,Croissant,1,6000,Efectivo,
1118,2026-08-11,08:06,Nübe Centro,Domicilio,Croissant de almendras,1,8000,Tarjeta,
1118,2026-08-11,08:06,Nübe Centro,Domicilio,Tinto,1,3000,Tarjeta,
1119,2026-08-11,09:56,Nübe Centro,Mostrador,Latte,1,9000,Efectivo,C096
1119,2026-08-11,09:56,Nübe Centro,Mostrador,Tinto,1,3000,Efectivo,C096
1120,2026-08-11,18:43,Nübe Centro,Mostrador,Frappé de café,1,11000,Efectivo,C148
1120,2026-08-11,18:43,Nübe Centro,Mostrador,Latte,1,9000,Efectivo,C148
1121,2026-08-11,16:09,Nübe Centro,Mostrador,Latte,1,9000,Efectivo,C148
1122,2026-08-11,19:01,Nübe Centro,Domicilio,Latte,1,9000,Nequi,C267
1123,2026-08-11,09:40,Nübe Centro,Mostrador,Croissant,1,6000,Efectivo,
1123,2026-08-11,09:40,Nübe Centro,Mostrador,Frappé de café,1,11000,Efectivo,
1124,2026-08-11,07:43,Nübe Centro,Mostrador,Tinto,1,3000,Nequi,
1125,2026-08-11,15:26,Nübe Centro,Mostrador,Americano,1,5000,Efectivo,C266
1125,2026-08-11,15:26,Nübe Centro,Mostrador,Chocolate caliente,2,7500,Efectivo,C266
1125,2026-08-11,15:26,Nübe Centro,Mostrador,Croissant,1,6000,Efectivo,C266
1126,2026-08-11,15:33,Nübe Centro,Mostrador,Capuchino,1,8500,Efectivo,C267
1127,2026-08-11,15:43,Nübe Centro,Mostrador,Capuchino,1,8500,Efectivo,
1127,2026-08-11,15:43,Nübe Centro,Mostrador,Frappé de café,1,11000,Efectivo,
1127,2026-08-11,15:43,Nübe Centro,Mostrador,Tinto,1,3000,Efectivo,
1128,2026-08-11,11:17,Nübe Centro,Domicilio,Capuchino,1,8500,Nequi,C274
1128,2026-08-11,11:17,Nübe Centro,Domicilio,Frappé de café,1,11000,Nequi,C274
1129,2026-08-11,11:09,Nübe Centro,Mostrador,Croissant,2,6000,Nequi,C032
1129,2026-08-11,11:09,Nübe Centro,Mostrador,Latte,1,9000,Nequi,C032
1130,2026-08-11,11:54,Nübe Centro,Mostrador,Croissant,1,6000,Tarjeta,C232
1130,2026-08-11,11:54,Nübe Centro,Mostrador,Latte,1,9000,Tarjeta,C232
1131,2026-08-11,09:44,Nübe Centro,Mostrador,Chocolate caliente,1,7500,Efectivo,C289
1132,2026-08-11,10:04,Nübe Centro,Mostrador,Croissant,3,6000,Efectivo,C265
1132,2026-08-11,10:04,Nübe Centro,Mostrador,Croissant de almendras,1,8000,Efectivo,C265
1132,2026-08-11,10:04,Nübe Centro,Mostrador,Tinto,2,3000,Efectivo,C265
1133,2026-08-11,14:48,Nübe Centro,Mostrador,Americano,1,5000,Nequi,C265
1133,2026-08-11,14:48,Nübe Centro,Mostrador,Capuchino,2,8500,Nequi,C265
1133,2026-08-11,14:48,Nübe Centro,Mostrador,Tinto,1,3000,Nequi,C265
1134,2026-08-11,09:42,Nübe Centro,Mostrador,Capuchino,1,8500,Efectivo,
1135,2026-08-11,09:31,Nübe Centro,Mostrador,Croissant,1,6000,Nequi,C141
1135,2026-08-11,09:31,Nübe Centro,Mostrador,Tinto,1,3000,Nequi,C141
1136,2026-08-11,16:13,Nübe Centro,Mostrador,Capuchino,1,8500,Efectivo,
1137,2026-08-11,17:54,Nübe Centro,Mostrador,Croissant,1,6000,Nequi,C130
1137,2026-08-11,17:54,Nübe Centro,Mostrador,Frappé de café,1,11000,Nequi,C130
1137,2026-08-11,17:54,Nübe Centro,Mostrador,Latte,1,9000,Nequi,C130
1138,2026-08-11,08:37,Nübe Centro,Domicilio,Tinto,2,3000,Efectivo,C104
1139,2026-08-11,10:12,Nübe Centro,Mostrador,Americano,2,5000,Nequi,
1139,2026-08-11,10:12,Nübe Centro,Mostrador,Tinto,1,3000,Nequi,
1140,2026-08-11,19:35,Nübe Centro,Domicilio,Latte,2,9000,Nequi,
1141,2026-08-11,08:09,Nübe Centro,Mostrador,Tinto,1,3000,Efectivo,
1142,2026-08-11,19:11,Nübe Centro,Mostrador,Croissant,1,6000,Efectivo,
1143,2026-08-11,11:00,Nübe Centro,Domicilio,Croissant,2,6000,Tarjeta,C074
1143,2026-08-11,11:00,Nübe Centro,Domicilio,Frappé de café,2,11000,Tarjeta,C074
1143,2026-08-11,11:00,Nübe Centro,Domicilio,Tinto,1,3000,Tarjeta,C074
1144,2026-08-11,07:45,Nübe Centro,Domicilio,Americano,2,5000,Efectivo,
1144,2026-08-11,07:45,Nübe Centro,Domicilio,Capuchino,1,8500,Efectivo,
1145,2026-08-11,11:45,Nübe Centro,Mostrador,Tinto,1,3000,Nequi,C195
1146,2026-08-11,09:03,Nübe Centro,Domicilio,Capuchino,3,8500,Efectivo,
1146,2026-08-11,09:03,Nübe Centro,Domicilio,Tinto,1,3000,Efectivo,
1147,2026-08-11,08:14,Nübe Centro,Mostrador,Americano,1,5000,Sin dato,
1147,2026-08-11,08:14,Nübe Centro,Mostrador,Frappé de café,1,11000,Nequi,
1148,2026-08-11,16:00,Nübe Centro,Mostrador,Capuchino,1,8500,Efectivo,
1148,2026-08-11,16:00,Nübe Centro,Mostrador,Frappé de café,2,11000,Efectivo,
1149,2026-08-11,11:17,Nübe Altico,Mostrador,Croissant de almendras,1,8000,Nequi,C280
1150,2026-08-11,16:47,Nübe Altico,Mostrador,Croissant,1,6000,Nequi,C162
1150,2026-08-11,16:47,Nübe Altico,Mostrador,Croissant de almendras,1,8000,Nequi,C162
1150,2026-08-11,16:47,Nübe Altico,Mostrador,Latte,1,9000,Nequi,C162
1151,2026-08-11,08:43,Nübe Altico,Mostrador,Capuchino,1,8500,Nequi,
1151,2026-08-11,08:43,Nübe Altico,Mostrador,Croissant,1,6000,Nequi,
1152,2026-08-11,08:56,Nübe Altico,Mostrador,Tinto,1,3000,Efectivo,C174
1153,2026-08-11,07:26,Nübe Altico,Mostrador,Latte,3,9000,Efectivo,
1154,2026-08-11,15:41,Nübe Altico,Mostrador,Croissant,1,6000,Nequi,
1154,2026-08-11,15:41,Nübe Altico,Mostrador,Latte,1,9000,Nequi,
1155,2026-08-11,11:32,Nübe Altico,Mostrador,Americano,2,5000,Efectivo,
1155,2026-08-11,11:32,Nübe Altico,Mostrador,Latte,1,9000,Efectivo,
1156,2026-08-11,09:54,Nübe Altico,Mostrador,Croissant,1,6000,Tarjeta,
1156,2026-08-11,09:54,Nübe Altico,Mostrador,Frappé de café,1,11000,Tarjeta,
1157,2026-08-11,07:52,Nübe Altico,Mostrador,Croissant de almendras,1,8000,Nequi,
1157,2026-08-11,07:52,Nübe Altico,Mostrador,Tinto,3,3000,Nequi,
1158,2026-08-11,14:54,Nübe Altico,Mostrador,Americano,1,5000,Nequi,
1158,2026-08-11,14:54,Nübe Altico,Mostrador,Croissant,1,6000,Nequi,
1158,2026-08-11,14:54,Nübe Altico,Mostrador,Tinto,2,3000,Nequi,
1159,2026-08-11,08:14,Nübe Altico,Mostrador,Latte,1,9000,Efectivo,C065
1160,2026-08-11,08:30,Nübe Altico,Mostrador,Capuchino,1,8500,Nequi,
1161,2026-08-11,16:08,Nübe Altico,Domicilio,Capuchino,2,8500,Efectivo,
1162,2026-08-11,13:32,Nübe Altico,Mostrador,Capuchino,1,8500,Efectivo,
1163,2026-08-11,15:50,Nübe Altico,Domicilio,Americano,1,5000,Nequi,
1163,2026-08-11,15:50,Nübe Altico,Domicilio,Latte,1,9000,Nequi,
1164,2026-08-11,08:03,Nübe Altico,Mostrador,Frappé de café,2,11000,Tarjeta,C199
1164,2026-08-11,08:03,Nübe Altico,Mostrador,Tinto,1,3000,Tarjeta,C199
1165,2026-08-11,11:58,Nübe Altico,Mostrador,Capuchino,1,8500,Tarjeta,C129
1166,2026-08-11,13:41,Nübe Altico,Mostrador,Frappé de café,1,11000,Efectivo,C241
1167,2026-08-11,11:09,Nübe Altico,Mostrador,Tinto,1,3000,Nequi,C033
1168,2026-08-11,08:57,Nübe Altico,Mostrador,Tinto,1,3000,Sin dato,
1169,2026-08-11,11:41,Nübe Altico,Mostrador,Capuchino,1,8500,Efectivo,
1170,2026-08-11,16:14,Nübe Altico,Domicilio,Frappé de café,1,11000,Nequi,C088
1170,2026-08-11,16:14,Nübe Altico,Domicilio,Tinto,1,3000,Sin dato,C088
1171,2026-08-11,15:21,Nübe Altico,Mostrador,Capuchino,2,8500,Nequi,
1172,2026-08-11,08:32,Nübe Altico,Mostrador,Capuchino,1,8500,Nequi,C121
1173,2026-08-11,15:02,Nübe Altico,Domicilio,Capuchino,1,8500,Tarjeta,C006
1173,2026-08-11,15:02,Nübe Altico,Domicilio,Croissant,1,6000,Tarjeta,C006
1174,2026-08-11,12:43,Nübe Altico,Mostrador,Latte,1,9000,Nequi,
1175,2026-08-11,18:57,Nübe Altico,Mostrador,Tinto,1,3000,Nequi,
1176,2026-08-11,10:17,Nübe Altico,Mostrador,Croissant,3,6000,Efectivo,C283
1176,2026-08-11,10:17,Nübe Altico,Mostrador,Croissant de almendras,1,8000,Efectivo,C283
1177,2026-08-11,09:48,Nübe Altico,Mostrador,Croissant de almendras,1,8000,Nequi,
1177,2026-08-11,09:48,Nübe Altico,Mostrador,Frappé de café,3,11000,Nequi,
1177,2026-08-11,09:48,Nübe Altico,Mostrador,Tinto,1,3000,Nequi,
1178,2026-08-11,18:36,Nübe Altico,Mostrador,Croissant,3,6000,Efectivo,
1179,2026-08-11,14:39,Nübe Altico,Mostrador,Americano,1,5000,Tarjeta,C293
1179,2026-08-11,14:39,Nübe Altico,Mostrador,Croissant de almendras,1,8000,Tarjeta,C293
1179,2026-08-11,14:39,Nübe Altico,Mostrador,Latte,1,9000,Tarjeta,C293
1180,2026-08-11,07:59,Nübe Altico,Mostrador,Croissant,1,6000,Nequi,
1180,2026-08-11,07:59,Nübe Altico,Mostrador,Latte,2,9000,Nequi,
1181,2026-08-11,08:00,Nübe Altico,Mostrador,Latte,1,9000,Nequi,
1182,2026-08-11,09:33,Nübe Altico,Mostrador,Capuchino,1,8500,Tarjeta,
1182,2026-08-11,09:33,Nübe Altico,Mostrador,Chocolate caliente,1,7500,Tarjeta,
1183,2026-08-11,19:10,Nübe Altico,Mostrador,Croissant,1,6000,Tarjeta,
1183,2026-08-11,19:10,Nübe Altico,Mostrador,Latte,1,9000,Tarjeta,
1184,2026-08-11,12:17,Nübe Altico,Mostrador,Croissant de almendras,1,8000,Tarjeta,C045
1184,2026-08-11,12:17,Nübe Altico,Mostrador,Tinto,3,3000,Tarjeta,C045
1185,2026-08-11,12:59,Nübe Altico,Mostrador,Croissant de almendras,1,8000,Tarjeta,
1185,2026-08-11,12:59,Nübe Altico,Mostrador,Latte,2,9000,Tarjeta,
1185,2026-08-11,12:59,Nübe Altico,Mostrador,Tinto,1,3000,Tarjeta,
1186,2026-08-11,09:18,Nübe Altico,Mostrador,Americano,1,5000,Tarjeta,C196
1186,2026-08-11,09:18,Nübe Altico,Mostrador,Croissant,2,6000,Tarjeta,C196
1187,2026-08-11,10:26,Nübe Altico,Mostrador,Capuchino,1,8500,Nequi,
1187,2026-08-11,10:26,Nübe Altico,Mostrador,Croissant,1,6000,Nequi,
1188,2026-08-11,17:55,Nübe Altico,Mostrador,Capuchino,2,8500,Nequi,C268
1188,2026-08-11,17:55,Nübe Altico,Mostrador,Croissant,1,6000,Nequi,C268
1189,2026-08-11,15:05,Nübe Altico,Mostrador,Croissant,2,6000,Efectivo,
1190,2026-08-11,10:44,Nübe Altico,Domicilio,Croissant,1,6000,Nequi,C244
1191,2026-08-11,13:58,Nübe Altico,Mostrador,Croissant,1,6000,Nequi,
1191,2026-08-11,13:58,Nübe Altico,Mostrador,Tinto,1,3000,Nequi,
1192,2026-08-11,18:28,Nübe Altico,Domicilio,Croissant,1,6000,Tarjeta,
1192,2026-08-11,18:28,Nübe Altico,Domicilio,Latte,3,9000,Tarjeta,
1193,2026-08-11,09:52,Nübe Altico,Mostrador,Capuchino,1,8500,Nequi,C145
1194,2026-08-11,18:53,Nübe Altico,Domicilio,Frappé de café,1,11000,Nequi,
1195,2026-08-11,07:06,Nübe Altico,Mostrador,Americano,2,5000,Tarjeta,
1195,2026-08-11,07:06,Nübe Altico,Mostrador,Croissant,2,6000,Tarjeta,
1195,2026-08-11,07:06,Nübe Altico,Mostrador,Latte,1,9000,Tarjeta,
1196,2026-08-12,09:20,Nübe Centro,Mostrador,Croissant,1,6000,Nequi,
1197,2026-08-12,08:15,Nübe Centro,Mostrador,Tinto,1,3000,Tarjeta,
1198,2026-08-12,09:33,Nübe Centro,Mostrador,Croissant,2,6000,Tarjeta,C177
1198,2026-08-12,09:33,Nübe Centro,Mostrador,Tinto,1,3000,Tarjeta,C177
1199,2026-08-12,07:30,Nübe Centro,Mostrador,Capuchino,1,8500,Efectivo,
1199,2026-08-12,07:30,Nübe Centro,Mostrador,Croissant,2,6000,Efectivo,
1200,2026-08-12,20:18,Nübe Centro,Mostrador,Americano,1,5000,Tarjeta,C165
1200,2026-08-12,20:18,Nübe Centro,Mostrador,Capuchino,1,8500,Tarjeta,C165
1201,2026-08-12,09:39,Nübe Centro,Domicilio,Croissant,1,6000,Tarjeta,
1202,2026-08-12,10:39,Nübe Centro,Mostrador,Tinto,1,3000,Tarjeta,C059
1203,2026-08-12,20:06,Nübe Centro,Mostrador,Latte,1,9000,Efectivo,
1204,2026-08-12,19:22,Nübe Centro,Mostrador,Croissant de almendras,1,8000,Tarjeta,C098
1205,2026-08-12,09:56,Nübe Centro,Mostrador,Americano,1,5000,Tarjeta,
1205,2026-08-12,09:56,Nübe Centro,Mostrador,Croissant de almendras,1,8000,Tarjeta,
1206,2026-08-12,19:59,Nübe Centro,Mostrador,Americano,2,5000,Nequi,
1207,2026-08-12,19:52,Nübe Centro,Mostrador,Croissant,1,6000,Tarjeta,C078
1208,2026-08-12,09:49,Nübe Centro,Mostrador,Croissant,2,6000,Nequi,C062
1209,2026-08-12,08:27,Nübe Centro,Domicilio,Latte,1,9000,Efectivo,C266
1209,2026-08-12,08:27,Nübe Centro,Domicilio,Tinto,1,3000,Efectivo,C266
1210,2026-08-12,11:39,Nübe Centro,Mostrador,Capuchino,1,8500,Efectivo,
1210,2026-08-12,11:39,Nübe Centro,Mostrador,Croissant de almendras,2,8000,Sin dato,
1210,2026-08-12,11:39,Nübe Centro,Mostrador,Latte,1,9000,Efectivo,
1211,2026-08-12,08:56,Nübe Centro,Mostrador,Croissant,1,6000,Sin dato,
1212,2026-08-12,17:43,Nübe Centro,Mostrador,Capuchino,1,8500,Efectivo,
1213,2026-08-12,10:25,Nübe Centro,Mostrador,Americano,1,5000,Efectivo,
1213,2026-08-12,10:25,Nübe Centro,Mostrador,Tinto,1,3000,Efectivo,
1214,2026-08-12,15:08,Nübe Centro,Domicilio,Latte,1,9000,Tarjeta,
1215,2026-08-12,19:50,Nübe Centro,Mostrador,Latte,1,9000,Efectivo,C024
1216,2026-08-12,16:30,Nübe Centro,Mostrador,Americano,1,5000,Efectivo,
1216,2026-08-12,16:30,Nübe Centro,Mostrador,Croissant de almendras,1,8000,Efectivo,
1216,2026-08-12,16:30,Nübe Centro,Mostrador,Tinto,1,3000,Efectivo,
1217,2026-08-12,19:38,Nübe Centro,Mostrador,Croissant de almendras,1,8000,Nequi,
1218,2026-08-12,10:50,Nübe Centro,Mostrador,Americano,1,5000,Efectivo,
1218,2026-08-12,10:50,Nübe Centro,Mostrador,Croissant de almendras,1,8000,Efectivo,
1219,2026-08-12,06:30,Nübe Centro,Domicilio,Croissant,1,6000,Efectivo,
1220,2026-08-12,12:41,Nübe Centro,Mostrador,Americano,1,5000,Tarjeta,
1220,2026-08-12,12:41,Nübe Centro,Mostrador,Tinto,2,3000,Tarjeta,
1221,2026-08-12,20:20,Nübe Centro,Mostrador,Croissant,1,6000,Efectivo,C284
1222,2026-08-12,15:43,Nübe Centro,Domicilio,Capuchino,1,8500,Nequi,
1222,2026-08-12,15:43,Nübe Centro,Domicilio,Tinto,2,3000,Nequi,
1223,2026-08-12,20:20,Nübe Centro,Mostrador,Capuchino,1,8500,Nequi,
1223,2026-08-12,20:20,Nübe Centro,Mostrador,Croissant,2,6000,Nequi,
1223,2026-08-12,20:20,Nübe Centro,Mostrador,Tinto,1,3000,Nequi,
1224,2026-08-12,13:34,Nübe Centro,Domicilio,Frappé de café,1,11000,Nequi,
1224,2026-08-12,13:34,Nübe Centro,Domicilio,Tinto,1,3000,Nequi,
1225,2026-08-12,09:32,Nübe Centro,Domicilio,Croissant,1,6000,Tarjeta,
1226,2026-08-12,13:09,Nübe Centro,Mostrador,Chocolate caliente,2,7500,Nequi,
1226,2026-08-12,13:09,Nübe Centro,Mostrador,Frappé de café,1,11000,Nequi,
1226,2026-08-12,13:09,Nübe Centro,Mostrador,Latte,1,9000,Nequi,
1227,2026-08-12,07:56,Nübe Centro,Mostrador,Croissant de almendras,1,8000,Nequi,
1228,2026-08-12,11:31,Nübe Centro,Mostrador,Capuchino,1,8500,Tarjeta,C184
1228,2026-08-12,11:31,Nübe Centro,Mostrador,Latte,1,9000,Tarjeta,C184
1228,2026-08-12,11:31,Nübe Centro,Mostrador,Tinto,1,3000,Tarjeta,C184
1229,2026-08-12,15:46,Nübe Centro,Domicilio,Chocolate caliente,1,7500,Efectivo,
1229,2026-08-12,15:46,Nübe Centro,Domicilio,Croissant de almendras,1,8000,Efectivo,
1230,2026-08-12,10:06,Nübe Centro,Mostrador,Frappé de café,1,11000,Nequi,
1230,2026-08-12,10:06,Nübe Centro,Mostrador,Tinto,1,3000,Nequi,
1231,2026-08-12,07:42,Nübe Centro,Mostrador,Capuchino,3,8500,Tarjeta,
1232,2026-08-12,11:41,Nübe Centro,Mostrador,Croissant,1,6000,Efectivo,
1232,2026-08-12,11:41,Nübe Centro,Mostrador,Tinto,1,3000,Efectivo,
1233,2026-08-12,12:01,Nübe Centro,Mostrador,Croissant,1,6000,Nequi,C296
1233,2026-08-12,12:01,Nübe Centro,Mostrador,Croissant de almendras,1,8000,Nequi,C296
1234,2026-08-12,11:33,Nübe Centro,Mostrador,Tinto,1,3000,Efectivo,
1235,2026-08-12,08:03,Nübe Centro,Domicilio,Croissant,1,6000,Tarjeta,C001
1235,2026-08-12,08:03,Nübe Centro,Domicilio,Latte,2,9000,Tarjeta,C001
1236,2026-08-12,09:03,Nübe Centro,Mostrador,Latte,1,9000,Tarjeta,C178
1236,2026-08-12,09:03,Nübe Centro,Mostrador,Tinto,1,3000,Tarjeta,C178
1237,2026-08-12,08:24,Nübe Centro,Mostrador,Tinto,1,3000,Tarjeta,
1238,2026-08-12,07:28,Nübe Centro,Mostrador,Capuchino,1,8500,Tarjeta,
1238,2026-08-12,07:28,Nübe Centro,Mostrador,Croissant,1,6000,Tarjeta,
1238,2026-08-12,07:28,Nübe Centro,Mostrador,Tinto,2,3000,Tarjeta,
1239,2026-08-12,11:47,Nübe Centro,Mostrador,Croissant,2,6000,Efectivo,C260
1239,2026-08-12,11:47,Nübe Centro,Mostrador,Frappé de café,2,11000,Efectivo,C260
1240,2026-08-12,08:48,Nübe Centro,Mostrador,Latte,1,9000,Nequi,
1240,2026-08-12,08:48,Nübe Centro,Mostrador,Tinto,1,3000,Nequi,
1241,2026-08-12,13:54,Nübe Centro,Domicilio,Americano,3,5000,Efectivo,
1242,2026-08-12,07:37,Nübe Centro,Mostrador,Frappé de café,2,11000,Nequi,
1243,2026-08-12,07:49,Nübe Centro,Mostrador,Americano,2,5000,Efectivo,C142
1244,2026-08-12,08:27,Nübe Centro,Mostrador,Capuchino,1,8500,Efectivo,C161
1245,2026-08-12,10:46,Nübe Centro,Domicilio,Chocolate caliente,1,7500,Efectivo,
1246,2026-08-12,16:08,Nübe Centro,Mostrador,Frappé de café,1,11000,Efectivo,
1246,2026-08-12,16:08,Nübe Centro,Mostrador,Latte,1,9000,Efectivo,
1247,2026-08-12,16:42,Nübe Centro,Mostrador,Tinto,1,3000,Efectivo,
1248,2026-08-12,17:59,Nübe Centro,Mostrador,Americano,3,5000,Nequi,
1249,2026-08-12,19:14,Nübe Centro,Mostrador,Latte,1,9000,Tarjeta,C286
1250,2026-08-12,07:11,Nübe Centro,Mostrador,Latte,1,9000,Nequi,
1251,2026-08-12,10:39,Nübe Centro,Domicilio,Croissant,1,6000,Efectivo,C029
1251,2026-08-12,10:39,Nübe Centro,Domicilio,Croissant de almendras,2,8000,Efectivo,C029
1252,2026-08-12,09:00,Nübe Centro,Mostrador,Americano,1,5000,Tarjeta,C177
1252,2026-08-12,09:00,Nübe Centro,Mostrador,Capuchino,1,8500,Tarjeta,C177
1253,2026-08-12,11:50,Nübe Centro,Domicilio,Tinto,1,3000,Nequi,C052
1254,2026-08-12,12:19,Nübe Centro,Mostrador,Croissant,1,6000,Nequi,
1254,2026-08-12,12:19,Nübe Centro,Mostrador,Frappé de café,1,11000,Nequi,
1255,2026-08-12,17:37,Nübe Centro,Mostrador,Capuchino,1,8500,Tarjeta,
1256,2026-08-12,07:17,Nübe Centro,Mostrador,Croissant,1,6000,Efectivo,
1256,2026-08-12,07:17,Nübe Centro,Mostrador,Frappé de café,1,11000,Efectivo,
1256,2026-08-12,07:17,Nübe Centro,Mostrador,Tinto,1,3000,Efectivo,
1257,2026-08-12,08:41,Nübe Centro,Domicilio,Croissant,1,6000,Nequi,C006
1257,2026-08-12,08:41,Nübe Centro,Domicilio,Tinto,1,3000,Nequi,C006
1258,2026-08-12,07:16,Nübe Centro,Mostrador,Tinto,2,3000,Tarjeta,
1259,2026-08-12,07:58,Nübe Centro,Mostrador,Capuchino,1,8500,Efectivo,
1260,2026-08-12,18:26,Nübe Centro,Mostrador,Frappé de café,1,11000,Tarjeta,C064
1261,2026-08-12,13:28,Nübe Centro,Mostrador,Croissant,1,6000,Tarjeta,C033
1261,2026-08-12,13:28,Nübe Centro,Mostrador,Tinto,1,3000,Tarjeta,C033
1262,2026-08-12,13:42,Nübe Centro,Mostrador,Americano,1,5000,Nequi,
1262,2026-08-12,13:42,Nübe Centro,Mostrador,Croissant,1,6000,Nequi,
1263,2026-08-12,08:15,Nübe Centro,Mostrador,Croissant,1,6000,Nequi,
1264,2026-08-12,14:31,Nübe Centro,Domicilio,Americano,1,5000,Tarjeta,C189
1264,2026-08-12,14:31,Nübe Centro,Domicilio,Croissant,1,6000,Tarjeta,C189
1264,2026-08-12,14:31,Nübe Centro,Domicilio,Latte,1,9000,Tarjeta,C189
1265,2026-08-12,19:26,Nübe Centro,Mostrador,Croissant de almendras,3,8000,Efectivo,C217
1265,2026-08-12,19:26,Nübe Centro,Mostrador,Tinto,1,3000,Efectivo,C217
1266,2026-08-12,11:38,Nübe Centro,Mostrador,Chocolate caliente,1,7500,Efectivo,
1266,2026-08-12,11:38,Nübe Centro,Mostrador,Croissant de almendras,1,8000,Efectivo,
1266,2026-08-12,11:38,Nübe Centro,Mostrador,Frappé de café,1,11000,Efectivo,
1267,2026-08-12,10:50,Nübe Centro,Mostrador,Capuchino,1,8500,Nequi,
1268,2026-08-12,08:55,Nübe Centro,Mostrador,Americano,1,5000,Nequi,
1268,2026-08-12,08:55,Nübe Centro,Mostrador,Capuchino,2,8500,Nequi,
1269,2026-08-12,12:56,Nübe Centro,Mostrador,Tinto,1,3000,Nequi,
1270,2026-08-12,16:08,Nübe Centro,Mostrador,Croissant,1,6000,Tarjeta,
1270,2026-08-12,16:08,Nübe Centro,Mostrador,Latte,1,9000,Sin dato,
1271,2026-08-12,09:48,Nübe Altico,Mostrador,Americano,1,5000,Nequi,
1271,2026-08-12,09:48,Nübe Altico,Mostrador,Capuchino,1,8500,Nequi,
1272,2026-08-12,09:02,Nübe Altico,Mostrador,Americano,1,5000,Efectivo,
1272,2026-08-12,09:02,Nübe Altico,Mostrador,Croissant de almendras,1,8000,Efectivo,
1273,2026-08-12,08:42,Nübe Altico,Mostrador,Croissant,1,6000,Nequi,
1274,2026-08-12,09:51,Nübe Altico,Mostrador,Tinto,1,3000,Tarjeta,C190
1275,2026-08-12,12:02,Nübe Altico,Mostrador,Capuchino,1,8500,Tarjeta,
1276,2026-08-12,17:13,Nübe Altico,Domicilio,Tinto,1,3000,Nequi,C286
1277,2026-08-12,07:38,Nübe Altico,Mostrador,Capuchino,1,8500,Efectivo,
1277,2026-08-12,07:38,Nübe Altico,Mostrador,Chocolate caliente,1,7500,Efectivo,
1278,2026-08-12,14:00,Nübe Altico,Mostrador,Frappé de café,1,11000,Nequi,C040
1278,2026-08-12,14:00,Nübe Altico,Mostrador,Tinto,1,3000,Nequi,C040
1279,2026-08-12,16:08,Nübe Altico,Domicilio,Capuchino,1,8500,Nequi,
1279,2026-08-12,16:08,Nübe Altico,Domicilio,Croissant,1,6000,Nequi,
1280,2026-08-12,11:33,Nübe Altico,Mostrador,Americano,1,5000,Tarjeta,
1280,2026-08-12,11:33,Nübe Altico,Mostrador,Croissant,2,6000,Tarjeta,
1280,2026-08-12,11:33,Nübe Altico,Mostrador,Croissant de almendras,2,8000,Tarjeta,
1281,2026-08-12,07:19,Nübe Altico,Mostrador,Tinto,1,3000,Efectivo,
1282,2026-08-12,06:28,Nübe Altico,Mostrador,Chocolate caliente,1,7500,Efectivo,
1282,2026-08-12,06:28,Nübe Altico,Mostrador,Tinto,1,3000,Efectivo,
1283,2026-08-12,19:30,Nübe Altico,Domicilio,Croissant,1,6000,Tarjeta,
1284,2026-08-12,08:54,Nübe Altico,Mostrador,Capuchino,1,8500,Efectivo,C240
1284,2026-08-12,08:54,Nübe Altico,Mostrador,Tinto,1,3000,Efectivo,C240
1285,2026-08-12,08:54,Nübe Altico,Mostrador,Tinto,2,3000,Efectivo,
1286,2026-08-12,11:38,Nübe Altico,Domicilio,Capuchino,1,8500,Tarjeta,
1286,2026-08-12,11:38,Nübe Altico,Domicilio,Croissant,1,6000,Tarjeta,
1287,2026-08-12,09:57,Nübe Altico,Mostrador,Croissant,1,6000,Nequi,
1288,2026-08-12,11:04,Nübe Altico,Mostrador,Capuchino,1,8500,Tarjeta,
1288,2026-08-12,11:04,Nübe Altico,Mostrador,Tinto,2,3000,Tarjeta,
1289,2026-08-12,08:43,Nübe Altico,Mostrador,Latte,1,9000,Efectivo,C228
1289,2026-08-12,08:43,Nübe Altico,Mostrador,Tinto,1,3000,Efectivo,C228
1290,2026-08-12,09:16,Nübe Altico,Mostrador,Americano,3,5000,Efectivo,C146
1290,2026-08-12,09:16,Nübe Altico,Mostrador,Chocolate caliente,1,7500,Efectivo,C146
1291,2026-08-12,09:46,Nübe Altico,Mostrador,Americano,1,5000,Nequi,C097
1291,2026-08-12,09:46,Nübe Altico,Mostrador,Croissant,1,6000,Nequi,C097
1291,2026-08-12,09:46,Nübe Altico,Mostrador,Tinto,2,3000,Nequi,C097
1292,2026-08-12,06:24,Nübe Altico,Mostrador,Croissant de almendras,2,8000,Tarjeta,C009
1293,2026-08-12,07:34,Nübe Altico,Mostrador,Tinto,1,3000,Nequi,
1294,2026-08-12,20:20,Nübe Altico,Mostrador,Frappé de café,2,11000,Efectivo,
1295,2026-08-12,15:04,Nübe Altico,Domicilio,Capuchino,1,8500,Efectivo,C154
1296,2026-08-12,07:42,Nübe Altico,Mostrador,Tinto,1,3000,Tarjeta,C295
1297,2026-08-12,07:05,Nübe Altico,Mostrador,Latte,1,9000,Nequi,C068
1298,2026-08-12,09:17,Nübe Altico,Mostrador,Croissant,1,6000,Nequi,C249
1298,2026-08-12,09:17,Nübe Altico,Mostrador,Croissant de almendras,1,8000,Nequi,C249
1299,2026-08-12,08:03,Nübe Altico,Mostrador,Croissant de almendras,1,8000,Nequi,
1300,2026-08-12,09:23,Nübe Altico,Mostrador,Tinto,1,3000,Efectivo,C270
1301,2026-08-12,08:47,Nübe Altico,Mostrador,Capuchino,1,8500,Nequi,C072
1302,2026-08-12,07:20,Nübe Altico,Mostrador,Croissant de almendras,2,8000,Efectivo,C070
1303,2026-08-12,16:34,Nübe Altico,Mostrador,Capuchino,1,8500,Nequi,
1303,2026-08-12,16:34,Nübe Altico,Mostrador,Tinto,1,3000,Nequi,
1304,2026-08-12,13:58,Nübe Altico,Mostrador,Capuchino,1,8500,Tarjeta,C107
1305,2026-08-12,08:37,Nübe Altico,Domicilio,Croissant,2,6000,Tarjeta,
1306,2026-08-12,10:34,Nübe Altico,Mostrador,Latte,1,9000,Efectivo,C287
1306,2026-08-12,10:34,Nübe Altico,Mostrador,Tinto,1,3000,Efectivo,C287
1307,2026-08-12,07:55,Nübe Altico,Mostrador,Croissant,1,6000,Tarjeta,
1307,2026-08-12,07:55,Nübe Altico,Mostrador,Frappé de café,2,11000,Tarjeta,
1308,2026-08-12,10:22,Nübe Altico,Mostrador,Capuchino,1,8500,Sin dato,
1308,2026-08-12,10:22,Nübe Altico,Mostrador,Croissant,1,6000,Tarjeta,
1308,2026-08-12,10:22,Nübe Altico,Mostrador,Latte,1,9000,Tarjeta,
1309,2026-08-12,17:58,Nübe Altico,Mostrador,Croissant,1,6000,Efectivo,C255
1310,2026-08-12,10:38,Nübe Altico,Mostrador,Croissant,1,6000,Efectivo,C056
1311,2026-08-12,18:49,Nübe Altico,Mostrador,Capuchino,1,8500,Nequi,
1311,2026-08-12,18:49,Nübe Altico,Mostrador,Chocolate caliente,2,7500,Nequi,
1312,2026-08-12,08:53,Nübe Altico,Mostrador,Croissant,1,6000,Nequi,C255
1313,2026-08-12,08:34,Nübe Altico,Mostrador,Capuchino,1,8500,Nequi,C043
1314,2026-08-12,18:18,Nübe Altico,Mostrador,Americano,1,5000,Nequi,
1315,2026-08-12,09:58,Nübe Altico,Mostrador,Tinto,1,3000,Efectivo,
1316,2026-08-12,09:08,Nübe Altico,Mostrador,Croissant,1,6000,Nequi,
1317,2026-08-12,15:22,Nübe Altico,Mostrador,Croissant,1,6000,Efectivo,
1317,2026-08-12,15:22,Nübe Altico,Mostrador,Tinto,1,3000,Efectivo,
1318,2026-08-13,08:44,Nübe Centro,Domicilio,Americano,1,5000,Efectivo,C288
1319,2026-08-13,09:48,Nübe Centro,Mostrador,Americano,1,5000,Tarjeta,
1319,2026-08-13,09:48,Nübe Centro,Mostrador,Capuchino,3,8500,Tarjeta,
1320,2026-08-13,17:46,Nübe Centro,Mostrador,Croissant,2,6000,Nequi,
1321,2026-08-13,15:44,Nübe Centro,Mostrador,Chocolate caliente,2,7500,Tarjeta,
1322,2026-08-13,10:54,Nübe Centro,Mostrador,Chocolate caliente,1,7500,Nequi,C235
1323,2026-08-13,16:33,Nübe Centro,Mostrador,Frappé de café,1,11000,Efectivo,C058
1323,2026-08-13,16:33,Nübe Centro,Mostrador,Tinto,1,3000,Efectivo,C058
1324,2026-08-13,07:35,Nübe Centro,Domicilio,Tinto,1,3000,Tarjeta,
1325,2026-08-13,07:45,Nübe Centro,Mostrador,Croissant,1,6000,Tarjeta,C047
1326,2026-08-13,16:31,Nübe Centro,Mostrador,Chocolate caliente,1,7500,Efectivo,C104
1327,2026-08-13,08:47,Nübe Centro,Mostrador,Latte,1,9000,Efectivo,C270
1328,2026-08-13,08:47,Nübe Centro,Mostrador,Chocolate caliente,1,7500,Nequi,
1329,2026-08-13,07:07,Nübe Centro,Domicilio,Croissant,1,6000,Efectivo,
1329,2026-08-13,07:07,Nübe Centro,Domicilio,Croissant de almendras,1,8000,Efectivo,
1330,2026-08-13,12:35,Nübe Centro,Mostrador,Chocolate caliente,1,7500,Nequi,C192
1330,2026-08-13,12:35,Nübe Centro,Mostrador,Tinto,2,3000,Nequi,C192
1331,2026-08-13,19:01,Nübe Centro,Mostrador,Capuchino,3,8500,Tarjeta,
1332,2026-08-13,06:30,Nübe Centro,Mostrador,Croissant de almendras,1,8000,Tarjeta,
1332,2026-08-13,06:30,Nübe Centro,Mostrador,Tinto,1,3000,Tarjeta,
1333,2026-08-13,08:50,Nübe Centro,Mostrador,Capuchino,1,8500,Efectivo,
1333,2026-08-13,08:50,Nübe Centro,Mostrador,Tinto,1,3000,Efectivo,
1334,2026-08-13,07:29,Nübe Centro,Mostrador,Americano,1,5000,Tarjeta,
1335,2026-08-13,16:13,Nübe Centro,Mostrador,Croissant,1,6000,Tarjeta,
1335,2026-08-13,16:13,Nübe Centro,Mostrador,Latte,1,9000,Tarjeta,
1336,2026-08-13,08:39,Nübe Centro,Domicilio,Chocolate caliente,1,7500,Tarjeta,
1337,2026-08-13,17:09,Nübe Centro,Mostrador,Americano,1,5000,Tarjeta,
1337,2026-08-13,17:09,Nübe Centro,Mostrador,Capuchino,3,8500,Tarjeta,
1338,2026-08-13,08:41,Nübe Centro,Mostrador,Latte,1,9000,Nequi,
1339,2026-08-13,17:20,Nübe Centro,Mostrador,Capuchino,1,8500,Efectivo,
1339,2026-08-13,17:20,Nübe Centro,Mostrador,Croissant,1,6000,Efectivo,
1340,2026-08-13,11:26,Nübe Centro,Domicilio,Tinto,1,3000,Nequi,
1341,2026-08-13,12:10,Nübe Centro,Mostrador,Frappé de café,1,11000,Tarjeta,C186
1342,2026-08-13,07:43,Nübe Centro,Mostrador,Americano,2,5000,Efectivo,
1342,2026-08-13,07:43,Nübe Centro,Mostrador,Chocolate caliente,1,7500,Efectivo,
1342,2026-08-13,07:43,Nübe Centro,Mostrador,Latte,1,9000,Efectivo,
1343,2026-08-13,09:20,Nübe Centro,Domicilio,Chocolate caliente,1,7500,Nequi,C041
1344,2026-08-13,07:06,Nübe Centro,Domicilio,Chocolate caliente,2,7500,Nequi,C232
1345,2026-08-13,10:59,Nübe Centro,Mostrador,Croissant,1,6000,Tarjeta,
1345,2026-08-13,10:59,Nübe Centro,Mostrador,Tinto,1,3000,Tarjeta,
1346,2026-08-13,18:53,Nübe Centro,Mostrador,Capuchino,1,8500,Nequi,C279
1347,2026-08-13,15:11,Nübe Centro,Mostrador,Chocolate caliente,1,7500,Efectivo,
1348,2026-08-13,20:03,Nübe Centro,Mostrador,Croissant,2,6000,Tarjeta,
1349,2026-08-13,18:00,Nübe Centro,Mostrador,Frappé de café,2,11000,Nequi,C228
1350,2026-08-13,15:19,Nübe Centro,Mostrador,Frappé de café,1,11000,Nequi,C081
1351,2026-08-13,08:13,Nübe Centro,Mostrador,Americano,1,5000,Tarjeta,C154
1352,2026-08-13,20:34,Nübe Centro,Mostrador,Americano,1,5000,Efectivo,C075
1352,2026-08-13,20:34,Nübe Centro,Mostrador,Capuchino,1,8500,Efectivo,C075
1352,2026-08-13,20:34,Nübe Centro,Mostrador,Tinto,1,3000,Efectivo,C075
1353,2026-08-13,08:45,Nübe Centro,Mostrador,Tinto,1,3000,Efectivo,
1354,2026-08-13,10:54,Nübe Centro,Mostrador,Frappé de café,1,11000,Efectivo,
1355,2026-08-13,13:23,Nübe Centro,Mostrador,Americano,1,5000,Tarjeta,
1355,2026-08-13,13:23,Nübe Centro,Mostrador,Croissant,1,6000,Tarjeta,
1355,2026-08-13,13:23,Nübe Centro,Mostrador,Tinto,1,3000,Tarjeta,
1356,2026-08-13,07:49,Nübe Centro,Mostrador,Croissant de almendras,1,8000,Nequi,
1357,2026-08-13,18:54,Nübe Centro,Mostrador,Americano,1,5000,Tarjeta,
1357,2026-08-13,18:54,Nübe Centro,Mostrador,Tinto,1,3000,Tarjeta,
1358,2026-08-13,12:56,Nübe Centro,Mostrador,Croissant de almendras,1,8000,Efectivo,C087
1358,2026-08-13,12:56,Nübe Centro,Mostrador,Latte,1,9000,Efectivo,C087
1359,2026-08-13,09:51,Nübe Centro,Mostrador,Tinto,3,3000,Nequi,
1360,2026-08-13,16:46,Nübe Centro,Mostrador,Americano,1,5000,Tarjeta,C084
1361,2026-08-13,15:58,Nübe Centro,Mostrador,Croissant de almendras,1,8000,Efectivo,C162
1361,2026-08-13,15:58,Nübe Centro,Mostrador,Frappé de café,1,11000,Efectivo,C162
1362,2026-08-13,08:30,Nübe Centro,Mostrador,Croissant,2,6000,Efectivo,C167
1363,2026-08-13,09:41,Nübe Centro,Mostrador,Latte,1,9000,Efectivo,
1364,2026-08-13,12:07,Nübe Centro,Mostrador,Croissant,2,6000,Nequi,
1364,2026-08-13,12:07,Nübe Centro,Mostrador,Tinto,1,3000,Nequi,
1365,2026-08-13,18:05,Nübe Centro,Mostrador,Tinto,1,3000,Nequi,C100
1366,2026-08-13,08:47,Nübe Centro,Domicilio,Frappé de café,1,11000,Nequi,C119
1367,2026-08-13,17:46,Nübe Centro,Mostrador,Croissant,1,6000,Efectivo,
1368,2026-08-13,09:10,Nübe Centro,Mostrador,Latte,1,9000,Nequi,
1369,2026-08-13,15:01,Nübe Centro,Mostrador,Americano,1,5000,Tarjeta,
1369,2026-08-13,15:01,Nübe Centro,Mostrador,Croissant de almendras,1,8000,Tarjeta,
1369,2026-08-13,15:01,Nübe Centro,Mostrador,Latte,1,9000,Tarjeta,
1370,2026-08-13,11:59,Nübe Centro,Mostrador,Croissant de almendras,2,8000,Efectivo,
1371,2026-08-13,16:47,Nübe Centro,Mostrador,Capuchino,1,8500,Nequi,C134
1371,2026-08-13,16:47,Nübe Centro,Mostrador,Frappé de café,1,11000,Nequi,C134
1371,2026-08-13,16:47,Nübe Centro,Mostrador,Tinto,3,3000,Nequi,C134
1372,2026-08-13,09:54,Nübe Centro,Mostrador,Capuchino,1,8500,Tarjeta,
1372,2026-08-13,09:54,Nübe Centro,Mostrador,Croissant,1,6000,Tarjeta,
1373,2026-08-13,13:55,Nübe Centro,Mostrador,Americano,1,5000,Efectivo,
1373,2026-08-13,13:55,Nübe Centro,Mostrador,Capuchino,1,8500,Efectivo,
1373,2026-08-13,13:55,Nübe Centro,Mostrador,Tinto,1,3000,Efectivo,
1374,2026-08-13,09:23,Nübe Centro,Mostrador,Americano,1,5000,Nequi,
1374,2026-08-13,09:23,Nübe Centro,Mostrador,Croissant,2,6000,Nequi,
1374,2026-08-13,09:23,Nübe Centro,Mostrador,Tinto,1,3000,Nequi,
1375,2026-08-13,10:12,Nübe Centro,Mostrador,Capuchino,1,8500,Tarjeta,C219
1376,2026-08-13,09:00,Nübe Centro,Domicilio,Croissant de almendras,1,8000,Efectivo,
1376,2026-08-13,09:00,Nübe Centro,Domicilio,Latte,3,9000,Efectivo,
1377,2026-08-13,16:08,Nübe Centro,Mostrador,Capuchino,1,8500,Efectivo,
1377,2026-08-13,16:08,Nübe Centro,Mostrador,Tinto,2,3000,Efectivo,
1378,2026-08-13,15:48,Nübe Centro,Mostrador,Capuchino,1,8500,Efectivo,
1378,2026-08-13,15:48,Nübe Centro,Mostrador,Tinto,1,3000,Efectivo,
1379,2026-08-13,09:42,Nübe Centro,Mostrador,Americano,1,5000,Tarjeta,
1380,2026-08-13,10:43,Nübe Centro,Mostrador,Chocolate caliente,3,7500,Nequi,C246
1381,2026-08-13,10:04,Nübe Centro,Mostrador,Chocolate caliente,2,7500,Efectivo,C118
1382,2026-08-13,14:54,Nübe Centro,Mostrador,Chocolate caliente,2,7500,Nequi,
1383,2026-08-13,10:10,Nübe Centro,Mostrador,Croissant de almendras,1,8000,Efectivo,
1383,2026-08-13,10:10,Nübe Centro,Mostrador,Tinto,1,3000,Efectivo,
1384,2026-08-13,10:01,Nübe Centro,Mostrador,Capuchino,1,8500,Efectivo,C038
1384,2026-08-13,10:01,Nübe Centro,Mostrador,Tinto,1,3000,Efectivo,C038
1385,2026-08-13,16:32,Nübe Centro,Mostrador,Frappé de café,1,11000,Tarjeta,C134
1385,2026-08-13,16:32,Nübe Centro,Mostrador,Tinto,1,3000,Tarjeta,C134
1386,2026-08-13,09:01,Nübe Centro,Mostrador,Croissant,1,6000,Nequi,C181
1386,2026-08-13,09:01,Nübe Centro,Mostrador,Latte,1,9000,Nequi,C181
1387,2026-08-13,08:54,Nübe Centro,Mostrador,Capuchino,1,8500,Efectivo,
1388,2026-08-13,13:09,Nübe Centro,Mostrador,Capuchino,2,8500,Nequi,
1389,2026-08-13,18:03,Nübe Centro,Mostrador,Capuchino,1,8500,Nequi,C175
1390,2026-08-13,13:26,Nübe Centro,Mostrador,Frappé de café,1,11000,Efectivo,C281
1390,2026-08-13,13:26,Nübe Centro,Mostrador,Tinto,2,3000,Efectivo,C281
1391,2026-08-13,11:03,Nübe Centro,Mostrador,Tinto,1,3000,Efectivo,
1392,2026-08-13,11:55,Nübe Centro,Mostrador,Chocolate caliente,1,7500,Efectivo,
1393,2026-08-13,08:02,Nübe Altico,Mostrador,Tinto,1,3000,Efectivo,C294
1394,2026-08-13,09:45,Nübe Altico,Mostrador,Croissant,1,6000,Efectivo,
1394,2026-08-13,09:45,Nübe Altico,Mostrador,Latte,1,9000,Efectivo,
1395,2026-08-13,09:28,Nübe Altico,Mostrador,Croissant,1,6000,Efectivo,
1395,2026-08-13,09:28,Nübe Altico,Mostrador,Latte,1,9000,Efectivo,
1395,2026-08-13,09:28,Nübe Altico,Mostrador,Tinto,3,3000,Efectivo,
1396,2026-08-13,14:38,Nübe Altico,Mostrador,Croissant,2,6000,Efectivo,C030
1396,2026-08-13,14:38,Nübe Altico,Mostrador,Tinto,1,3000,Efectivo,C030
1397,2026-08-13,13:28,Nübe Altico,Mostrador,Tinto,1,3000,Tarjeta,C203
1398,2026-08-13,11:13,Nübe Altico,Domicilio,Croissant de almendras,1,8000,Tarjeta,
1399,2026-08-13,13:43,Nübe Altico,Mostrador,Croissant de almendras,1,8000,Nequi,
1399,2026-08-13,13:43,Nübe Altico,Mostrador,Frappé de café,1,11000,Nequi,
1399,2026-08-13,13:43,Nübe Altico,Mostrador,Tinto,1,3000,Nequi,
1400,2026-08-13,18:29,Nübe Altico,Mostrador,Chocolate caliente,2,7500,Efectivo,
1401,2026-08-13,11:55,Nübe Altico,Mostrador,Americano,3,5000,Tarjeta,C173
1402,2026-08-13,07:17,Nübe Altico,Mostrador,Americano,1,5000,Tarjeta,
1403,2026-08-13,11:40,Nübe Altico,Mostrador,Croissant,1,6000,Nequi,C159
1403,2026-08-13,11:40,Nübe Altico,Mostrador,Croissant de almendras,1,8000,Nequi,C159
1404,2026-08-13,07:24,Nübe Altico,Mostrador,Frappé de café,1,11000,Efectivo,C061
1404,2026-08-13,07:24,Nübe Altico,Mostrador,Latte,1,9000,Efectivo,C061
1404,2026-08-13,07:24,Nübe Altico,Mostrador,Tinto,2,3000,Efectivo,C061
1405,2026-08-13,09:35,Nübe Altico,Mostrador,Chocolate caliente,1,7500,Tarjeta,C205
1406,2026-08-13,13:03,Nübe Altico,Mostrador,Americano,2,5000,Efectivo,C061
1406,2026-08-13,13:03,Nübe Altico,Mostrador,Tinto,1,3000,Efectivo,C061
1407,2026-08-13,08:42,Nübe Altico,Mostrador,Americano,1,5000,Tarjeta,
1407,2026-08-13,08:42,Nübe Altico,Mostrador,Capuchino,2,8500,Tarjeta,
1407,2026-08-13,08:42,Nübe Altico,Mostrador,Chocolate caliente,1,7500,Tarjeta,
1408,2026-08-13,13:42,Nübe Altico,Mostrador,Capuchino,1,8500,Nequi,
1409,2026-08-13,15:03,Nübe Altico,Mostrador,Croissant,1,6000,Nequi,
1410,2026-08-13,08:51,Nübe Altico,Mostrador,Croissant de almendras,1,8000,Tarjeta,
1411,2026-08-13,08:16,Nübe Altico,Mostrador,Croissant,2,6000,Nequi,
1412,2026-08-13,13:47,Nübe Altico,Mostrador,Americano,1,5000,Efectivo,
1412,2026-08-13,13:47,Nübe Altico,Mostrador,Capuchino,1,8500,Efectivo,
1412,2026-08-13,13:47,Nübe Altico,Mostrador,Croissant de almendras,1,8000,Efectivo,
1413,2026-08-13,18:30,Nübe Altico,Mostrador,Capuchino,1,8500,Nequi,
1413,2026-08-13,18:30,Nübe Altico,Mostrador,Frappé de café,1,11000,Nequi,
1414,2026-08-13,15:27,Nübe Altico,Mostrador,Americano,2,5000,Efectivo,
1414,2026-08-13,15:27,Nübe Altico,Mostrador,Chocolate caliente,1,7500,Efectivo,
1415,2026-08-13,10:41,Nübe Altico,Mostrador,Capuchino,1,8500,Sin dato,
1415,2026-08-13,10:41,Nübe Altico,Mostrador,Croissant,1,6000,Tarjeta,
1415,2026-08-13,10:41,Nübe Altico,Mostrador,Frappé de café,2,11000,Tarjeta,
1416,2026-08-13,09:36,Nübe Altico,Mostrador,Croissant,3,6000,Tarjeta,C110
1417,2026-08-13,15:42,Nübe Altico,Mostrador,Latte,1,9000,Nequi,C300
1418,2026-08-13,20:46,Nübe Altico,Domicilio,Chocolate caliente,1,7500,Tarjeta,
1418,2026-08-13,20:46,Nübe Altico,Domicilio,Croissant de almendras,1,8000,Tarjeta,
1419,2026-08-13,12:29,Nübe Altico,Domicilio,Capuchino,1,8500,Tarjeta,
1420,2026-08-13,08:16,Nübe Altico,Mostrador,Latte,2,9000,Tarjeta,C125
1420,2026-08-13,08:16,Nübe Altico,Mostrador,Tinto,1,3000,Tarjeta,C125
1421,2026-08-13,17:03,Nübe Altico,Mostrador,Frappé de café,1,11000,Nequi,
1421,2026-08-13,17:03,Nübe Altico,Mostrador,Tinto,1,3000,Nequi,
1422,2026-08-13,09:37,Nübe Altico,Mostrador,Tinto,1,3000,Tarjeta,C286
1423,2026-08-13,08:31,Nübe Altico,Domicilio,Capuchino,2,8500,Nequi,
1424,2026-08-13,09:42,Nübe Altico,Mostrador,Capuchino,1,8500,Nequi,
1425,2026-08-13,08:50,Nübe Altico,Domicilio,Croissant,2,6000,Tarjeta,
1426,2026-08-13,08:37,Nübe Altico,Mostrador,Tinto,1,3000,Nequi,
1427,2026-08-13,15:50,Nübe Altico,Mostrador,Capuchino,2,8500,Tarjeta,C152
1427,2026-08-13,15:50,Nübe Altico,Mostrador,Croissant,1,6000,Tarjeta,C152
1428,2026-08-13,19:23,Nübe Altico,Mostrador,Frappé de café,1,11000,Nequi,C162
1429,2026-08-13,15:14,Nübe Altico,Mostrador,Frappé de café,1,11000,Efectivo,C149
1430,2026-08-13,10:15,Nübe Altico,Mostrador,Americano,1,5000,Efectivo,
1430,2026-08-13,10:15,Nübe Altico,Mostrador,Frappé de café,1,11000,Efectivo,
1431,2026-08-13,09:17,Nübe Altico,Mostrador,Americano,1,5000,Efectivo,
1431,2026-08-13,09:17,Nübe Altico,Mostrador,Capuchino,1,8500,Efectivo,
1432,2026-08-13,17:20,Nübe Altico,Mostrador,Capuchino,1,8500,Efectivo,C276
1432,2026-08-13,17:20,Nübe Altico,Mostrador,Croissant de almendras,1,8000,Efectivo,C276
1433,2026-08-13,19:38,Nübe Altico,Mostrador,Americano,3,5000,Efectivo,C275
1434,2026-08-13,15:35,Nübe Altico,Domicilio,Americano,1,5000,Tarjeta,C262
1435,2026-08-13,16:10,Nübe Altico,Mostrador,Capuchino,2,8500,Efectivo,
1435,2026-08-13,16:10,Nübe Altico,Mostrador,Croissant de almendras,2,8000,Efectivo,
1436,2026-08-13,10:19,Nübe Altico,Domicilio,Croissant,2,6000,Tarjeta,
1437,2026-08-13,11:41,Nübe Altico,Mostrador,Croissant,2,6000,Nequi,C294
1437,2026-08-13,11:41,Nübe Altico,Mostrador,Croissant de almendras,1,8000,Nequi,C294
1437,2026-08-13,11:41,Nübe Altico,Mostrador,Latte,2,9000,Nequi,C294
1438,2026-08-14,07:53,Nübe Centro,Mostrador,Croissant,1,6000,Nequi,
1439,2026-08-14,07:24,Nübe Centro,Mostrador,Croissant,2,6000,Tarjeta,C052
1439,2026-08-14,07:24,Nübe Centro,Mostrador,Tinto,1,3000,Tarjeta,C052
1440,2026-08-14,16:48,Nübe Centro,Mostrador,Capuchino,1,8500,Nequi,
1440,2026-08-14,16:48,Nübe Centro,Mostrador,Tinto,1,3000,Nequi,
1441,2026-08-14,14:21,Nübe Centro,Mostrador,Tinto,1,3000,Tarjeta,
1442,2026-08-14,19:08,Nübe Centro,Domicilio,Americano,1,5000,Efectivo,
1442,2026-08-14,19:08,Nübe Centro,Domicilio,Capuchino,1,8500,Efectivo,
1443,2026-08-14,18:16,Nübe Centro,Mostrador,Americano,1,5000,Nequi,
1443,2026-08-14,18:16,Nübe Centro,Mostrador,Capuchino,1,8500,Nequi,
1444,2026-08-14,08:19,Nübe Centro,Mostrador,Croissant,1,6000,Efectivo,
1444,2026-08-14,08:19,Nübe Centro,Mostrador,Frappé de café,1,11000,Efectivo,
1445,2026-08-14,11:34,Nübe Centro,Mostrador,Capuchino,1,8500,Nequi,C197
1445,2026-08-14,11:34,Nübe Centro,Mostrador,Tinto,1,3000,Nequi,C197
1446,2026-08-14,19:21,Nübe Centro,Mostrador,Latte,1,9000,Tarjeta,
1447,2026-08-14,13:13,Nübe Centro,Mostrador,Croissant de almendras,1,8000,Nequi,
1448,2026-08-14,16:49,Nübe Centro,Mostrador,Chocolate caliente,1,7500,Efectivo,
1449,2026-08-14,10:29,Nübe Centro,Mostrador,Capuchino,1,8500,Nequi,C067
1450,2026-08-14,12:47,Nübe Centro,Mostrador,Americano,1,5000,Efectivo,C126
1451,2026-08-14,08:56,Nübe Centro,Mostrador,Croissant,1,6000,Nequi,C003
1452,2026-08-14,08:05,Nübe Centro,Mostrador,Capuchino,1,8500,Nequi,C195
1453,2026-08-14,09:20,Nübe Centro,Mostrador,Americano,1,5000,Nequi,
1453,2026-08-14,09:20,Nübe Centro,Mostrador,Frappé de café,2,11000,Nequi,
1453,2026-08-14,09:20,Nübe Centro,Mostrador,Latte,1,9000,Nequi,
1454,2026-08-14,13:12,Nübe Centro,Mostrador,Americano,1,5000,Tarjeta,
1454,2026-08-14,13:12,Nübe Centro,Mostrador,Tinto,3,3000,Tarjeta,
1455,2026-08-14,11:10,Nübe Centro,Mostrador,Capuchino,1,8500,Nequi,C285
1455,2026-08-14,11:10,Nübe Centro,Mostrador,Chocolate caliente,1,7500,Nequi,C285
1455,2026-08-14,11:10,Nübe Centro,Mostrador,Latte,1,9000,Nequi,C285
1456,2026-08-14,12:49,Nübe Centro,Mostrador,Americano,1,5000,Nequi,
1457,2026-08-14,09:21,Nübe Centro,Mostrador,Tinto,2,3000,Nequi,
1458,2026-08-14,16:50,Nübe Centro,Mostrador,Tinto,1,3000,Nequi,C106
1459,2026-08-14,13:02,Nübe Centro,Mostrador,Chocolate caliente,1,7500,Tarjeta,C004
1459,2026-08-14,13:02,Nübe Centro,Mostrador,Croissant,2,6000,Tarjeta,C004
1459,2026-08-14,13:02,Nübe Centro,Mostrador,Tinto,2,3000,Tarjeta,C004
1460,2026-08-14,15:56,Nübe Centro,Domicilio,Tinto,1,3000,Tarjeta,
1461,2026-08-14,10:50,Nübe Centro,Mostrador,Americano,1,5000,Nequi,
1461,2026-08-14,10:50,Nübe Centro,Mostrador,Capuchino,2,8500,Nequi,
1462,2026-08-14,13:53,Nübe Centro,Mostrador,Croissant,1,6000,Nequi,
1463,2026-08-14,16:14,Nübe Centro,Mostrador,Croissant,2,6000,Efectivo,C214
1464,2026-08-14,10:02,Nübe Centro,Mostrador,Americano,1,5000,Efectivo,
1465,2026-08-14,17:43,Nübe Centro,Mostrador,Americano,1,5000,Tarjeta,
1465,2026-08-14,17:43,Nübe Centro,Mostrador,Tinto,1,3000,Tarjeta,
1466,2026-08-14,07:01,Nübe Centro,Mostrador,Capuchino,1,8500,Tarjeta,
1466,2026-08-14,07:01,Nübe Centro,Mostrador,Latte,1,9000,Tarjeta,
1467,2026-08-14,08:38,Nübe Centro,Domicilio,Capuchino,2,8500,Sin dato,
1468,2026-08-14,07:40,Nübe Centro,Mostrador,Capuchino,1,8500,Efectivo,
1468,2026-08-14,07:40,Nübe Centro,Mostrador,Latte,1,9000,Efectivo,
1468,2026-08-14,07:40,Nübe Centro,Mostrador,Tinto,1,3000,Efectivo,
1469,2026-08-14,09:56,Nübe Centro,Mostrador,Americano,1,5000,Nequi,C260
1469,2026-08-14,09:56,Nübe Centro,Mostrador,Croissant de almendras,1,8000,Nequi,C260
1469,2026-08-14,09:56,Nübe Centro,Mostrador,Tinto,1,3000,Nequi,C260
1470,2026-08-14,07:19,Nübe Centro,Mostrador,Croissant,1,6000,Nequi,C209
1471,2026-08-14,08:45,Nübe Centro,Mostrador,Tinto,1,3000,Efectivo,C201
1472,2026-08-14,09:40,Nübe Centro,Mostrador,Chocolate caliente,1,7500,Efectivo,
1473,2026-08-14,09:23,Nübe Centro,Domicilio,Capuchino,2,8500,Efectivo,
1473,2026-08-14,09:23,Nübe Centro,Domicilio,Tinto,1,3000,Efectivo,
1474,2026-08-14,07:53,Nübe Centro,Domicilio,Americano,1,5000,Tarjeta,
1475,2026-08-14,07:45,Nübe Centro,Mostrador,Croissant,1,6000,Efectivo,
1476,2026-08-14,16:32,Nübe Centro,Mostrador,Chocolate caliente,1,7500,Sin dato,
1477,2026-08-14,06:27,Nübe Centro,Mostrador,Croissant,2,6000,Tarjeta,
1478,2026-08-14,11:52,Nübe Centro,Mostrador,Croissant de almendras,1,8000,Nequi,C165
1479,2026-08-14,08:55,Nübe Centro,Mostrador,Americano,1,5000,Efectivo,
1479,2026-08-14,08:55,Nübe Centro,Mostrador,Croissant de almendras,1,8000,Efectivo,
1479,2026-08-14,08:55,Nübe Centro,Mostrador,Tinto,1,3000,Efectivo,
1480,2026-08-14,09:47,Nübe Centro,Mostrador,Americano,1,5000,Efectivo,
1480,2026-08-14,09:47,Nübe Centro,Mostrador,Capuchino,1,8500,Efectivo,
1481,2026-08-14,08:32,Nübe Centro,Mostrador,Latte,1,9000,Tarjeta,C267
1481,2026-08-14,08:32,Nübe Centro,Mostrador,Tinto,1,3000,Tarjeta,C267
1482,2026-08-14,14:12,Nübe Centro,Mostrador,Capuchino,2,8500,Nequi,
1483,2026-08-14,07:54,Nübe Centro,Mostrador,Croissant de almendras,1,8000,Efectivo,
1484,2026-08-14,08:30,Nübe Centro,Mostrador,Tinto,1,3000,Efectivo,
1485,2026-08-14,07:28,Nübe Centro,Mostrador,Croissant,2,6000,Tarjeta,C102
1486,2026-08-14,07:36,Nübe Centro,Mostrador,Croissant,1,6000,Efectivo,
1486,2026-08-14,07:36,Nübe Centro,Mostrador,Tinto,1,3000,Efectivo,
1487,2026-08-14,10:05,Nübe Centro,Mostrador,Americano,1,5000,Sin dato,
1488,2026-08-14,14:20,Nübe Centro,Mostrador,Chocolate caliente,1,7500,Efectivo,C005
1488,2026-08-14,14:20,Nübe Centro,Mostrador,Latte,1,9000,Efectivo,C005
1488,2026-08-14,14:20,Nübe Centro,Mostrador,Tinto,1,3000,Efectivo,C005
1489,2026-08-14,10:06,Nübe Centro,Mostrador,Latte,2,9000,Efectivo,C110
1490,2026-08-14,10:03,Nübe Centro,Domicilio,Tinto,1,3000,Tarjeta,C027
1491,2026-08-14,13:46,Nübe Centro,Mostrador,Tinto,1,3000,Efectivo,
1492,2026-08-14,15:07,Nübe Centro,Mostrador,Frappé de café,1,11000,Efectivo,
1493,2026-08-14,10:53,Nübe Centro,Mostrador,Croissant,1,6000,Nequi,
1494,2026-08-14,10:42,Nübe Centro,Domicilio,Americano,1,5000,Nequi,C081
1494,2026-08-14,10:42,Nübe Centro,Domicilio,Capuchino,1,8500,Nequi,C081
1494,2026-08-14,10:42,Nübe Centro,Domicilio,Croissant,2,6000,Nequi,C081
1495,2026-08-14,15:37,Nübe Centro,Mostrador,Chocolate caliente,1,7500,Efectivo,C207
1495,2026-08-14,15:37,Nübe Centro,Mostrador,Croissant,2,6000,Efectivo,C207
1496,2026-08-14,15:52,Nübe Centro,Mostrador,Croissant,1,6000,Efectivo,C089
1497,2026-08-14,12:23,Nübe Centro,Mostrador,Capuchino,1,8500,Tarjeta,C270
1498,2026-08-14,09:46,Nübe Centro,Domicilio,Croissant,3,6000,Efectivo,C013
1499,2026-08-14,20:04,Nübe Centro,Mostrador,Capuchino,1,8500,Efectivo,
1500,2026-08-14,10:39,Nübe Centro,Mostrador,Capuchino,1,8500,Nequi,
1500,2026-08-14,10:39,Nübe Centro,Mostrador,Croissant,2,6000,Nequi,
1501,2026-08-14,08:00,Nübe Centro,Mostrador,Americano,1,5000,Efectivo,C124
1501,2026-08-14,08:00,Nübe Centro,Mostrador,Chocolate caliente,2,7500,Efectivo,C124
1501,2026-08-14,08:00,Nübe Centro,Mostrador,Tinto,1,3000,Efectivo,C124
1502,2026-08-14,09:10,Nübe Centro,Domicilio,Capuchino,1,8500,Efectivo,
1502,2026-08-14,09:10,Nübe Centro,Domicilio,Croissant de almendras,1,8000,Efectivo,
1502,2026-08-14,09:10,Nübe Centro,Domicilio,Latte,1,9000,Sin dato,
1503,2026-08-14,09:05,Nübe Centro,Mostrador,Croissant de almendras,1,8000,Nequi,C045
1503,2026-08-14,09:05,Nübe Centro,Mostrador,Frappé de café,2,11000,Nequi,C045
1504,2026-08-14,09:56,Nübe Centro,Mostrador,Chocolate caliente,1,7500,Nequi,C023
1505,2026-08-14,17:00,Nübe Centro,Mostrador,Capuchino,1,8500,Efectivo,
1505,2026-08-14,17:00,Nübe Centro,Mostrador,Chocolate caliente,1,7500,Efectivo,
1506,2026-08-14,07:51,Nübe Centro,Mostrador,Tinto,1,3000,Efectivo,C013
1507,2026-08-14,18:13,Nübe Centro,Mostrador,Croissant de almendras,1,8000,Nequi,
1508,2026-08-14,08:12,Nübe Centro,Domicilio,Capuchino,1,8500,Efectivo,
1508,2026-08-14,08:12,Nübe Centro,Domicilio,Latte,1,9000,Efectivo,
1509,2026-08-14,07:25,Nübe Centro,Mostrador,Latte,1,9000,Tarjeta,
1509,2026-08-14,07:25,Nübe Centro,Mostrador,Tinto,1,3000,Tarjeta,
1510,2026-08-14,09:52,Nübe Centro,Mostrador,Croissant,1,6000,Nequi,C151
1511,2026-08-14,19:40,Nübe Centro,Domicilio,Capuchino,1,8500,Tarjeta,C123
1512,2026-08-14,12:54,Nübe Centro,Domicilio,Tinto,2,3000,Efectivo,C189
1513,2026-08-14,12:21,Nübe Centro,Mostrador,Latte,1,9000,Efectivo,C149
1514,2026-08-14,16:05,Nübe Centro,Mostrador,Croissant de almendras,2,8000,Nequi,
1514,2026-08-14,16:05,Nübe Centro,Mostrador,Latte,1,9000,Nequi,
1514,2026-08-14,16:05,Nübe Centro,Mostrador,Tinto,1,3000,Nequi,
1515,2026-08-14,12:24,Nübe Centro,Mostrador,Capuchino,2,8500,Efectivo,
1516,2026-08-14,17:42,Nübe Centro,Domicilio,Capuchino,1,8500,Nequi,
1516,2026-08-14,17:42,Nübe Centro,Domicilio,Latte,1,9000,Nequi,
1517,2026-08-14,16:22,Nübe Centro,Mostrador,Americano,3,5000,Nequi,
1518,2026-08-14,18:41,Nübe Centro,Domicilio,Capuchino,1,8500,Nequi,
1518,2026-08-14,18:41,Nübe Centro,Domicilio,Latte,1,9000,Nequi,
1519,2026-08-14,07:14,Nübe Centro,Mostrador,Chocolate caliente,1,7500,Efectivo,
1519,2026-08-14,07:14,Nübe Centro,Mostrador,Croissant,1,6000,Efectivo,
1519,2026-08-14,07:14,Nübe Centro,Mostrador,Tinto,3,3000,Efectivo,
1520,2026-08-14,11:33,Nübe Centro,Mostrador,Tinto,1,3000,Tarjeta,
1521,2026-08-14,06:03,Nübe Centro,Mostrador,Tinto,1,3000,Nequi,
1522,2026-08-14,20:13,Nübe Altico,Mostrador,Americano,1,5000,Efectivo,
1522,2026-08-14,20:13,Nübe Altico,Mostrador,Capuchino,1,8500,Efectivo,
1523,2026-08-14,07:36,Nübe Altico,Mostrador,Capuchino,1,8500,Tarjeta,C085
1523,2026-08-14,07:36,Nübe Altico,Mostrador,Frappé de café,1,11000,Tarjeta,C085
1523,2026-08-14,07:36,Nübe Altico,Mostrador,Latte,1,9000,Tarjeta,C085
1524,2026-08-14,12:33,Nübe Altico,Domicilio,Capuchino,3,8500,Efectivo,
1524,2026-08-14,12:33,Nübe Altico,Domicilio,Frappé de café,1,11000,Efectivo,
1525,2026-08-14,09:24,Nübe Altico,Domicilio,Croissant,1,6000,Sin dato,
1525,2026-08-14,09:24,Nübe Altico,Domicilio,Croissant de almendras,1,8000,Nequi,
1525,2026-08-14,09:24,Nübe Altico,Domicilio,Frappé de café,1,11000,Nequi,
1526,2026-08-14,08:38,Nübe Altico,Mostrador,Croissant,1,6000,Sin dato,C231
1526,2026-08-14,08:38,Nübe Altico,Mostrador,Frappé de café,1,11000,Tarjeta,C231
1527,2026-08-14,14:59,Nübe Altico,Mostrador,Capuchino,2,8500,Efectivo,C256
1527,2026-08-14,14:59,Nübe Altico,Mostrador,Croissant,1,6000,Efectivo,C256
1528,2026-08-14,07:22,Nübe Altico,Mostrador,Americano,1,5000,Efectivo,C265
1528,2026-08-14,07:22,Nübe Altico,Mostrador,Croissant de almendras,1,8000,Efectivo,C265
1529,2026-08-14,13:03,Nübe Altico,Domicilio,Capuchino,1,8500,Efectivo,
1529,2026-08-14,13:03,Nübe Altico,Domicilio,Latte,1,9000,Efectivo,
1530,2026-08-14,09:55,Nübe Altico,Mostrador,Latte,1,9000,Efectivo,C226
1531,2026-08-14,09:57,Nübe Altico,Mostrador,Croissant,1,6000,Nequi,C071
1532,2026-08-14,10:10,Nübe Altico,Mostrador,Capuchino,2,8500,Efectivo,
1532,2026-08-14,10:10,Nübe Altico,Mostrador,Croissant de almendras,2,8000,Efectivo,
1533,2026-08-14,17:46,Nübe Altico,Mostrador,Latte,1,9000,Tarjeta,
1534,2026-08-14,18:52,Nübe Altico,Mostrador,Capuchino,1,8500,Sin dato,
1534,2026-08-14,18:52,Nübe Altico,Mostrador,Croissant de almendras,1,8000,Tarjeta,
1535,2026-08-14,09:10,Nübe Altico,Domicilio,Capuchino,1,8500,Tarjeta,
1535,2026-08-14,09:10,Nübe Altico,Domicilio,Tinto,2,3000,Tarjeta,
1536,2026-08-14,10:28,Nübe Altico,Mostrador,Tinto,1,3000,Nequi,C014
1537,2026-08-14,07:20,Nübe Altico,Domicilio,Frappé de café,1,11000,Efectivo,C034
1537,2026-08-14,07:20,Nübe Altico,Domicilio,Latte,1,9000,Efectivo,C034
1538,2026-08-14,13:22,Nübe Altico,Mostrador,Americano,1,5000,Nequi,C162
1538,2026-08-14,13:22,Nübe Altico,Mostrador,Croissant,1,6000,Nequi,C162
1538,2026-08-14,13:22,Nübe Altico,Mostrador,Latte,1,9000,Nequi,C162
1539,2026-08-14,15:28,Nübe Altico,Mostrador,Americano,1,5000,Nequi,
1540,2026-08-14,20:39,Nübe Altico,Mostrador,Croissant,1,6000,Efectivo,
1541,2026-08-14,13:50,Nübe Altico,Mostrador,Capuchino,3,8500,Nequi,
1542,2026-08-14,07:21,Nübe Altico,Mostrador,Latte,1,9000,Nequi,C095
1543,2026-08-14,10:46,Nübe Altico,Domicilio,Croissant de almendras,1,8000,Nequi,C161
1543,2026-08-14,10:46,Nübe Altico,Domicilio,Latte,1,9000,Nequi,C161
1544,2026-08-14,08:35,Nübe Altico,Mostrador,Croissant,1,6000,Efectivo,C032
1544,2026-08-14,08:35,Nübe Altico,Mostrador,Croissant de almendras,1,8000,Efectivo,C032
1545,2026-08-14,08:29,Nübe Altico,Domicilio,Latte,1,9000,Efectivo,C182
1546,2026-08-14,12:26,Nübe Altico,Mostrador,Croissant,2,6000,Efectivo,
1546,2026-08-14,12:26,Nübe Altico,Mostrador,Croissant de almendras,1,8000,Efectivo,
1546,2026-08-14,12:26,Nübe Altico,Mostrador,Tinto,1,3000,Efectivo,
1547,2026-08-14,08:57,Nübe Altico,Mostrador,Croissant,2,6000,Tarjeta,C078
1548,2026-08-14,11:18,Nübe Altico,Domicilio,Croissant de almendras,1,8000,Efectivo,
1549,2026-08-14,09:56,Nübe Altico,Mostrador,Tinto,1,3000,Nequi,C164
1550,2026-08-14,13:37,Nübe Altico,Mostrador,Capuchino,1,8500,Tarjeta,C221
1551,2026-08-14,11:24,Nübe Altico,Mostrador,Capuchino,1,8500,Efectivo,
1552,2026-08-14,12:54,Nübe Altico,Mostrador,Croissant de almendras,1,8000,Efectivo,
1553,2026-08-14,06:20,Nübe Altico,Mostrador,Capuchino,2,8500,Efectivo,C071
1553,2026-08-14,06:20,Nübe Altico,Mostrador,Chocolate caliente,1,7500,Efectivo,C071
1554,2026-08-14,17:39,Nübe Altico,Mostrador,Capuchino,1,8500,Nequi,C294
1554,2026-08-14,17:39,Nübe Altico,Mostrador,Croissant,1,6000,Nequi,C294
1555,2026-08-14,09:35,Nübe Altico,Mostrador,Croissant de almendras,2,8000,Efectivo,
1556,2026-08-14,08:02,Nübe Altico,Mostrador,Latte,1,9000,Tarjeta,C261
1556,2026-08-14,08:02,Nübe Altico,Mostrador,Tinto,1,3000,Tarjeta,C261
1557,2026-08-14,12:30,Nübe Altico,Mostrador,Capuchino,1,8500,Efectivo,
1557,2026-08-14,12:30,Nübe Altico,Mostrador,Chocolate caliente,1,7500,Efectivo,
1558,2026-08-14,15:57,Nübe Altico,Mostrador,Croissant,2,6000,Efectivo,
1559,2026-08-14,13:13,Nübe Altico,Mostrador,Capuchino,2,8500,Efectivo,C294
1559,2026-08-14,13:13,Nübe Altico,Mostrador,Frappé de café,1,11000,Efectivo,C294
1560,2026-08-14,08:50,Nübe Altico,Mostrador,Americano,1,5000,Efectivo,C174
1560,2026-08-14,08:50,Nübe Altico,Mostrador,Croissant de almendras,1,8000,Efectivo,C174
1561,2026-08-14,15:41,Nübe Altico,Domicilio,Chocolate caliente,1,7500,Nequi,
1561,2026-08-14,15:41,Nübe Altico,Domicilio,Croissant de almendras,1,8000,Nequi,
1562,2026-08-14,09:27,Nübe Altico,Mostrador,Capuchino,2,8500,Nequi,C151
1563,2026-08-14,07:53,Nübe Altico,Mostrador,Americano,1,5000,Tarjeta,
1563,2026-08-14,07:53,Nübe Altico,Mostrador,Latte,1,9000,Tarjeta,
1564,2026-08-14,15:30,Nübe Altico,Mostrador,Chocolate caliente,1,7500,Tarjeta,
1565,2026-08-14,14:12,Nübe Altico,Mostrador,Croissant,1,6000,Nequi,
1566,2026-08-14,09:01,Nübe Altico,Mostrador,Capuchino,3,8500,Nequi,C124
1566,2026-08-14,09:01,Nübe Altico,Mostrador,Croissant,1,6000,Nequi,C124
1567,2026-08-14,16:40,Nübe Altico,Mostrador,Croissant de almendras,1,8000,Efectivo,
1567,2026-08-14,16:40,Nübe Altico,Mostrador,Tinto,3,3000,Efectivo,
1568,2026-08-14,10:04,Nübe Altico,Mostrador,Americano,2,5000,Tarjeta,C009
1569,2026-08-14,16:32,Nübe Altico,Mostrador,Croissant de almendras,1,8000,Efectivo,
1570,2026-08-14,11:27,Nübe Altico,Domicilio,Chocolate caliente,1,7500,Nequi,
1571,2026-08-14,06:48,Nübe Altico,Mostrador,Chocolate caliente,1,7500,Nequi,
1571,2026-08-14,06:48,Nübe Altico,Mostrador,Croissant,1,6000,Nequi,
1572,2026-08-14,07:36,Nübe Altico,Mostrador,Croissant de almendras,2,8000,Efectivo,C140
1573,2026-08-14,13:48,Nübe Altico,Mostrador,Capuchino,1,8500,Nequi,C190
1574,2026-08-14,11:19,Nübe Altico,Mostrador,Capuchino,1,8500,Tarjeta,
1575,2026-08-14,09:22,Nübe Altico,Mostrador,Croissant,1,6000,Efectivo,
1576,2026-08-14,09:01,Nübe Altico,Mostrador,Capuchino,1,8500,Efectivo,
1577,2026-08-14,07:39,Nübe Altico,Mostrador,Americano,1,5000,Efectivo,C212
1577,2026-08-14,07:39,Nübe Altico,Mostrador,Chocolate caliente,1,7500,Efectivo,C212
1578,2026-08-15,07:21,Nübe Centro,Domicilio,Chocolate caliente,1,7500,Efectivo,
1578,2026-08-15,07:21,Nübe Centro,Domicilio,Croissant de almendras,1,8000,Efectivo,
1579,2026-08-15,08:56,Nübe Centro,Domicilio,Croissant,1,6000,Tarjeta,C051
1580,2026-08-15,15:29,Nübe Centro,Mostrador,Chocolate caliente,1,7500,Nequi,
1580,2026-08-15,15:29,Nübe Centro,Mostrador,Latte,1,9000,Nequi,
1581,2026-08-15,13:20,Nübe Centro,Mostrador,Latte,1,9000,Tarjeta,
1582,2026-08-15,18:45,Nübe Centro,Mostrador,Croissant,1,6000,Nequi,
1583,2026-08-15,07:49,Nübe Centro,Mostrador,Croissant,3,6000,Efectivo,C164
1583,2026-08-15,07:49,Nübe Centro,Mostrador,Latte,1,9000,Efectivo,C164
1584,2026-08-15,14:45,Nübe Centro,Mostrador,Chocolate caliente,1,7500,Efectivo,
1584,2026-08-15,14:45,Nübe Centro,Mostrador,Croissant,1,6000,Efectivo,
1585,2026-08-15,09:11,Nübe Centro,Mostrador,Capuchino,1,8500,Efectivo,
1585,2026-08-15,09:11,Nübe Centro,Mostrador,Latte,3,9000,Efectivo,
1586,2026-08-15,16:55,Nübe Centro,Mostrador,Croissant,1,6000,Efectivo,C082
1587,2026-08-15,15:48,Nübe Centro,Domicilio,Croissant de almendras,2,8000,Tarjeta,C077
1587,2026-08-15,15:48,Nübe Centro,Domicilio,Tinto,1,3000,Tarjeta,C077
1588,2026-08-15,10:11,Nübe Centro,Mostrador,Capuchino,2,8500,Nequi,C212
1588,2026-08-15,10:11,Nübe Centro,Mostrador,Tinto,3,3000,Nequi,C212
1589,2026-08-15,08:38,Nübe Centro,Mostrador,Croissant,1,6000,Nequi,C148
1590,2026-08-15,07:24,Nübe Centro,Mostrador,Croissant de almendras,1,8000,Tarjeta,C263
1591,2026-08-15,09:38,Nübe Centro,Mostrador,Americano,1,5000,Tarjeta,C293
1591,2026-08-15,09:38,Nübe Centro,Mostrador,Capuchino,1,8500,Tarjeta,C293
1591,2026-08-15,09:38,Nübe Centro,Mostrador,Tinto,2,3000,Tarjeta,C293
1592,2026-08-15,07:49,Nübe Centro,Mostrador,Capuchino,2,8500,Tarjeta,C043
1592,2026-08-15,07:49,Nübe Centro,Mostrador,Tinto,1,3000,Tarjeta,C043
1593,2026-08-15,09:46,Nübe Centro,Mostrador,Croissant de almendras,2,8000,Tarjeta,C239
1594,2026-08-15,10:08,Nübe Centro,Mostrador,Chocolate caliente,1,7500,Nequi,
1594,2026-08-15,10:08,Nübe Centro,Mostrador,Tinto,1,3000,Nequi,
1595,2026-08-15,08:31,Nübe Centro,Domicilio,Croissant,2,6000,Tarjeta,C039
1595,2026-08-15,08:31,Nübe Centro,Domicilio,Tinto,1,3000,Sin dato,C039
1596,2026-08-15,08:26,Nübe Centro,Domicilio,Capuchino,1,8500,Efectivo,C224
1596,2026-08-15,08:26,Nübe Centro,Domicilio,Tinto,1,3000,Efectivo,C224
1597,2026-08-15,09:48,Nübe Centro,Mostrador,Americano,1,5000,Nequi,C089
1597,2026-08-15,09:48,Nübe Centro,Mostrador,Tinto,1,3000,Nequi,C089
1598,2026-08-15,07:01,Nübe Centro,Mostrador,Croissant,1,6000,Nequi,
1599,2026-08-15,10:15,Nübe Centro,Mostrador,Frappé de café,1,11000,Efectivo,
1600,2026-08-15,18:51,Nübe Centro,Mostrador,Tinto,1,3000,Tarjeta,C118
1601,2026-08-15,08:50,Nübe Centro,Domicilio,Chocolate caliente,3,7500,Efectivo,
1602,2026-08-15,14:50,Nübe Centro,Mostrador,Capuchino,1,8500,Efectivo,C160
1602,2026-08-15,14:50,Nübe Centro,Mostrador,Croissant de almendras,3,8000,Efectivo,C160
1602,2026-08-15,14:50,Nübe Centro,Mostrador,Frappé de café,1,11000,Efectivo,C160
1603,2026-08-15,08:14,Nübe Centro,Domicilio,Capuchino,1,8500,Tarjeta,
1603,2026-08-15,08:14,Nübe Centro,Domicilio,Tinto,1,3000,Tarjeta,
1604,2026-08-15,15:42,Nübe Centro,Mostrador,Capuchino,1,8500,Tarjeta,
1605,2026-08-15,10:07,Nübe Centro,Mostrador,Americano,1,5000,Sin dato,
1606,2026-08-15,09:29,Nübe Centro,Mostrador,Croissant,1,6000,Efectivo,C168
1607,2026-08-15,13:58,Nübe Centro,Mostrador,Americano,1,5000,Nequi,C191
1607,2026-08-15,13:58,Nübe Centro,Mostrador,Croissant,1,6000,Nequi,C191
1608,2026-08-15,15:13,Nübe Centro,Domicilio,Capuchino,1,8500,Nequi,C231
1609,2026-08-15,19:40,Nübe Centro,Mostrador,Frappé de café,1,11000,Tarjeta,C172
1610,2026-08-15,10:38,Nübe Centro,Mostrador,Frappé de café,2,11000,Efectivo,C184
1610,2026-08-15,10:38,Nübe Centro,Mostrador,Tinto,1,3000,Efectivo,C184
1611,2026-08-15,08:39,Nübe Centro,Domicilio,Frappé de café,1,11000,Efectivo,
1612,2026-08-15,08:39,Nübe Centro,Mostrador,Americano,1,5000,Tarjeta,
1612,2026-08-15,08:39,Nübe Centro,Mostrador,Croissant de almendras,2,8000,Tarjeta,
1613,2026-08-15,12:40,Nübe Centro,Mostrador,Frappé de café,1,11000,Tarjeta,C229
1614,2026-08-15,08:55,Nübe Centro,Mostrador,Americano,2,5000,Efectivo,C075
1614,2026-08-15,08:55,Nübe Centro,Mostrador,Croissant,2,6000,Efectivo,C075
1615,2026-08-15,08:01,Nübe Centro,Domicilio,Latte,1,9000,Tarjeta,
1616,2026-08-15,15:11,Nübe Centro,Mostrador,Latte,1,9000,Efectivo,
1617,2026-08-15,09:05,Nübe Centro,Mostrador,Chocolate caliente,1,7500,Nequi,
1618,2026-08-15,10:41,Nübe Centro,Mostrador,Croissant,1,6000,Efectivo,
1618,2026-08-15,10:41,Nübe Centro,Mostrador,Frappé de café,1,11000,Efectivo,
1619,2026-08-15,10:15,Nübe Centro,Mostrador,Americano,1,5000,Efectivo,C202
1620,2026-08-15,17:12,Nübe Centro,Mostrador,Croissant,1,6000,Nequi,C270
1620,2026-08-15,17:12,Nübe Centro,Mostrador,Frappé de café,2,11000,Nequi,C270
1621,2026-08-15,19:39,Nübe Centro,Mostrador,Croissant,1,6000,Efectivo,
1622,2026-08-15,07:05,Nübe Centro,Mostrador,Tinto,1,3000,Efectivo,
1623,2026-08-15,06:40,Nübe Centro,Mostrador,Americano,2,5000,Tarjeta,C275
1623,2026-08-15,06:40,Nübe Centro,Mostrador,Capuchino,3,8500,Tarjeta,C275
1624,2026-08-15,09:56,Nübe Centro,Mostrador,Chocolate caliente,1,7500,Nequi,C236
1624,2026-08-15,09:56,Nübe Centro,Mostrador,Croissant,1,6000,Nequi,C236
1625,2026-08-15,11:05,Nübe Centro,Mostrador,Capuchino,1,8500,Nequi,C196
1626,2026-08-15,15:10,Nübe Centro,Mostrador,Americano,1,5000,Nequi,C066
1627,2026-08-15,10:15,Nübe Centro,Mostrador,Capuchino,1,8500,Tarjeta,C181
1627,2026-08-15,10:15,Nübe Centro,Mostrador,Croissant,2,6000,Tarjeta,C181
1628,2026-08-15,10:07,Nübe Centro,Mostrador,Tinto,1,3000,Efectivo,
1629,2026-08-15,10:10,Nübe Centro,Mostrador,Tinto,1,3000,Tarjeta,
1630,2026-08-15,08:19,Nübe Centro,Mostrador,Latte,1,9000,Nequi,
1631,2026-08-15,06:02,Nübe Centro,Mostrador,Americano,1,5000,Tarjeta,C228
1632,2026-08-15,10:50,Nübe Centro,Domicilio,Chocolate caliente,1,7500,Efectivo,
1633,2026-08-15,12:12,Nübe Centro,Mostrador,Americano,2,5000,Efectivo,
1634,2026-08-15,10:09,Nübe Centro,Mostrador,Croissant de almendras,1,8000,Efectivo,C202
1634,2026-08-15,10:09,Nübe Centro,Mostrador,Latte,1,9000,Efectivo,C202
1635,2026-08-15,09:14,Nübe Centro,Mostrador,Americano,1,5000,Nequi,
1635,2026-08-15,09:14,Nübe Centro,Mostrador,Croissant,1,6000,Nequi,
1636,2026-08-15,07:46,Nübe Centro,Mostrador,Croissant,1,6000,Efectivo,
1636,2026-08-15,07:46,Nübe Centro,Mostrador,Croissant de almendras,1,8000,Efectivo,
1637,2026-08-15,11:11,Nübe Centro,Mostrador,Latte,1,9000,Tarjeta,C022
1638,2026-08-15,10:28,Nübe Centro,Mostrador,Capuchino,2,8500,Nequi,
1639,2026-08-15,10:30,Nübe Centro,Mostrador,Chocolate caliente,1,7500,Tarjeta,
1639,2026-08-15,10:30,Nübe Centro,Mostrador,Tinto,1,3000,Tarjeta,
1640,2026-08-15,08:04,Nübe Centro,Mostrador,Americano,2,5000,Nequi,
1640,2026-08-15,08:04,Nübe Centro,Mostrador,Latte,1,9000,Nequi,
1641,2026-08-15,12:41,Nübe Centro,Domicilio,Americano,1,5000,Nequi,
1641,2026-08-15,12:41,Nübe Centro,Domicilio,Croissant,2,6000,Nequi,
1642,2026-08-15,07:37,Nübe Centro,Mostrador,Chocolate caliente,1,7500,Efectivo,C276
1643,2026-08-15,08:22,Nübe Centro,Mostrador,Croissant,1,6000,Tarjeta,
1644,2026-08-15,16:25,Nübe Centro,Mostrador,Croissant,2,6000,Efectivo,C246
1644,2026-08-15,16:25,Nübe Centro,Mostrador,Latte,1,9000,Efectivo,C246
1645,2026-08-15,09:20,Nübe Centro,Mostrador,Americano,1,5000,Tarjeta,
1646,2026-08-15,07:33,Nübe Centro,Mostrador,Latte,1,9000,Nequi,
1647,2026-08-15,08:53,Nübe Centro,Domicilio,Capuchino,1,8500,Tarjeta,
1648,2026-08-15,08:41,Nübe Centro,Mostrador,Americano,1,5000,Nequi,
1649,2026-08-15,08:11,Nübe Centro,Domicilio,Americano,2,5000,Tarjeta,
1650,2026-08-15,11:11,Nübe Centro,Mostrador,Capuchino,1,8500,Tarjeta,
1650,2026-08-15,11:11,Nübe Centro,Mostrador,Croissant,1,6000,Tarjeta,
1650,2026-08-15,11:11,Nübe Centro,Mostrador,Croissant de almendras,1,8000,Tarjeta,
1651,2026-08-15,13:39,Nübe Centro,Mostrador,Croissant,1,6000,Nequi,
1651,2026-08-15,13:39,Nübe Centro,Mostrador,Croissant de almendras,1,8000,Nequi,
1652,2026-08-15,20:29,Nübe Centro,Mostrador,Frappé de café,3,11000,Nequi,
1652,2026-08-15,20:29,Nübe Centro,Mostrador,Latte,1,9000,Nequi,
1652,2026-08-15,20:29,Nübe Centro,Mostrador,Tinto,1,3000,Nequi,
1653,2026-08-15,10:37,Nübe Centro,Mostrador,Tinto,1,3000,Efectivo,
1654,2026-08-15,15:09,Nübe Centro,Mostrador,Latte,2,9000,Efectivo,
1655,2026-08-15,17:49,Nübe Centro,Mostrador,Tinto,1,3000,Tarjeta,C106
1656,2026-08-15,07:22,Nübe Centro,Mostrador,Croissant de almendras,1,8000,Tarjeta,
1657,2026-08-15,16:52,Nübe Centro,Mostrador,Tinto,1,3000,Tarjeta,
1658,2026-08-15,16:04,Nübe Centro,Mostrador,Capuchino,1,8500,Nequi,C176
1659,2026-08-15,17:08,Nübe Centro,Mostrador,Capuchino,1,8500,Nequi,
1659,2026-08-15,17:08,Nübe Centro,Mostrador,Frappé de café,1,11000,Nequi,
1659,2026-08-15,17:08,Nübe Centro,Mostrador,Latte,1,9000,Nequi,
1660,2026-08-15,13:49,Nübe Centro,Mostrador,Tinto,2,3000,Efectivo,C022
1661,2026-08-15,18:06,Nübe Centro,Mostrador,Chocolate caliente,2,7500,Tarjeta,
1661,2026-08-15,18:06,Nübe Centro,Mostrador,Tinto,2,3000,Tarjeta,
1662,2026-08-15,12:13,Nübe Centro,Mostrador,Capuchino,2,8500,Nequi,
1662,2026-08-15,12:13,Nübe Centro,Mostrador,Chocolate caliente,1,7500,Nequi,
1662,2026-08-15,12:13,Nübe Centro,Mostrador,Latte,1,9000,Nequi,
1663,2026-08-15,12:18,Nübe Centro,Mostrador,Capuchino,1,8500,Tarjeta,C036
1664,2026-08-15,12:24,Nübe Centro,Mostrador,Croissant,1,6000,Nequi,
1664,2026-08-15,12:24,Nübe Centro,Mostrador,Croissant de almendras,2,8000,Nequi,
1665,2026-08-15,16:48,Nübe Centro,Mostrador,Croissant,1,6000,Tarjeta,C015
1666,2026-08-15,17:19,Nübe Centro,Mostrador,Frappé de café,1,11000,Tarjeta,C151
1667,2026-08-15,13:43,Nübe Centro,Mostrador,Frappé de café,1,11000,Tarjeta,
1667,2026-08-15,13:43,Nübe Centro,Mostrador,Latte,1,9000,Tarjeta,
1668,2026-08-15,11:09,Nübe Centro,Domicilio,Tinto,1,3000,Tarjeta,
1669,2026-08-15,10:50,Nübe Centro,Mostrador,Latte,1,9000,Efectivo,C228
1670,2026-08-15,12:01,Nübe Centro,Mostrador,Capuchino,1,8500,Tarjeta,
1671,2026-08-15,13:35,Nübe Centro,Mostrador,Capuchino,1,8500,Sin dato,C171
1672,2026-08-15,10:45,Nübe Centro,Mostrador,Capuchino,3,8500,Efectivo,C241
1672,2026-08-15,10:45,Nübe Centro,Mostrador,Croissant,1,6000,Efectivo,C241
1673,2026-08-15,07:00,Nübe Centro,Mostrador,Americano,1,5000,Tarjeta,
1673,2026-08-15,07:00,Nübe Centro,Mostrador,Croissant,1,6000,Tarjeta,
1674,2026-08-15,19:10,Nübe Centro,Mostrador,Capuchino,1,8500,Efectivo,
1675,2026-08-15,12:10,Nübe Centro,Mostrador,Americano,1,5000,Nequi,
1676,2026-08-15,13:00,Nübe Centro,Mostrador,Croissant de almendras,1,8000,Nequi,C125
1676,2026-08-15,13:00,Nübe Centro,Mostrador,Tinto,1,3000,Nequi,C125
1677,2026-08-15,13:59,Nübe Centro,Mostrador,Croissant,1,6000,Tarjeta,
1678,2026-08-15,17:55,Nübe Centro,Mostrador,Tinto,1,3000,Efectivo,C197
1679,2026-08-15,09:33,Nübe Centro,Domicilio,Capuchino,1,8500,Tarjeta,C266
1679,2026-08-15,09:33,Nübe Centro,Domicilio,Chocolate caliente,2,7500,Tarjeta,C266
1680,2026-08-15,13:08,Nübe Centro,Mostrador,Latte,1,9000,Efectivo,C200
1681,2026-08-15,13:57,Nübe Centro,Mostrador,Tinto,1,3000,Nequi,C210
1682,2026-08-15,17:54,Nübe Centro,Mostrador,Croissant de almendras,1,8000,Efectivo,
1683,2026-08-15,08:30,Nübe Centro,Mostrador,Americano,2,5000,Efectivo,
1683,2026-08-15,08:30,Nübe Centro,Mostrador,Capuchino,2,8500,Efectivo,
1683,2026-08-15,08:30,Nübe Centro,Mostrador,Chocolate caliente,1,7500,Efectivo,
1684,2026-08-15,09:12,Nübe Centro,Mostrador,Croissant,1,6000,Efectivo,
1684,2026-08-15,09:12,Nübe Centro,Mostrador,Croissant de almendras,1,8000,Efectivo,
1684,2026-08-15,09:12,Nübe Centro,Mostrador,Tinto,1,3000,Efectivo,
1685,2026-08-15,08:57,Nübe Centro,Mostrador,Croissant,1,6000,Nequi,
1686,2026-08-15,11:21,Nübe Centro,Mostrador,Americano,1,5000,Tarjeta,C276
1686,2026-08-15,11:21,Nübe Centro,Mostrador,Croissant,1,6000,Tarjeta,C276
1686,2026-08-15,11:21,Nübe Centro,Mostrador,Croissant de almendras,1,8000,Tarjeta,C276
1687,2026-08-15,10:57,Nübe Centro,Mostrador,Capuchino,2,8500,Sin dato,
1688,2026-08-15,08:29,Nübe Centro,Domicilio,Americano,1,5000,Efectivo,
1688,2026-08-15,08:29,Nübe Centro,Domicilio,Capuchino,1,8500,Efectivo,
1689,2026-08-15,07:36,Nübe Centro,Mostrador,Capuchino,2,8500,Tarjeta,
1690,2026-08-15,20:07,Nübe Centro,Mostrador,Frappé de café,1,11000,Nequi,C286
1691,2026-08-15,10:31,Nübe Centro,Mostrador,Croissant,1,6000,Nequi,
1692,2026-08-15,15:44,Nübe Centro,Domicilio,Croissant,1,6000,Nequi,
1693,2026-08-15,08:43,Nübe Centro,Mostrador,Tinto,1,3000,Efectivo,
1694,2026-08-15,11:48,Nübe Centro,Mostrador,Capuchino,1,8500,Tarjeta,C238
1694,2026-08-15,11:48,Nübe Centro,Mostrador,Latte,1,9000,Tarjeta,C238
1694,2026-08-15,11:48,Nübe Centro,Mostrador,Tinto,1,3000,Tarjeta,C238
1695,2026-08-15,07:55,Nübe Centro,Mostrador,Croissant de almendras,1,8000,Efectivo,C294
1696,2026-08-15,20:40,Nübe Centro,Mostrador,Croissant de almendras,1,8000,Nequi,
1697,2026-08-15,16:33,Nübe Centro,Mostrador,Americano,1,5000,Efectivo,
1698,2026-08-15,10:51,Nübe Centro,Mostrador,Latte,1,9000,Efectivo,C091
1699,2026-08-15,11:26,Nübe Centro,Mostrador,Croissant,2,6000,Efectivo,
1700,2026-08-15,12:36,Nübe Centro,Mostrador,Americano,1,5000,Efectivo,
1700,2026-08-15,12:36,Nübe Centro,Mostrador,Tinto,3,3000,Efectivo,
1701,2026-08-15,09:34,Nübe Altico,Domicilio,Americano,1,5000,Nequi,C197
1702,2026-08-15,19:07,Nübe Altico,Mostrador,Croissant,1,6000,Nequi,
1703,2026-08-15,16:53,Nübe Altico,Domicilio,Americano,1,5000,Efectivo,C284
1703,2026-08-15,16:53,Nübe Altico,Domicilio,Croissant de almendras,1,8000,Efectivo,C284
1703,2026-08-15,16:53,Nübe Altico,Domicilio,Tinto,1,3000,Efectivo,C284
1704,2026-08-15,14:47,Nübe Altico,Mostrador,Croissant de almendras,2,8000,Efectivo,C191
1704,2026-08-15,14:47,Nübe Altico,Mostrador,Frappé de café,1,11000,Efectivo,C191
1705,2026-08-15,07:21,Nübe Altico,Mostrador,Americano,2,5000,Efectivo,C086
1706,2026-08-15,12:13,Nübe Altico,Mostrador,Capuchino,1,8500,Nequi,C004
1706,2026-08-15,12:13,Nübe Altico,Mostrador,Croissant de almendras,1,8000,Nequi,C004
1706,2026-08-15,12:13,Nübe Altico,Mostrador,Tinto,2,3000,Nequi,C004
1707,2026-08-15,07:11,Nübe Altico,Mostrador,Capuchino,1,8500,Efectivo,C068
1708,2026-08-15,09:10,Nübe Altico,Mostrador,Americano,2,5000,Tarjeta,C059
1708,2026-08-15,09:10,Nübe Altico,Mostrador,Croissant de almendras,1,8000,Tarjeta,C059
1708,2026-08-15,09:10,Nübe Altico,Mostrador,Frappé de café,1,11000,Tarjeta,C059
1709,2026-08-15,18:10,Nübe Altico,Mostrador,Latte,1,9000,Nequi,
1710,2026-08-15,18:00,Nübe Altico,Mostrador,Americano,1,5000,Efectivo,
1711,2026-08-15,07:24,Nübe Altico,Domicilio,Croissant,1,6000,Tarjeta,
1711,2026-08-15,07:24,Nübe Altico,Domicilio,Tinto,1,3000,Tarjeta,
1712,2026-08-15,11:45,Nübe Altico,Mostrador,Americano,1,5000,Efectivo,
1712,2026-08-15,11:45,Nübe Altico,Mostrador,Tinto,1,3000,Efectivo,
1713,2026-08-15,16:49,Nübe Altico,Mostrador,Americano,1,5000,Efectivo,
1713,2026-08-15,16:49,Nübe Altico,Mostrador,Capuchino,1,8500,Efectivo,
1713,2026-08-15,16:49,Nübe Altico,Mostrador,Latte,2,9000,Efectivo,
1714,2026-08-15,07:05,Nübe Altico,Mostrador,Latte,1,9000,Efectivo,
1715,2026-08-15,08:11,Nübe Altico,Domicilio,Capuchino,1,8500,Efectivo,C128
1715,2026-08-15,08:11,Nübe Altico,Domicilio,Tinto,1,3000,Efectivo,C128
1716,2026-08-15,17:23,Nübe Altico,Mostrador,Tinto,1,3000,Efectivo,
1717,2026-08-15,09:26,Nübe Altico,Mostrador,Croissant de almendras,1,8000,Tarjeta,
1718,2026-08-15,09:55,Nübe Altico,Domicilio,Chocolate caliente,1,7500,Nequi,C209
1718,2026-08-15,09:55,Nübe Altico,Domicilio,Frappé de café,1,11000,Nequi,C209
1719,2026-08-15,09:18,Nübe Altico,Mostrador,Latte,1,9000,Nequi,
1720,2026-08-15,13:20,Nübe Altico,Mostrador,Chocolate caliente,1,7500,Tarjeta,C095
1721,2026-08-15,19:59,Nübe Altico,Mostrador,Croissant de almendras,2,8000,Tarjeta,
1722,2026-08-15,14:47,Nübe Altico,Mostrador,Chocolate caliente,1,7500,Tarjeta,C058
1723,2026-08-15,16:34,Nübe Altico,Mostrador,Americano,2,5000,Tarjeta,
1723,2026-08-15,16:34,Nübe Altico,Mostrador,Capuchino,1,8500,Tarjeta,
1724,2026-08-15,11:03,Nübe Altico,Mostrador,Croissant,1,6000,Nequi,C114
1724,2026-08-15,11:03,Nübe Altico,Mostrador,Frappé de café,1,11000,Nequi,C114
1725,2026-08-15,17:29,Nübe Altico,Mostrador,Croissant,1,6000,Nequi,
1726,2026-08-15,10:40,Nübe Altico,Mostrador,Capuchino,2,8500,Efectivo,
1726,2026-08-15,10:40,Nübe Altico,Mostrador,Latte,1,9000,Efectivo,
1727,2026-08-15,13:04,Nübe Altico,Mostrador,Americano,1,5000,Tarjeta,C033
1727,2026-08-15,13:04,Nübe Altico,Mostrador,Tinto,1,3000,Tarjeta,C033
1728,2026-08-15,20:12,Nübe Altico,Domicilio,Croissant,1,6000,Nequi,
1729,2026-08-15,13:31,Nübe Altico,Domicilio,Capuchino,1,8500,Efectivo,
1729,2026-08-15,13:31,Nübe Altico,Domicilio,Croissant,1,6000,Efectivo,
1729,2026-08-15,13:31,Nübe Altico,Domicilio,Latte,1,9000,Efectivo,
1730,2026-08-15,07:22,Nübe Altico,Mostrador,Capuchino,1,8500,Nequi,
1731,2026-08-15,12:35,Nübe Altico,Mostrador,Capuchino,1,8500,Nequi,C073
1732,2026-08-15,11:34,Nübe Altico,Domicilio,Americano,1,5000,Efectivo,
1732,2026-08-15,11:34,Nübe Altico,Domicilio,Frappé de café,1,11000,Efectivo,
1733,2026-08-15,10:50,Nübe Altico,Mostrador,Latte,1,9000,Efectivo,
1734,2026-08-15,11:12,Nübe Altico,Domicilio,Capuchino,1,8500,Tarjeta,C137
1735,2026-08-15,20:53,Nübe Altico,Mostrador,Chocolate caliente,1,7500,Efectivo,C029
1736,2026-08-15,13:00,Nübe Altico,Mostrador,Frappé de café,1,11000,Nequi,C285
1737,2026-08-15,09:20,Nübe Altico,Domicilio,Latte,1,9000,Efectivo,
1738,2026-08-15,13:00,Nübe Altico,Mostrador,Latte,2,9000,Tarjeta,C267
1739,2026-08-15,20:32,Nübe Altico,Domicilio,Tinto,1,3000,Tarjeta,
1740,2026-08-15,14:33,Nübe Altico,Mostrador,Croissant,1,6000,Efectivo,C282
1741,2026-08-15,08:02,Nübe Altico,Domicilio,Latte,1,9000,Nequi,
1742,2026-08-15,20:19,Nübe Altico,Mostrador,Tinto,3,3000,Nequi,
1743,2026-08-15,06:37,Nübe Altico,Mostrador,Capuchino,1,8500,Efectivo,C125
1743,2026-08-15,06:37,Nübe Altico,Mostrador,Chocolate caliente,2,7500,Efectivo,C125
1744,2026-08-15,08:09,Nübe Altico,Mostrador,Latte,2,9000,Nequi,
1744,2026-08-15,08:09,Nübe Altico,Mostrador,Tinto,1,3000,Nequi,
1745,2026-08-15,16:47,Nübe Altico,Domicilio,Chocolate caliente,1,7500,Tarjeta,C239
1745,2026-08-15,16:47,Nübe Altico,Domicilio,Latte,2,9000,Tarjeta,C239
1746,2026-08-15,10:47,Nübe Altico,Mostrador,Capuchino,1,8500,Nequi,C162
1746,2026-08-15,10:47,Nübe Altico,Mostrador,Croissant,1,6000,Nequi,C162
1747,2026-08-15,09:28,Nübe Altico,Mostrador,Americano,1,5000,Tarjeta,C067
1747,2026-08-15,09:28,Nübe Altico,Mostrador,Capuchino,1,8500,Tarjeta,C067
1748,2026-08-15,07:31,Nübe Altico,Domicilio,Chocolate caliente,1,7500,Efectivo,
1748,2026-08-15,07:31,Nübe Altico,Domicilio,Latte,1,9000,Efectivo,
1749,2026-08-15,18:42,Nübe Altico,Domicilio,Chocolate caliente,2,7500,Tarjeta,C165
1749,2026-08-15,18:42,Nübe Altico,Domicilio,Croissant de almendras,1,8000,Tarjeta,C165
1750,2026-08-15,06:08,Nübe Altico,Mostrador,Chocolate caliente,1,7500,Nequi,
1750,2026-08-15,06:08,Nübe Altico,Mostrador,Latte,1,9000,Nequi,
1751,2026-08-15,10:17,Nübe Altico,Mostrador,Capuchino,1,8500,Nequi,C031
1751,2026-08-15,10:17,Nübe Altico,Mostrador,Latte,1,9000,Sin dato,C031
1752,2026-08-15,15:20,Nübe Altico,Mostrador,Capuchino,1,8500,Nequi,C210
1752,2026-08-15,15:20,Nübe Altico,Mostrador,Tinto,2,3000,Nequi,C210
1753,2026-08-15,08:24,Nübe Altico,Mostrador,Capuchino,1,8500,Efectivo,
1753,2026-08-15,08:24,Nübe Altico,Mostrador,Chocolate caliente,1,7500,Efectivo,
1753,2026-08-15,08:24,Nübe Altico,Mostrador,Latte,1,9000,Efectivo,
1754,2026-08-15,18:43,Nübe Altico,Mostrador,Frappé de café,1,11000,Tarjeta,
1755,2026-08-15,17:57,Nübe Altico,Mostrador,Croissant,1,6000,Tarjeta,
1755,2026-08-15,17:57,Nübe Altico,Mostrador,Croissant de almendras,2,8000,Tarjeta,
1755,2026-08-15,17:57,Nübe Altico,Mostrador,Tinto,2,3000,Tarjeta,
1756,2026-08-15,12:00,Nübe Altico,Mostrador,Capuchino,1,8500,Efectivo,
1757,2026-08-15,14:49,Nübe Altico,Domicilio,Tinto,1,3000,Efectivo,
1758,2026-08-15,17:03,Nübe Altico,Domicilio,Capuchino,2,8500,Efectivo,
1759,2026-08-15,10:45,Nübe Altico,Domicilio,Tinto,1,3000,Tarjeta,C169
1760,2026-08-15,16:22,Nübe Altico,Mostrador,Americano,2,5000,Nequi,
1760,2026-08-15,16:22,Nübe Altico,Mostrador,Frappé de café,1,11000,Nequi,
1760,2026-08-15,16:22,Nübe Altico,Mostrador,Tinto,1,3000,Nequi,
1761,2026-08-15,08:53,Nübe Altico,Mostrador,Americano,2,5000,Tarjeta,
1761,2026-08-15,08:53,Nübe Altico,Mostrador,Croissant,1,6000,Tarjeta,
1761,2026-08-15,08:53,Nübe Altico,Mostrador,Tinto,1,3000,Tarjeta,
1762,2026-08-15,15:23,Nübe Altico,Mostrador,Capuchino,1,8500,Efectivo,C168
1762,2026-08-15,15:23,Nübe Altico,Mostrador,Chocolate caliente,2,7500,Efectivo,C168
1762,2026-08-15,15:23,Nübe Altico,Mostrador,Croissant,1,6000,Efectivo,C168
1763,2026-08-15,08:37,Nübe Altico,Mostrador,Frappé de café,1,11000,Nequi,
1763,2026-08-15,08:37,Nübe Altico,Mostrador,Latte,1,9000,Nequi,
1764,2026-08-15,15:49,Nübe Altico,Mostrador,Croissant de almendras,1,8000,Nequi,
1765,2026-08-16,10:42,Nübe Centro,Domicilio,Capuchino,1,8500,Efectivo,
1765,2026-08-16,10:42,Nübe Centro,Domicilio,Latte,1,9000,Efectivo,
1766,2026-08-16,10:24,Nübe Centro,Mostrador,Chocolate caliente,1,7500,Nequi,
1766,2026-08-16,10:24,Nübe Centro,Mostrador,Croissant,1,6000,Nequi,
1767,2026-08-16,08:43,Nübe Centro,Mostrador,Tinto,1,3000,Nequi,
1768,2026-08-16,16:04,Nübe Centro,Mostrador,Capuchino,1,8500,Nequi,
1768,2026-08-16,16:04,Nübe Centro,Mostrador,Latte,1,9000,Nequi,
1769,2026-08-16,13:50,Nübe Centro,Mostrador,Americano,1,5000,Efectivo,
1770,2026-08-16,12:47,Nübe Centro,Mostrador,Americano,1,5000,Efectivo,C002
1771,2026-08-16,14:07,Nübe Centro,Mostrador,Capuchino,1,8500,Nequi,C177
1771,2026-08-16,14:07,Nübe Centro,Mostrador,Frappé de café,1,11000,Nequi,C177
1772,2026-08-16,17:36,Nübe Centro,Mostrador,Chocolate caliente,1,7500,Tarjeta,C070
1773,2026-08-16,09:12,Nübe Centro,Mostrador,Americano,1,5000,Efectivo,
1774,2026-08-16,10:48,Nübe Centro,Mostrador,Latte,1,9000,Efectivo,
1774,2026-08-16,10:48,Nübe Centro,Mostrador,Tinto,1,3000,Efectivo,
1775,2026-08-16,08:27,Nübe Centro,Mostrador,Frappé de café,1,11000,Tarjeta,C141
1776,2026-08-16,10:02,Nübe Centro,Mostrador,Croissant de almendras,1,8000,Tarjeta,C133
1777,2026-08-16,16:10,Nübe Centro,Domicilio,Croissant,1,6000,Tarjeta,C103
1778,2026-08-16,09:04,Nübe Centro,Mostrador,Americano,1,5000,Efectivo,
1778,2026-08-16,09:04,Nübe Centro,Mostrador,Capuchino,2,8500,Efectivo,
1779,2026-08-16,06:33,Nübe Centro,Mostrador,Croissant de almendras,1,8000,Tarjeta,
1780,2026-08-16,10:05,Nübe Centro,Mostrador,Latte,1,9000,Nequi,
1781,2026-08-16,09:18,Nübe Centro,Mostrador,Latte,1,9000,Tarjeta,C102
1782,2026-08-16,17:12,Nübe Centro,Mostrador,Croissant,3,6000,Tarjeta,C124
1782,2026-08-16,17:12,Nübe Centro,Mostrador,Frappé de café,1,11000,Tarjeta,C124
1783,2026-08-16,08:45,Nübe Centro,Mostrador,Croissant,2,6000,Efectivo,C126
1783,2026-08-16,08:45,Nübe Centro,Mostrador,Latte,1,9000,Efectivo,C126
1784,2026-08-16,07:45,Nübe Centro,Domicilio,Capuchino,2,8500,Nequi,
1784,2026-08-16,07:45,Nübe Centro,Domicilio,Latte,1,9000,Nequi,
1785,2026-08-16,07:56,Nübe Centro,Domicilio,Americano,1,5000,Nequi,C086
1786,2026-08-16,15:42,Nübe Centro,Mostrador,Croissant,1,6000,Nequi,
1787,2026-08-16,15:52,Nübe Centro,Mostrador,Chocolate caliente,1,7500,Efectivo,
1788,2026-08-16,08:25,Nübe Centro,Mostrador,Croissant,1,6000,Tarjeta,
1788,2026-08-16,08:25,Nübe Centro,Mostrador,Tinto,1,3000,Tarjeta,
1789,2026-08-16,08:47,Nübe Centro,Mostrador,Latte,1,9000,Nequi,C172
1789,2026-08-16,08:47,Nübe Centro,Mostrador,Tinto,1,3000,Nequi,C172
1790,2026-08-16,09:02,Nübe Centro,Mostrador,Croissant,1,6000,Nequi,C246
1791,2026-08-16,10:31,Nübe Centro,Mostrador,Chocolate caliente,1,7500,Nequi,
1791,2026-08-16,10:31,Nübe Centro,Mostrador,Frappé de café,1,11000,Nequi,
1791,2026-08-16,10:31,Nübe Centro,Mostrador,Latte,1,9000,Nequi,
1792,2026-08-16,06:24,Nübe Centro,Mostrador,Americano,2,5000,Nequi,
1792,2026-08-16,06:24,Nübe Centro,Mostrador,Latte,1,9000,Nequi,
1793,2026-08-16,15:39,Nübe Centro,Mostrador,Americano,1,5000,Efectivo,
1793,2026-08-16,15:39,Nübe Centro,Mostrador,Croissant de almendras,1,8000,Efectivo,
1793,2026-08-16,15:39,Nübe Centro,Mostrador,Latte,1,9000,Efectivo,
1794,2026-08-16,12:25,Nübe Centro,Mostrador,Frappé de café,3,11000,Efectivo,C069
1795,2026-08-16,08:23,Nübe Centro,Mostrador,Tinto,1,3000,Tarjeta,
1796,2026-08-16,10:16,Nübe Centro,Mostrador,Croissant de almendras,1,8000,Tarjeta,C175
1797,2026-08-16,15:19,Nübe Centro,Mostrador,Latte,1,9000,Nequi,C297
1798,2026-08-16,14:21,Nübe Centro,Mostrador,Tinto,1,3000,Nequi,
1799,2026-08-16,15:15,Nübe Centro,Mostrador,Chocolate caliente,1,7500,Tarjeta,C195
1800,2026-08-16,08:35,Nübe Centro,Mostrador,Latte,1,9000,Nequi,
1801,2026-08-16,08:16,Nübe Centro,Domicilio,Croissant de almendras,1,8000,Nequi,C040
1802,2026-08-16,09:56,Nübe Centro,Mostrador,Capuchino,2,8500,Efectivo,C035
1802,2026-08-16,09:56,Nübe Centro,Mostrador,Chocolate caliente,1,7500,Efectivo,C035
1802,2026-08-16,09:56,Nübe Centro,Mostrador,Croissant,1,6000,Efectivo,C035
1803,2026-08-16,16:31,Nübe Centro,Domicilio,Croissant de almendras,1,8000,Nequi,
1803,2026-08-16,16:31,Nübe Centro,Domicilio,Latte,2,9000,Nequi,
1804,2026-08-16,15:48,Nübe Centro,Mostrador,Americano,1,5000,Tarjeta,
1805,2026-08-16,08:02,Nübe Centro,Mostrador,Americano,1,5000,Nequi,C084
1805,2026-08-16,08:02,Nübe Centro,Mostrador,Croissant,1,6000,Nequi,C084
1805,2026-08-16,08:02,Nübe Centro,Mostrador,Tinto,2,3000,Nequi,C084
1806,2026-08-16,08:24,Nübe Centro,Mostrador,Americano,1,5000,Efectivo,
1806,2026-08-16,08:24,Nübe Centro,Mostrador,Croissant,3,6000,Efectivo,
1806,2026-08-16,08:24,Nübe Centro,Mostrador,Latte,1,9000,Efectivo,
1807,2026-08-16,20:40,Nübe Centro,Mostrador,Capuchino,1,8500,Nequi,C028
1807,2026-08-16,20:40,Nübe Centro,Mostrador,Latte,1,9000,Nequi,C028
1808,2026-08-16,18:59,Nübe Centro,Mostrador,Capuchino,1,8500,Nequi,C249
1808,2026-08-16,18:59,Nübe Centro,Mostrador,Croissant de almendras,1,8000,Nequi,C249
1808,2026-08-16,18:59,Nübe Centro,Mostrador,Tinto,1,3000,Nequi,C249
1809,2026-08-16,17:35,Nübe Centro,Mostrador,Tinto,1,3000,Tarjeta,C066
1810,2026-08-16,06:41,Nübe Centro,Mostrador,Croissant,1,6000,Nequi,
1810,2026-08-16,06:41,Nübe Centro,Mostrador,Latte,1,9000,Nequi,
1811,2026-08-16,09:20,Nübe Centro,Mostrador,Latte,1,9000,Efectivo,C141
1812,2026-08-16,07:13,Nübe Centro,Domicilio,Latte,1,9000,Efectivo,
1813,2026-08-16,08:15,Nübe Centro,Domicilio,Frappé de café,1,11000,Sin dato,
1813,2026-08-16,08:15,Nübe Centro,Domicilio,Latte,2,9000,Efectivo,
1814,2026-08-16,11:06,Nübe Centro,Mostrador,Croissant de almendras,2,8000,Nequi,C255
1815,2026-08-16,13:03,Nübe Centro,Mostrador,Croissant,1,6000,Nequi,
1815,2026-08-16,13:03,Nübe Centro,Mostrador,Latte,1,9000,Nequi,
1816,2026-08-16,16:40,Nübe Centro,Mostrador,Frappé de café,1,11000,Efectivo,
1817,2026-08-16,12:14,Nübe Centro,Domicilio,Capuchino,1,8500,Efectivo,C012
1817,2026-08-16,12:14,Nübe Centro,Domicilio,Tinto,1,3000,Efectivo,C012
1818,2026-08-16,15:51,Nübe Centro,Domicilio,Croissant,1,6000,Nequi,C163
1819,2026-08-16,14:59,Nübe Centro,Mostrador,Croissant de almendras,1,8000,Tarjeta,C170
1819,2026-08-16,14:59,Nübe Centro,Mostrador,Tinto,1,3000,Tarjeta,C170
1820,2026-08-16,06:17,Nübe Centro,Domicilio,Croissant,1,6000,Tarjeta,C112
1820,2026-08-16,06:17,Nübe Centro,Domicilio,Croissant de almendras,1,8000,Tarjeta,C112
1820,2026-08-16,06:17,Nübe Centro,Domicilio,Tinto,1,3000,Tarjeta,C112
1821,2026-08-16,16:20,Nübe Centro,Mostrador,Capuchino,1,8500,Efectivo,C085
1821,2026-08-16,16:20,Nübe Centro,Mostrador,Chocolate caliente,1,7500,Efectivo,C085
1822,2026-08-16,14:07,Nübe Centro,Mostrador,Croissant,1,6000,Efectivo,
1823,2026-08-16,16:32,Nübe Centro,Mostrador,Capuchino,2,8500,Nequi,C114
1824,2026-08-16,09:12,Nübe Centro,Mostrador,Americano,1,5000,Nequi,C279
1825,2026-08-16,15:44,Nübe Centro,Mostrador,Latte,1,9000,Efectivo,C123
1826,2026-08-16,08:05,Nübe Centro,Mostrador,Capuchino,1,8500,Nequi,
1827,2026-08-16,07:40,Nübe Centro,Mostrador,Capuchino,1,8500,Nequi,C135
1827,2026-08-16,07:40,Nübe Centro,Mostrador,Latte,1,9000,Nequi,C135
1828,2026-08-16,10:38,Nübe Centro,Mostrador,Frappé de café,1,11000,Nequi,
1829,2026-08-16,16:48,Nübe Centro,Mostrador,Capuchino,1,8500,Efectivo,
1830,2026-08-16,10:00,Nübe Centro,Mostrador,Croissant,1,6000,Efectivo,C156
1831,2026-08-16,16:57,Nübe Centro,Mostrador,Tinto,2,3000,Nequi,
1832,2026-08-16,08:56,Nübe Centro,Mostrador,Latte,1,9000,Tarjeta,
1833,2026-08-16,17:17,Nübe Centro,Mostrador,Croissant,1,6000,Nequi,
1834,2026-08-16,09:24,Nübe Centro,Domicilio,Croissant de almendras,1,8000,Tarjeta,
1835,2026-08-16,12:54,Nübe Centro,Mostrador,Tinto,1,3000,Nequi,C015
1836,2026-08-16,07:17,Nübe Centro,Mostrador,Capuchino,1,8500,Efectivo,C252
1836,2026-08-16,07:17,Nübe Centro,Mostrador,Croissant de almendras,1,8000,Efectivo,C252
1837,2026-08-16,11:18,Nübe Centro,Mostrador,Tinto,1,3000,Efectivo,C280
1838,2026-08-16,07:49,Nübe Centro,Mostrador,Americano,1,5000,Tarjeta,
1839,2026-08-16,09:08,Nübe Centro,Mostrador,Tinto,1,3000,Efectivo,
1840,2026-08-16,07:36,Nübe Centro,Mostrador,Chocolate caliente,1,7500,Efectivo,
1841,2026-08-16,17:23,Nübe Centro,Mostrador,Americano,1,5000,Nequi,
1841,2026-08-16,17:23,Nübe Centro,Mostrador,Croissant de almendras,1,8000,Nequi,
1842,2026-08-16,07:37,Nübe Centro,Mostrador,Frappé de café,1,11000,Nequi,
1843,2026-08-16,18:11,Nübe Centro,Mostrador,Croissant de almendras,1,8000,Efectivo,
1843,2026-08-16,18:11,Nübe Centro,Mostrador,Tinto,1,3000,Efectivo,
1844,2026-08-16,15:47,Nübe Centro,Mostrador,Americano,1,5000,Tarjeta,C106
1844,2026-08-16,15:47,Nübe Centro,Mostrador,Latte,1,9000,Tarjeta,C106
1845,2026-08-16,07:47,Nübe Centro,Mostrador,Americano,1,5000,Efectivo,
1845,2026-08-16,07:47,Nübe Centro,Mostrador,Latte,1,9000,Efectivo,
1846,2026-08-16,16:56,Nübe Centro,Mostrador,Americano,2,5000,Nequi,C047
1846,2026-08-16,16:56,Nübe Centro,Mostrador,Capuchino,2,8500,Nequi,C047
1847,2026-08-16,11:44,Nübe Centro,Domicilio,Capuchino,1,8500,Efectivo,
1847,2026-08-16,11:44,Nübe Centro,Domicilio,Croissant,1,6000,Efectivo,
1848,2026-08-16,17:58,Nübe Centro,Mostrador,Capuchino,1,8500,Tarjeta,
1848,2026-08-16,17:58,Nübe Centro,Mostrador,Latte,1,9000,Tarjeta,
1848,2026-08-16,17:58,Nübe Centro,Mostrador,Tinto,1,3000,Tarjeta,
1849,2026-08-16,08:32,Nübe Centro,Mostrador,Capuchino,1,8500,Tarjeta,
1849,2026-08-16,08:32,Nübe Centro,Mostrador,Croissant,1,6000,Tarjeta,
1850,2026-08-16,07:51,Nübe Centro,Mostrador,Capuchino,1,8500,Efectivo,C124
1851,2026-08-16,15:41,Nübe Centro,Mostrador,Croissant,2,6000,Tarjeta,
1852,2026-08-16,12:43,Nübe Centro,Mostrador,Croissant de almendras,2,8000,Tarjeta,
1852,2026-08-16,12:43,Nübe Centro,Mostrador,Latte,1,9000,Tarjeta,
1853,2026-08-16,19:13,Nübe Centro,Mostrador,Chocolate caliente,1,7500,Nequi,C071
1854,2026-08-16,17:02,Nübe Centro,Mostrador,Croissant de almendras,1,8000,Nequi,C178
1855,2026-08-16,08:16,Nübe Centro,Mostrador,Tinto,1,3000,Tarjeta,C218
1856,2026-08-16,07:20,Nübe Centro,Mostrador,Tinto,1,3000,Nequi,C275
1857,2026-08-16,09:03,Nübe Centro,Mostrador,Chocolate caliente,1,7500,Tarjeta,C233
1857,2026-08-16,09:03,Nübe Centro,Mostrador,Tinto,1,3000,Tarjeta,C233
1858,2026-08-16,11:17,Nübe Altico,Domicilio,Frappé de café,1,11000,Tarjeta,
1859,2026-08-16,07:30,Nübe Altico,Mostrador,Americano,1,5000,Nequi,
1859,2026-08-16,07:30,Nübe Altico,Mostrador,Latte,1,9000,Nequi,
1860,2026-08-16,12:05,Nübe Altico,Mostrador,Tinto,1,3000,Tarjeta,
1861,2026-08-16,09:54,Nübe Altico,Mostrador,Croissant de almendras,1,8000,Sin dato,
1861,2026-08-16,09:54,Nübe Altico,Mostrador,Latte,1,9000,Nequi,
1862,2026-08-16,08:47,Nübe Altico,Mostrador,Chocolate caliente,1,7500,Nequi,
1863,2026-08-16,14:44,Nübe Altico,Mostrador,Latte,1,9000,Nequi,C053
1864,2026-08-16,09:45,Nübe Altico,Domicilio,Croissant,1,6000,Nequi,
1865,2026-08-16,17:36,Nübe Altico,Mostrador,Capuchino,1,8500,Efectivo,
1866,2026-08-16,07:14,Nübe Altico,Mostrador,Capuchino,1,8500,Nequi,C273
1866,2026-08-16,07:14,Nübe Altico,Mostrador,Tinto,1,3000,Nequi,C273
1867,2026-08-16,13:38,Nübe Altico,Mostrador,Capuchino,2,8500,Efectivo,
1868,2026-08-16,17:54,Nübe Altico,Mostrador,Frappé de café,1,11000,Tarjeta,C225
1868,2026-08-16,17:54,Nübe Altico,Mostrador,Latte,2,9000,Tarjeta,C225
1868,2026-08-16,17:54,Nübe Altico,Mostrador,Tinto,1,3000,Tarjeta,C225
1869,2026-08-16,08:45,Nübe Altico,Mostrador,Croissant,1,6000,Tarjeta,
1869,2026-08-16,08:45,Nübe Altico,Mostrador,Tinto,1,3000,Tarjeta,
1870,2026-08-16,14:50,Nübe Altico,Mostrador,Latte,2,9000,Nequi,
1870,2026-08-16,14:50,Nübe Altico,Mostrador,Tinto,1,3000,Nequi,
1871,2026-08-16,16:16,Nübe Altico,Domicilio,Capuchino,1,8500,Tarjeta,
1871,2026-08-16,16:16,Nübe Altico,Domicilio,Tinto,2,3000,Tarjeta,
1872,2026-08-16,10:53,Nübe Altico,Domicilio,Croissant de almendras,2,8000,Tarjeta,C103
1872,2026-08-16,10:53,Nübe Altico,Domicilio,Tinto,1,3000,Tarjeta,C103
1873,2026-08-16,09:35,Nübe Altico,Mostrador,Capuchino,1,8500,Efectivo,
1873,2026-08-16,09:35,Nübe Altico,Mostrador,Tinto,1,3000,Efectivo,
1874,2026-08-16,13:33,Nübe Altico,Mostrador,Croissant,1,6000,Nequi,C131
1875,2026-08-16,08:23,Nübe Altico,Mostrador,Croissant,1,6000,Efectivo,C292
1875,2026-08-16,08:23,Nübe Altico,Mostrador,Frappé de café,1,11000,Efectivo,C292
1875,2026-08-16,08:23,Nübe Altico,Mostrador,Tinto,1,3000,Efectivo,C292
1876,2026-08-16,09:09,Nübe Altico,Mostrador,Croissant de almendras,3,8000,Efectivo,
1877,2026-08-16,10:41,Nübe Altico,Mostrador,Capuchino,1,8500,Efectivo,
1877,2026-08-16,10:41,Nübe Altico,Mostrador,Frappé de café,1,11000,Efectivo,
1877,2026-08-16,10:41,Nübe Altico,Mostrador,Latte,2,9000,Efectivo,
1878,2026-08-16,12:18,Nübe Altico,Domicilio,Croissant,2,6000,Nequi,
1878,2026-08-16,12:18,Nübe Altico,Domicilio,Latte,1,9000,Nequi,
1879,2026-08-16,09:25,Nübe Altico,Mostrador,Croissant,1,6000,Nequi,C188
1879,2026-08-16,09:25,Nübe Altico,Mostrador,Tinto,1,3000,Nequi,C188
1880,2026-08-16,16:13,Nübe Altico,Mostrador,Tinto,1,3000,Efectivo,C217
1881,2026-08-16,14:37,Nübe Altico,Mostrador,Americano,1,5000,Nequi,
1882,2026-08-16,08:49,Nübe Altico,Domicilio,Tinto,2,3000,Nequi,
1883,2026-08-16,17:38,Nübe Altico,Mostrador,Capuchino,1,8500,Nequi,
1884,2026-08-16,16:38,Nübe Altico,Mostrador,Americano,1,5000,Nequi,
1885,2026-08-16,15:03,Nübe Altico,Mostrador,Chocolate caliente,1,7500,Efectivo,C241
1885,2026-08-16,15:03,Nübe Altico,Mostrador,Croissant,1,6000,Efectivo,C241
1886,2026-08-16,13:21,Nübe Altico,Mostrador,Americano,1,5000,Efectivo,
1886,2026-08-16,13:21,Nübe Altico,Mostrador,Latte,1,9000,Efectivo,
1887,2026-08-16,07:12,Nübe Altico,Mostrador,Americano,1,5000,Tarjeta,C267
1888,2026-08-16,09:51,Nübe Altico,Mostrador,Croissant,2,6000,Efectivo,C125
1888,2026-08-16,09:51,Nübe Altico,Mostrador,Latte,2,9000,Efectivo,C125
1889,2026-08-16,20:38,Nübe Altico,Mostrador,Tinto,1,3000,Nequi,
1890,2026-08-16,11:55,Nübe Altico,Mostrador,Croissant,1,6000,Nequi,
1891,2026-08-16,07:38,Nübe Altico,Mostrador,Capuchino,1,8500,Tarjeta,C213
1891,2026-08-16,07:38,Nübe Altico,Mostrador,Tinto,2,3000,Tarjeta,C213
1892,2026-08-16,08:18,Nübe Altico,Domicilio,Capuchino,1,8500,Efectivo,
1892,2026-08-16,08:18,Nübe Altico,Domicilio,Croissant,1,6000,Efectivo,
1893,2026-08-16,17:05,Nübe Altico,Domicilio,Americano,1,5000,Efectivo,C293
1893,2026-08-16,17:05,Nübe Altico,Domicilio,Latte,1,9000,Efectivo,C293
1894,2026-08-16,09:17,Nübe Altico,Mostrador,Capuchino,1,8500,Tarjeta,C244
1895,2026-08-16,11:05,Nübe Altico,Domicilio,Chocolate caliente,1,7500,Efectivo,
1895,2026-08-16,11:05,Nübe Altico,Domicilio,Latte,1,9000,Efectivo,
1896,2026-08-16,10:12,Nübe Altico,Domicilio,Capuchino,1,8500,Tarjeta,C142
1897,2026-08-16,17:00,Nübe Altico,Mostrador,Croissant de almendras,1,8000,Efectivo,
1898,2026-08-16,13:15,Nübe Altico,Mostrador,Latte,1,9000,Efectivo,
1899,2026-08-16,18:38,Nübe Altico,Mostrador,Americano,1,5000,Efectivo,C198
1899,2026-08-16,18:38,Nübe Altico,Mostrador,Croissant de almendras,1,8000,Efectivo,C198
1899,2026-08-16,18:38,Nübe Altico,Mostrador,Frappé de café,1,11000,Efectivo,C198
1900,2026-08-16,11:49,Nübe Altico,Mostrador,Capuchino,1,8500,Nequi,C217
1900,2026-08-16,11:49,Nübe Altico,Mostrador,Croissant,1,6000,Nequi,C217
1900,2026-08-16,11:49,Nübe Altico,Mostrador,Croissant de almendras,1,8000,Nequi,C217
1901,2026-08-16,18:28,Nübe Altico,Domicilio,Capuchino,1,8500,Efectivo,
1902,2026-08-16,07:49,Nübe Altico,Mostrador,Croissant,1,6000,Efectivo,C261
1902,2026-08-16,07:49,Nübe Altico,Mostrador,Tinto,1,3000,Efectivo,C261
1903,2026-08-16,13:24,Nübe Altico,Mostrador,Latte,1,9000,Tarjeta,
1904,2026-08-16,10:05,Nübe Altico,Domicilio,Chocolate caliente,2,7500,Nequi,
1905,2026-08-16,06:32,Nübe Altico,Mostrador,Capuchino,1,8500,Tarjeta,
1905,2026-08-16,06:32,Nübe Altico,Mostrador,Croissant de almendras,1,8000,Tarjeta,
1906,2026-08-16,09:11,Nübe Altico,Domicilio,Capuchino,1,8500,Nequi,
1906,2026-08-16,09:11,Nübe Altico,Domicilio,Tinto,2,3000,Nequi,
1907,2026-08-16,17:59,Nübe Altico,Mostrador,Americano,1,5000,Nequi,
1908,2026-08-16,06:37,Nübe Altico,Mostrador,Latte,1,9000,Tarjeta,
1909,2026-08-16,08:50,Nübe Altico,Domicilio,Americano,1,5000,Tarjeta,
1909,2026-08-16,08:50,Nübe Altico,Domicilio,Croissant,1,6000,Tarjeta,
1910,2026-08-16,17:16,Nübe Altico,Mostrador,Chocolate caliente,1,7500,Nequi,
1910,2026-08-16,17:16,Nübe Altico,Mostrador,Frappé de café,2,11000,Nequi,
1910,2026-08-16,17:16,Nübe Altico,Mostrador,Tinto,1,3000,Nequi,
1911,2026-08-16,19:39,Nübe Altico,Mostrador,Capuchino,1,8500,Nequi,
1911,2026-08-16,19:39,Nübe Altico,Mostrador,Chocolate caliente,1,7500,Nequi,
1912,2026-08-17,14:18,Nübe Centro,Mostrador,Croissant,1,6000,Efectivo,C080
1912,2026-08-17,14:18,Nübe Centro,Mostrador,Croissant de almendras,3,8000,Efectivo,C080
1912,2026-08-17,14:18,Nübe Centro,Mostrador,Tinto,1,3000,Efectivo,C080
1913,2026-08-17,12:48,Nübe Centro,Mostrador,Frappé de café,1,11000,Efectivo,
1913,2026-08-17,12:48,Nübe Centro,Mostrador,Latte,2,9000,Efectivo,
1914,2026-08-17,08:10,Nübe Centro,Domicilio,Capuchino,1,8500,Tarjeta,C003
1915,2026-08-17,17:59,Nübe Centro,Mostrador,Latte,1,9000,Tarjeta,
1915,2026-08-17,17:59,Nübe Centro,Mostrador,Tinto,1,3000,Tarjeta,
1916,2026-08-17,12:09,Nübe Centro,Mostrador,Chocolate caliente,1,7500,Nequi,C043
1916,2026-08-17,12:09,Nübe Centro,Mostrador,Croissant,2,6000,Nequi,C043
1916,2026-08-17,12:09,Nübe Centro,Mostrador,Tinto,2,3000,Nequi,C043
1917,2026-08-17,17:06,Nübe Centro,Mostrador,Chocolate caliente,1,7500,Efectivo,C254
1918,2026-08-17,07:51,Nübe Centro,Mostrador,Americano,1,5000,Nequi,
1919,2026-08-17,09:12,Nübe Centro,Mostrador,Capuchino,1,8500,Nequi,C126
1919,2026-08-17,09:12,Nübe Centro,Mostrador,Croissant de almendras,1,8000,Nequi,C126
1920,2026-08-17,16:57,Nübe Centro,Domicilio,Capuchino,2,8500,Tarjeta,C115
1921,2026-08-17,10:55,Nübe Centro,Mostrador,Croissant,1,6000,Nequi,C112
1922,2026-08-17,20:10,Nübe Centro,Mostrador,Capuchino,1,8500,Efectivo,
1922,2026-08-17,20:10,Nübe Centro,Mostrador,Frappé de café,1,11000,Efectivo,
1923,2026-08-17,14:19,Nübe Centro,Mostrador,Capuchino,1,8500,Efectivo,C190
1924,2026-08-17,19:15,Nübe Centro,Mostrador,Capuchino,2,8500,Tarjeta,C238
1925,2026-08-17,07:45,Nübe Centro,Mostrador,Latte,1,9000,Efectivo,C031
1926,2026-08-17,08:54,Nübe Centro,Domicilio,Capuchino,3,8500,Efectivo,C077
1926,2026-08-17,08:54,Nübe Centro,Domicilio,Croissant de almendras,1,8000,Efectivo,C077
1927,2026-08-17,06:06,Nübe Centro,Domicilio,Latte,1,9000,Tarjeta,C209
1928,2026-08-17,18:34,Nübe Centro,Mostrador,Americano,1,5000,Tarjeta,
1928,2026-08-17,18:34,Nübe Centro,Mostrador,Chocolate caliente,1,7500,Tarjeta,
1928,2026-08-17,18:34,Nübe Centro,Mostrador,Croissant,2,6000,Tarjeta,
1929,2026-08-17,09:53,Nübe Centro,Mostrador,Americano,1,5000,Nequi,C090
1929,2026-08-17,09:53,Nübe Centro,Mostrador,Frappé de café,1,11000,Nequi,C090
1930,2026-08-17,13:25,Nübe Centro,Mostrador,Americano,3,5000,Nequi,
1931,2026-08-17,15:18,Nübe Centro,Mostrador,Croissant,1,6000,Nequi,C246
1932,2026-08-17,17:04,Nübe Centro,Mostrador,Americano,1,5000,Tarjeta,
1932,2026-08-17,17:04,Nübe Centro,Mostrador,Frappé de café,1,11000,Tarjeta,
1932,2026-08-17,17:04,Nübe Centro,Mostrador,Latte,1,9000,Tarjeta,
1933,2026-08-17,14:05,Nübe Centro,Mostrador,Croissant,2,6000,Tarjeta,C268
1934,2026-08-17,12:27,Nübe Centro,Mostrador,Croissant de almendras,1,8000,Nequi,
1934,2026-08-17,12:27,Nübe Centro,Mostrador,Tinto,2,3000,Nequi,
1935,2026-08-17,16:51,Nübe Centro,Mostrador,Capuchino,1,8500,Efectivo,
1936,2026-08-17,14:28,Nübe Centro,Mostrador,Frappé de café,1,11000,Tarjeta,
1937,2026-08-17,15:32,Nübe Centro,Mostrador,Chocolate caliente,1,7500,Tarjeta,
1937,2026-08-17,15:32,Nübe Centro,Mostrador,Frappé de café,1,11000,Tarjeta,
1938,2026-08-17,12:03,Nübe Centro,Mostrador,Frappé de café,1,11000,Tarjeta,
1939,2026-08-17,16:14,Nübe Centro,Mostrador,Tinto,1,3000,Efectivo,
1940,2026-08-17,06:56,Nübe Centro,Mostrador,Capuchino,2,8500,Efectivo,C239
1941,2026-08-17,09:25,Nübe Centro,Mostrador,Capuchino,1,8500,Nequi,
1941,2026-08-17,09:25,Nübe Centro,Mostrador,Croissant,2,6000,Nequi,
1942,2026-08-17,09:37,Nübe Centro,Mostrador,Capuchino,1,8500,Nequi,C060
1942,2026-08-17,09:37,Nübe Centro,Mostrador,Croissant,1,6000,Nequi,C060
1943,2026-08-17,08:13,Nübe Centro,Mostrador,Capuchino,1,8500,Tarjeta,
1943,2026-08-17,08:13,Nübe Centro,Mostrador,Croissant,2,6000,Tarjeta,
1943,2026-08-17,08:13,Nübe Centro,Mostrador,Tinto,1,3000,Tarjeta,
1944,2026-08-17,18:38,Nübe Centro,Mostrador,Capuchino,1,8500,Nequi,C187
1945,2026-08-17,16:25,Nübe Centro,Mostrador,Croissant de almendras,1,8000,Nequi,C121
1946,2026-08-17,10:03,Nübe Centro,Mostrador,Tinto,1,3000,Nequi,C067
1947,2026-08-17,07:25,Nübe Centro,Mostrador,Latte,1,9000,Nequi,C135
1948,2026-08-17,09:35,Nübe Centro,Mostrador,Capuchino,1,8500,Tarjeta,
1948,2026-08-17,09:35,Nübe Centro,Mostrador,Croissant,1,6000,Tarjeta,
1949,2026-08-17,09:55,Nübe Centro,Mostrador,Chocolate caliente,1,7500,Tarjeta,
1949,2026-08-17,09:55,Nübe Centro,Mostrador,Croissant,1,6000,Tarjeta,
1950,2026-08-17,07:36,Nübe Centro,Mostrador,Americano,1,5000,Efectivo,
1951,2026-08-17,06:47,Nübe Centro,Mostrador,Americano,2,5000,Efectivo,C235
1952,2026-08-17,14:53,Nübe Centro,Mostrador,Croissant de almendras,1,8000,Nequi,
1953,2026-08-17,07:39,Nübe Centro,Mostrador,Latte,3,9000,Tarjeta,C280
1954,2026-08-17,15:03,Nübe Centro,Mostrador,Croissant de almendras,2,8000,Efectivo,C228
1954,2026-08-17,15:03,Nübe Centro,Mostrador,Tinto,1,3000,Efectivo,C228
1955,2026-08-17,09:51,Nübe Centro,Mostrador,Capuchino,2,8500,Tarjeta,C157
1955,2026-08-17,09:51,Nübe Centro,Mostrador,Croissant,1,6000,Tarjeta,C157
1956,2026-08-17,13:10,Nübe Centro,Mostrador,Frappé de café,2,11000,Nequi,
1956,2026-08-17,13:10,Nübe Centro,Mostrador,Tinto,1,3000,Sin dato,
1957,2026-08-17,09:45,Nübe Centro,Domicilio,Tinto,1,3000,Efectivo,
1958,2026-08-17,10:33,Nübe Centro,Mostrador,Americano,1,5000,Tarjeta,C268
1958,2026-08-17,10:33,Nübe Centro,Mostrador,Croissant,1,6000,Tarjeta,C268
1958,2026-08-17,10:33,Nübe Centro,Mostrador,Tinto,1,3000,Tarjeta,C268
1959,2026-08-17,15:44,Nübe Centro,Mostrador,Capuchino,3,8500,Tarjeta,
1959,2026-08-17,15:44,Nübe Centro,Mostrador,Frappé de café,2,11000,Tarjeta,
1960,2026-08-17,13:01,Nübe Centro,Mostrador,Frappé de café,1,11000,Tarjeta,
1961,2026-08-17,12:30,Nübe Centro,Mostrador,Frappé de café,3,11000,Tarjeta,C185
1962,2026-08-17,16:51,Nübe Centro,Mostrador,Americano,1,5000,Nequi,
1962,2026-08-17,16:51,Nübe Centro,Mostrador,Latte,1,9000,Nequi,
1963,2026-08-17,08:27,Nübe Centro,Mostrador,Capuchino,1,8500,Tarjeta,C162
1964,2026-08-17,09:21,Nübe Centro,Mostrador,Americano,1,5000,Nequi,C044
1964,2026-08-17,09:21,Nübe Centro,Mostrador,Capuchino,1,8500,Nequi,C044
1964,2026-08-17,09:21,Nübe Centro,Mostrador,Chocolate caliente,1,7500,Nequi,C044
1965,2026-08-17,16:19,Nübe Centro,Domicilio,Americano,1,5000,Sin dato,
1966,2026-08-17,09:52,Nübe Centro,Domicilio,Tinto,1,3000,Tarjeta,
1967,2026-08-17,07:51,Nübe Centro,Domicilio,Capuchino,1,8500,Efectivo,
1967,2026-08-17,07:51,Nübe Centro,Domicilio,Croissant,1,6000,Efectivo,
1967,2026-08-17,07:51,Nübe Centro,Domicilio,Latte,1,9000,Efectivo,
1968,2026-08-17,15:39,Nübe Centro,Mostrador,Croissant de almendras,2,8000,Tarjeta,
1968,2026-08-17,15:39,Nübe Centro,Mostrador,Latte,2,9000,Tarjeta,
1969,2026-08-17,10:42,Nübe Centro,Mostrador,Croissant,1,6000,Efectivo,C096
1970,2026-08-17,15:58,Nübe Centro,Mostrador,Capuchino,1,8500,Tarjeta,
1970,2026-08-17,15:58,Nübe Centro,Mostrador,Croissant,3,6000,Tarjeta,
1971,2026-08-17,18:17,Nübe Centro,Mostrador,Tinto,1,3000,Nequi,
1972,2026-08-17,12:21,Nübe Centro,Mostrador,Croissant,2,6000,Tarjeta,C091
1973,2026-08-17,11:05,Nübe Centro,Mostrador,Latte,2,9000,Sin dato,C203
1974,2026-08-17,15:35,Nübe Centro,Mostrador,Croissant,1,6000,Nequi,
1974,2026-08-17,15:35,Nübe Centro,Mostrador,Frappé de café,1,11000,Nequi,
1975,2026-08-17,16:22,Nübe Centro,Mostrador,Tinto,1,3000,Tarjeta,
1976,2026-08-17,19:54,Nübe Centro,Mostrador,Croissant,1,6000,Efectivo,
1976,2026-08-17,19:54,Nübe Centro,Mostrador,Latte,1,9000,Efectivo,
1976,2026-08-17,19:54,Nübe Centro,Mostrador,Tinto,1,3000,Efectivo,
1977,2026-08-17,09:30,Nübe Centro,Domicilio,Tinto,3,3000,Tarjeta,C061
1978,2026-08-17,13:12,Nübe Centro,Domicilio,Capuchino,1,8500,Efectivo,
1979,2026-08-17,15:12,Nübe Centro,Mostrador,Americano,1,5000,Efectivo,
1979,2026-08-17,15:12,Nübe Centro,Mostrador,Capuchino,1,8500,Efectivo,
1980,2026-08-17,16:33,Nübe Centro,Domicilio,Latte,1,9000,Efectivo,
1980,2026-08-17,16:33,Nübe Centro,Domicilio,Tinto,1,3000,Efectivo,
1981,2026-08-17,09:58,Nübe Centro,Mostrador,Americano,1,5000,Efectivo,C138
1982,2026-08-17,07:21,Nübe Centro,Mostrador,Croissant,1,6000,Nequi,
1983,2026-08-17,14:07,Nübe Centro,Mostrador,Capuchino,1,8500,Tarjeta,C075
1984,2026-08-17,17:27,Nübe Centro,Domicilio,Croissant,1,6000,Tarjeta,C089
1985,2026-08-17,07:58,Nübe Centro,Mostrador,Capuchino,1,8500,Nequi,C161
1985,2026-08-17,07:58,Nübe Centro,Mostrador,Croissant,1,6000,Nequi,C161
1986,2026-08-17,08:59,Nübe Centro,Mostrador,Chocolate caliente,1,7500,Tarjeta,
1987,2026-08-17,14:58,Nübe Centro,Mostrador,Frappé de café,1,11000,Efectivo,
1988,2026-08-17,09:09,Nübe Centro,Mostrador,Chocolate caliente,1,7500,Nequi,
1988,2026-08-17,09:09,Nübe Centro,Mostrador,Croissant,1,6000,Nequi,
1989,2026-08-17,12:57,Nübe Centro,Mostrador,Chocolate caliente,1,7500,Tarjeta,C172
1990,2026-08-17,08:54,Nübe Centro,Mostrador,Chocolate caliente,1,7500,Nequi,
1991,2026-08-17,10:38,Nübe Centro,Mostrador,Tinto,1,3000,Tarjeta,C124
1992,2026-08-17,08:34,Nübe Centro,Mostrador,Croissant,1,6000,Nequi,
1993,2026-08-17,11:29,Nübe Centro,Domicilio,Tinto,1,3000,Efectivo,
1994,2026-08-17,12:10,Nübe Centro,Mostrador,Capuchino,1,8500,Tarjeta,
1994,2026-08-17,12:10,Nübe Centro,Mostrador,Chocolate caliente,1,7500,Tarjeta,
1995,2026-08-17,09:46,Nübe Centro,Mostrador,Croissant de almendras,2,8000,Nequi,C141
1995,2026-08-17,09:46,Nübe Centro,Mostrador,Tinto,1,3000,Nequi,C141
1996,2026-08-17,20:54,Nübe Centro,Mostrador,Capuchino,1,8500,Sin dato,C109
1996,2026-08-17,20:54,Nübe Centro,Mostrador,Croissant,1,6000,Nequi,C109
1996,2026-08-17,20:54,Nübe Centro,Mostrador,Croissant de almendras,2,8000,Nequi,C109
1997,2026-08-17,08:37,Nübe Centro,Mostrador,Capuchino,1,8500,Efectivo,
1997,2026-08-17,08:37,Nübe Centro,Mostrador,Latte,1,9000,Efectivo,
1998,2026-08-17,09:43,Nübe Centro,Domicilio,Americano,1,5000,Efectivo,
1998,2026-08-17,09:43,Nübe Centro,Domicilio,Croissant,1,6000,Efectivo,
1998,2026-08-17,09:43,Nübe Centro,Domicilio,Frappé de café,1,11000,Efectivo,
1999,2026-08-17,09:26,Nübe Centro,Mostrador,Latte,1,9000,Nequi,
2000,2026-08-17,08:17,Nübe Centro,Mostrador,Tinto,1,3000,Efectivo,
2001,2026-08-17,17:06,Nübe Centro,Domicilio,Latte,1,9000,Nequi,C039
2002,2026-08-17,17:46,Nübe Centro,Domicilio,Capuchino,2,8500,Tarjeta,
2003,2026-08-17,11:58,Nübe Centro,Mostrador,Croissant de almendras,1,8000,Tarjeta,
2004,2026-08-17,08:48,Nübe Centro,Domicilio,Americano,1,5000,Tarjeta,
2004,2026-08-17,08:48,Nübe Centro,Domicilio,Chocolate caliente,3,7500,Tarjeta,
2005,2026-08-17,16:59,Nübe Centro,Domicilio,Tinto,1,3000,Efectivo,
2006,2026-08-17,10:52,Nübe Centro,Mostrador,Croissant,1,6000,Efectivo,
2006,2026-08-17,10:52,Nübe Centro,Mostrador,Croissant de almendras,1,8000,Efectivo,
2006,2026-08-17,10:52,Nübe Centro,Mostrador,Tinto,1,3000,Efectivo,
2007,2026-08-17,17:59,Nübe Centro,Mostrador,Chocolate caliente,1,7500,Efectivo,
2007,2026-08-17,17:59,Nübe Centro,Mostrador,Croissant,2,6000,Efectivo,
2007,2026-08-17,17:59,Nübe Centro,Mostrador,Croissant de almendras,1,8000,Efectivo,
2008,2026-08-17,06:54,Nübe Centro,Mostrador,Croissant,1,6000,Efectivo,
2009,2026-08-17,13:44,Nübe Centro,Mostrador,Croissant,1,6000,Tarjeta,
2009,2026-08-17,13:44,Nübe Centro,Mostrador,Croissant de almendras,1,8000,Tarjeta,
2010,2026-08-17,15:24,Nübe Altico,Mostrador,Capuchino,1,8500,Tarjeta,
2010,2026-08-17,15:24,Nübe Altico,Mostrador,Frappé de café,2,11000,Tarjeta,
2011,2026-08-17,12:58,Nübe Altico,Mostrador,Frappé de café,1,11000,Nequi,C095
2012,2026-08-17,09:49,Nübe Altico,Mostrador,Capuchino,1,8500,Efectivo,C105
2013,2026-08-17,17:28,Nübe Altico,Mostrador,Americano,1,5000,Nequi,
2013,2026-08-17,17:28,Nübe Altico,Mostrador,Tinto,2,3000,Nequi,
2014,2026-08-17,09:22,Nübe Altico,Mostrador,Tinto,1,3000,Tarjeta,
2015,2026-08-17,07:32,Nübe Altico,Mostrador,Americano,2,5000,Nequi,C189
2015,2026-08-17,07:32,Nübe Altico,Mostrador,Croissant,2,6000,Nequi,C189
2016,2026-08-17,10:41,Nübe Altico,Mostrador,Croissant,2,6000,Nequi,
2017,2026-08-17,16:44,Nübe Altico,Mostrador,Tinto,1,3000,Nequi,
2018,2026-08-17,13:31,Nübe Altico,Mostrador,Americano,1,5000,Efectivo,C131
2018,2026-08-17,13:31,Nübe Altico,Mostrador,Capuchino,1,8500,Efectivo,C131
2019,2026-08-17,09:13,Nübe Altico,Domicilio,Latte,1,9000,Nequi,
2020,2026-08-17,14:56,Nübe Altico,Mostrador,Chocolate caliente,1,7500,Tarjeta,
2020,2026-08-17,14:56,Nübe Altico,Mostrador,Croissant,3,6000,Sin dato,
2021,2026-08-17,10:10,Nübe Altico,Mostrador,Capuchino,1,8500,Efectivo,
2021,2026-08-17,10:10,Nübe Altico,Mostrador,Latte,1,9000,Efectivo,
2022,2026-08-17,06:00,Nübe Altico,Mostrador,Capuchino,1,8500,Efectivo,C208
2022,2026-08-17,06:00,Nübe Altico,Mostrador,Croissant,1,6000,Efectivo,C208
2022,2026-08-17,06:00,Nübe Altico,Mostrador,Tinto,1,3000,Efectivo,C208
2023,2026-08-17,12:36,Nübe Altico,Mostrador,Croissant,1,6000,Tarjeta,C074
2024,2026-08-17,15:04,Nübe Altico,Mostrador,Croissant,1,6000,Nequi,
2025,2026-08-17,18:28,Nübe Altico,Mostrador,Frappé de café,1,11000,Nequi,
2026,2026-08-17,10:11,Nübe Altico,Mostrador,Americano,1,5000,Efectivo,
2026,2026-08-17,10:11,Nübe Altico,Mostrador,Chocolate caliente,1,7500,Efectivo,
2026,2026-08-17,10:11,Nübe Altico,Mostrador,Croissant,1,6000,Efectivo,
2027,2026-08-17,10:22,Nübe Altico,Mostrador,Croissant de almendras,1,8000,Nequi,
2028,2026-08-17,12:15,Nübe Altico,Mostrador,Capuchino,1,8500,Nequi,
2029,2026-08-17,09:45,Nübe Altico,Mostrador,Tinto,1,3000,Tarjeta,
2030,2026-08-17,13:40,Nübe Altico,Mostrador,Croissant,1,6000,Efectivo,
2031,2026-08-17,09:39,Nübe Altico,Domicilio,Croissant,1,6000,Tarjeta,C252
2031,2026-08-17,09:39,Nübe Altico,Domicilio,Tinto,1,3000,Tarjeta,C252
2032,2026-08-17,20:37,Nübe Altico,Mostrador,Tinto,1,3000,Nequi,
2033,2026-08-17,10:28,Nübe Altico,Domicilio,Americano,1,5000,Efectivo,C296
2033,2026-08-17,10:28,Nübe Altico,Domicilio,Latte,1,9000,Efectivo,C296
2034,2026-08-17,06:48,Nübe Altico,Domicilio,Croissant de almendras,1,8000,Tarjeta,
2034,2026-08-17,06:48,Nübe Altico,Domicilio,Tinto,1,3000,Tarjeta,
2035,2026-08-17,17:03,Nübe Altico,Mostrador,Capuchino,1,8500,Efectivo,
2035,2026-08-17,17:03,Nübe Altico,Mostrador,Croissant,1,6000,Efectivo,
2036,2026-08-17,16:37,Nübe Altico,Mostrador,Americano,1,5000,Nequi,C157
2037,2026-08-17,08:00,Nübe Altico,Mostrador,Capuchino,1,8500,Efectivo,C088
2037,2026-08-17,08:00,Nübe Altico,Mostrador,Croissant,1,6000,Efectivo,C088
2037,2026-08-17,08:00,Nübe Altico,Mostrador,Tinto,1,3000,Efectivo,C088
2038,2026-08-17,10:39,Nübe Altico,Mostrador,Latte,1,9000,Efectivo,
2038,2026-08-17,10:39,Nübe Altico,Mostrador,Tinto,1,3000,Efectivo,
2039,2026-08-17,13:25,Nübe Altico,Mostrador,Croissant,1,6000,Tarjeta,
2040,2026-08-17,07:48,Nübe Altico,Mostrador,Croissant,1,6000,Efectivo,C132
2040,2026-08-17,07:48,Nübe Altico,Mostrador,Tinto,1,3000,Efectivo,C132
2041,2026-08-17,10:36,Nübe Altico,Mostrador,Croissant,1,6000,Efectivo,C008
2042,2026-08-17,16:43,Nübe Altico,Mostrador,Americano,1,5000,Nequi,
2042,2026-08-17,16:43,Nübe Altico,Mostrador,Latte,1,9000,Sin dato,
2043,2026-08-17,14:41,Nübe Altico,Mostrador,Frappé de café,1,11000,Tarjeta,
2044,2026-08-17,13:52,Nübe Altico,Mostrador,Americano,2,5000,Nequi,
2045,2026-08-17,08:38,Nübe Altico,Domicilio,Croissant,2,6000,Efectivo,
2045,2026-08-17,08:38,Nübe Altico,Domicilio,Latte,1,9000,Efectivo,
2046,2026-08-17,14:26,Nübe Altico,Domicilio,Americano,1,5000,Tarjeta,C204
2046,2026-08-17,14:26,Nübe Altico,Domicilio,Croissant,1,6000,Tarjeta,C204
2047,2026-08-17,10:36,Nübe Altico,Mostrador,Americano,1,5000,Nequi,C160
2047,2026-08-17,10:36,Nübe Altico,Mostrador,Chocolate caliente,1,7500,Nequi,C160
2047,2026-08-17,10:36,Nübe Altico,Mostrador,Croissant,1,6000,Nequi,C160
2048,2026-08-17,12:49,Nübe Altico,Mostrador,Croissant,1,6000,Efectivo,C169
2049,2026-08-17,09:22,Nübe Altico,Domicilio,Capuchino,1,8500,Nequi,
2050,2026-08-17,09:17,Nübe Altico,Mostrador,Croissant de almendras,1,8000,Efectivo,
2051,2026-08-17,06:16,Nübe Altico,Mostrador,Croissant,1,6000,Efectivo,C230
2052,2026-08-17,08:14,Nübe Altico,Mostrador,Croissant,1,6000,Efectivo,C246
2053,2026-08-17,10:16,Nübe Altico,Mostrador,Americano,1,5000,Efectivo,
2053,2026-08-17,10:16,Nübe Altico,Mostrador,Capuchino,2,8500,Efectivo,
2053,2026-08-17,10:16,Nübe Altico,Mostrador,Tinto,1,3000,Efectivo,
2054,2026-08-17,12:59,Nübe Altico,Mostrador,Americano,1,5000,Nequi,
2054,2026-08-17,12:59,Nübe Altico,Mostrador,Croissant,3,6000,Nequi,
2054,2026-08-17,12:59,Nübe Altico,Mostrador,Tinto,1,3000,Nequi,
2055,2026-08-17,06:36,Nübe Altico,Domicilio,Chocolate caliente,1,7500,Tarjeta,
2055,2026-08-17,06:36,Nübe Altico,Domicilio,Croissant,1,6000,Tarjeta,
2055,2026-08-17,06:36,Nübe Altico,Domicilio,Tinto,1,3000,Tarjeta,
2056,2026-08-17,07:25,Nübe Altico,Mostrador,Croissant,1,6000,Nequi,C061
2057,2026-08-17,14:28,Nübe Altico,Mostrador,Croissant,1,6000,Efectivo,
2058,2026-08-17,15:18,Nübe Altico,Mostrador,Americano,1,5000,Nequi,C086
2059,2026-08-17,07:01,Nübe Altico,Mostrador,Capuchino,3,8500,Efectivo,
2059,2026-08-17,07:01,Nübe Altico,Mostrador,Croissant,2,6000,Efectivo,
2060,2026-08-17,08:49,Nübe Altico,Mostrador,Croissant de almendras,1,8000,Tarjeta,
2061,2026-08-17,16:28,Nübe Altico,Mostrador,Americano,2,5000,Tarjeta,C115
2061,2026-08-17,16:28,Nübe Altico,Mostrador,Latte,2,9000,Tarjeta,C115
2061,2026-08-17,16:28,Nübe Altico,Mostrador,Tinto,2,3000,Tarjeta,C115
2062,2026-08-17,11:42,Nübe Altico,Domicilio,Americano,3,5000,Tarjeta,C067
2063,2026-08-17,10:52,Nübe Altico,Mostrador,Croissant,1,6000,Efectivo,
2064,2026-08-17,12:43,Nübe Altico,Mostrador,Chocolate caliente,1,7500,Efectivo,
2065,2026-08-17,18:50,Nübe Altico,Mostrador,Capuchino,1,8500,Efectivo,
2065,2026-08-17,18:50,Nübe Altico,Mostrador,Chocolate caliente,1,7500,Efectivo,
2065,2026-08-17,18:50,Nübe Altico,Mostrador,Croissant,1,6000,Efectivo,
2066,2026-08-17,12:54,Nübe Altico,Mostrador,Capuchino,1,8500,Efectivo,C075
2067,2026-08-17,14:02,Nübe Altico,Mostrador,Americano,1,5000,Nequi,
2067,2026-08-17,14:02,Nübe Altico,Mostrador,Capuchino,1,8500,Nequi,
2068,2026-08-17,07:21,Nübe Altico,Mostrador,Tinto,1,3000,Tarjeta,
2069,2026-08-17,08:17,Nübe Altico,Mostrador,Americano,1,5000,Tarjeta,C262
2069,2026-08-17,08:17,Nübe Altico,Mostrador,Croissant,1,6000,Tarjeta,C262
2070,2026-08-17,17:33,Nübe Altico,Mostrador,Capuchino,1,8500,Nequi,
2070,2026-08-17,17:33,Nübe Altico,Mostrador,Tinto,1,3000,Nequi,
2071,2026-08-17,07:35,Nübe Altico,Mostrador,Chocolate caliente,1,7500,Nequi,
2072,2026-08-17,17:13,Nübe Altico,Mostrador,Croissant,1,6000,Sin dato,
2073,2026-08-17,16:10,Nübe Altico,Mostrador,Tinto,2,3000,Efectivo,
2074,2026-08-17,10:05,Nübe Altico,Domicilio,Croissant de almendras,1,8000,Tarjeta,C283
2075,2026-08-17,11:53,Nübe Altico,Domicilio,Frappé de café,1,11000,Nequi,C211
2075,2026-08-17,11:53,Nübe Altico,Domicilio,Tinto,1,3000,Nequi,C211
2076,2026-08-17,16:54,Nübe Altico,Mostrador,Croissant,1,6000,Efectivo,
2076,2026-08-17,16:54,Nübe Altico,Mostrador,Tinto,1,3000,Efectivo,
2077,2026-08-17,17:09,Nübe Altico,Domicilio,Croissant,2,6000,Efectivo,
2078,2026-08-17,17:51,Nübe Altico,Mostrador,Croissant,1,6000,Tarjeta,C108
2078,2026-08-17,17:51,Nübe Altico,Mostrador,Frappé de café,1,11000,Tarjeta,C108
2078,2026-08-17,17:51,Nübe Altico,Mostrador,Tinto,1,3000,Tarjeta,C108
2079,2026-08-17,18:04,Nübe Altico,Mostrador,Americano,1,5000,Nequi,C001
2079,2026-08-17,18:04,Nübe Altico,Mostrador,Frappé de café,1,11000,Nequi,C001
2080,2026-08-17,17:28,Nübe Altico,Mostrador,Latte,1,9000,Sin dato,
2081,2026-08-17,16:58,Nübe Altico,Mostrador,Croissant de almendras,1,8000,Efectivo,
2081,2026-08-17,16:58,Nübe Altico,Mostrador,Latte,2,9000,Efectivo,
2082,2026-08-18,10:37,Nübe Centro,Mostrador,Frappé de café,1,11000,Efectivo,C113
2083,2026-08-18,07:04,Nübe Centro,Mostrador,Capuchino,1,8500,Nequi,
2084,2026-08-18,12:35,Nübe Centro,Mostrador,Croissant de almendras,2,8000,Tarjeta,
2084,2026-08-18,12:35,Nübe Centro,Mostrador,Tinto,1,3000,Tarjeta,
2085,2026-08-18,16:39,Nübe Centro,Mostrador,Frappé de café,2,11000,Tarjeta,C217
2086,2026-08-18,17:26,Nübe Centro,Mostrador,Croissant,2,6000,Nequi,C137
2086,2026-08-18,17:26,Nübe Centro,Mostrador,Latte,1,9000,Nequi,C137
2087,2026-08-18,08:33,Nübe Centro,Domicilio,Capuchino,3,8500,Tarjeta,
2087,2026-08-18,08:33,Nübe Centro,Domicilio,Croissant,1,6000,Tarjeta,
2088,2026-08-18,11:34,Nübe Centro,Mostrador,Latte,1,9000,Efectivo,C106
2089,2026-08-18,16:10,Nübe Centro,Mostrador,Capuchino,3,8500,Efectivo,C098
2090,2026-08-18,13:27,Nübe Centro,Mostrador,Frappé de café,1,11000,Tarjeta,C276
2090,2026-08-18,13:27,Nübe Centro,Mostrador,Tinto,1,3000,Tarjeta,C276
2091,2026-08-18,11:49,Nübe Centro,Mostrador,Americano,1,5000,Nequi,C257
2092,2026-08-18,12:00,Nübe Centro,Mostrador,Capuchino,1,8500,Tarjeta,C260
2092,2026-08-18,12:00,Nübe Centro,Mostrador,Latte,1,9000,Tarjeta,C260
2093,2026-08-18,16:58,Nübe Centro,Mostrador,Tinto,1,3000,Tarjeta,C200
2094,2026-08-18,09:35,Nübe Centro,Domicilio,Croissant,1,6000,Nequi,
2094,2026-08-18,09:35,Nübe Centro,Domicilio,Latte,1,9000,Sin dato,
2095,2026-08-18,16:56,Nübe Centro,Mostrador,Latte,1,9000,Nequi,C131
2096,2026-08-18,09:18,Nübe Centro,Mostrador,Croissant,1,6000,Nequi,
2096,2026-08-18,09:18,Nübe Centro,Mostrador,Tinto,1,3000,Nequi,
2097,2026-08-18,08:27,Nübe Centro,Mostrador,Chocolate caliente,1,7500,Efectivo,
2097,2026-08-18,08:27,Nübe Centro,Mostrador,Frappé de café,2,11000,Efectivo,
2098,2026-08-18,08:05,Nübe Centro,Domicilio,Americano,1,5000,Tarjeta,
2098,2026-08-18,08:05,Nübe Centro,Domicilio,Latte,1,9000,Tarjeta,
2099,2026-08-18,09:14,Nübe Centro,Mostrador,Frappé de café,1,11000,Efectivo,
2099,2026-08-18,09:14,Nübe Centro,Mostrador,Tinto,1,3000,Efectivo,
2100,2026-08-18,15:44,Nübe Centro,Mostrador,Americano,1,5000,Efectivo,C041
2101,2026-08-18,18:48,Nübe Centro,Mostrador,Americano,1,5000,Nequi,
2101,2026-08-18,18:48,Nübe Centro,Mostrador,Latte,1,9000,Nequi,
2102,2026-08-18,15:43,Nübe Centro,Domicilio,Capuchino,1,8500,Tarjeta,C066
2103,2026-08-18,13:01,Nübe Centro,Domicilio,Croissant,1,6000,Efectivo,C010
2103,2026-08-18,13:01,Nübe Centro,Domicilio,Croissant de almendras,1,8000,Efectivo,C010
2103,2026-08-18,13:01,Nübe Centro,Domicilio,Tinto,1,3000,Efectivo,C010
2104,2026-08-18,10:28,Nübe Centro,Mostrador,Americano,1,5000,Nequi,C017
2104,2026-08-18,10:28,Nübe Centro,Mostrador,Croissant de almendras,1,8000,Nequi,C017
2105,2026-08-18,10:43,Nübe Centro,Mostrador,Tinto,1,3000,Nequi,C243
2106,2026-08-18,10:38,Nübe Centro,Mostrador,Capuchino,2,8500,Tarjeta,
2106,2026-08-18,10:38,Nübe Centro,Mostrador,Latte,1,9000,Tarjeta,
2107,2026-08-18,08:34,Nübe Centro,Mostrador,Latte,1,9000,Nequi,
2108,2026-08-18,16:05,Nübe Centro,Mostrador,Capuchino,1,8500,Sin dato,C109
2109,2026-08-18,19:47,Nübe Centro,Mostrador,Croissant,2,6000,Efectivo,C250
2109,2026-08-18,19:47,Nübe Centro,Mostrador,Croissant de almendras,1,8000,Efectivo,C250
2110,2026-08-18,17:43,Nübe Centro,Mostrador,Croissant,1,6000,Nequi,
2111,2026-08-18,15:09,Nübe Centro,Mostrador,Frappé de café,1,11000,Nequi,C090
2111,2026-08-18,15:09,Nübe Centro,Mostrador,Tinto,1,3000,Nequi,C090
2112,2026-08-18,07:08,Nübe Centro,Mostrador,Americano,1,5000,Efectivo,C227
2112,2026-08-18,07:08,Nübe Centro,Mostrador,Chocolate caliente,2,7500,Efectivo,C227
2112,2026-08-18,07:08,Nübe Centro,Mostrador,Croissant,1,6000,Efectivo,C227
2113,2026-08-18,12:14,Nübe Centro,Domicilio,Capuchino,1,8500,Tarjeta,C272
2113,2026-08-18,12:14,Nübe Centro,Domicilio,Croissant,2,6000,Tarjeta,C272
2113,2026-08-18,12:14,Nübe Centro,Domicilio,Frappé de café,1,11000,Tarjeta,C272
2114,2026-08-18,09:19,Nübe Centro,Mostrador,Americano,1,5000,Efectivo,
2115,2026-08-18,09:11,Nübe Centro,Mostrador,Americano,1,5000,Tarjeta,C204
2115,2026-08-18,09:11,Nübe Centro,Mostrador,Croissant,1,6000,Tarjeta,C204
2115,2026-08-18,09:11,Nübe Centro,Mostrador,Tinto,1,3000,Tarjeta,C204
2116,2026-08-18,07:11,Nübe Centro,Mostrador,Croissant de almendras,1,8000,Tarjeta,C287
2116,2026-08-18,07:11,Nübe Centro,Mostrador,Tinto,3,3000,Tarjeta,C287
2117,2026-08-18,12:50,Nübe Centro,Mostrador,Latte,3,9000,Tarjeta,C252
2117,2026-08-18,12:50,Nübe Centro,Mostrador,Tinto,1,3000,Tarjeta,C252
2118,2026-08-18,10:20,Nübe Centro,Mostrador,Capuchino,1,8500,Tarjeta,C098
2119,2026-08-18,17:49,Nübe Centro,Mostrador,Americano,1,5000,Tarjeta,
2119,2026-08-18,17:49,Nübe Centro,Mostrador,Capuchino,2,8500,Sin dato,
2119,2026-08-18,17:49,Nübe Centro,Mostrador,Frappé de café,1,11000,Tarjeta,
2120,2026-08-18,07:46,Nübe Centro,Mostrador,Croissant,1,6000,Efectivo,
2120,2026-08-18,07:46,Nübe Centro,Mostrador,Latte,3,9000,Efectivo,
2120,2026-08-18,07:46,Nübe Centro,Mostrador,Tinto,1,3000,Efectivo,
2121,2026-08-18,10:56,Nübe Centro,Domicilio,Tinto,1,3000,Nequi,C195
2122,2026-08-18,11:00,Nübe Centro,Domicilio,Croissant de almendras,1,8000,Nequi,
2123,2026-08-18,08:04,Nübe Centro,Mostrador,Chocolate caliente,1,7500,Efectivo,
2123,2026-08-18,08:04,Nübe Centro,Mostrador,Croissant,2,6000,Efectivo,
2124,2026-08-18,08:08,Nübe Centro,Mostrador,Croissant,1,6000,Efectivo,
2124,2026-08-18,08:08,Nübe Centro,Mostrador,Frappé de café,1,11000,Efectivo,
2125,2026-08-18,06:10,Nübe Centro,Mostrador,Capuchino,2,8500,Efectivo,
2125,2026-08-18,06:10,Nübe Centro,Mostrador,Frappé de café,2,11000,Efectivo,
2126,2026-08-18,07:22,Nübe Centro,Mostrador,Croissant,2,6000,Nequi,C018
2127,2026-08-18,18:06,Nübe Centro,Domicilio,Croissant de almendras,1,8000,Efectivo,
2127,2026-08-18,18:06,Nübe Centro,Domicilio,Tinto,1,3000,Efectivo,
2128,2026-08-18,10:08,Nübe Centro,Mostrador,Croissant de almendras,1,8000,Tarjeta,C235
2128,2026-08-18,10:08,Nübe Centro,Mostrador,Latte,1,9000,Tarjeta,C235
2129,2026-08-18,11:51,Nübe Centro,Mostrador,Capuchino,1,8500,Nequi,
2130,2026-08-18,09:43,Nübe Centro,Mostrador,Tinto,1,3000,Efectivo,
2131,2026-08-18,18:47,Nübe Centro,Mostrador,Chocolate caliente,1,7500,Tarjeta,C255
2132,2026-08-18,08:27,Nübe Centro,Domicilio,Croissant,1,6000,Nequi,C052
2133,2026-08-18,07:34,Nübe Centro,Mostrador,Croissant de almendras,1,8000,Nequi,C300
2133,2026-08-18,07:34,Nübe Centro,Mostrador,Frappé de café,1,11000,Nequi,C300
2134,2026-08-18,09:44,Nübe Centro,Mostrador,Croissant,1,6000,Efectivo,
2134,2026-08-18,09:44,Nübe Centro,Mostrador,Croissant de almendras,1,8000,Efectivo,
2135,2026-08-18,07:48,Nübe Centro,Domicilio,Croissant,2,6000,Nequi,C046
2135,2026-08-18,07:48,Nübe Centro,Domicilio,Tinto,1,3000,Nequi,C046
2136,2026-08-18,14:32,Nübe Centro,Mostrador,Frappé de café,1,11000,Tarjeta,
2137,2026-08-18,13:45,Nübe Centro,Mostrador,Tinto,1,3000,Tarjeta,C012
2138,2026-08-18,12:36,Nübe Centro,Mostrador,Americano,1,5000,Nequi,
2138,2026-08-18,12:36,Nübe Centro,Mostrador,Chocolate caliente,1,7500,Nequi,
2139,2026-08-18,08:34,Nübe Centro,Mostrador,Chocolate caliente,1,7500,Tarjeta,
2140,2026-08-18,19:08,Nübe Centro,Mostrador,Capuchino,1,8500,Efectivo,
2141,2026-08-18,15:04,Nübe Centro,Mostrador,Capuchino,1,8500,Efectivo,C083
2142,2026-08-18,15:26,Nübe Centro,Mostrador,Tinto,1,3000,Tarjeta,C006
2143,2026-08-18,10:10,Nübe Centro,Mostrador,Americano,1,5000,Efectivo,
2143,2026-08-18,10:10,Nübe Centro,Mostrador,Capuchino,1,8500,Efectivo,
2143,2026-08-18,10:10,Nübe Centro,Mostrador,Croissant,1,6000,Efectivo,
2144,2026-08-18,15:43,Nübe Centro,Mostrador,Frappé de café,1,11000,Nequi,
2145,2026-08-18,08:43,Nübe Centro,Mostrador,Tinto,1,3000,Efectivo,C185
2146,2026-08-18,06:06,Nübe Centro,Mostrador,Americano,1,5000,Efectivo,
2147,2026-08-18,10:41,Nübe Centro,Domicilio,Tinto,2,3000,Tarjeta,
2148,2026-08-18,13:31,Nübe Centro,Mostrador,Americano,1,5000,Efectivo,C255
2148,2026-08-18,13:31,Nübe Centro,Mostrador,Chocolate caliente,1,7500,Efectivo,C255
2149,2026-08-18,15:29,Nübe Centro,Mostrador,Chocolate caliente,1,7500,Efectivo,
2149,2026-08-18,15:29,Nübe Centro,Mostrador,Croissant,2,6000,Efectivo,
2150,2026-08-18,09:53,Nübe Centro,Mostrador,Americano,1,5000,Nequi,
2150,2026-08-18,09:53,Nübe Centro,Mostrador,Tinto,1,3000,Nequi,
2151,2026-08-18,09:10,Nübe Centro,Mostrador,Latte,2,9000,Efectivo,C107
2152,2026-08-18,10:15,Nübe Centro,Mostrador,Americano,1,5000,Efectivo,
2153,2026-08-18,13:50,Nübe Centro,Mostrador,Frappé de café,1,11000,Tarjeta,
2154,2026-08-18,14:15,Nübe Centro,Mostrador,Croissant,1,6000,Tarjeta,C269
2154,2026-08-18,14:15,Nübe Centro,Mostrador,Latte,2,9000,Tarjeta,C269
2155,2026-08-18,18:54,Nübe Centro,Mostrador,Croissant,1,6000,Efectivo,
2156,2026-08-18,20:25,Nübe Centro,Mostrador,Croissant,2,6000,Tarjeta,
2156,2026-08-18,20:25,Nübe Centro,Mostrador,Latte,1,9000,Tarjeta,
2157,2026-08-18,16:47,Nübe Centro,Mostrador,Tinto,3,3000,Efectivo,C212
2158,2026-08-18,15:43,Nübe Centro,Mostrador,Americano,1,5000,Nequi,C291
2158,2026-08-18,15:43,Nübe Centro,Mostrador,Capuchino,1,8500,Nequi,C291
2159,2026-08-18,07:53,Nübe Centro,Mostrador,Croissant,1,6000,Nequi,
2160,2026-08-18,12:56,Nübe Centro,Mostrador,Croissant,1,6000,Tarjeta,C237
2160,2026-08-18,12:56,Nübe Centro,Mostrador,Latte,1,9000,Tarjeta,C237
2160,2026-08-18,12:56,Nübe Centro,Mostrador,Tinto,1,3000,Tarjeta,C237
2161,2026-08-18,10:35,Nübe Centro,Domicilio,Latte,2,9000,Efectivo,C093
2162,2026-08-18,08:52,Nübe Centro,Mostrador,Croissant,1,6000,Sin dato,
2163,2026-08-18,17:13,Nübe Altico,Mostrador,Chocolate caliente,1,7500,Nequi,C182
2164,2026-08-18,07:47,Nübe Altico,Mostrador,Latte,1,9000,Efectivo,
2164,2026-08-18,07:47,Nübe Altico,Mostrador,Tinto,1,3000,Efectivo,
2165,2026-08-18,08:02,Nübe Altico,Mostrador,Americano,1,5000,Efectivo,
2166,2026-08-18,07:19,Nübe Altico,Mostrador,Capuchino,1,8500,Efectivo,
2166,2026-08-18,07:19,Nübe Altico,Mostrador,Croissant de almendras,1,8000,Efectivo,
2167,2026-08-18,12:59,Nübe Altico,Mostrador,Tinto,1,3000,Efectivo,C040
2168,2026-08-18,10:44,Nübe Altico,Domicilio,Capuchino,1,8500,Tarjeta,C196
2168,2026-08-18,10:44,Nübe Altico,Domicilio,Croissant,2,6000,Tarjeta,C196
2168,2026-08-18,10:44,Nübe Altico,Domicilio,Frappé de café,1,11000,Tarjeta,C196
2169,2026-08-18,16:20,Nübe Altico,Mostrador,Capuchino,1,8500,Nequi,C149
2170,2026-08-18,09:55,Nübe Altico,Mostrador,Capuchino,1,8500,Nequi,C245
2171,2026-08-18,06:19,Nübe Altico,Mostrador,Capuchino,1,8500,Efectivo,
2171,2026-08-18,06:19,Nübe Altico,Mostrador,Tinto,1,3000,Efectivo,
2172,2026-08-18,14:44,Nübe Altico,Mostrador,Croissant,2,6000,Tarjeta,
2173,2026-08-18,10:50,Nübe Altico,Domicilio,Croissant,1,6000,Tarjeta,
2174,2026-08-18,10:34,Nübe Altico,Domicilio,Americano,1,5000,Nequi,
2175,2026-08-18,11:39,Nübe Altico,Mostrador,Croissant,1,6000,Efectivo,C146
2176,2026-08-18,09:52,Nübe Altico,Mostrador,Americano,1,5000,Nequi,C009
2176,2026-08-18,09:52,Nübe Altico,Mostrador,Latte,1,9000,Nequi,C009
2177,2026-08-18,08:44,Nübe Altico,Domicilio,Capuchino,1,8500,Efectivo,C095
2177,2026-08-18,08:44,Nübe Altico,Domicilio,Croissant,1,6000,Efectivo,C095
2177,2026-08-18,08:44,Nübe Altico,Domicilio,Latte,1,9000,Sin dato,C095
2178,2026-08-18,14:32,Nübe Altico,Mostrador,Tinto,1,3000,Tarjeta,
2179,2026-08-18,09:26,Nübe Altico,Mostrador,Tinto,2,3000,Nequi,
2180,2026-08-18,20:30,Nübe Altico,Mostrador,Latte,3,9000,Tarjeta,C023
2181,2026-08-18,07:58,Nübe Altico,Mostrador,Croissant de almendras,1,8000,Nequi,
2181,2026-08-18,07:58,Nübe Altico,Mostrador,Latte,1,9000,Nequi,
2182,2026-08-18,15:11,Nübe Altico,Mostrador,Capuchino,1,8500,Efectivo,C205
2183,2026-08-18,10:11,Nübe Altico,Domicilio,Frappé de café,1,11000,Nequi,
2184,2026-08-18,08:40,Nübe Altico,Mostrador,Frappé de café,1,11000,Efectivo,
2185,2026-08-18,13:29,Nübe Altico,Mostrador,Croissant,1,6000,Efectivo,
2185,2026-08-18,13:29,Nübe Altico,Mostrador,Frappé de café,1,11000,Efectivo,
2186,2026-08-18,14:14,Nübe Altico,Mostrador,Frappé de café,1,11000,Nequi,
2186,2026-08-18,14:14,Nübe Altico,Mostrador,Tinto,2,3000,Nequi,
2187,2026-08-18,11:22,Nübe Altico,Mostrador,Tinto,2,3000,Tarjeta,C145
2188,2026-08-18,07:13,Nübe Altico,Mostrador,Latte,1,9000,Tarjeta,
2188,2026-08-18,07:13,Nübe Altico,Mostrador,Tinto,1,3000,Tarjeta,
2189,2026-08-18,18:51,Nübe Altico,Mostrador,Americano,3,5000,Nequi,
2189,2026-08-18,18:51,Nübe Altico,Mostrador,Croissant de almendras,1,8000,Nequi,
2190,2026-08-18,08:34,Nübe Altico,Mostrador,Americano,1,5000,Nequi,
2190,2026-08-18,08:34,Nübe Altico,Mostrador,Capuchino,1,8500,Nequi,
2190,2026-08-18,08:34,Nübe Altico,Mostrador,Tinto,1,3000,Nequi,
2191,2026-08-18,14:49,Nübe Altico,Domicilio,Capuchino,1,8500,Nequi,
2191,2026-08-18,14:49,Nübe Altico,Domicilio,Croissant,1,6000,Nequi,
2191,2026-08-18,14:49,Nübe Altico,Domicilio,Tinto,1,3000,Nequi,
2192,2026-08-18,15:46,Nübe Altico,Mostrador,Frappé de café,1,11000,Nequi,C253
2193,2026-08-18,08:01,Nübe Altico,Mostrador,Americano,1,5000,Tarjeta,
2193,2026-08-18,08:01,Nübe Altico,Mostrador,Croissant de almendras,1,8000,Tarjeta,
2194,2026-08-18,08:42,Nübe Altico,Domicilio,Americano,1,5000,Efectivo,
2195,2026-08-18,09:48,Nübe Altico,Domicilio,Tinto,1,3000,Tarjeta,
2196,2026-08-18,07:36,Nübe Altico,Mostrador,Croissant,2,6000,Tarjeta,C032
2197,2026-08-18,10:53,Nübe Altico,Mostrador,Americano,1,5000,Nequi,
2198,2026-08-18,07:21,Nübe Altico,Mostrador,Frappé de café,1,11000,Efectivo,
2198,2026-08-18,07:21,Nübe Altico,Mostrador,Tinto,1,3000,Efectivo,
2199,2026-08-18,16:27,Nübe Altico,Mostrador,Capuchino,1,8500,Nequi,
2200,2026-08-18,20:00,Nübe Altico,Mostrador,Croissant,2,6000,Efectivo,
2200,2026-08-18,20:00,Nübe Altico,Mostrador,Frappé de café,1,11000,Efectivo,
2201,2026-08-18,16:42,Nübe Altico,Domicilio,Croissant,1,6000,Tarjeta,
2202,2026-08-18,07:33,Nübe Altico,Mostrador,Croissant,1,6000,Tarjeta,
2202,2026-08-18,07:33,Nübe Altico,Mostrador,Tinto,1,3000,Tarjeta,
2203,2026-08-18,07:37,Nübe Altico,Mostrador,Croissant,1,6000,Tarjeta,C081
2204,2026-08-19,08:25,Nübe Centro,Mostrador,Americano,1,5000,Tarjeta,C140
2204,2026-08-19,08:25,Nübe Centro,Mostrador,Tinto,3,3000,Tarjeta,C140
2205,2026-08-19,08:34,Nübe Centro,Mostrador,Americano,1,5000,Efectivo,
2206,2026-08-19,13:38,Nübe Centro,Mostrador,Capuchino,2,8500,Nequi,C236
2207,2026-08-19,08:21,Nübe Centro,Mostrador,Croissant de almendras,1,8000,Efectivo,C164
2207,2026-08-19,08:21,Nübe Centro,Mostrador,Latte,1,9000,Efectivo,C164
2208,2026-08-19,16:54,Nübe Centro,Mostrador,Capuchino,1,8500,Tarjeta,
2208,2026-08-19,16:54,Nübe Centro,Mostrador,Tinto,1,3000,Tarjeta,
2209,2026-08-19,09:49,Nübe Centro,Mostrador,Croissant,1,6000,Nequi,C276
2210,2026-08-19,19:32,Nübe Centro,Mostrador,Croissant,1,6000,Efectivo,C144
2210,2026-08-19,19:32,Nübe Centro,Mostrador,Tinto,2,3000,Efectivo,C144
2211,2026-08-19,15:31,Nübe Centro,Mostrador,Tinto,2,3000,Sin dato,C057
2212,2026-08-19,17:24,Nübe Centro,Mostrador,Capuchino,1,8500,Efectivo,
2213,2026-08-19,09:35,Nübe Centro,Mostrador,Croissant de almendras,2,8000,Efectivo,
2214,2026-08-19,09:11,Nübe Centro,Mostrador,Croissant,1,6000,Efectivo,
2215,2026-08-19,17:01,Nübe Centro,Domicilio,Capuchino,1,8500,Nequi,C043
2215,2026-08-19,17:01,Nübe Centro,Domicilio,Croissant,2,6000,Nequi,C043
2216,2026-08-19,10:18,Nübe Centro,Mostrador,Chocolate caliente,1,7500,Tarjeta,
2216,2026-08-19,10:18,Nübe Centro,Mostrador,Croissant,2,6000,Tarjeta,
2216,2026-08-19,10:18,Nübe Centro,Mostrador,Tinto,1,3000,Tarjeta,
2217,2026-08-19,07:48,Nübe Centro,Mostrador,Capuchino,1,8500,Efectivo,
2217,2026-08-19,07:48,Nübe Centro,Mostrador,Latte,1,9000,Efectivo,
2218,2026-08-19,12:45,Nübe Centro,Mostrador,Croissant de almendras,2,8000,Sin dato,
2219,2026-08-19,07:02,Nübe Centro,Domicilio,Croissant,1,6000,Tarjeta,C119
2220,2026-08-19,11:33,Nübe Centro,Mostrador,Croissant de almendras,1,8000,Tarjeta,
2221,2026-08-19,13:42,Nübe Centro,Mostrador,Chocolate caliente,3,7500,Efectivo,C280
2221,2026-08-19,13:42,Nübe Centro,Mostrador,Croissant de almendras,2,8000,Efectivo,C280
2222,2026-08-19,12:42,Nübe Centro,Mostrador,Frappé de café,1,11000,Nequi,
2223,2026-08-19,15:02,Nübe Centro,Mostrador,Americano,1,5000,Efectivo,C063
2223,2026-08-19,15:02,Nübe Centro,Mostrador,Tinto,1,3000,Efectivo,C063
2224,2026-08-19,20:01,Nübe Centro,Domicilio,Capuchino,1,8500,Tarjeta,
2225,2026-08-19,07:24,Nübe Centro,Mostrador,Capuchino,1,8500,Nequi,
2226,2026-08-19,09:28,Nübe Centro,Mostrador,Americano,1,5000,Nequi,C220
2226,2026-08-19,09:28,Nübe Centro,Mostrador,Croissant,1,6000,Nequi,C220
2227,2026-08-19,10:54,Nübe Centro,Mostrador,Chocolate caliente,1,7500,Efectivo,
2228,2026-08-19,16:46,Nübe Centro,Mostrador,Croissant,3,6000,Tarjeta,
2229,2026-08-19,11:39,Nübe Centro,Mostrador,Croissant de almendras,1,8000,Efectivo,C175
2229,2026-08-19,11:39,Nübe Centro,Mostrador,Latte,1,9000,Efectivo,C175
2230,2026-08-19,15:04,Nübe Centro,Domicilio,Tinto,1,3000,Tarjeta,C273
2231,2026-08-19,08:29,Nübe Centro,Domicilio,Americano,1,5000,Nequi,C102
2231,2026-08-19,08:29,Nübe Centro,Domicilio,Croissant,1,6000,Nequi,C102
2232,2026-08-19,10:00,Nübe Centro,Domicilio,Capuchino,1,8500,Efectivo,
2233,2026-08-19,09:13,Nübe Centro,Domicilio,Capuchino,1,8500,Efectivo,
2233,2026-08-19,09:13,Nübe Centro,Domicilio,Tinto,1,3000,Efectivo,
2234,2026-08-19,11:38,Nübe Centro,Mostrador,Croissant de almendras,1,8000,Tarjeta,C232
2235,2026-08-19,11:03,Nübe Centro,Mostrador,Frappé de café,1,11000,Nequi,
2236,2026-08-19,09:44,Nübe Centro,Mostrador,Americano,1,5000,Efectivo,
2237,2026-08-19,18:41,Nübe Centro,Mostrador,Croissant,1,6000,Tarjeta,
2238,2026-08-19,10:09,Nübe Centro,Mostrador,Frappé de café,2,11000,Efectivo,C082
2238,2026-08-19,10:09,Nübe Centro,Mostrador,Tinto,1,3000,Efectivo,C082
2239,2026-08-19,07:21,Nübe Centro,Mostrador,Croissant de almendras,2,8000,Tarjeta,C233
2240,2026-08-19,07:18,Nübe Centro,Mostrador,Capuchino,1,8500,Tarjeta,
2241,2026-08-19,08:01,Nübe Centro,Mostrador,Chocolate caliente,1,7500,Efectivo,C133
2241,2026-08-19,08:01,Nübe Centro,Mostrador,Frappé de café,2,11000,Efectivo,C133
2242,2026-08-19,09:14,Nübe Centro,Mostrador,Frappé de café,1,11000,Nequi,C020
2243,2026-08-19,18:35,Nübe Centro,Mostrador,Tinto,1,3000,Efectivo,C003
2244,2026-08-19,07:23,Nübe Centro,Mostrador,Croissant de almendras,1,8000,Efectivo,
2244,2026-08-19,07:23,Nübe Centro,Mostrador,Tinto,1,3000,Efectivo,
2245,2026-08-19,09:40,Nübe Centro,Domicilio,Frappé de café,1,11000,Efectivo,C111
2246,2026-08-19,09:50,Nübe Centro,Mostrador,Latte,1,9000,Nequi,C257
2247,2026-08-19,16:15,Nübe Centro,Mostrador,Capuchino,1,8500,Nequi,
2247,2026-08-19,16:15,Nübe Centro,Mostrador,Chocolate caliente,1,7500,Nequi,
2247,2026-08-19,16:15,Nübe Centro,Mostrador,Latte,1,9000,Nequi,
2248,2026-08-19,12:32,Nübe Centro,Mostrador,Capuchino,1,8500,Tarjeta,
2249,2026-08-19,10:06,Nübe Centro,Mostrador,Tinto,1,3000,Nequi,C052
2250,2026-08-19,08:18,Nübe Centro,Domicilio,Americano,1,5000,Efectivo,
2251,2026-08-19,18:24,Nübe Centro,Mostrador,Americano,1,5000,Nequi,
2251,2026-08-19,18:24,Nübe Centro,Mostrador,Croissant,1,6000,Nequi,
2252,2026-08-19,17:05,Nübe Centro,Mostrador,Chocolate caliente,1,7500,Nequi,
2252,2026-08-19,17:05,Nübe Centro,Mostrador,Latte,1,9000,Nequi,
2253,2026-08-19,07:37,Nübe Centro,Domicilio,Frappé de café,1,11000,Nequi,C110
2253,2026-08-19,07:37,Nübe Centro,Domicilio,Tinto,1,3000,Nequi,C110
2254,2026-08-19,11:27,Nübe Centro,Mostrador,Chocolate caliente,1,7500,Nequi,C252
2255,2026-08-19,19:15,Nübe Centro,Mostrador,Latte,1,9000,Tarjeta,
2256,2026-08-19,20:48,Nübe Centro,Mostrador,Americano,2,5000,Tarjeta,C079
2257,2026-08-19,09:28,Nübe Centro,Mostrador,Capuchino,2,8500,Nequi,C147
2258,2026-08-19,10:25,Nübe Centro,Mostrador,Croissant,1,6000,Efectivo,
2259,2026-08-19,13:31,Nübe Centro,Domicilio,Americano,1,5000,Tarjeta,
2259,2026-08-19,13:31,Nübe Centro,Domicilio,Latte,2,9000,Tarjeta,
2260,2026-08-19,10:51,Nübe Centro,Mostrador,Croissant de almendras,1,8000,Nequi,
2261,2026-08-19,08:07,Nübe Centro,Mostrador,Capuchino,1,8500,Nequi,C218
2261,2026-08-19,08:07,Nübe Centro,Mostrador,Tinto,1,3000,Nequi,C218
2262,2026-08-19,15:14,Nübe Centro,Mostrador,Capuchino,1,8500,Nequi,
2262,2026-08-19,15:14,Nübe Centro,Mostrador,Chocolate caliente,1,7500,Nequi,
2262,2026-08-19,15:14,Nübe Centro,Mostrador,Frappé de café,1,11000,Nequi,
2263,2026-08-19,16:56,Nübe Centro,Mostrador,Americano,1,5000,Nequi,C112
2263,2026-08-19,16:56,Nübe Centro,Mostrador,Croissant,1,6000,Nequi,C112
2264,2026-08-19,13:36,Nübe Centro,Mostrador,Croissant,1,6000,Efectivo,C091
2264,2026-08-19,13:36,Nübe Centro,Mostrador,Croissant de almendras,1,8000,Efectivo,C091
2265,2026-08-19,07:56,Nübe Centro,Domicilio,Latte,2,9000,Nequi,C203
2266,2026-08-19,17:49,Nübe Centro,Mostrador,Frappé de café,1,11000,Nequi,
2266,2026-08-19,17:49,Nübe Centro,Mostrador,Tinto,2,3000,Nequi,
2267,2026-08-19,16:25,Nübe Centro,Mostrador,Capuchino,1,8500,Efectivo,
2268,2026-08-19,08:05,Nübe Centro,Domicilio,Americano,1,5000,Tarjeta,
2269,2026-08-19,12:36,Nübe Centro,Mostrador,Latte,1,9000,Efectivo,C016
2269,2026-08-19,12:36,Nübe Centro,Mostrador,Tinto,1,3000,Efectivo,C016
2270,2026-08-19,10:37,Nübe Centro,Mostrador,Capuchino,1,8500,Nequi,
2270,2026-08-19,10:37,Nübe Centro,Mostrador,Tinto,1,3000,Nequi,
2271,2026-08-19,09:26,Nübe Centro,Mostrador,Latte,1,9000,Nequi,C111
2272,2026-08-19,18:38,Nübe Centro,Mostrador,Capuchino,1,8500,Tarjeta,
2273,2026-08-19,17:04,Nübe Centro,Mostrador,Croissant,1,6000,Efectivo,
2273,2026-08-19,17:04,Nübe Centro,Mostrador,Latte,2,9000,Efectivo,
2274,2026-08-19,07:05,Nübe Centro,Mostrador,Americano,1,5000,Nequi,
2274,2026-08-19,07:05,Nübe Centro,Mostrador,Croissant de almendras,1,8000,Nequi,
2275,2026-08-19,10:15,Nübe Centro,Mostrador,Croissant,1,6000,Nequi,C221
2276,2026-08-19,11:18,Nübe Centro,Mostrador,Frappé de café,1,11000,Nequi,
2277,2026-08-19,13:34,Nübe Centro,Mostrador,Croissant,1,6000,Efectivo,C108
2277,2026-08-19,13:34,Nübe Centro,Mostrador,Croissant de almendras,2,8000,Efectivo,C108
2277,2026-08-19,13:34,Nübe Centro,Mostrador,Frappé de café,1,11000,Efectivo,C108
2278,2026-08-19,07:45,Nübe Centro,Mostrador,Croissant,1,6000,Nequi,C257
2278,2026-08-19,07:45,Nübe Centro,Mostrador,Latte,1,9000,Nequi,C257
2279,2026-08-19,08:07,Nübe Centro,Mostrador,Croissant de almendras,2,8000,Nequi,
2280,2026-08-19,06:21,Nübe Centro,Mostrador,Americano,2,5000,Efectivo,
2280,2026-08-19,06:21,Nübe Centro,Mostrador,Frappé de café,1,11000,Efectivo,
2281,2026-08-19,17:08,Nübe Centro,Mostrador,Tinto,1,3000,Tarjeta,C016
2282,2026-08-19,10:08,Nübe Centro,Mostrador,Capuchino,2,8500,Efectivo,
2283,2026-08-19,18:37,Nübe Centro,Domicilio,Capuchino,1,8500,Tarjeta,C166
2283,2026-08-19,18:37,Nübe Centro,Domicilio,Latte,2,9000,Tarjeta,C166
2284,2026-08-19,10:41,Nübe Centro,Mostrador,Capuchino,1,8500,Tarjeta,
2285,2026-08-19,10:48,Nübe Centro,Mostrador,Americano,1,5000,Efectivo,C186
2285,2026-08-19,10:48,Nübe Centro,Mostrador,Capuchino,1,8500,Efectivo,C186
2285,2026-08-19,10:48,Nübe Centro,Mostrador,Latte,2,9000,Efectivo,C186
2286,2026-08-19,08:06,Nübe Altico,Domicilio,Latte,1,9000,Nequi,C275
2287,2026-08-19,09:01,Nübe Altico,Mostrador,Capuchino,1,8500,Efectivo,
2288,2026-08-19,07:30,Nübe Altico,Mostrador,Croissant,1,6000,Efectivo,C269
2288,2026-08-19,07:30,Nübe Altico,Mostrador,Latte,1,9000,Efectivo,C269
2289,2026-08-19,09:46,Nübe Altico,Mostrador,Capuchino,1,8500,Nequi,
2289,2026-08-19,09:46,Nübe Altico,Mostrador,Tinto,3,3000,Nequi,
2290,2026-08-19,07:50,Nübe Altico,Mostrador,Croissant,1,6000,Nequi,
2291,2026-08-19,10:45,Nübe Altico,Mostrador,Capuchino,1,8500,Efectivo,
2291,2026-08-19,10:45,Nübe Altico,Mostrador,Tinto,2,3000,Efectivo,
2292,2026-08-19,08:03,Nübe Altico,Domicilio,Capuchino,1,8500,Tarjeta,
2292,2026-08-19,08:03,Nübe Altico,Domicilio,Croissant,1,6000,Tarjeta,
2293,2026-08-19,14:55,Nübe Altico,Mostrador,Capuchino,1,8500,Nequi,C044
2293,2026-08-19,14:55,Nübe Altico,Mostrador,Croissant,2,6000,Nequi,C044
2294,2026-08-19,13:54,Nübe Altico,Domicilio,Capuchino,1,8500,Efectivo,
2294,2026-08-19,13:54,Nübe Altico,Domicilio,Frappé de café,1,11000,Efectivo,
2294,2026-08-19,13:54,Nübe Altico,Domicilio,Latte,1,9000,Efectivo,
2295,2026-08-19,10:30,Nübe Altico,Domicilio,Capuchino,1,8500,Efectivo,
2295,2026-08-19,10:30,Nübe Altico,Domicilio,Chocolate caliente,1,7500,Efectivo,
2296,2026-08-19,11:04,Nübe Altico,Mostrador,Croissant,1,6000,Tarjeta,C088
2296,2026-08-19,11:04,Nübe Altico,Mostrador,Latte,2,9000,Tarjeta,C088
2297,2026-08-19,14:31,Nübe Altico,Mostrador,Latte,2,9000,Nequi,C287
2298,2026-08-19,18:13,Nübe Altico,Mostrador,Americano,1,5000,Nequi,
2299,2026-08-19,07:16,Nübe Altico,Mostrador,Capuchino,1,8500,Tarjeta,
2299,2026-08-19,07:16,Nübe Altico,Mostrador,Tinto,1,3000,Tarjeta,
2300,2026-08-19,09:20,Nübe Altico,Mostrador,Croissant,2,6000,Tarjeta,
2300,2026-08-19,09:20,Nübe Altico,Mostrador,Frappé de café,1,11000,Tarjeta,
2301,2026-08-19,08:07,Nübe Altico,Mostrador,Croissant,1,6000,Nequi,
2302,2026-08-19,09:07,Nübe Altico,Mostrador,Croissant,1,6000,Tarjeta,C240
2303,2026-08-19,12:59,Nübe Altico,Mostrador,Croissant de almendras,1,8000,Nequi,
2303,2026-08-19,12:59,Nübe Altico,Mostrador,Tinto,2,3000,Nequi,
2304,2026-08-19,16:44,Nübe Altico,Mostrador,Capuchino,1,8500,Nequi,
2304,2026-08-19,16:44,Nübe Altico,Mostrador,Tinto,1,3000,Nequi,
2305,2026-08-19,18:33,Nübe Altico,Mostrador,Capuchino,1,8500,Sin dato,
2306,2026-08-19,18:49,Nübe Altico,Mostrador,Capuchino,1,8500,Efectivo,
2306,2026-08-19,18:49,Nübe Altico,Mostrador,Croissant,2,6000,Efectivo,
2306,2026-08-19,18:49,Nübe Altico,Mostrador,Tinto,1,3000,Efectivo,
2307,2026-08-19,15:03,Nübe Altico,Domicilio,Frappé de café,1,11000,Tarjeta,C034
2308,2026-08-19,09:20,Nübe Altico,Mostrador,Americano,1,5000,Sin dato,
2308,2026-08-19,09:20,Nübe Altico,Mostrador,Tinto,1,3000,Efectivo,
2309,2026-08-19,18:54,Nübe Altico,Mostrador,Americano,1,5000,Tarjeta,
2310,2026-08-19,09:44,Nübe Altico,Mostrador,Croissant,1,6000,Efectivo,C226
2311,2026-08-19,10:34,Nübe Altico,Mostrador,Croissant,1,6000,Tarjeta,
2312,2026-08-19,16:25,Nübe Altico,Mostrador,Americano,1,5000,Tarjeta,
2312,2026-08-19,16:25,Nübe Altico,Mostrador,Tinto,1,3000,Tarjeta,
2313,2026-08-19,08:09,Nübe Altico,Mostrador,Croissant,1,6000,Tarjeta,
2314,2026-08-19,10:16,Nübe Altico,Mostrador,Chocolate caliente,1,7500,Nequi,C081
2314,2026-08-19,10:16,Nübe Altico,Mostrador,Croissant,1,6000,Nequi,C081
2314,2026-08-19,10:16,Nübe Altico,Mostrador,Latte,1,9000,Nequi,C081
2315,2026-08-19,15:58,Nübe Altico,Mostrador,Latte,2,9000,Nequi,C116
2315,2026-08-19,15:58,Nübe Altico,Mostrador,Tinto,1,3000,Nequi,C116
2316,2026-08-19,09:05,Nübe Altico,Mostrador,Americano,1,5000,Tarjeta,
2316,2026-08-19,09:05,Nübe Altico,Mostrador,Croissant de almendras,2,8000,Tarjeta,
2317,2026-08-19,18:52,Nübe Altico,Mostrador,Croissant de almendras,1,8000,Nequi,C036
2318,2026-08-19,07:10,Nübe Altico,Mostrador,Latte,2,9000,Nequi,C027
2318,2026-08-19,07:10,Nübe Altico,Mostrador,Tinto,1,3000,Nequi,C027
2319,2026-08-19,11:58,Nübe Altico,Domicilio,Capuchino,1,8500,Tarjeta,
2320,2026-08-19,07:20,Nübe Altico,Mostrador,Capuchino,1,8500,Nequi,
2320,2026-08-19,07:20,Nübe Altico,Mostrador,Croissant de almendras,1,8000,Nequi,
2321,2026-08-19,17:58,Nübe Altico,Domicilio,Croissant de almendras,1,8000,Efectivo,
2322,2026-08-19,16:13,Nübe Altico,Mostrador,Tinto,1,3000,Nequi,C289
2323,2026-08-19,13:24,Nübe Altico,Mostrador,Croissant de almendras,1,8000,Efectivo,
2324,2026-08-19,17:31,Nübe Altico,Mostrador,Frappé de café,2,11000,Nequi,C044
2325,2026-08-19,10:50,Nübe Altico,Mostrador,Capuchino,1,8500,Nequi,C133
2326,2026-08-19,08:01,Nübe Altico,Mostrador,Croissant,1,6000,Efectivo,C280
2327,2026-08-19,08:51,Nübe Altico,Mostrador,Chocolate caliente,2,7500,Efectivo,
2328,2026-08-19,18:52,Nübe Altico,Mostrador,Americano,1,5000,Efectivo,
2328,2026-08-19,18:52,Nübe Altico,Mostrador,Frappé de café,2,11000,Efectivo,
2329,2026-08-19,07:29,Nübe Altico,Domicilio,Chocolate caliente,1,7500,Tarjeta,C153
2329,2026-08-19,07:29,Nübe Altico,Domicilio,Latte,1,9000,Tarjeta,C153
2330,2026-08-19,08:41,Nübe Altico,Mostrador,Chocolate caliente,1,7500,Nequi,
2331,2026-08-19,11:10,Nübe Altico,Mostrador,Capuchino,1,8500,Nequi,
2332,2026-08-19,07:59,Nübe Altico,Mostrador,Capuchino,1,8500,Nequi,
2333,2026-08-19,13:12,Nübe Altico,Mostrador,Capuchino,1,8500,Sin dato,
2333,2026-08-19,13:12,Nübe Altico,Mostrador,Croissant,1,6000,Nequi,
2334,2026-08-19,11:44,Nübe Altico,Mostrador,Tinto,1,3000,Nequi,C259
2335,2026-08-20,08:10,Nübe Centro,Mostrador,Croissant de almendras,1,8000,Efectivo,
2336,2026-08-20,07:44,Nübe Centro,Domicilio,Croissant de almendras,2,8000,Nequi,C168
2336,2026-08-20,07:44,Nübe Centro,Domicilio,Latte,1,9000,Nequi,C168
2337,2026-08-20,08:54,Nübe Centro,Mostrador,Tinto,1,3000,Tarjeta,
2338,2026-08-20,09:03,Nübe Centro,Mostrador,Chocolate caliente,2,7500,Efectivo,
2338,2026-08-20,09:03,Nübe Centro,Mostrador,Latte,2,9000,Efectivo,
2339,2026-08-20,11:29,Nübe Centro,Mostrador,Tinto,1,3000,Nequi,
2340,2026-08-20,07:18,Nübe Centro,Mostrador,Americano,1,5000,Nequi,C059
2340,2026-08-20,07:18,Nübe Centro,Mostrador,Capuchino,1,8500,Nequi,C059
2341,2026-08-20,13:58,Nübe Centro,Mostrador,Chocolate caliente,1,7500,Nequi,
2342,2026-08-20,13:48,Nübe Centro,Mostrador,Americano,1,5000,Efectivo,
2342,2026-08-20,13:48,Nübe Centro,Mostrador,Croissant,1,6000,Efectivo,
2342,2026-08-20,13:48,Nübe Centro,Mostrador,Latte,2,9000,Efectivo,
2343,2026-08-20,10:58,Nübe Centro,Mostrador,Americano,1,5000,Tarjeta,C182
2343,2026-08-20,10:58,Nübe Centro,Mostrador,Croissant,2,6000,Tarjeta,C182
2343,2026-08-20,10:58,Nübe Centro,Mostrador,Tinto,1,3000,Tarjeta,C182
2344,2026-08-20,18:49,Nübe Centro,Mostrador,Frappé de café,1,11000,Efectivo,
2345,2026-08-20,10:18,Nübe Centro,Domicilio,Americano,1,5000,Tarjeta,
2345,2026-08-20,10:18,Nübe Centro,Domicilio,Capuchino,1,8500,Tarjeta,
2346,2026-08-20,18:23,Nübe Centro,Mostrador,Chocolate caliente,3,7500,Sin dato,
2347,2026-08-20,16:42,Nübe Centro,Mostrador,Tinto,1,3000,Efectivo,
2348,2026-08-20,18:39,Nübe Centro,Mostrador,Capuchino,1,8500,Tarjeta,
2348,2026-08-20,18:39,Nübe Centro,Mostrador,Latte,1,9000,Tarjeta,
2349,2026-08-20,07:12,Nübe Centro,Mostrador,Americano,2,5000,Tarjeta,C091
2349,2026-08-20,07:12,Nübe Centro,Mostrador,Tinto,1,3000,Tarjeta,C091
2350,2026-08-20,08:26,Nübe Centro,Domicilio,Croissant,1,6000,Tarjeta,C259
2351,2026-08-20,07:35,Nübe Centro,Mostrador,Latte,1,9000,Efectivo,
2351,2026-08-20,07:35,Nübe Centro,Mostrador,Tinto,2,3000,Efectivo,
2352,2026-08-20,09:34,Nübe Centro,Mostrador,Latte,2,9000,Efectivo,
2353,2026-08-20,17:46,Nübe Centro,Mostrador,Latte,1,9000,Efectivo,
2354,2026-08-20,17:10,Nübe Centro,Mostrador,Croissant de almendras,1,8000,Nequi,
2355,2026-08-20,07:13,Nübe Centro,Mostrador,Americano,2,5000,Tarjeta,C082
2355,2026-08-20,07:13,Nübe Centro,Mostrador,Tinto,1,3000,Tarjeta,C082
2356,2026-08-20,19:50,Nübe Centro,Mostrador,Chocolate caliente,1,7500,Nequi,
2357,2026-08-20,11:09,Nübe Centro,Mostrador,Capuchino,1,8500,Nequi,
2357,2026-08-20,11:09,Nübe Centro,Mostrador,Croissant de almendras,1,8000,Nequi,
2357,2026-08-20,11:09,Nübe Centro,Mostrador,Latte,1,9000,Nequi,
2358,2026-08-20,08:34,Nübe Centro,Mostrador,Capuchino,1,8500,Efectivo,C131
2358,2026-08-20,08:34,Nübe Centro,Mostrador,Croissant,1,6000,Efectivo,C131
2358,2026-08-20,08:34,Nübe Centro,Mostrador,Tinto,1,3000,Efectivo,C131
2359,2026-08-20,12:28,Nübe Centro,Domicilio,Americano,1,5000,Tarjeta,
2359,2026-08-20,12:28,Nübe Centro,Domicilio,Croissant,1,6000,Tarjeta,
2360,2026-08-20,12:56,Nübe Centro,Mostrador,Chocolate caliente,1,7500,Efectivo,C290
2361,2026-08-20,12:54,Nübe Centro,Mostrador,Tinto,1,3000,Nequi,C036
2362,2026-08-20,07:20,Nübe Centro,Mostrador,Croissant,1,6000,Tarjeta,
2362,2026-08-20,07:20,Nübe Centro,Mostrador,Croissant de almendras,3,8000,Tarjeta,
2362,2026-08-20,07:20,Nübe Centro,Mostrador,Latte,1,9000,Tarjeta,
2363,2026-08-20,11:42,Nübe Centro,Mostrador,Tinto,1,3000,Tarjeta,C037
2364,2026-08-20,15:32,Nübe Centro,Domicilio,Croissant,1,6000,Efectivo,C164
2364,2026-08-20,15:32,Nübe Centro,Domicilio,Latte,1,9000,Efectivo,C164
2364,2026-08-20,15:32,Nübe Centro,Domicilio,Tinto,1,3000,Efectivo,C164
2365,2026-08-20,17:50,Nübe Centro,Mostrador,Frappé de café,1,11000,Efectivo,
2366,2026-08-20,09:38,Nübe Centro,Mostrador,Capuchino,1,8500,Nequi,C206
2367,2026-08-20,07:12,Nübe Centro,Mostrador,Tinto,1,3000,Tarjeta,C207
2368,2026-08-20,19:31,Nübe Centro,Mostrador,Chocolate caliente,3,7500,Nequi,
2369,2026-08-20,07:21,Nübe Centro,Mostrador,Capuchino,1,8500,Efectivo,
2369,2026-08-20,07:21,Nübe Centro,Mostrador,Tinto,1,3000,Efectivo,
2370,2026-08-20,14:30,Nübe Centro,Domicilio,Capuchino,1,8500,Efectivo,C043
2370,2026-08-20,14:30,Nübe Centro,Domicilio,Croissant de almendras,1,8000,Efectivo,C043
2371,2026-08-20,08:06,Nübe Centro,Domicilio,Latte,2,9000,Nequi,C228
2371,2026-08-20,08:06,Nübe Centro,Domicilio,Tinto,1,3000,Nequi,C228
2372,2026-08-20,16:42,Nübe Centro,Mostrador,Croissant de almendras,1,8000,Tarjeta,C004
2372,2026-08-20,16:42,Nübe Centro,Mostrador,Latte,3,9000,Tarjeta,C004
2373,2026-08-20,10:00,Nübe Centro,Domicilio,Frappé de café,1,11000,Tarjeta,
2373,2026-08-20,10:00,Nübe Centro,Domicilio,Tinto,1,3000,Tarjeta,
2374,2026-08-20,08:20,Nübe Centro,Mostrador,Latte,1,9000,Efectivo,
2375,2026-08-20,10:06,Nübe Centro,Mostrador,Chocolate caliente,2,7500,Efectivo,
2375,2026-08-20,10:06,Nübe Centro,Mostrador,Croissant,1,6000,Efectivo,
2375,2026-08-20,10:06,Nübe Centro,Mostrador,Croissant de almendras,1,8000,Efectivo,
2376,2026-08-20,14:08,Nübe Centro,Mostrador,Latte,1,9000,Efectivo,
2376,2026-08-20,14:08,Nübe Centro,Mostrador,Tinto,1,3000,Efectivo,
2377,2026-08-20,09:59,Nübe Centro,Mostrador,Capuchino,1,8500,Nequi,
2378,2026-08-20,19:18,Nübe Centro,Mostrador,Tinto,1,3000,Nequi,C268
2379,2026-08-20,15:06,Nübe Centro,Mostrador,Croissant de almendras,1,8000,Nequi,
2379,2026-08-20,15:06,Nübe Centro,Mostrador,Frappé de café,1,11000,Nequi,
2380,2026-08-20,10:32,Nübe Centro,Mostrador,Chocolate caliente,1,7500,Nequi,
2381,2026-08-20,11:36,Nübe Centro,Mostrador,Croissant,2,6000,Nequi,
2382,2026-08-20,08:43,Nübe Centro,Mostrador,Americano,2,5000,Efectivo,
2382,2026-08-20,08:43,Nübe Centro,Mostrador,Latte,2,9000,Efectivo,
2383,2026-08-20,15:52,Nübe Centro,Mostrador,Americano,1,5000,Tarjeta,
2383,2026-08-20,15:52,Nübe Centro,Mostrador,Croissant,1,6000,Tarjeta,
2384,2026-08-20,18:26,Nübe Centro,Domicilio,Americano,1,5000,Tarjeta,C291
2384,2026-08-20,18:26,Nübe Centro,Domicilio,Tinto,1,3000,Tarjeta,C291
2385,2026-08-20,11:02,Nübe Centro,Mostrador,Latte,1,9000,Nequi,C157
2386,2026-08-20,07:50,Nübe Centro,Mostrador,Tinto,2,3000,Efectivo,
2387,2026-08-20,15:59,Nübe Centro,Domicilio,Capuchino,1,8500,Efectivo,
2388,2026-08-20,16:36,Nübe Centro,Domicilio,Croissant,1,6000,Tarjeta,
2389,2026-08-20,13:16,Nübe Centro,Domicilio,Latte,1,9000,Efectivo,C280
2390,2026-08-20,08:05,Nübe Centro,Mostrador,Croissant,2,6000,Efectivo,
2391,2026-08-20,08:57,Nübe Centro,Mostrador,Americano,1,5000,Tarjeta,C239
2392,2026-08-20,06:10,Nübe Centro,Mostrador,Croissant,1,6000,Tarjeta,C011
2393,2026-08-20,16:47,Nübe Centro,Mostrador,Capuchino,1,8500,Nequi,
2394,2026-08-20,08:21,Nübe Centro,Mostrador,Chocolate caliente,1,7500,Nequi,C158
2395,2026-08-20,11:04,Nübe Centro,Mostrador,Americano,1,5000,Nequi,
2396,2026-08-20,14:02,Nübe Centro,Mostrador,Croissant,2,6000,Tarjeta,C265
2397,2026-08-20,16:38,Nübe Centro,Mostrador,Latte,1,9000,Nequi,C082
2397,2026-08-20,16:38,Nübe Centro,Mostrador,Tinto,1,3000,Nequi,C082
2398,2026-08-20,13:56,Nübe Centro,Domicilio,Latte,2,9000,Efectivo,C275
2399,2026-08-20,11:39,Nübe Centro,Mostrador,Capuchino,1,8500,Nequi,
2399,2026-08-20,11:39,Nübe Centro,Mostrador,Frappé de café,1,11000,Nequi,
2400,2026-08-20,15:18,Nübe Centro,Mostrador,Frappé de café,1,11000,Efectivo,
2400,2026-08-20,15:18,Nübe Centro,Mostrador,Latte,1,9000,Efectivo,
2400,2026-08-20,15:18,Nübe Centro,Mostrador,Tinto,1,3000,Efectivo,
2401,2026-08-20,16:32,Nübe Centro,Domicilio,Chocolate caliente,3,7500,Nequi,
2402,2026-08-20,09:22,Nübe Centro,Mostrador,Tinto,1,3000,Tarjeta,C021
2403,2026-08-20,13:07,Nübe Centro,Mostrador,Capuchino,1,8500,Nequi,
2403,2026-08-20,13:07,Nübe Centro,Mostrador,Latte,1,9000,Nequi,
2404,2026-08-20,08:13,Nübe Centro,Mostrador,Capuchino,1,8500,Nequi,
2405,2026-08-20,18:26,Nübe Centro,Mostrador,Americano,1,5000,Nequi,
2405,2026-08-20,18:26,Nübe Centro,Mostrador,Chocolate caliente,2,7500,Nequi,
2406,2026-08-20,09:51,Nübe Centro,Mostrador,Tinto,1,3000,Nequi,
2407,2026-08-20,09:05,Nübe Centro,Mostrador,Croissant,1,6000,Tarjeta,
2408,2026-08-20,15:54,Nübe Centro,Domicilio,Tinto,1,3000,Efectivo,
2409,2026-08-20,16:24,Nübe Centro,Mostrador,Americano,1,5000,Nequi,
2409,2026-08-20,16:24,Nübe Centro,Mostrador,Frappé de café,1,11000,Nequi,
2410,2026-08-20,16:05,Nübe Altico,Mostrador,Latte,2,9000,Tarjeta,C034
2411,2026-08-20,16:47,Nübe Altico,Domicilio,Croissant,1,6000,Efectivo,
2412,2026-08-20,11:16,Nübe Altico,Mostrador,Americano,2,5000,Efectivo,
2412,2026-08-20,11:16,Nübe Altico,Mostrador,Capuchino,1,8500,Efectivo,
2413,2026-08-20,08:07,Nübe Altico,Mostrador,Americano,1,5000,Nequi,C243
2414,2026-08-20,12:06,Nübe Altico,Mostrador,Frappé de café,1,11000,Nequi,
2414,2026-08-20,12:06,Nübe Altico,Mostrador,Latte,2,9000,Nequi,
2415,2026-08-20,09:56,Nübe Altico,Mostrador,Croissant de almendras,1,8000,Tarjeta,C269
2416,2026-08-20,07:28,Nübe Altico,Mostrador,Croissant,1,6000,Nequi,C256
2417,2026-08-20,14:53,Nübe Altico,Mostrador,Capuchino,2,8500,Nequi,C019
2418,2026-08-20,16:01,Nübe Altico,Mostrador,Frappé de café,1,11000,Nequi,
2419,2026-08-20,07:29,Nübe Altico,Mostrador,Americano,1,5000,Tarjeta,C240
2420,2026-08-20,11:57,Nübe Altico,Mostrador,Tinto,1,3000,Nequi,C060
2421,2026-08-20,16:49,Nübe Altico,Mostrador,Croissant,3,6000,Nequi,
2421,2026-08-20,16:49,Nübe Altico,Mostrador,Frappé de café,1,11000,Nequi,
2421,2026-08-20,16:49,Nübe Altico,Mostrador,Tinto,1,3000,Nequi,
2422,2026-08-20,16:33,Nübe Altico,Mostrador,Americano,1,5000,Efectivo,C037
2423,2026-08-20,12:01,Nübe Altico,Mostrador,Americano,1,5000,Tarjeta,C002
2424,2026-08-20,07:11,Nübe Altico,Mostrador,Tinto,1,3000,Nequi,C297
2425,2026-08-20,10:17,Nübe Altico,Domicilio,Americano,1,5000,Tarjeta,C255
2425,2026-08-20,10:17,Nübe Altico,Domicilio,Croissant,2,6000,Tarjeta,C255
2426,2026-08-20,09:56,Nübe Altico,Domicilio,Capuchino,1,8500,Efectivo,
2427,2026-08-20,10:47,Nübe Altico,Domicilio,Capuchino,1,8500,Tarjeta,C295
2428,2026-08-20,09:56,Nübe Altico,Mostrador,Americano,1,5000,Tarjeta,
2429,2026-08-20,10:49,Nübe Altico,Mostrador,Chocolate caliente,1,7500,Efectivo,
2430,2026-08-20,10:26,Nübe Altico,Domicilio,Croissant de almendras,1,8000,Nequi,
2431,2026-08-20,13:29,Nübe Altico,Mostrador,Chocolate caliente,3,7500,Nequi,
2432,2026-08-20,14:50,Nübe Altico,Mostrador,Tinto,1,3000,Nequi,C240
2433,2026-08-20,07:44,Nübe Altico,Domicilio,Capuchino,1,8500,Nequi,C285
2433,2026-08-20,07:44,Nübe Altico,Domicilio,Croissant,2,6000,Nequi,C285
2433,2026-08-20,07:44,Nübe Altico,Domicilio,Tinto,1,3000,Nequi,C285
2434,2026-08-20,17:01,Nübe Altico,Domicilio,Capuchino,1,8500,Tarjeta,C035
2435,2026-08-20,17:10,Nübe Altico,Mostrador,Croissant,1,6000,Nequi,C182
2435,2026-08-20,17:10,Nübe Altico,Mostrador,Croissant de almendras,1,8000,Nequi,C182
2436,2026-08-20,07:25,Nübe Altico,Mostrador,Latte,1,9000,Efectivo,C060
2437,2026-08-20,10:12,Nübe Altico,Mostrador,Croissant,1,6000,Efectivo,
2437,2026-08-20,10:12,Nübe Altico,Mostrador,Latte,1,9000,Efectivo,
2438,2026-08-20,15:13,Nübe Altico,Mostrador,Tinto,1,3000,Efectivo,
2439,2026-08-20,16:13,Nübe Altico,Mostrador,Americano,3,5000,Efectivo,
2440,2026-08-20,08:47,Nübe Altico,Mostrador,Tinto,1,3000,Tarjeta,
2441,2026-08-20,13:49,Nübe Altico,Mostrador,Croissant de almendras,1,8000,Nequi,C060
2442,2026-08-20,09:59,Nübe Altico,Domicilio,Tinto,1,3000,Nequi,
2443,2026-08-20,19:38,Nübe Altico,Mostrador,Latte,1,9000,Efectivo,C070
2443,2026-08-20,19:38,Nübe Altico,Mostrador,Tinto,2,3000,Efectivo,C070
2444,2026-08-21,18:27,Nübe Centro,Domicilio,Tinto,1,3000,Nequi,
2445,2026-08-21,08:14,Nübe Centro,Mostrador,Capuchino,1,8500,Efectivo,
2446,2026-08-21,10:04,Nübe Centro,Mostrador,Tinto,1,3000,Tarjeta,
2447,2026-08-21,11:47,Nübe Centro,Mostrador,Americano,1,5000,Nequi,
2448,2026-08-21,13:16,Nübe Centro,Mostrador,Latte,1,9000,Tarjeta,
2449,2026-08-21,15:30,Nübe Centro,Mostrador,Latte,1,9000,Efectivo,C216
2450,2026-08-21,09:15,Nübe Centro,Domicilio,Capuchino,1,8500,Nequi,
2450,2026-08-21,09:15,Nübe Centro,Domicilio,Croissant,1,6000,Nequi,
2451,2026-08-21,06:04,Nübe Centro,Mostrador,Capuchino,2,8500,Tarjeta,
2452,2026-08-21,08:37,Nübe Centro,Mostrador,Americano,1,5000,Efectivo,C192
2452,2026-08-21,08:37,Nübe Centro,Mostrador,Capuchino,1,8500,Efectivo,C192
2453,2026-08-21,09:21,Nübe Centro,Domicilio,Americano,1,5000,Efectivo,
2454,2026-08-21,09:27,Nübe Centro,Mostrador,Chocolate caliente,2,7500,Efectivo,
2454,2026-08-21,09:27,Nübe Centro,Mostrador,Croissant,1,6000,Efectivo,
2454,2026-08-21,09:27,Nübe Centro,Mostrador,Tinto,1,3000,Sin dato,
2455,2026-08-21,14:50,Nübe Centro,Domicilio,Chocolate caliente,1,7500,Efectivo,
2455,2026-08-21,14:50,Nübe Centro,Domicilio,Croissant,2,6000,Efectivo,
2456,2026-08-21,13:13,Nübe Centro,Domicilio,Croissant,1,6000,Sin dato,
2457,2026-08-21,07:13,Nübe Centro,Mostrador,Americano,1,5000,Nequi,
2458,2026-08-21,20:16,Nübe Centro,Mostrador,Tinto,1,3000,Nequi,
2459,2026-08-21,10:51,Nübe Centro,Mostrador,Tinto,1,3000,Efectivo,
2460,2026-08-21,16:05,Nübe Centro,Mostrador,Croissant de almendras,1,8000,Efectivo,
2461,2026-08-21,17:28,Nübe Centro,Mostrador,Frappé de café,1,11000,Nequi,C154
2462,2026-08-21,10:11,Nübe Centro,Domicilio,Frappé de café,1,11000,Tarjeta,C194
2463,2026-08-21,16:39,Nübe Centro,Mostrador,Croissant,1,6000,Nequi,C255
2463,2026-08-21,16:39,Nübe Centro,Mostrador,Tinto,1,3000,Nequi,C255
2464,2026-08-21,18:12,Nübe Centro,Mostrador,Croissant,1,6000,Efectivo,
2464,2026-08-21,18:12,Nübe Centro,Mostrador,Latte,2,9000,Efectivo,
2465,2026-08-21,10:10,Nübe Centro,Mostrador,Americano,1,5000,Tarjeta,C096
2465,2026-08-21,10:10,Nübe Centro,Mostrador,Croissant de almendras,2,8000,Tarjeta,C096
2465,2026-08-21,10:10,Nübe Centro,Mostrador,Tinto,1,3000,Tarjeta,C096
2466,2026-08-21,12:13,Nübe Centro,Mostrador,Latte,1,9000,Tarjeta,C166
2466,2026-08-21,12:13,Nübe Centro,Mostrador,Tinto,1,3000,Tarjeta,C166
2467,2026-08-21,16:05,Nübe Centro,Domicilio,Latte,1,9000,Efectivo,
2467,2026-08-21,16:05,Nübe Centro,Domicilio,Tinto,1,3000,Efectivo,
2468,2026-08-21,14:00,Nübe Centro,Mostrador,Capuchino,1,8500,Efectivo,
2468,2026-08-21,14:00,Nübe Centro,Mostrador,Croissant de almendras,1,8000,Efectivo,
2468,2026-08-21,14:00,Nübe Centro,Mostrador,Latte,1,9000,Efectivo,
2469,2026-08-21,12:39,Nübe Centro,Mostrador,Capuchino,1,8500,Efectivo,C173
2469,2026-08-21,12:39,Nübe Centro,Mostrador,Chocolate caliente,2,7500,Efectivo,C173
2470,2026-08-21,19:59,Nübe Centro,Mostrador,Americano,1,5000,Tarjeta,
2471,2026-08-21,10:23,Nübe Centro,Mostrador,Croissant,1,6000,Efectivo,
2472,2026-08-21,12:01,Nübe Centro,Mostrador,Capuchino,1,8500,Nequi,
2472,2026-08-21,12:01,Nübe Centro,Mostrador,Croissant,1,6000,Nequi,
2473,2026-08-21,08:32,Nübe Centro,Domicilio,Latte,1,9000,Tarjeta,C097
2473,2026-08-21,08:32,Nübe Centro,Domicilio,Tinto,1,3000,Tarjeta,C097
2474,2026-08-21,16:04,Nübe Centro,Mostrador,Croissant de almendras,1,8000,Nequi,
2474,2026-08-21,16:04,Nübe Centro,Mostrador,Tinto,1,3000,Nequi,
2475,2026-08-21,07:15,Nübe Centro,Mostrador,Capuchino,1,8500,Nequi,
2475,2026-08-21,07:15,Nübe Centro,Mostrador,Latte,1,9000,Nequi,
2476,2026-08-21,16:50,Nübe Centro,Mostrador,Chocolate caliente,1,7500,Tarjeta,C077
2476,2026-08-21,16:50,Nübe Centro,Mostrador,Croissant,1,6000,Tarjeta,C077
2477,2026-08-21,09:32,Nübe Centro,Mostrador,Croissant de almendras,1,8000,Efectivo,
2478,2026-08-21,14:59,Nübe Centro,Mostrador,Chocolate caliente,1,7500,Nequi,
2478,2026-08-21,14:59,Nübe Centro,Mostrador,Croissant,1,6000,Nequi,
2478,2026-08-21,14:59,Nübe Centro,Mostrador,Latte,1,9000,Nequi,
2479,2026-08-21,10:50,Nübe Centro,Mostrador,Tinto,1,3000,Tarjeta,C205
2480,2026-08-21,09:37,Nübe Centro,Mostrador,Tinto,2,3000,Efectivo,
2481,2026-08-21,07:34,Nübe Centro,Domicilio,Croissant,2,6000,Nequi,C035
2482,2026-08-21,08:33,Nübe Centro,Domicilio,Americano,1,5000,Tarjeta,
2482,2026-08-21,08:33,Nübe Centro,Domicilio,Chocolate caliente,1,7500,Tarjeta,
2483,2026-08-21,16:30,Nübe Centro,Domicilio,Tinto,1,3000,Tarjeta,C093
2484,2026-08-21,07:10,Nübe Centro,Mostrador,Americano,1,5000,Efectivo,
2485,2026-08-21,09:27,Nübe Centro,Mostrador,Latte,1,9000,Nequi,
2486,2026-08-21,06:25,Nübe Centro,Mostrador,Capuchino,1,8500,Nequi,C277
2486,2026-08-21,06:25,Nübe Centro,Mostrador,Croissant,1,6000,Nequi,C277
2486,2026-08-21,06:25,Nübe Centro,Mostrador,Latte,2,9000,Nequi,C277
2487,2026-08-21,15:03,Nübe Centro,Mostrador,Tinto,1,3000,Tarjeta,
2488,2026-08-21,12:54,Nübe Centro,Mostrador,Capuchino,1,8500,Tarjeta,C042
2488,2026-08-21,12:54,Nübe Centro,Mostrador,Croissant,1,6000,Tarjeta,C042
2489,2026-08-21,14:57,Nübe Centro,Mostrador,Croissant,1,6000,Efectivo,
2490,2026-08-21,20:35,Nübe Centro,Mostrador,Americano,1,5000,Tarjeta,
2490,2026-08-21,20:35,Nübe Centro,Mostrador,Capuchino,1,8500,Tarjeta,
2490,2026-08-21,20:35,Nübe Centro,Mostrador,Tinto,2,3000,Tarjeta,
2491,2026-08-21,18:09,Nübe Centro,Domicilio,Latte,1,9000,Tarjeta,C196
2491,2026-08-21,18:09,Nübe Centro,Domicilio,Tinto,1,3000,Tarjeta,C196
2492,2026-08-21,07:30,Nübe Centro,Mostrador,Americano,2,5000,Efectivo,
2492,2026-08-21,07:30,Nübe Centro,Mostrador,Chocolate caliente,1,7500,Efectivo,
2493,2026-08-21,11:12,Nübe Centro,Domicilio,Americano,1,5000,Efectivo,
2494,2026-08-21,09:53,Nübe Centro,Mostrador,Croissant de almendras,2,8000,Efectivo,
2494,2026-08-21,09:53,Nübe Centro,Mostrador,Latte,1,9000,Efectivo,
2495,2026-08-21,13:37,Nübe Centro,Mostrador,Capuchino,1,8500,Tarjeta,C216
2496,2026-08-21,06:47,Nübe Centro,Mostrador,Chocolate caliente,1,7500,Nequi,
2496,2026-08-21,06:47,Nübe Centro,Mostrador,Latte,1,9000,Nequi,
2497,2026-08-21,08:04,Nübe Centro,Domicilio,Tinto,1,3000,Nequi,C282
2498,2026-08-21,09:46,Nübe Centro,Mostrador,Capuchino,1,8500,Tarjeta,
2498,2026-08-21,09:46,Nübe Centro,Mostrador,Croissant,1,6000,Tarjeta,
2498,2026-08-21,09:46,Nübe Centro,Mostrador,Latte,2,9000,Sin dato,
2499,2026-08-21,11:37,Nübe Centro,Domicilio,Tinto,1,3000,Nequi,
2500,2026-08-21,16:04,Nübe Centro,Domicilio,Americano,2,5000,Nequi,C234
2500,2026-08-21,16:04,Nübe Centro,Domicilio,Capuchino,1,8500,Nequi,C234
2501,2026-08-21,07:29,Nübe Centro,Mostrador,Tinto,1,3000,Tarjeta,
2502,2026-08-21,13:07,Nübe Centro,Domicilio,Croissant,1,6000,Efectivo,C139
2503,2026-08-21,09:19,Nübe Centro,Mostrador,Americano,1,5000,Efectivo,C177
2504,2026-08-21,07:17,Nübe Centro,Mostrador,Capuchino,1,8500,Nequi,
2504,2026-08-21,07:17,Nübe Centro,Mostrador,Tinto,1,3000,Nequi,
2505,2026-08-21,09:19,Nübe Centro,Domicilio,Americano,1,5000,Tarjeta,
2505,2026-08-21,09:19,Nübe Centro,Domicilio,Croissant,1,6000,Tarjeta,
2506,2026-08-21,08:34,Nübe Centro,Domicilio,Croissant,1,6000,Efectivo,
2506,2026-08-21,08:34,Nübe Centro,Domicilio,Croissant de almendras,1,8000,Efectivo,
2507,2026-08-21,10:48,Nübe Centro,Mostrador,Croissant,2,6000,Tarjeta,
2508,2026-08-21,08:25,Nübe Centro,Domicilio,Croissant,1,6000,Nequi,C048
2508,2026-08-21,08:25,Nübe Centro,Domicilio,Latte,1,9000,Nequi,C048
2508,2026-08-21,08:25,Nübe Centro,Domicilio,Tinto,1,3000,Nequi,C048
2509,2026-08-21,10:12,Nübe Centro,Mostrador,Capuchino,1,8500,Efectivo,
2509,2026-08-21,10:12,Nübe Centro,Mostrador,Frappé de café,1,11000,Efectivo,
2509,2026-08-21,10:12,Nübe Centro,Mostrador,Tinto,1,3000,Efectivo,
2510,2026-08-21,14:15,Nübe Centro,Domicilio,Chocolate caliente,1,7500,Efectivo,C065
2511,2026-08-21,07:46,Nübe Centro,Domicilio,Americano,1,5000,Nequi,
2511,2026-08-21,07:46,Nübe Centro,Domicilio,Latte,1,9000,Nequi,
2512,2026-08-21,08:05,Nübe Centro,Mostrador,Americano,1,5000,Tarjeta,C112
2513,2026-08-21,13:58,Nübe Centro,Mostrador,Americano,1,5000,Efectivo,C060
2514,2026-08-21,07:10,Nübe Centro,Domicilio,Americano,1,5000,Nequi,C015
2514,2026-08-21,07:10,Nübe Centro,Domicilio,Latte,1,9000,Nequi,C015
2515,2026-08-21,16:38,Nübe Centro,Mostrador,Capuchino,1,8500,Efectivo,
2515,2026-08-21,16:38,Nübe Centro,Mostrador,Croissant de almendras,1,8000,Efectivo,
2516,2026-08-21,08:50,Nübe Centro,Mostrador,Croissant,1,6000,Nequi,C014
2516,2026-08-21,08:50,Nübe Centro,Mostrador,Latte,1,9000,Nequi,C014
2517,2026-08-21,13:20,Nübe Centro,Mostrador,Capuchino,2,8500,Tarjeta,
2518,2026-08-21,09:35,Nübe Centro,Mostrador,Chocolate caliente,1,7500,Tarjeta,C021
2518,2026-08-21,09:35,Nübe Centro,Mostrador,Croissant,2,6000,Tarjeta,C021
2518,2026-08-21,09:35,Nübe Centro,Mostrador,Tinto,2,3000,Tarjeta,C021
2519,2026-08-21,17:08,Nübe Centro,Mostrador,Capuchino,3,8500,Nequi,
2520,2026-08-21,18:58,Nübe Centro,Domicilio,Capuchino,1,8500,Tarjeta,
2521,2026-08-21,17:47,Nübe Centro,Domicilio,Croissant,1,6000,Tarjeta,
2522,2026-08-21,11:37,Nübe Centro,Mostrador,Chocolate caliente,1,7500,Nequi,C018
2523,2026-08-21,08:17,Nübe Centro,Mostrador,Croissant de almendras,1,8000,Tarjeta,
2523,2026-08-21,08:17,Nübe Centro,Mostrador,Latte,1,9000,Tarjeta,
2524,2026-08-21,09:03,Nübe Centro,Mostrador,Croissant,1,6000,Tarjeta,
2525,2026-08-21,11:57,Nübe Centro,Domicilio,Capuchino,1,8500,Tarjeta,C020
2526,2026-08-21,14:31,Nübe Centro,Mostrador,Croissant,1,6000,Tarjeta,
2526,2026-08-21,14:31,Nübe Centro,Mostrador,Latte,1,9000,Tarjeta,
2527,2026-08-21,16:15,Nübe Centro,Domicilio,Capuchino,1,8500,Nequi,
2527,2026-08-21,16:15,Nübe Centro,Domicilio,Latte,1,9000,Nequi,
2528,2026-08-21,07:45,Nübe Centro,Domicilio,Chocolate caliente,2,7500,Nequi,C073
2529,2026-08-21,07:06,Nübe Centro,Mostrador,Capuchino,1,8500,Efectivo,
2530,2026-08-21,10:47,Nübe Centro,Domicilio,Capuchino,2,8500,Efectivo,C240
2531,2026-08-21,07:05,Nübe Centro,Domicilio,Capuchino,1,8500,Nequi,C118
2532,2026-08-21,08:11,Nübe Centro,Mostrador,Capuchino,1,8500,Efectivo,C132
2532,2026-08-21,08:11,Nübe Centro,Mostrador,Tinto,1,3000,Efectivo,C132
2533,2026-08-21,11:22,Nübe Centro,Domicilio,Americano,1,5000,Nequi,
2533,2026-08-21,11:22,Nübe Centro,Domicilio,Capuchino,1,8500,Nequi,
2533,2026-08-21,11:22,Nübe Centro,Domicilio,Croissant,1,6000,Nequi,
2534,2026-08-21,09:17,Nübe Altico,Domicilio,Tinto,2,3000,Efectivo,
2535,2026-08-21,09:00,Nübe Altico,Mostrador,Croissant,1,6000,Efectivo,C054
2536,2026-08-21,11:01,Nübe Altico,Domicilio,Capuchino,1,8500,Nequi,
2536,2026-08-21,11:01,Nübe Altico,Domicilio,Latte,1,9000,Nequi,
2537,2026-08-21,16:16,Nübe Altico,Mostrador,Capuchino,1,8500,Nequi,
2538,2026-08-21,10:59,Nübe Altico,Domicilio,Croissant de almendras,1,8000,Nequi,
2539,2026-08-21,18:28,Nübe Altico,Mostrador,Capuchino,1,8500,Nequi,C085
2540,2026-08-21,08:31,Nübe Altico,Domicilio,Capuchino,1,8500,Tarjeta,C285
2541,2026-08-21,18:20,Nübe Altico,Domicilio,Chocolate caliente,1,7500,Tarjeta,
2542,2026-08-21,07:57,Nübe Altico,Mostrador,Croissant,1,6000,Nequi,
2543,2026-08-21,07:56,Nübe Altico,Mostrador,Capuchino,1,8500,Tarjeta,
2544,2026-08-21,10:28,Nübe Altico,Domicilio,Capuchino,1,8500,Efectivo,
2544,2026-08-21,10:28,Nübe Altico,Domicilio,Croissant,1,6000,Efectivo,
2544,2026-08-21,10:28,Nübe Altico,Domicilio,Tinto,1,3000,Efectivo,
2545,2026-08-21,10:34,Nübe Altico,Domicilio,Tinto,1,3000,Tarjeta,C169
2546,2026-08-21,17:29,Nübe Altico,Domicilio,Tinto,1,3000,Efectivo,C025
2547,2026-08-21,07:21,Nübe Altico,Domicilio,Croissant de almendras,1,8000,Tarjeta,C187
2548,2026-08-21,09:48,Nübe Altico,Domicilio,Americano,1,5000,Tarjeta,
2549,2026-08-21,15:02,Nübe Altico,Domicilio,Capuchino,1,8500,Efectivo,C221
2549,2026-08-21,15:02,Nübe Altico,Domicilio,Latte,1,9000,Efectivo,C221
2550,2026-08-21,12:51,Nübe Altico,Mostrador,Capuchino,1,8500,Efectivo,
2551,2026-08-21,08:24,Nübe Altico,Mostrador,Americano,1,5000,Tarjeta,
2551,2026-08-21,08:24,Nübe Altico,Mostrador,Croissant de almendras,1,8000,Tarjeta,
2551,2026-08-21,08:24,Nübe Altico,Mostrador,Tinto,1,3000,Tarjeta,
2552,2026-08-21,11:32,Nübe Altico,Mostrador,Capuchino,1,8500,Nequi,
2552,2026-08-21,11:32,Nübe Altico,Mostrador,Croissant de almendras,1,8000,Nequi,
2552,2026-08-21,11:32,Nübe Altico,Mostrador,Tinto,1,3000,Nequi,
2553,2026-08-21,15:26,Nübe Altico,Domicilio,Americano,1,5000,Efectivo,
2554,2026-08-21,19:20,Nübe Altico,Mostrador,Latte,1,9000,Efectivo,
2554,2026-08-21,19:20,Nübe Altico,Mostrador,Tinto,1,3000,Efectivo,
2555,2026-08-21,09:44,Nübe Altico,Mostrador,Capuchino,2,8500,Tarjeta,
2555,2026-08-21,09:44,Nübe Altico,Mostrador,Tinto,1,3000,Tarjeta,
2556,2026-08-21,09:40,Nübe Altico,Domicilio,Chocolate caliente,1,7500,Efectivo,C241
2556,2026-08-21,09:40,Nübe Altico,Domicilio,Croissant de almendras,1,8000,Efectivo,C241
2556,2026-08-21,09:40,Nübe Altico,Domicilio,Tinto,1,3000,Efectivo,C241
2557,2026-08-21,18:57,Nübe Altico,Mostrador,Latte,3,9000,Nequi,
2558,2026-08-21,07:00,Nübe Altico,Mostrador,Croissant de almendras,2,8000,Nequi,
2559,2026-08-21,16:46,Nübe Altico,Mostrador,Americano,2,5000,Tarjeta,
2559,2026-08-21,16:46,Nübe Altico,Mostrador,Tinto,1,3000,Tarjeta,
2560,2026-08-21,18:38,Nübe Altico,Mostrador,Croissant,1,6000,Nequi,
2560,2026-08-21,18:38,Nübe Altico,Mostrador,Tinto,2,3000,Nequi,
2561,2026-08-21,07:32,Nübe Altico,Domicilio,Capuchino,1,8500,Efectivo,
2562,2026-08-21,20:12,Nübe Altico,Domicilio,Capuchino,1,8500,Nequi,C298
2562,2026-08-21,20:12,Nübe Altico,Domicilio,Croissant,1,6000,Nequi,C298
2563,2026-08-21,08:40,Nübe Altico,Mostrador,Chocolate caliente,2,7500,Nequi,
2564,2026-08-21,11:24,Nübe Altico,Domicilio,Americano,1,5000,Tarjeta,
2564,2026-08-21,11:24,Nübe Altico,Domicilio,Croissant,1,6000,Tarjeta,
2565,2026-08-21,16:27,Nübe Altico,Domicilio,Capuchino,1,8500,Efectivo,C236
2566,2026-08-21,14:33,Nübe Altico,Mostrador,Tinto,1,3000,Nequi,
2567,2026-08-21,09:37,Nübe Altico,Mostrador,Croissant,1,6000,Efectivo,C247
2568,2026-08-21,09:13,Nübe Altico,Mostrador,Capuchino,1,8500,Nequi,
2568,2026-08-21,09:13,Nübe Altico,Mostrador,Chocolate caliente,3,7500,Nequi,
2569,2026-08-21,19:30,Nübe Altico,Mostrador,Capuchino,1,8500,Tarjeta,C039
2569,2026-08-21,19:30,Nübe Altico,Mostrador,Latte,1,9000,Tarjeta,C039
2570,2026-08-21,14:42,Nübe Altico,Domicilio,Latte,1,9000,Tarjeta,
2571,2026-08-21,07:45,Nübe Altico,Mostrador,Capuchino,1,8500,Efectivo,C157
2572,2026-08-21,15:17,Nübe Altico,Mostrador,Chocolate caliente,1,7500,Nequi,C123
2572,2026-08-21,15:17,Nübe Altico,Mostrador,Latte,1,9000,Nequi,C123
2573,2026-08-21,17:33,Nübe Altico,Domicilio,Croissant,1,6000,Efectivo,
2573,2026-08-21,17:33,Nübe Altico,Domicilio,Latte,1,9000,Efectivo,
2574,2026-08-21,18:39,Nübe Altico,Domicilio,Americano,2,5000,Efectivo,
2574,2026-08-21,18:39,Nübe Altico,Domicilio,Croissant,2,6000,Efectivo,
2574,2026-08-21,18:39,Nübe Altico,Domicilio,Croissant de almendras,1,8000,Efectivo,
2575,2026-08-21,07:45,Nübe Altico,Mostrador,Latte,1,9000,Efectivo,
2576,2026-08-21,06:21,Nübe Altico,Domicilio,Capuchino,1,8500,Nequi,C127
2576,2026-08-21,06:21,Nübe Altico,Domicilio,Latte,1,9000,Nequi,C127
2577,2026-08-21,09:23,Nübe Altico,Mostrador,Americano,1,5000,Efectivo,C284
2577,2026-08-21,09:23,Nübe Altico,Mostrador,Croissant,1,6000,Efectivo,C284
2577,2026-08-21,09:23,Nübe Altico,Mostrador,Tinto,1,3000,Efectivo,C284
2578,2026-08-21,09:52,Nübe Altico,Domicilio,Capuchino,2,8500,Tarjeta,C279
2578,2026-08-21,09:52,Nübe Altico,Domicilio,Latte,1,9000,Tarjeta,C279
2579,2026-08-21,13:43,Nübe Altico,Domicilio,Capuchino,1,8500,Efectivo,C171
2579,2026-08-21,13:43,Nübe Altico,Domicilio,Tinto,1,3000,Efectivo,C171
2580,2026-08-21,09:00,Nübe Altico,Mostrador,Americano,1,5000,Nequi,
2581,2026-08-21,15:18,Nübe Altico,Domicilio,Americano,3,5000,Efectivo,
2582,2026-08-21,18:55,Nübe Altico,Domicilio,Americano,1,5000,Efectivo,
2582,2026-08-21,18:55,Nübe Altico,Domicilio,Croissant,1,6000,Efectivo,
2583,2026-08-21,17:00,Nübe Altico,Mostrador,Tinto,2,3000,Efectivo,C280
2584,2026-08-21,13:28,Nübe Altico,Domicilio,Chocolate caliente,1,7500,Efectivo,
2585,2026-08-21,09:44,Nübe Altico,Mostrador,Croissant,2,6000,Tarjeta,C109
2585,2026-08-21,09:44,Nübe Altico,Mostrador,Frappé de café,2,11000,Tarjeta,C109
2586,2026-08-21,08:28,Nübe Altico,Mostrador,Tinto,1,3000,Nequi,
2587,2026-08-21,07:11,Nübe Altico,Mostrador,Latte,1,9000,Efectivo,C097
2588,2026-08-21,11:40,Nübe Altico,Domicilio,Croissant,1,6000,Efectivo,C026
2588,2026-08-21,11:40,Nübe Altico,Domicilio,Croissant de almendras,3,8000,Efectivo,C026
2589,2026-08-21,08:31,Nübe Altico,Mostrador,Croissant,1,6000,Tarjeta,
2589,2026-08-21,08:31,Nübe Altico,Mostrador,Tinto,3,3000,Tarjeta,
2590,2026-08-21,09:05,Nübe Altico,Mostrador,Croissant,1,6000,Tarjeta,
2590,2026-08-21,09:05,Nübe Altico,Mostrador,Tinto,1,3000,Tarjeta,
2591,2026-08-21,08:01,Nübe Altico,Mostrador,Latte,1,9000,Nequi,C013
2592,2026-08-21,20:57,Nübe Altico,Mostrador,Chocolate caliente,1,7500,Nequi,
2593,2026-08-21,06:02,Nübe Altico,Mostrador,Americano,3,5000,Tarjeta,
2593,2026-08-21,06:02,Nübe Altico,Mostrador,Croissant,1,6000,Tarjeta,
2593,2026-08-21,06:02,Nübe Altico,Mostrador,Tinto,1,3000,Tarjeta,
2594,2026-08-21,15:26,Nübe Altico,Domicilio,Capuchino,1,8500,Efectivo,
2594,2026-08-21,15:26,Nübe Altico,Domicilio,Croissant de almendras,1,8000,Efectivo,
2595,2026-08-21,16:15,Nübe Altico,Mostrador,Frappé de café,1,11000,Tarjeta,C084
2596,2026-08-21,08:41,Nübe Altico,Domicilio,Croissant de almendras,1,8000,Efectivo,
2596,2026-08-21,08:41,Nübe Altico,Domicilio,Tinto,2,3000,Efectivo,
2597,2026-08-21,20:34,Nübe Altico,Mostrador,Capuchino,1,8500,Nequi,C073
2598,2026-08-21,12:43,Nübe Altico,Domicilio,Chocolate caliente,1,7500,Nequi,
2598,2026-08-21,12:43,Nübe Altico,Domicilio,Latte,1,9000,Nequi,
2599,2026-08-21,13:31,Nübe Altico,Mostrador,Croissant,2,6000,Efectivo,C089
2600,2026-08-21,19:09,Nübe Altico,Domicilio,Capuchino,1,8500,Nequi,C177
2601,2026-08-22,17:16,Nübe Centro,Mostrador,Americano,2,5000,Nequi,
2602,2026-08-22,10:49,Nübe Centro,Mostrador,Chocolate caliente,1,7500,Efectivo,
2602,2026-08-22,10:49,Nübe Centro,Mostrador,Croissant de almendras,1,8000,Efectivo,
2603,2026-08-22,13:07,Nübe Centro,Domicilio,Latte,1,9000,Nequi,
2604,2026-08-22,09:10,Nübe Centro,Mostrador,Tinto,1,3000,Tarjeta,
2605,2026-08-22,08:49,Nübe Centro,Mostrador,Capuchino,1,8500,Tarjeta,C163
2605,2026-08-22,08:49,Nübe Centro,Mostrador,Tinto,1,3000,Tarjeta,C163
2606,2026-08-22,06:27,Nübe Centro,Mostrador,Americano,1,5000,Tarjeta,C087
2607,2026-08-22,08:16,Nübe Centro,Mostrador,Americano,1,5000,Nequi,
2607,2026-08-22,08:16,Nübe Centro,Mostrador,Tinto,1,3000,Nequi,
2608,2026-08-22,20:09,Nübe Centro,Domicilio,Croissant de almendras,2,8000,Tarjeta,C253
2609,2026-08-22,08:26,Nübe Centro,Mostrador,Tinto,1,3000,Nequi,
2610,2026-08-22,08:14,Nübe Centro,Domicilio,Croissant de almendras,1,8000,Tarjeta,
2610,2026-08-22,08:14,Nübe Centro,Domicilio,Frappé de café,1,11000,Tarjeta,
2611,2026-08-22,13:31,Nübe Centro,Mostrador,Americano,1,5000,Tarjeta,C259
2611,2026-08-22,13:31,Nübe Centro,Mostrador,Capuchino,1,8500,Tarjeta,C259
2612,2026-08-22,08:05,Nübe Centro,Mostrador,Americano,1,5000,Tarjeta,C283
2612,2026-08-22,08:05,Nübe Centro,Mostrador,Latte,1,9000,Tarjeta,C283
2613,2026-08-22,06:55,Nübe Centro,Mostrador,Croissant,3,6000,Sin dato,
2614,2026-08-22,11:07,Nübe Centro,Mostrador,Tinto,2,3000,Tarjeta,
2615,2026-08-22,17:26,Nübe Centro,Domicilio,Capuchino,1,8500,Efectivo,
2616,2026-08-22,17:31,Nübe Centro,Domicilio,Tinto,1,3000,Nequi,C109
2617,2026-08-22,19:23,Nübe Centro,Mostrador,Capuchino,1,8500,Efectivo,
2618,2026-08-22,12:21,Nübe Centro,Mostrador,Frappé de café,1,11000,Efectivo,C015
2619,2026-08-22,17:03,Nübe Centro,Mostrador,Americano,3,5000,Tarjeta,C174
2620,2026-08-22,07:02,Nübe Centro,Mostrador,Croissant de almendras,1,8000,Efectivo,
2620,2026-08-22,07:02,Nübe Centro,Mostrador,Frappé de café,1,11000,Efectivo,
2621,2026-08-22,08:59,Nübe Centro,Mostrador,Capuchino,1,8500,Nequi,C159
2622,2026-08-22,09:17,Nübe Centro,Mostrador,Capuchino,2,8500,Efectivo,
2623,2026-08-22,13:48,Nübe Centro,Mostrador,Americano,2,5000,Sin dato,C129
2623,2026-08-22,13:48,Nübe Centro,Mostrador,Frappé de café,1,11000,Tarjeta,C129
2624,2026-08-22,07:02,Nübe Centro,Mostrador,Croissant,1,6000,Efectivo,
2624,2026-08-22,07:02,Nübe Centro,Mostrador,Tinto,1,3000,Efectivo,
2625,2026-08-22,07:21,Nübe Centro,Mostrador,Americano,1,5000,Nequi,C292
2625,2026-08-22,07:21,Nübe Centro,Mostrador,Tinto,1,3000,Nequi,C292
2626,2026-08-22,08:42,Nübe Centro,Mostrador,Capuchino,2,8500,Nequi,
2627,2026-08-22,10:43,Nübe Centro,Domicilio,Chocolate caliente,1,7500,Sin dato,
2627,2026-08-22,10:43,Nübe Centro,Domicilio,Frappé de café,2,11000,Tarjeta,
2627,2026-08-22,10:43,Nübe Centro,Domicilio,Tinto,1,3000,Tarjeta,
2628,2026-08-22,08:37,Nübe Centro,Mostrador,Croissant,1,6000,Efectivo,
2628,2026-08-22,08:37,Nübe Centro,Mostrador,Tinto,1,3000,Efectivo,
2629,2026-08-22,10:38,Nübe Centro,Mostrador,Tinto,1,3000,Nequi,
2630,2026-08-22,17:21,Nübe Centro,Domicilio,Chocolate caliente,1,7500,Nequi,
2631,2026-08-22,17:28,Nübe Centro,Domicilio,Chocolate caliente,1,7500,Efectivo,C052
2632,2026-08-22,09:09,Nübe Centro,Mostrador,Croissant,1,6000,Tarjeta,C049
2632,2026-08-22,09:09,Nübe Centro,Mostrador,Croissant de almendras,1,8000,Sin dato,C049
2633,2026-08-22,14:58,Nübe Centro,Mostrador,Croissant de almendras,3,8000,Nequi,
2634,2026-08-22,11:29,Nübe Centro,Mostrador,Capuchino,1,8500,Nequi,
2634,2026-08-22,11:29,Nübe Centro,Mostrador,Frappé de café,1,11000,Nequi,
2635,2026-08-22,15:16,Nübe Centro,Mostrador,Croissant,2,6000,Nequi,
2636,2026-08-22,15:08,Nübe Centro,Mostrador,Croissant,1,6000,Efectivo,
2636,2026-08-22,15:08,Nübe Centro,Mostrador,Tinto,1,3000,Efectivo,
2637,2026-08-22,09:46,Nübe Centro,Mostrador,Capuchino,1,8500,Nequi,C142
2637,2026-08-22,09:46,Nübe Centro,Mostrador,Tinto,1,3000,Nequi,C142
2638,2026-08-22,06:36,Nübe Centro,Mostrador,Tinto,1,3000,Efectivo,C278
2639,2026-08-22,07:16,Nübe Centro,Mostrador,Latte,1,9000,Efectivo,C030
2640,2026-08-22,06:58,Nübe Centro,Mostrador,Americano,2,5000,Nequi,C184
2640,2026-08-22,06:58,Nübe Centro,Mostrador,Croissant,1,6000,Nequi,C184
2641,2026-08-22,09:50,Nübe Centro,Mostrador,Capuchino,1,8500,Nequi,
2641,2026-08-22,09:50,Nübe Centro,Mostrador,Tinto,1,3000,Nequi,
2642,2026-08-22,10:04,Nübe Centro,Mostrador,Capuchino,1,8500,Efectivo,C217
2643,2026-08-22,08:56,Nübe Centro,Mostrador,Americano,1,5000,Nequi,
2644,2026-08-22,17:51,Nübe Centro,Mostrador,Americano,1,5000,Efectivo,
2644,2026-08-22,17:51,Nübe Centro,Mostrador,Croissant,2,6000,Efectivo,
2644,2026-08-22,17:51,Nübe Centro,Mostrador,Latte,3,9000,Efectivo,
2645,2026-08-22,13:07,Nübe Centro,Mostrador,Chocolate caliente,1,7500,Tarjeta,
2646,2026-08-22,10:49,Nübe Centro,Mostrador,Latte,1,9000,Tarjeta,C242
2647,2026-08-22,15:50,Nübe Centro,Mostrador,Americano,1,5000,Nequi,
2647,2026-08-22,15:50,Nübe Centro,Mostrador,Latte,1,9000,Nequi,
2648,2026-08-22,11:04,Nübe Centro,Mostrador,Americano,1,5000,Efectivo,
2648,2026-08-22,11:04,Nübe Centro,Mostrador,Croissant,1,6000,Efectivo,
2649,2026-08-22,13:01,Nübe Centro,Mostrador,Croissant,1,6000,Efectivo,C158
2649,2026-08-22,13:01,Nübe Centro,Mostrador,Croissant de almendras,1,8000,Efectivo,C158
2650,2026-08-22,19:40,Nübe Centro,Mostrador,Croissant,2,6000,Efectivo,
2651,2026-08-22,13:15,Nübe Centro,Domicilio,Latte,1,9000,Efectivo,C279
2651,2026-08-22,13:15,Nübe Centro,Domicilio,Tinto,1,3000,Efectivo,C279
2652,2026-08-22,15:39,Nübe Centro,Domicilio,Croissant de almendras,1,8000,Efectivo,
2653,2026-08-22,08:42,Nübe Centro,Mostrador,Americano,1,5000,Tarjeta,C042
2653,2026-08-22,08:42,Nübe Centro,Mostrador,Croissant,2,6000,Tarjeta,C042
2653,2026-08-22,08:42,Nübe Centro,Mostrador,Tinto,2,3000,Tarjeta,C042
2654,2026-08-22,09:05,Nübe Centro,Domicilio,Americano,1,5000,Nequi,C224
2655,2026-08-22,17:12,Nübe Centro,Mostrador,Americano,1,5000,Tarjeta,C028
2655,2026-08-22,17:12,Nübe Centro,Mostrador,Capuchino,1,8500,Tarjeta,C028
2656,2026-08-22,08:11,Nübe Centro,Mostrador,Croissant de almendras,1,8000,Efectivo,C295
2657,2026-08-22,12:55,Nübe Centro,Mostrador,Croissant,1,6000,Tarjeta,C012
2658,2026-08-22,06:57,Nübe Centro,Mostrador,Capuchino,1,8500,Sin dato,
2659,2026-08-22,08:00,Nübe Centro,Mostrador,Americano,1,5000,Nequi,
2659,2026-08-22,08:00,Nübe Centro,Mostrador,Tinto,1,3000,Nequi,
2660,2026-08-22,08:51,Nübe Centro,Domicilio,Croissant de almendras,1,8000,Efectivo,C207
2661,2026-08-22,15:57,Nübe Centro,Mostrador,Americano,1,5000,Tarjeta,C245
2661,2026-08-22,15:57,Nübe Centro,Mostrador,Chocolate caliente,1,7500,Tarjeta,C245
2661,2026-08-22,15:57,Nübe Centro,Mostrador,Croissant,1,6000,Tarjeta,C245
2662,2026-08-22,12:08,Nübe Centro,Domicilio,Frappé de café,1,11000,Efectivo,
2663,2026-08-22,16:31,Nübe Centro,Domicilio,Capuchino,1,8500,Nequi,
2664,2026-08-22,09:34,Nübe Centro,Mostrador,Chocolate caliente,1,7500,Efectivo,C244
2664,2026-08-22,09:34,Nübe Centro,Mostrador,Croissant,1,6000,Efectivo,C244
2665,2026-08-22,16:49,Nübe Centro,Mostrador,Americano,1,5000,Efectivo,
2665,2026-08-22,16:49,Nübe Centro,Mostrador,Frappé de café,1,11000,Efectivo,
2666,2026-08-22,14:25,Nübe Centro,Mostrador,Capuchino,1,8500,Efectivo,C094
2666,2026-08-22,14:25,Nübe Centro,Mostrador,Croissant,1,6000,Efectivo,C094
2667,2026-08-22,18:42,Nübe Centro,Domicilio,Capuchino,2,8500,Efectivo,
2667,2026-08-22,18:42,Nübe Centro,Domicilio,Croissant,1,6000,Efectivo,
2668,2026-08-22,13:38,Nübe Centro,Mostrador,Latte,1,9000,Nequi,C240
2668,2026-08-22,13:38,Nübe Centro,Mostrador,Tinto,1,3000,Nequi,C240
2669,2026-08-22,10:55,Nübe Centro,Mostrador,Croissant,1,6000,Efectivo,
2669,2026-08-22,10:55,Nübe Centro,Mostrador,Tinto,1,3000,Efectivo,
2670,2026-08-22,08:54,Nübe Centro,Domicilio,Tinto,1,3000,Nequi,C016
2671,2026-08-22,08:32,Nübe Centro,Mostrador,Americano,1,5000,Tarjeta,C034
2671,2026-08-22,08:32,Nübe Centro,Mostrador,Latte,1,9000,Tarjeta,C034
2672,2026-08-22,06:08,Nübe Centro,Mostrador,Croissant,1,6000,Tarjeta,C284
2673,2026-08-22,13:01,Nübe Centro,Mostrador,Croissant de almendras,1,8000,Nequi,C132
2673,2026-08-22,13:01,Nübe Centro,Mostrador,Tinto,1,3000,Nequi,C132
2674,2026-08-22,07:23,Nübe Centro,Mostrador,Latte,1,9000,Tarjeta,
2675,2026-08-22,17:42,Nübe Centro,Mostrador,Latte,1,9000,Nequi,
2676,2026-08-22,09:46,Nübe Centro,Mostrador,Tinto,1,3000,Efectivo,C272
2677,2026-08-22,13:58,Nübe Centro,Domicilio,Croissant de almendras,2,8000,Tarjeta,C227
2678,2026-08-22,20:34,Nübe Centro,Mostrador,Americano,3,5000,Efectivo,C257
2678,2026-08-22,20:34,Nübe Centro,Mostrador,Frappé de café,1,11000,Efectivo,C257
2678,2026-08-22,20:34,Nübe Centro,Mostrador,Tinto,1,3000,Efectivo,C257
2679,2026-08-22,07:39,Nübe Centro,Mostrador,Capuchino,1,8500,Nequi,C143
2679,2026-08-22,07:39,Nübe Centro,Mostrador,Croissant de almendras,1,8000,Nequi,C143
2680,2026-08-22,13:38,Nübe Centro,Mostrador,Capuchino,1,8500,Nequi,C028
2681,2026-08-22,08:02,Nübe Centro,Mostrador,Croissant de almendras,1,8000,Efectivo,C292
2681,2026-08-22,08:02,Nübe Centro,Mostrador,Latte,1,9000,Sin dato,C292
2681,2026-08-22,08:02,Nübe Centro,Mostrador,Tinto,1,3000,Efectivo,C292
2682,2026-08-22,19:53,Nübe Centro,Mostrador,Croissant,1,6000,Nequi,
2682,2026-08-22,19:53,Nübe Centro,Mostrador,Croissant de almendras,1,8000,Nequi,
2683,2026-08-22,10:52,Nübe Centro,Domicilio,Capuchino,1,8500,Nequi,
2684,2026-08-22,16:29,Nübe Centro,Mostrador,Tinto,1,3000,Nequi,C254
2685,2026-08-22,08:06,Nübe Centro,Mostrador,Croissant,1,6000,Tarjeta,C175
2686,2026-08-22,15:13,Nübe Centro,Domicilio,Capuchino,3,8500,Nequi,
2686,2026-08-22,15:13,Nübe Centro,Domicilio,Chocolate caliente,1,7500,Nequi,
2686,2026-08-22,15:13,Nübe Centro,Domicilio,Croissant,3,6000,Nequi,
2687,2026-08-22,12:18,Nübe Centro,Mostrador,Croissant,1,6000,Efectivo,
2688,2026-08-22,08:02,Nübe Centro,Mostrador,Croissant,1,6000,Efectivo,
2689,2026-08-22,15:10,Nübe Centro,Mostrador,Croissant,1,6000,Nequi,
2689,2026-08-22,15:10,Nübe Centro,Mostrador,Latte,2,9000,Nequi,
2690,2026-08-22,08:17,Nübe Centro,Mostrador,Capuchino,1,8500,Tarjeta,
2690,2026-08-22,08:17,Nübe Centro,Mostrador,Croissant,1,6000,Tarjeta,
2690,2026-08-22,08:17,Nübe Centro,Mostrador,Latte,1,9000,Tarjeta,
2691,2026-08-22,15:32,Nübe Centro,Mostrador,Capuchino,1,8500,Efectivo,
2691,2026-08-22,15:32,Nübe Centro,Mostrador,Croissant,1,6000,Efectivo,
2691,2026-08-22,15:32,Nübe Centro,Mostrador,Croissant de almendras,1,8000,Efectivo,
2692,2026-08-22,09:27,Nübe Centro,Mostrador,Croissant,1,6000,Tarjeta,
2692,2026-08-22,09:27,Nübe Centro,Mostrador,Frappé de café,1,11000,Tarjeta,
2692,2026-08-22,09:27,Nübe Centro,Mostrador,Tinto,3,3000,Tarjeta,
2693,2026-08-22,16:38,Nübe Centro,Mostrador,Capuchino,2,8500,Nequi,
2693,2026-08-22,16:38,Nübe Centro,Mostrador,Chocolate caliente,1,7500,Nequi,
2693,2026-08-22,16:38,Nübe Centro,Mostrador,Latte,1,9000,Nequi,
2694,2026-08-22,10:54,Nübe Centro,Mostrador,Capuchino,1,8500,Nequi,
2694,2026-08-22,10:54,Nübe Centro,Mostrador,Croissant,1,6000,Nequi,
2695,2026-08-22,11:14,Nübe Centro,Domicilio,Frappé de café,2,11000,Sin dato,
2695,2026-08-22,11:14,Nübe Centro,Domicilio,Tinto,2,3000,Tarjeta,
2696,2026-08-22,15:50,Nübe Centro,Mostrador,Capuchino,1,8500,Efectivo,
2696,2026-08-22,15:50,Nübe Centro,Mostrador,Croissant,1,6000,Efectivo,
2697,2026-08-22,14:23,Nübe Centro,Mostrador,Capuchino,1,8500,Efectivo,C175
2697,2026-08-22,14:23,Nübe Centro,Mostrador,Croissant de almendras,1,8000,Efectivo,C175
2698,2026-08-22,15:49,Nübe Centro,Mostrador,Capuchino,1,8500,Efectivo,C019
2698,2026-08-22,15:49,Nübe Centro,Mostrador,Croissant,1,6000,Efectivo,C019
2698,2026-08-22,15:49,Nübe Centro,Mostrador,Tinto,2,3000,Efectivo,C019
2699,2026-08-22,07:32,Nübe Centro,Mostrador,Tinto,1,3000,Efectivo,
2700,2026-08-22,13:23,Nübe Centro,Mostrador,Croissant,2,6000,Efectivo,
2701,2026-08-22,17:05,Nübe Centro,Domicilio,Capuchino,2,8500,Efectivo,
2702,2026-08-22,10:48,Nübe Centro,Mostrador,Americano,1,5000,Efectivo,
2702,2026-08-22,10:48,Nübe Centro,Mostrador,Chocolate caliente,1,7500,Efectivo,
2702,2026-08-22,10:48,Nübe Centro,Mostrador,Tinto,1,3000,Efectivo,
2703,2026-08-22,13:30,Nübe Centro,Mostrador,Capuchino,1,8500,Tarjeta,
2703,2026-08-22,13:30,Nübe Centro,Mostrador,Frappé de café,2,11000,Tarjeta,
2704,2026-08-22,17:36,Nübe Centro,Mostrador,Chocolate caliente,1,7500,Nequi,C039
2704,2026-08-22,17:36,Nübe Centro,Mostrador,Croissant de almendras,1,8000,Nequi,C039
2704,2026-08-22,17:36,Nübe Centro,Mostrador,Tinto,1,3000,Nequi,C039
2705,2026-08-22,14:50,Nübe Centro,Mostrador,Tinto,1,3000,Nequi,C022
2706,2026-08-22,07:43,Nübe Centro,Mostrador,Americano,1,5000,Tarjeta,
2706,2026-08-22,07:43,Nübe Centro,Mostrador,Croissant,1,6000,Tarjeta,
2707,2026-08-22,12:23,Nübe Centro,Mostrador,Croissant,1,6000,Nequi,
2708,2026-08-22,11:04,Nübe Centro,Mostrador,Tinto,1,3000,Nequi,
2709,2026-08-22,07:34,Nübe Centro,Mostrador,Americano,2,5000,Nequi,C229
2709,2026-08-22,07:34,Nübe Centro,Mostrador,Latte,2,9000,Nequi,C229
2709,2026-08-22,07:34,Nübe Centro,Mostrador,Tinto,1,3000,Nequi,C229
2710,2026-08-22,08:45,Nübe Centro,Domicilio,Latte,1,9000,Efectivo,C169
2711,2026-08-22,17:37,Nübe Centro,Mostrador,Capuchino,1,8500,Nequi,
2712,2026-08-22,08:24,Nübe Centro,Mostrador,Croissant,1,6000,Nequi,C078
2713,2026-08-22,13:18,Nübe Centro,Mostrador,Croissant,1,6000,Efectivo,
2714,2026-08-22,11:12,Nübe Centro,Mostrador,Capuchino,3,8500,Efectivo,
2715,2026-08-22,11:16,Nübe Altico,Mostrador,Croissant,1,6000,Nequi,
2715,2026-08-22,11:16,Nübe Altico,Mostrador,Tinto,1,3000,Nequi,
2716,2026-08-22,07:46,Nübe Altico,Domicilio,Croissant,1,6000,Nequi,
2716,2026-08-22,07:46,Nübe Altico,Domicilio,Latte,1,9000,Nequi,
2716,2026-08-22,07:46,Nübe Altico,Domicilio,Tinto,2,3000,Nequi,
2717,2026-08-22,09:09,Nübe Altico,Domicilio,Croissant,1,6000,Efectivo,
2718,2026-08-22,14:16,Nübe Altico,Mostrador,Americano,1,5000,Nequi,
2718,2026-08-22,14:16,Nübe Altico,Mostrador,Croissant de almendras,1,8000,Nequi,
2718,2026-08-22,14:16,Nübe Altico,Mostrador,Latte,1,9000,Nequi,
2719,2026-08-22,09:18,Nübe Altico,Mostrador,Croissant,1,6000,Nequi,C251
2719,2026-08-22,09:18,Nübe Altico,Mostrador,Croissant de almendras,2,8000,Nequi,C251
2720,2026-08-22,10:00,Nübe Altico,Mostrador,Frappé de café,1,11000,Efectivo,
2720,2026-08-22,10:00,Nübe Altico,Mostrador,Latte,1,9000,Efectivo,
2721,2026-08-22,09:57,Nübe Altico,Mostrador,Frappé de café,1,11000,Nequi,C004
2722,2026-08-22,14:50,Nübe Altico,Mostrador,Latte,1,9000,Nequi,
2722,2026-08-22,14:50,Nübe Altico,Mostrador,Tinto,2,3000,Nequi,
2723,2026-08-22,08:14,Nübe Altico,Mostrador,Croissant,3,6000,Tarjeta,
2724,2026-08-22,15:04,Nübe Altico,Mostrador,Capuchino,3,8500,Tarjeta,
2724,2026-08-22,15:04,Nübe Altico,Mostrador,Chocolate caliente,1,7500,Tarjeta,
2724,2026-08-22,15:04,Nübe Altico,Mostrador,Tinto,1,3000,Tarjeta,
2725,2026-08-22,07:58,Nübe Altico,Mostrador,Americano,1,5000,Tarjeta,C295
2726,2026-08-22,18:30,Nübe Altico,Domicilio,Croissant de almendras,1,8000,Nequi,
2726,2026-08-22,18:30,Nübe Altico,Domicilio,Latte,2,9000,Nequi,
2727,2026-08-22,07:51,Nübe Altico,Mostrador,Tinto,1,3000,Tarjeta,
2728,2026-08-22,08:42,Nübe Altico,Mostrador,Capuchino,1,8500,Nequi,
2728,2026-08-22,08:42,Nübe Altico,Mostrador,Latte,1,9000,Nequi,
2729,2026-08-22,15:06,Nübe Altico,Mostrador,Frappé de café,1,11000,Nequi,C024
2729,2026-08-22,15:06,Nübe Altico,Mostrador,Latte,2,9000,Nequi,C024
2730,2026-08-22,13:24,Nübe Altico,Mostrador,Tinto,1,3000,Tarjeta,C247
2731,2026-08-22,14:21,Nübe Altico,Domicilio,Croissant de almendras,1,8000,Tarjeta,
2732,2026-08-22,16:55,Nübe Altico,Domicilio,Croissant,1,6000,Efectivo,C007
2732,2026-08-22,16:55,Nübe Altico,Domicilio,Tinto,3,3000,Efectivo,C007
2733,2026-08-22,15:11,Nübe Altico,Domicilio,Chocolate caliente,1,7500,Efectivo,
2733,2026-08-22,15:11,Nübe Altico,Domicilio,Croissant,1,6000,Efectivo,
2733,2026-08-22,15:11,Nübe Altico,Domicilio,Latte,1,9000,Efectivo,
2734,2026-08-22,15:43,Nübe Altico,Mostrador,Latte,1,9000,Tarjeta,
2735,2026-08-22,19:32,Nübe Altico,Mostrador,Capuchino,1,8500,Efectivo,C155
2735,2026-08-22,19:32,Nübe Altico,Mostrador,Chocolate caliente,1,7500,Efectivo,C155
2735,2026-08-22,19:32,Nübe Altico,Mostrador,Latte,1,9000,Efectivo,C155
2736,2026-08-22,16:51,Nübe Altico,Mostrador,Capuchino,1,8500,Nequi,
2736,2026-08-22,16:51,Nübe Altico,Mostrador,Frappé de café,1,11000,Nequi,
2737,2026-08-22,15:15,Nübe Altico,Mostrador,Tinto,1,3000,Nequi,
2738,2026-08-22,09:36,Nübe Altico,Mostrador,Croissant,1,6000,Tarjeta,
2739,2026-08-22,13:12,Nübe Altico,Mostrador,Croissant,1,6000,Nequi,C177
2739,2026-08-22,13:12,Nübe Altico,Mostrador,Frappé de café,1,11000,Nequi,C177
2740,2026-08-22,19:15,Nübe Altico,Mostrador,Capuchino,2,8500,Efectivo,C136
2740,2026-08-22,19:15,Nübe Altico,Mostrador,Croissant,2,6000,Efectivo,C136
2741,2026-08-22,07:39,Nübe Altico,Mostrador,Americano,1,5000,Tarjeta,C026
2742,2026-08-22,13:56,Nübe Altico,Mostrador,Chocolate caliente,1,7500,Nequi,C099
2742,2026-08-22,13:56,Nübe Altico,Mostrador,Frappé de café,1,11000,Nequi,C099
2743,2026-08-22,11:12,Nübe Altico,Mostrador,Americano,1,5000,Tarjeta,C001
2743,2026-08-22,11:12,Nübe Altico,Mostrador,Croissant de almendras,1,8000,Tarjeta,C001
2743,2026-08-22,11:12,Nübe Altico,Mostrador,Tinto,1,3000,Tarjeta,C001
2744,2026-08-22,14:15,Nübe Altico,Domicilio,Chocolate caliente,2,7500,Tarjeta,
2745,2026-08-22,12:12,Nübe Altico,Domicilio,Capuchino,1,8500,Efectivo,
2746,2026-08-22,08:42,Nübe Altico,Mostrador,Capuchino,1,8500,Tarjeta,C284
2747,2026-08-22,17:03,Nübe Altico,Mostrador,Tinto,1,3000,Efectivo,C281
2748,2026-08-22,08:12,Nübe Altico,Mostrador,Latte,1,9000,Efectivo,
2749,2026-08-22,13:34,Nübe Altico,Mostrador,Americano,3,5000,Tarjeta,C065
2749,2026-08-22,13:34,Nübe Altico,Mostrador,Latte,3,9000,Sin dato,C065
2750,2026-08-22,09:07,Nübe Altico,Mostrador,Latte,1,9000,Nequi,C211
2751,2026-08-22,17:44,Nübe Altico,Mostrador,Capuchino,1,8500,Efectivo,
2751,2026-08-22,17:44,Nübe Altico,Mostrador,Tinto,1,3000,Efectivo,
2752,2026-08-22,13:55,Nübe Altico,Domicilio,Americano,1,5000,Tarjeta,C028
2753,2026-08-22,19:58,Nübe Altico,Mostrador,Americano,2,5000,Efectivo,C172
2754,2026-08-22,15:02,Nübe Altico,Mostrador,Croissant de almendras,1,8000,Nequi,
2755,2026-08-22,08:24,Nübe Altico,Mostrador,Americano,1,5000,Nequi,
2755,2026-08-22,08:24,Nübe Altico,Mostrador,Capuchino,1,8500,Nequi,
2755,2026-08-22,08:24,Nübe Altico,Mostrador,Croissant,1,6000,Nequi,
2756,2026-08-22,09:02,Nübe Altico,Mostrador,Americano,1,5000,Nequi,C232
2757,2026-08-22,18:59,Nübe Altico,Mostrador,Frappé de café,1,11000,Efectivo,
2758,2026-08-22,08:43,Nübe Altico,Mostrador,Croissant,1,6000,Efectivo,
2758,2026-08-22,08:43,Nübe Altico,Mostrador,Tinto,1,3000,Efectivo,
2759,2026-08-22,07:33,Nübe Altico,Mostrador,Croissant,1,6000,Tarjeta,C031
2759,2026-08-22,07:33,Nübe Altico,Mostrador,Tinto,2,3000,Tarjeta,C031
2760,2026-08-22,08:12,Nübe Altico,Mostrador,Capuchino,1,8500,Efectivo,C024
2761,2026-08-22,08:39,Nübe Altico,Mostrador,Capuchino,1,8500,Tarjeta,C175
2761,2026-08-22,08:39,Nübe Altico,Mostrador,Latte,1,9000,Tarjeta,C175
2762,2026-08-22,07:29,Nübe Altico,Mostrador,Croissant de almendras,1,8000,Nequi,
2762,2026-08-22,07:29,Nübe Altico,Mostrador,Tinto,1,3000,Nequi,
2763,2026-08-22,15:51,Nübe Altico,Domicilio,Croissant,2,6000,Nequi,
2763,2026-08-22,15:51,Nübe Altico,Domicilio,Croissant de almendras,2,8000,Nequi,
2763,2026-08-22,15:51,Nübe Altico,Domicilio,Tinto,2,3000,Nequi,
2764,2026-08-22,12:03,Nübe Altico,Mostrador,Americano,1,5000,Nequi,C298
2764,2026-08-22,12:03,Nübe Altico,Mostrador,Tinto,1,3000,Nequi,C298
2765,2026-08-22,09:36,Nübe Altico,Mostrador,Americano,1,5000,Tarjeta,C106
2765,2026-08-22,09:36,Nübe Altico,Mostrador,Capuchino,1,8500,Tarjeta,C106
2765,2026-08-22,09:36,Nübe Altico,Mostrador,Chocolate caliente,1,7500,Tarjeta,C106
2766,2026-08-22,07:51,Nübe Altico,Mostrador,Croissant,1,6000,Tarjeta,
2767,2026-08-22,16:53,Nübe Altico,Domicilio,Latte,1,9000,Nequi,C099
2768,2026-08-22,14:39,Nübe Altico,Mostrador,Croissant,2,6000,Nequi,
2768,2026-08-22,14:39,Nübe Altico,Mostrador,Tinto,1,3000,Nequi,
2769,2026-08-22,10:29,Nübe Altico,Mostrador,Latte,1,9000,Efectivo,C153
2769,2026-08-22,10:29,Nübe Altico,Mostrador,Tinto,1,3000,Efectivo,C153
2770,2026-08-22,07:28,Nübe Altico,Domicilio,Americano,1,5000,Efectivo,C017
2770,2026-08-22,07:28,Nübe Altico,Domicilio,Capuchino,1,8500,Efectivo,C017
2770,2026-08-22,07:28,Nübe Altico,Domicilio,Croissant,1,6000,Efectivo,C017
2771,2026-08-22,16:16,Nübe Altico,Mostrador,Chocolate caliente,1,7500,Tarjeta,C237
2772,2026-08-22,07:01,Nübe Altico,Mostrador,Frappé de café,1,11000,Efectivo,
2772,2026-08-22,07:01,Nübe Altico,Mostrador,Tinto,1,3000,Efectivo,
2773,2026-08-22,13:51,Nübe Altico,Mostrador,Capuchino,1,8500,Efectivo,C193
2774,2026-08-22,15:33,Nübe Altico,Mostrador,Capuchino,1,8500,Efectivo,
2775,2026-08-22,08:38,Nübe Altico,Mostrador,Americano,2,5000,Nequi,
2776,2026-08-22,16:36,Nübe Altico,Mostrador,Croissant de almendras,1,8000,Tarjeta,C105
2777,2026-08-22,12:11,Nübe Altico,Mostrador,Frappé de café,1,11000,Tarjeta,
2778,2026-08-22,16:38,Nübe Altico,Mostrador,Latte,1,9000,Efectivo,C114
2779,2026-08-22,20:58,Nübe Altico,Domicilio,Latte,1,9000,Tarjeta,
2780,2026-08-22,10:30,Nübe Altico,Mostrador,Croissant,1,6000,Sin dato,C178
2781,2026-08-22,12:03,Nübe Altico,Mostrador,Croissant,1,6000,Nequi,
2782,2026-08-22,18:24,Nübe Altico,Mostrador,Capuchino,1,8500,Nequi,
2783,2026-08-22,15:02,Nübe Altico,Mostrador,Chocolate caliente,1,7500,Nequi,C071
2783,2026-08-22,15:02,Nübe Altico,Mostrador,Croissant,1,6000,Nequi,C071
2784,2026-08-22,11:30,Nübe Altico,Mostrador,Latte,1,9000,Sin dato,C223
2785,2026-08-22,09:05,Nübe Altico,Mostrador,Americano,1,5000,Tarjeta,
2786,2026-08-22,17:35,Nübe Altico,Mostrador,Croissant,1,6000,Efectivo,C286
2787,2026-08-22,12:14,Nübe Altico,Mostrador,Croissant,2,6000,Efectivo,
2788,2026-08-22,10:05,Nübe Altico,Mostrador,Croissant,1,6000,Efectivo,C229
2788,2026-08-22,10:05,Nübe Altico,Mostrador,Latte,1,9000,Efectivo,C229
2789,2026-08-22,08:09,Nübe Altico,Mostrador,Latte,1,9000,Tarjeta,
2790,2026-08-22,09:07,Nübe Altico,Mostrador,Tinto,1,3000,Efectivo,C065
2791,2026-08-22,12:56,Nübe Altico,Mostrador,Capuchino,2,8500,Tarjeta,
2791,2026-08-22,12:56,Nübe Altico,Mostrador,Chocolate caliente,1,7500,Tarjeta,
2792,2026-08-22,08:38,Nübe Altico,Domicilio,Capuchino,1,8500,Tarjeta,C038
2793,2026-08-22,18:10,Nübe Altico,Domicilio,Americano,1,5000,Tarjeta,C214
2793,2026-08-22,18:10,Nübe Altico,Domicilio,Latte,1,9000,Tarjeta,C214
2794,2026-08-22,10:24,Nübe Altico,Mostrador,Americano,1,5000,Efectivo,C083
2795,2026-08-22,17:25,Nübe Altico,Domicilio,Chocolate caliente,1,7500,Tarjeta,
2796,2026-08-22,07:46,Nübe Altico,Mostrador,Americano,1,5000,Tarjeta,
2797,2026-08-23,07:37,Nübe Centro,Mostrador,Croissant de almendras,1,8000,Tarjeta,C150
2798,2026-08-23,16:43,Nübe Centro,Mostrador,Croissant,1,6000,Nequi,
2798,2026-08-23,16:43,Nübe Centro,Mostrador,Tinto,2,3000,Nequi,
2799,2026-08-23,09:16,Nübe Centro,Mostrador,Americano,1,5000,Nequi,
2800,2026-08-23,09:23,Nübe Centro,Domicilio,Croissant de almendras,2,8000,Efectivo,
2801,2026-08-23,09:37,Nübe Centro,Mostrador,Croissant de almendras,1,8000,Efectivo,C142
2802,2026-08-23,08:26,Nübe Centro,Mostrador,Americano,3,5000,Tarjeta,C028
2803,2026-08-23,10:10,Nübe Centro,Mostrador,Capuchino,1,8500,Tarjeta,C264
2803,2026-08-23,10:10,Nübe Centro,Mostrador,Latte,1,9000,Tarjeta,C264
2804,2026-08-23,08:26,Nübe Centro,Mostrador,Croissant,2,6000,Nequi,C024
2805,2026-08-23,10:21,Nübe Centro,Mostrador,Americano,1,5000,Efectivo,
2805,2026-08-23,10:21,Nübe Centro,Mostrador,Croissant,1,6000,Efectivo,
2805,2026-08-23,10:21,Nübe Centro,Mostrador,Latte,1,9000,Efectivo,
2806,2026-08-23,09:05,Nübe Centro,Domicilio,Chocolate caliente,1,7500,Efectivo,C044
2806,2026-08-23,09:05,Nübe Centro,Domicilio,Tinto,1,3000,Efectivo,C044
2807,2026-08-23,09:56,Nübe Centro,Mostrador,Latte,1,9000,Tarjeta,C231
2807,2026-08-23,09:56,Nübe Centro,Mostrador,Tinto,2,3000,Tarjeta,C231
2808,2026-08-23,07:17,Nübe Centro,Mostrador,Croissant de almendras,1,8000,Efectivo,
2808,2026-08-23,07:17,Nübe Centro,Mostrador,Latte,1,9000,Efectivo,
2809,2026-08-23,09:47,Nübe Centro,Mostrador,Capuchino,1,8500,Nequi,
2809,2026-08-23,09:47,Nübe Centro,Mostrador,Croissant de almendras,2,8000,Nequi,
2810,2026-08-23,09:03,Nübe Centro,Mostrador,Capuchino,3,8500,Nequi,C241
2810,2026-08-23,09:03,Nübe Centro,Mostrador,Croissant de almendras,1,8000,Nequi,C241
2811,2026-08-23,09:18,Nübe Centro,Mostrador,Croissant,1,6000,Tarjeta,C141
2811,2026-08-23,09:18,Nübe Centro,Mostrador,Croissant de almendras,1,8000,Tarjeta,C141
2812,2026-08-23,15:22,Nübe Centro,Mostrador,Tinto,1,3000,Efectivo,
2813,2026-08-23,15:25,Nübe Centro,Mostrador,Capuchino,2,8500,Efectivo,
2813,2026-08-23,15:25,Nübe Centro,Mostrador,Croissant,1,6000,Efectivo,
2814,2026-08-23,07:12,Nübe Centro,Mostrador,Tinto,1,3000,Efectivo,
2815,2026-08-23,13:19,Nübe Centro,Mostrador,Capuchino,1,8500,Nequi,
2816,2026-08-23,18:53,Nübe Centro,Mostrador,Capuchino,1,8500,Efectivo,
2816,2026-08-23,18:53,Nübe Centro,Mostrador,Croissant,2,6000,Efectivo,
2817,2026-08-23,08:41,Nübe Centro,Mostrador,Latte,2,9000,Tarjeta,C147
2817,2026-08-23,08:41,Nübe Centro,Mostrador,Tinto,1,3000,Tarjeta,C147
2818,2026-08-23,12:15,Nübe Centro,Mostrador,Americano,1,5000,Efectivo,
2818,2026-08-23,12:15,Nübe Centro,Mostrador,Croissant de almendras,1,8000,Efectivo,
2819,2026-08-23,10:02,Nübe Centro,Mostrador,Croissant,1,6000,Efectivo,
2820,2026-08-23,14:56,Nübe Centro,Mostrador,Croissant,2,6000,Efectivo,
2820,2026-08-23,14:56,Nübe Centro,Mostrador,Frappé de café,3,11000,Efectivo,
2821,2026-08-23,18:32,Nübe Centro,Mostrador,Latte,2,9000,Efectivo,C066
2822,2026-08-23,16:52,Nübe Centro,Mostrador,Capuchino,1,8500,Tarjeta,C123
2822,2026-08-23,16:52,Nübe Centro,Mostrador,Latte,1,9000,Tarjeta,C123
2823,2026-08-23,07:43,Nübe Centro,Mostrador,Croissant de almendras,1,8000,Nequi,
2824,2026-08-23,16:07,Nübe Centro,Mostrador,Chocolate caliente,1,7500,Tarjeta,
2825,2026-08-23,20:15,Nübe Centro,Mostrador,Tinto,1,3000,Nequi,
2826,2026-08-23,08:03,Nübe Centro,Mostrador,Croissant,1,6000,Nequi,C269
2827,2026-08-23,08:09,Nübe Centro,Mostrador,Croissant,2,6000,Tarjeta,
2828,2026-08-23,20:03,Nübe Centro,Mostrador,Capuchino,1,8500,Efectivo,C175
2828,2026-08-23,20:03,Nübe Centro,Mostrador,Chocolate caliente,1,7500,Efectivo,C175
2829,2026-08-23,08:44,Nübe Centro,Mostrador,Croissant,1,6000,Tarjeta,C147
2830,2026-08-23,08:45,Nübe Centro,Mostrador,Chocolate caliente,1,7500,Nequi,C170
2830,2026-08-23,08:45,Nübe Centro,Mostrador,Tinto,3,3000,Nequi,C170
2831,2026-08-23,18:03,Nübe Centro,Mostrador,Chocolate caliente,1,7500,Tarjeta,C010
2831,2026-08-23,18:03,Nübe Centro,Mostrador,Croissant,1,6000,Tarjeta,C010
2832,2026-08-23,15:08,Nübe Centro,Mostrador,Croissant,1,6000,Tarjeta,C224
2833,2026-08-23,19:22,Nübe Centro,Mostrador,Americano,1,5000,Tarjeta,
2833,2026-08-23,19:22,Nübe Centro,Mostrador,Capuchino,2,8500,Tarjeta,
2833,2026-08-23,19:22,Nübe Centro,Mostrador,Frappé de café,1,11000,Tarjeta,
2834,2026-08-23,10:02,Nübe Centro,Mostrador,Tinto,1,3000,Nequi,C047
2835,2026-08-23,17:31,Nübe Centro,Mostrador,Croissant,2,6000,Efectivo,
2835,2026-08-23,17:31,Nübe Centro,Mostrador,Tinto,1,3000,Efectivo,
2836,2026-08-23,16:37,Nübe Centro,Mostrador,Americano,1,5000,Efectivo,C108
2836,2026-08-23,16:37,Nübe Centro,Mostrador,Croissant,1,6000,Efectivo,C108
2837,2026-08-23,15:14,Nübe Centro,Mostrador,Americano,1,5000,Efectivo,
2837,2026-08-23,15:14,Nübe Centro,Mostrador,Chocolate caliente,1,7500,Efectivo,
2838,2026-08-23,07:14,Nübe Centro,Mostrador,Capuchino,1,8500,Tarjeta,
2838,2026-08-23,07:14,Nübe Centro,Mostrador,Chocolate caliente,1,7500,Tarjeta,
2839,2026-08-23,18:59,Nübe Centro,Mostrador,Americano,1,5000,Efectivo,C155
2839,2026-08-23,18:59,Nübe Centro,Mostrador,Croissant,1,6000,Efectivo,C155
2839,2026-08-23,18:59,Nübe Centro,Mostrador,Tinto,1,3000,Efectivo,C155
2840,2026-08-23,12:53,Nübe Centro,Domicilio,Frappé de café,1,11000,Nequi,C144
2841,2026-08-23,10:54,Nübe Centro,Mostrador,Americano,1,5000,Tarjeta,
2841,2026-08-23,10:54,Nübe Centro,Mostrador,Chocolate caliente,1,7500,Tarjeta,
2841,2026-08-23,10:54,Nübe Centro,Mostrador,Tinto,1,3000,Tarjeta,
2842,2026-08-23,07:19,Nübe Centro,Mostrador,Capuchino,2,8500,Nequi,
2842,2026-08-23,07:19,Nübe Centro,Mostrador,Chocolate caliente,2,7500,Nequi,
2842,2026-08-23,07:19,Nübe Centro,Mostrador,Tinto,1,3000,Nequi,
2843,2026-08-23,19:02,Nübe Centro,Mostrador,Croissant de almendras,1,8000,Tarjeta,C187
2843,2026-08-23,19:02,Nübe Centro,Mostrador,Tinto,1,3000,Tarjeta,C187
2844,2026-08-23,08:27,Nübe Centro,Mostrador,Americano,1,5000,Efectivo,
2845,2026-08-23,06:35,Nübe Centro,Mostrador,Croissant,1,6000,Efectivo,
2846,2026-08-23,19:38,Nübe Centro,Mostrador,Americano,1,5000,Tarjeta,C239
2846,2026-08-23,19:38,Nübe Centro,Mostrador,Capuchino,2,8500,Tarjeta,C239
2847,2026-08-23,13:40,Nübe Centro,Mostrador,Tinto,1,3000,Efectivo,C256
2848,2026-08-23,08:29,Nübe Centro,Mostrador,Latte,1,9000,Tarjeta,
2848,2026-08-23,08:29,Nübe Centro,Mostrador,Tinto,1,3000,Tarjeta,
2849,2026-08-23,11:11,Nübe Centro,Mostrador,Capuchino,1,8500,Tarjeta,
2849,2026-08-23,11:11,Nübe Centro,Mostrador,Croissant de almendras,1,8000,Tarjeta,
2849,2026-08-23,11:11,Nübe Centro,Mostrador,Latte,1,9000,Tarjeta,
2850,2026-08-23,09:45,Nübe Centro,Mostrador,Croissant,1,6000,Efectivo,C173
2850,2026-08-23,09:45,Nübe Centro,Mostrador,Croissant de almendras,1,8000,Efectivo,C173
2850,2026-08-23,09:45,Nübe Centro,Mostrador,Tinto,1,3000,Efectivo,C173
2851,2026-08-23,08:21,Nübe Centro,Mostrador,Chocolate caliente,1,7500,Efectivo,
2852,2026-08-23,13:21,Nübe Centro,Mostrador,Croissant,2,6000,Nequi,
2853,2026-08-23,10:44,Nübe Centro,Mostrador,Croissant,1,6000,Efectivo,C160
2854,2026-08-23,15:37,Nübe Centro,Mostrador,Americano,1,5000,Nequi,
2854,2026-08-23,15:37,Nübe Centro,Mostrador,Croissant,1,6000,Nequi,
2855,2026-08-23,19:50,Nübe Centro,Mostrador,Chocolate caliente,1,7500,Tarjeta,
2855,2026-08-23,19:50,Nübe Centro,Mostrador,Tinto,3,3000,Tarjeta,
2856,2026-08-23,08:40,Nübe Centro,Domicilio,Latte,1,9000,Nequi,C099
2856,2026-08-23,08:40,Nübe Centro,Domicilio,Tinto,1,3000,Nequi,C099
2857,2026-08-23,16:41,Nübe Centro,Mostrador,Croissant,1,6000,Nequi,
2857,2026-08-23,16:41,Nübe Centro,Mostrador,Frappé de café,1,11000,Nequi,
2858,2026-08-23,09:36,Nübe Centro,Mostrador,Capuchino,1,8500,Efectivo,C016
2858,2026-08-23,09:36,Nübe Centro,Mostrador,Tinto,1,3000,Efectivo,C016
2859,2026-08-23,15:19,Nübe Centro,Mostrador,Latte,1,9000,Tarjeta,C129
2860,2026-08-23,17:45,Nübe Centro,Mostrador,Tinto,1,3000,Tarjeta,C131
2861,2026-08-23,07:19,Nübe Centro,Mostrador,Croissant de almendras,1,8000,Tarjeta,
2861,2026-08-23,07:19,Nübe Centro,Mostrador,Tinto,1,3000,Tarjeta,
2862,2026-08-23,10:12,Nübe Centro,Mostrador,Capuchino,1,8500,Nequi,C021
2862,2026-08-23,10:12,Nübe Centro,Mostrador,Croissant,1,6000,Nequi,C021
2863,2026-08-23,16:07,Nübe Centro,Mostrador,Capuchino,3,8500,Efectivo,
2863,2026-08-23,16:07,Nübe Centro,Mostrador,Chocolate caliente,1,7500,Efectivo,
2864,2026-08-23,09:59,Nübe Centro,Domicilio,Tinto,2,3000,Efectivo,
2865,2026-08-23,07:43,Nübe Centro,Mostrador,Capuchino,1,8500,Efectivo,C155
2866,2026-08-23,17:49,Nübe Centro,Mostrador,Americano,1,5000,Nequi,
2866,2026-08-23,17:49,Nübe Centro,Mostrador,Capuchino,1,8500,Nequi,
2866,2026-08-23,17:49,Nübe Centro,Mostrador,Croissant,1,6000,Nequi,
2867,2026-08-23,12:30,Nübe Centro,Mostrador,Chocolate caliente,1,7500,Nequi,
2867,2026-08-23,12:30,Nübe Centro,Mostrador,Croissant,1,6000,Nequi,
2867,2026-08-23,12:30,Nübe Centro,Mostrador,Latte,2,9000,Nequi,
2868,2026-08-23,11:50,Nübe Centro,Mostrador,Croissant,1,6000,Tarjeta,C104
2868,2026-08-23,11:50,Nübe Centro,Mostrador,Tinto,1,3000,Tarjeta,C104
2869,2026-08-23,07:03,Nübe Centro,Domicilio,Capuchino,1,8500,Efectivo,C223
2869,2026-08-23,07:03,Nübe Centro,Domicilio,Latte,1,9000,Efectivo,C223
2871,2026-08-23,07:54,Nübe Centro,Mostrador,Americano,1,5000,Efectivo,C056
2871,2026-08-23,07:54,Nübe Centro,Mostrador,Croissant,1,6000,Efectivo,C056
2872,2026-08-23,15:09,Nübe Centro,Mostrador,Frappé de café,1,11000,Nequi,C287
2873,2026-08-23,18:01,Nübe Centro,Mostrador,Chocolate caliente,1,7500,Efectivo,C043
2874,2026-08-23,08:30,Nübe Centro,Mostrador,Croissant,1,6000,Tarjeta,C012
2874,2026-08-23,08:30,Nübe Centro,Mostrador,Latte,1,9000,Tarjeta,C012
2874,2026-08-23,08:30,Nübe Centro,Mostrador,Tinto,1,3000,Tarjeta,C012
2875,2026-08-23,16:13,Nübe Centro,Mostrador,Croissant de almendras,2,8000,Tarjeta,
2876,2026-08-23,08:05,Nübe Centro,Mostrador,Croissant,1,6000,Tarjeta,
2877,2026-08-23,06:09,Nübe Centro,Domicilio,Croissant de almendras,1,8000,Nequi,C036
2878,2026-08-23,14:13,Nübe Centro,Mostrador,Croissant de almendras,1,8000,Sin dato,
2879,2026-08-23,07:41,Nübe Centro,Mostrador,Latte,1,9000,Efectivo,
2880,2026-08-23,08:19,Nübe Centro,Mostrador,Tinto,1,3000,Efectivo,C217
2881,2026-08-23,09:28,Nübe Centro,Mostrador,Capuchino,1,8500,Nequi,C054
2881,2026-08-23,09:28,Nübe Centro,Mostrador,Croissant,1,6000,Nequi,C054
2881,2026-08-23,09:28,Nübe Centro,Mostrador,Tinto,1,3000,Nequi,C054
2882,2026-08-23,18:34,Nübe Centro,Mostrador,Capuchino,1,8500,Sin dato,C146
2882,2026-08-23,18:34,Nübe Centro,Mostrador,Frappé de café,1,11000,Tarjeta,C146
2882,2026-08-23,18:34,Nübe Centro,Mostrador,Tinto,1,3000,Tarjeta,C146
2883,2026-08-23,10:36,Nübe Centro,Domicilio,Americano,1,5000,Nequi,
2883,2026-08-23,10:36,Nübe Centro,Domicilio,Croissant de almendras,1,8000,Nequi,
2884,2026-08-23,16:18,Nübe Centro,Mostrador,Frappé de café,1,11000,Tarjeta,
2885,2026-08-23,14:28,Nübe Centro,Mostrador,Croissant,2,6000,Efectivo,
2885,2026-08-23,14:28,Nübe Centro,Mostrador,Tinto,1,3000,Efectivo,
2886,2026-08-23,18:36,Nübe Centro,Mostrador,Americano,1,5000,Tarjeta,
2886,2026-08-23,18:36,Nübe Centro,Mostrador,Tinto,1,3000,Tarjeta,
2887,2026-08-23,10:05,Nübe Centro,Mostrador,Americano,1,5000,Nequi,
2887,2026-08-23,10:05,Nübe Centro,Mostrador,Tinto,1,3000,Nequi,
2888,2026-08-23,15:08,Nübe Centro,Mostrador,Americano,1,5000,Efectivo,
2888,2026-08-23,15:08,Nübe Centro,Mostrador,Croissant,2,6000,Efectivo,
2889,2026-08-23,12:36,Nübe Centro,Mostrador,Capuchino,1,8500,Nequi,
2890,2026-08-23,13:16,Nübe Centro,Mostrador,Americano,2,5000,Efectivo,
2890,2026-08-23,13:16,Nübe Centro,Mostrador,Croissant,1,6000,Efectivo,
2891,2026-08-23,13:22,Nübe Centro,Mostrador,Latte,1,9000,Tarjeta,
2891,2026-08-23,13:22,Nübe Centro,Mostrador,Tinto,1,3000,Tarjeta,
2892,2026-08-23,07:58,Nübe Centro,Mostrador,Frappé de café,2,11000,Nequi,
2893,2026-08-23,08:32,Nübe Centro,Mostrador,Americano,1,5000,Efectivo,
2894,2026-08-23,19:18,Nübe Centro,Mostrador,Capuchino,2,8500,Efectivo,C262
2894,2026-08-23,19:18,Nübe Centro,Mostrador,Frappé de café,1,11000,Efectivo,C262
2895,2026-08-23,08:03,Nübe Centro,Mostrador,Tinto,1,3000,Nequi,
2896,2026-08-23,08:09,Nübe Centro,Mostrador,Croissant,2,6000,Efectivo,
2897,2026-08-23,07:05,Nübe Centro,Mostrador,Capuchino,1,8500,Efectivo,
2897,2026-08-23,07:05,Nübe Centro,Mostrador,Latte,1,9000,Efectivo,
2897,2026-08-23,07:05,Nübe Centro,Mostrador,Tinto,1,3000,Efectivo,
2898,2026-08-23,07:07,Nübe Centro,Domicilio,Frappé de café,1,11000,Nequi,
2898,2026-08-23,07:07,Nübe Centro,Domicilio,Latte,1,9000,Nequi,
2899,2026-08-23,08:59,Nübe Altico,Mostrador,Chocolate caliente,1,7500,Tarjeta,C234
2899,2026-08-23,08:59,Nübe Altico,Mostrador,Croissant de almendras,2,8000,Tarjeta,C234
2899,2026-08-23,08:59,Nübe Altico,Mostrador,Tinto,1,3000,Tarjeta,C234
2900,2026-08-23,18:12,Nübe Altico,Mostrador,Capuchino,3,8500,Nequi,
2900,2026-08-23,18:12,Nübe Altico,Mostrador,Tinto,1,3000,Nequi,
2901,2026-08-23,07:28,Nübe Altico,Mostrador,Croissant,1,6000,Nequi,
2902,2026-08-23,08:35,Nübe Altico,Mostrador,Tinto,1,3000,Efectivo,
2903,2026-08-23,14:42,Nübe Altico,Domicilio,Capuchino,1,8500,Nequi,
2903,2026-08-23,14:42,Nübe Altico,Domicilio,Croissant de almendras,1,8000,Nequi,
2904,2026-08-23,17:24,Nübe Altico,Mostrador,Latte,3,9000,Nequi,C281
2905,2026-08-23,11:29,Nübe Altico,Mostrador,Croissant,1,6000,Nequi,
2905,2026-08-23,11:29,Nübe Altico,Mostrador,Latte,1,9000,Nequi,
2906,2026-08-23,18:10,Nübe Altico,Mostrador,Capuchino,1,8500,Tarjeta,C258
2906,2026-08-23,18:10,Nübe Altico,Mostrador,Latte,1,9000,Tarjeta,C258
2907,2026-08-23,09:22,Nübe Altico,Mostrador,Latte,2,9000,Nequi,
2908,2026-08-23,07:04,Nübe Altico,Mostrador,Tinto,1,3000,Tarjeta,
2909,2026-08-23,15:50,Nübe Altico,Domicilio,Capuchino,1,8500,Tarjeta,
2910,2026-08-23,08:18,Nübe Altico,Mostrador,Americano,1,5000,Nequi,C088
2910,2026-08-23,08:18,Nübe Altico,Mostrador,Croissant,1,6000,Nequi,C088
2911,2026-08-23,08:26,Nübe Altico,Domicilio,Capuchino,1,8500,Tarjeta,
2911,2026-08-23,08:26,Nübe Altico,Domicilio,Latte,2,9000,Tarjeta,
2912,2026-08-23,09:22,Nübe Altico,Mostrador,Capuchino,1,8500,Nequi,
2912,2026-08-23,09:22,Nübe Altico,Mostrador,Tinto,1,3000,Nequi,
2913,2026-08-23,07:54,Nübe Altico,Mostrador,Croissant,2,6000,Tarjeta,
2913,2026-08-23,07:54,Nübe Altico,Mostrador,Tinto,1,3000,Tarjeta,
2914,2026-08-23,09:35,Nübe Altico,Domicilio,Capuchino,1,8500,Nequi,C095
2915,2026-08-23,18:58,Nübe Altico,Mostrador,Croissant,1,6000,Tarjeta,
2916,2026-08-23,09:58,Nübe Altico,Mostrador,Capuchino,1,8500,Efectivo,
2917,2026-08-23,15:57,Nübe Altico,Mostrador,Americano,1,5000,Tarjeta,
2917,2026-08-23,15:57,Nübe Altico,Mostrador,Chocolate caliente,1,7500,Tarjeta,
2917,2026-08-23,15:57,Nübe Altico,Mostrador,Tinto,1,3000,Tarjeta,
2918,2026-08-23,11:31,Nübe Altico,Mostrador,Capuchino,1,8500,Tarjeta,C052
2919,2026-08-23,08:37,Nübe Altico,Mostrador,Frappé de café,1,11000,Nequi,
2920,2026-08-23,15:53,Nübe Altico,Mostrador,Americano,1,5000,Efectivo,
2920,2026-08-23,15:53,Nübe Altico,Mostrador,Chocolate caliente,1,7500,Efectivo,
2921,2026-08-23,06:56,Nübe Altico,Domicilio,Americano,1,5000,Efectivo,
2922,2026-08-23,07:59,Nübe Altico,Mostrador,Tinto,1,3000,Efectivo,C178
2923,2026-08-23,18:45,Nübe Altico,Mostrador,Capuchino,1,8500,Nequi,
2923,2026-08-23,18:45,Nübe Altico,Mostrador,Latte,1,9000,Nequi,
2924,2026-08-23,08:54,Nübe Altico,Domicilio,Croissant de almendras,1,8000,Tarjeta,
2925,2026-08-23,07:14,Nübe Altico,Mostrador,Croissant,2,6000,Tarjeta,
2926,2026-08-23,13:09,Nübe Altico,Mostrador,Americano,1,5000,Tarjeta,C052
2927,2026-08-23,14:59,Nübe Altico,Mostrador,Capuchino,1,8500,Sin dato,C123
2927,2026-08-23,14:59,Nübe Altico,Mostrador,Tinto,1,3000,Nequi,C123
2928,2026-08-23,19:23,Nübe Altico,Mostrador,Tinto,1,3000,Tarjeta,
2929,2026-08-23,09:49,Nübe Altico,Domicilio,Capuchino,1,8500,Efectivo,C206
2929,2026-08-23,09:49,Nübe Altico,Domicilio,Croissant de almendras,1,8000,Efectivo,C206
2930,2026-08-23,09:09,Nübe Altico,Domicilio,Americano,1,5000,Efectivo,C275
2930,2026-08-23,09:09,Nübe Altico,Domicilio,Croissant de almendras,1,8000,Efectivo,C275
2930,2026-08-23,09:09,Nübe Altico,Domicilio,Frappé de café,1,11000,Efectivo,C275
2931,2026-08-23,09:21,Nübe Altico,Mostrador,Croissant,1,6000,Tarjeta,C107
2932,2026-08-23,12:23,Nübe Altico,Domicilio,Latte,1,9000,Tarjeta,C269
2933,2026-08-23,11:35,Nübe Altico,Mostrador,Croissant de almendras,1,8000,Nequi,
2933,2026-08-23,11:35,Nübe Altico,Mostrador,Frappé de café,1,11000,Nequi,
2934,2026-08-23,12:50,Nübe Altico,Mostrador,Americano,1,5000,Tarjeta,
2935,2026-08-23,16:21,Nübe Altico,Mostrador,Capuchino,2,8500,Efectivo,C147
2935,2026-08-23,16:21,Nübe Altico,Mostrador,Croissant de almendras,1,8000,Efectivo,C147
2936,2026-08-23,14:31,Nübe Altico,Mostrador,Latte,1,9000,Efectivo,
2937,2026-08-23,06:27,Nübe Altico,Mostrador,Latte,1,9000,Efectivo,
2938,2026-08-23,10:09,Nübe Altico,Mostrador,Croissant,1,6000,Nequi,
2939,2026-08-23,09:43,Nübe Altico,Mostrador,Americano,1,5000,Nequi,
2940,2026-08-23,07:38,Nübe Altico,Domicilio,Capuchino,2,8500,Nequi,
2940,2026-08-23,07:38,Nübe Altico,Domicilio,Croissant,1,6000,Nequi,
2941,2026-08-23,06:29,Nübe Altico,Mostrador,Americano,1,5000,Tarjeta,
2942,2026-08-23,10:05,Nübe Altico,Mostrador,Croissant,1,6000,Tarjeta,
2943,2026-08-23,09:27,Nübe Altico,Domicilio,Americano,1,5000,Efectivo,
2943,2026-08-23,09:27,Nübe Altico,Domicilio,Tinto,1,3000,Efectivo,
2944,2026-08-23,06:08,Nübe Altico,Mostrador,Americano,1,5000,Efectivo,C263
2944,2026-08-23,06:08,Nübe Altico,Mostrador,Croissant,1,6000,Efectivo,C263
2944,2026-08-23,06:08,Nübe Altico,Mostrador,Croissant de almendras,1,8000,Efectivo,C263
2945,2026-08-23,15:14,Nübe Altico,Mostrador,Frappé de café,1,11000,Efectivo,
2945,2026-08-23,15:14,Nübe Altico,Mostrador,Latte,1,9000,Efectivo,
2946,2026-08-23,08:37,Nübe Altico,Mostrador,Americano,1,5000,Tarjeta,
2946,2026-08-23,08:37,Nübe Altico,Mostrador,Croissant,1,6000,Tarjeta,
2947,2026-08-23,11:45,Nübe Altico,Mostrador,Croissant,1,6000,Tarjeta,C144
2947,2026-08-23,11:45,Nübe Altico,Mostrador,Frappé de café,1,11000,Tarjeta,C144
2948,2026-08-23,06:01,Nübe Altico,Mostrador,Capuchino,1,8500,Efectivo,
2948,2026-08-23,06:01,Nübe Altico,Mostrador,Latte,1,9000,Efectivo,
2949,2026-08-23,15:25,Nübe Altico,Mostrador,Tinto,1,3000,Nequi,
2950,2026-08-23,07:32,Nübe Altico,Mostrador,Croissant,2,6000,Tarjeta,
2951,2026-08-23,10:06,Nübe Altico,Domicilio,Croissant,1,6000,Tarjeta,C035
2952,2026-08-23,13:20,Nübe Altico,Mostrador,Croissant,2,6000,Efectivo,
2952,2026-08-23,13:20,Nübe Altico,Mostrador,Frappé de café,3,11000,Efectivo,
2952,2026-08-23,13:20,Nübe Altico,Mostrador,Tinto,1,3000,Efectivo,
2953,2026-08-23,08:00,Nübe Altico,Domicilio,Latte,1,9000,Efectivo,
2954,2026-08-23,17:47,Nübe Altico,Mostrador,Croissant de almendras,1,8000,Efectivo,
2955,2026-08-23,09:52,Nübe Altico,Mostrador,Croissant,1,6000,Efectivo,C106
2956,2026-08-23,10:55,Nübe Altico,Mostrador,Capuchino,1,8500,Nequi,
2957,2026-08-23,15:03,Nübe Altico,Mostrador,Croissant de almendras,2,8000,Efectivo,
2958,2026-08-23,09:42,Nübe Altico,Mostrador,Americano,1,5000,Nequi,C032
2959,2026-08-23,16:22,Nübe Altico,Mostrador,Chocolate caliente,1,7500,Nequi,C058
2960,2026-08-23,11:15,Nübe Altico,Mostrador,Capuchino,1,8500,Efectivo,
2960,2026-08-23,11:15,Nübe Altico,Mostrador,Croissant,1,6000,Efectivo,
2960,2026-08-23,11:15,Nübe Altico,Mostrador,Frappé de café,1,11000,Efectivo,
2961,2026-08-23,17:28,Nübe Altico,Mostrador,Latte,1,9000,Efectivo,
2962,2026-08-23,17:17,Nübe Altico,Mostrador,Capuchino,1,8500,Tarjeta,C063
2963,2026-08-23,13:15,Nübe Altico,Domicilio,Croissant de almendras,2,8000,Nequi,C089
2964,2026-08-23,10:10,Nübe Altico,Domicilio,Croissant,1,6000,Tarjeta,
2964,2026-08-23,10:10,Nübe Altico,Domicilio,Latte,2,9000,Tarjeta,
2965,2026-08-23,09:01,Nübe Altico,Mostrador,Chocolate caliente,1,7500,Efectivo,
2966,2026-08-23,16:08,Nübe Altico,Mostrador,Americano,1,5000,Nequi,C280
2967,2026-08-23,20:13,Nübe Altico,Mostrador,Chocolate caliente,1,7500,Efectivo,C287
2968,2026-08-23,19:43,Nübe Altico,Mostrador,Croissant,1,6000,Nequi,
2968,2026-08-23,19:43,Nübe Altico,Mostrador,Tinto,1,3000,Nequi,
2969,2026-08-23,07:55,Nübe Altico,Mostrador,Croissant,1,6000,Nequi,
2969,2026-08-23,07:55,Nübe Altico,Mostrador,Tinto,1,3000,Nequi,
2970,2026-08-23,19:52,Nübe Altico,Mostrador,Americano,1,5000,Tarjeta,
2970,2026-08-23,19:52,Nübe Altico,Mostrador,Croissant,2,6000,Tarjeta,
2971,2026-08-24,09:58,Nübe Centro,Domicilio,Capuchino,1,8500,Efectivo,
2972,2026-08-24,12:26,Nübe Centro,Mostrador,Americano,1,5000,Nequi,
2973,2026-08-24,10:35,Nübe Centro,Mostrador,Americano,2,5000,Tarjeta,
2973,2026-08-24,10:35,Nübe Centro,Mostrador,Latte,1,9000,Tarjeta,
2974,2026-08-24,19:39,Nübe Centro,Domicilio,Croissant,1,6000,Efectivo,
2975,2026-08-24,16:45,Nübe Centro,Mostrador,Chocolate caliente,1,7500,Efectivo,
2975,2026-08-24,16:45,Nübe Centro,Mostrador,Croissant,2,6000,Efectivo,
2976,2026-08-24,19:04,Nübe Centro,Mostrador,Croissant,1,6000,Nequi,C189
2977,2026-08-24,12:41,Nübe Centro,Mostrador,Latte,2,9000,Tarjeta,
2978,2026-08-24,12:34,Nübe Centro,Mostrador,Americano,1,5000,Efectivo,
2978,2026-08-24,12:34,Nübe Centro,Mostrador,Capuchino,1,8500,Efectivo,
2978,2026-08-24,12:34,Nübe Centro,Mostrador,Chocolate caliente,1,7500,Efectivo,
2979,2026-08-24,16:59,Nübe Centro,Mostrador,Capuchino,1,8500,Nequi,C167
2979,2026-08-24,16:59,Nübe Centro,Mostrador,Chocolate caliente,1,7500,Nequi,C167
2979,2026-08-24,16:59,Nübe Centro,Mostrador,Tinto,3,3000,Nequi,C167
2980,2026-08-24,09:37,Nübe Centro,Mostrador,Capuchino,1,8500,Tarjeta,
2980,2026-08-24,09:37,Nübe Centro,Mostrador,Latte,1,9000,Tarjeta,
2981,2026-08-24,15:29,Nübe Centro,Mostrador,Americano,1,5000,Tarjeta,
2981,2026-08-24,15:29,Nübe Centro,Mostrador,Latte,2,9000,Tarjeta,
2982,2026-08-24,08:44,Nübe Centro,Mostrador,Tinto,1,3000,Nequi,
2983,2026-08-24,13:40,Nübe Centro,Mostrador,Capuchino,1,8500,Efectivo,C140
2983,2026-08-24,13:40,Nübe Centro,Mostrador,Croissant,1,6000,Efectivo,C140
2984,2026-08-24,07:43,Nübe Centro,Mostrador,Americano,1,5000,Nequi,
2984,2026-08-24,07:43,Nübe Centro,Mostrador,Croissant de almendras,2,8000,Nequi,
2984,2026-08-24,07:43,Nübe Centro,Mostrador,Tinto,1,3000,Nequi,
2985,2026-08-24,09:35,Nübe Centro,Mostrador,Croissant de almendras,1,8000,Efectivo,
2986,2026-08-24,16:20,Nübe Centro,Mostrador,Chocolate caliente,1,7500,Tarjeta,C255
2986,2026-08-24,16:20,Nübe Centro,Mostrador,Tinto,2,3000,Tarjeta,C255
2987,2026-08-24,06:27,Nübe Centro,Mostrador,Croissant,1,6000,Efectivo,
2988,2026-08-24,19:04,Nübe Centro,Mostrador,Frappé de café,2,11000,Tarjeta,
2989,2026-08-24,09:39,Nübe Centro,Domicilio,Americano,2,5000,Nequi,
2989,2026-08-24,09:39,Nübe Centro,Domicilio,Croissant,1,6000,Nequi,
2990,2026-08-24,15:36,Nübe Centro,Mostrador,Croissant,1,6000,Nequi,
2990,2026-08-24,15:36,Nübe Centro,Mostrador,Croissant de almendras,1,8000,Nequi,
2991,2026-08-24,11:46,Nübe Centro,Mostrador,Croissant,2,6000,Efectivo,C291
2991,2026-08-24,11:46,Nübe Centro,Mostrador,Frappé de café,1,11000,Efectivo,C291
2992,2026-08-24,16:05,Nübe Centro,Mostrador,Capuchino,1,8500,Efectivo,
2993,2026-08-24,08:33,Nübe Centro,Mostrador,Capuchino,1,8500,Tarjeta,C256
2994,2026-08-24,12:38,Nübe Centro,Mostrador,Croissant,3,6000,Tarjeta,C231
2994,2026-08-24,12:38,Nübe Centro,Mostrador,Frappé de café,1,11000,Tarjeta,C231
2995,2026-08-24,09:49,Nübe Centro,Mostrador,Capuchino,1,8500,Nequi,C225
2996,2026-08-24,07:30,Nübe Centro,Mostrador,Frappé de café,1,11000,Nequi,C280
2996,2026-08-24,07:30,Nübe Centro,Mostrador,Latte,1,9000,Nequi,C280
2996,2026-08-24,07:30,Nübe Centro,Mostrador,Tinto,1,3000,Nequi,C280
2997,2026-08-24,08:27,Nübe Centro,Mostrador,Tinto,2,3000,Nequi,C185
2998,2026-08-24,18:31,Nübe Centro,Mostrador,Croissant,1,6000,Nequi,
2998,2026-08-24,18:31,Nübe Centro,Mostrador,Tinto,1,3000,Nequi,
2999,2026-08-24,10:01,Nübe Centro,Mostrador,Americano,1,5000,Efectivo,C031
2999,2026-08-24,10:01,Nübe Centro,Mostrador,Capuchino,1,8500,Efectivo,C031
3000,2026-08-24,17:42,Nübe Centro,Mostrador,Tinto,1,3000,Nequi,
3001,2026-08-24,15:06,Nübe Centro,Mostrador,Capuchino,1,8500,Nequi,
3002,2026-08-24,08:36,Nübe Centro,Mostrador,Croissant,1,6000,Efectivo,C187
3003,2026-08-24,15:43,Nübe Centro,Mostrador,Croissant de almendras,1,8000,Efectivo,
3004,2026-08-24,14:01,Nübe Centro,Mostrador,Croissant,1,6000,Efectivo,
3005,2026-08-24,14:59,Nübe Centro,Mostrador,Capuchino,1,8500,Efectivo,
3006,2026-08-24,06:03,Nübe Centro,Mostrador,Americano,2,5000,Tarjeta,
3006,2026-08-24,06:03,Nübe Centro,Mostrador,Frappé de café,2,11000,Tarjeta,
3007,2026-08-24,16:59,Nübe Centro,Mostrador,Croissant de almendras,1,8000,Tarjeta,
3008,2026-08-24,13:15,Nübe Centro,Mostrador,Capuchino,1,8500,Efectivo,
3009,2026-08-24,09:36,Nübe Centro,Mostrador,Tinto,3,3000,Nequi,
3010,2026-08-24,09:37,Nübe Centro,Mostrador,Chocolate caliente,1,7500,Tarjeta,
3010,2026-08-24,09:37,Nübe Centro,Mostrador,Croissant,1,6000,Tarjeta,
3011,2026-08-24,16:31,Nübe Centro,Mostrador,Capuchino,2,8500,Nequi,
3012,2026-08-24,15:41,Nübe Centro,Mostrador,Americano,1,5000,Tarjeta,
3012,2026-08-24,15:41,Nübe Centro,Mostrador,Tinto,1,3000,Tarjeta,
3013,2026-08-24,09:52,Nübe Centro,Mostrador,Frappé de café,1,11000,Tarjeta,C036
3014,2026-08-24,11:51,Nübe Centro,Mostrador,Chocolate caliente,1,7500,Tarjeta,C080
3015,2026-08-24,11:45,Nübe Centro,Mostrador,Americano,1,5000,Efectivo,C066
3015,2026-08-24,11:45,Nübe Centro,Mostrador,Croissant de almendras,1,8000,Efectivo,C066
3016,2026-08-24,20:08,Nübe Centro,Mostrador,Americano,1,5000,Efectivo,
3017,2026-08-24,13:42,Nübe Centro,Mostrador,Latte,1,9000,Efectivo,
3018,2026-08-24,18:24,Nübe Centro,Mostrador,Chocolate caliente,1,7500,Efectivo,
3019,2026-08-24,18:17,Nübe Centro,Domicilio,Americano,2,5000,Efectivo,C208
3019,2026-08-24,18:17,Nübe Centro,Domicilio,Croissant de almendras,1,8000,Efectivo,C208
3020,2026-08-24,17:12,Nübe Centro,Mostrador,Americano,1,5000,Tarjeta,C250
3020,2026-08-24,17:12,Nübe Centro,Mostrador,Frappé de café,1,11000,Tarjeta,C250
3021,2026-08-24,10:38,Nübe Centro,Mostrador,Americano,1,5000,Efectivo,
3021,2026-08-24,10:38,Nübe Centro,Mostrador,Capuchino,1,8500,Efectivo,
3021,2026-08-24,10:38,Nübe Centro,Mostrador,Latte,2,9000,Efectivo,
3022,2026-08-24,10:15,Nübe Centro,Mostrador,Capuchino,1,8500,Nequi,
3022,2026-08-24,10:15,Nübe Centro,Mostrador,Latte,1,9000,Nequi,
3023,2026-08-24,14:16,Nübe Centro,Mostrador,Chocolate caliente,1,7500,Nequi,
3023,2026-08-24,14:16,Nübe Centro,Mostrador,Croissant,1,6000,Nequi,
3024,2026-08-24,16:21,Nübe Centro,Mostrador,Americano,1,5000,Tarjeta,
3025,2026-08-24,10:13,Nübe Centro,Mostrador,Croissant,2,6000,Tarjeta,C254
3026,2026-08-24,17:59,Nübe Centro,Mostrador,Latte,1,9000,Efectivo,C247
3027,2026-08-24,16:43,Nübe Centro,Mostrador,Croissant,1,6000,Tarjeta,
3027,2026-08-24,16:43,Nübe Centro,Mostrador,Frappé de café,1,11000,Tarjeta,
3028,2026-08-24,10:35,Nübe Centro,Mostrador,Americano,1,5000,Tarjeta,
3029,2026-08-24,11:05,Nübe Centro,Domicilio,Capuchino,2,8500,Efectivo,
3029,2026-08-24,11:05,Nübe Centro,Domicilio,Chocolate caliente,1,7500,Efectivo,
3029,2026-08-24,11:05,Nübe Centro,Domicilio,Croissant,1,6000,Efectivo,
3030,2026-08-24,07:26,Nübe Centro,Domicilio,Capuchino,1,8500,Nequi,
3030,2026-08-24,07:26,Nübe Centro,Domicilio,Chocolate caliente,1,7500,Nequi,
3031,2026-08-24,17:30,Nübe Centro,Domicilio,Latte,1,9000,Efectivo,C250
3031,2026-08-24,17:30,Nübe Centro,Domicilio,Tinto,1,3000,Efectivo,C250
3032,2026-08-24,07:40,Nübe Centro,Mostrador,Capuchino,1,8500,Efectivo,
3033,2026-08-24,17:40,Nübe Centro,Domicilio,Americano,1,5000,Efectivo,C237
3034,2026-08-24,16:25,Nübe Centro,Mostrador,Frappé de café,1,11000,Tarjeta,C250
3034,2026-08-24,16:25,Nübe Centro,Mostrador,Tinto,2,3000,Tarjeta,C250
3035,2026-08-24,07:31,Nübe Centro,Mostrador,Latte,1,9000,Efectivo,
3035,2026-08-24,07:31,Nübe Centro,Mostrador,Tinto,2,3000,Efectivo,
3036,2026-08-24,19:14,Nübe Centro,Mostrador,Frappé de café,2,11000,Nequi,C095
3036,2026-08-24,19:14,Nübe Centro,Mostrador,Latte,1,9000,Nequi,C095
3037,2026-08-24,08:21,Nübe Centro,Domicilio,Chocolate caliente,1,7500,Nequi,C003
3037,2026-08-24,08:21,Nübe Centro,Domicilio,Croissant,1,6000,Nequi,C003
3038,2026-08-24,15:44,Nübe Centro,Mostrador,Americano,1,5000,Nequi,
3039,2026-08-24,14:49,Nübe Centro,Mostrador,Frappé de café,1,11000,Efectivo,
3039,2026-08-24,14:49,Nübe Centro,Mostrador,Tinto,1,3000,Efectivo,
3040,2026-08-24,12:14,Nübe Centro,Domicilio,Latte,2,9000,Efectivo,
3040,2026-08-24,12:14,Nübe Centro,Domicilio,Tinto,1,3000,Efectivo,
3041,2026-08-24,09:08,Nübe Centro,Mostrador,Americano,1,5000,Efectivo,C239
3041,2026-08-24,09:08,Nübe Centro,Mostrador,Croissant,1,6000,Efectivo,C239
3042,2026-08-24,08:56,Nübe Centro,Mostrador,Croissant,1,6000,Tarjeta,
3043,2026-08-24,17:23,Nübe Centro,Mostrador,Americano,1,5000,Nequi,C254
3043,2026-08-24,17:23,Nübe Centro,Mostrador,Capuchino,1,8500,Nequi,C254
3044,2026-08-24,08:38,Nübe Centro,Mostrador,Capuchino,1,8500,Sin dato,
3045,2026-08-24,15:19,Nübe Centro,Mostrador,Chocolate caliente,1,7500,Efectivo,
3045,2026-08-24,15:19,Nübe Centro,Mostrador,Tinto,1,3000,Efectivo,
3046,2026-08-24,09:13,Nübe Centro,Mostrador,Latte,1,9000,Efectivo,
3046,2026-08-24,09:13,Nübe Centro,Mostrador,Tinto,1,3000,Efectivo,
3047,2026-08-24,08:06,Nübe Centro,Mostrador,Frappé de café,1,11000,Nequi,C119
3047,2026-08-24,08:06,Nübe Centro,Mostrador,Tinto,1,3000,Nequi,C119
3048,2026-08-24,16:33,Nübe Centro,Mostrador,Americano,3,5000,Efectivo,
3048,2026-08-24,16:33,Nübe Centro,Mostrador,Frappé de café,2,11000,Efectivo,
3049,2026-08-24,14:08,Nübe Centro,Mostrador,Croissant de almendras,1,8000,Tarjeta,C019
3050,2026-08-24,10:31,Nübe Centro,Mostrador,Latte,1,9000,Sin dato,
3051,2026-08-24,07:21,Nübe Centro,Mostrador,Americano,1,5000,Tarjeta,
3051,2026-08-24,07:21,Nübe Centro,Mostrador,Capuchino,3,8500,Tarjeta,
3051,2026-08-24,07:21,Nübe Centro,Mostrador,Frappé de café,1,11000,Tarjeta,
3052,2026-08-24,20:10,Nübe Altico,Mostrador,Tinto,1,3000,Nequi,C062
3053,2026-08-24,10:10,Nübe Altico,Mostrador,Chocolate caliente,1,7500,Efectivo,C175
3054,2026-08-24,09:13,Nübe Altico,Mostrador,Tinto,1,3000,Efectivo,C119
3055,2026-08-24,11:51,Nübe Altico,Mostrador,Croissant,1,6000,Tarjeta,C146
3055,2026-08-24,11:51,Nübe Altico,Mostrador,Croissant de almendras,1,8000,Tarjeta,C146
3056,2026-08-24,18:01,Nübe Altico,Domicilio,Capuchino,3,8500,Efectivo,C023
3056,2026-08-24,18:01,Nübe Altico,Domicilio,Tinto,1,3000,Efectivo,C023
3057,2026-08-24,09:00,Nübe Altico,Mostrador,Croissant,1,6000,Efectivo,
3058,2026-08-24,07:30,Nübe Altico,Mostrador,Capuchino,1,8500,Nequi,
3059,2026-08-24,16:09,Nübe Altico,Mostrador,Latte,1,9000,Efectivo,
3060,2026-08-24,09:37,Nübe Altico,Mostrador,Americano,1,5000,Nequi,
3061,2026-08-24,17:00,Nübe Altico,Mostrador,Croissant,2,6000,Efectivo,C037
3062,2026-08-24,09:11,Nübe Altico,Mostrador,Croissant,1,6000,Efectivo,C148
3063,2026-08-24,08:29,Nübe Altico,Mostrador,Capuchino,2,8500,Nequi,
3063,2026-08-24,08:29,Nübe Altico,Mostrador,Croissant,2,6000,Nequi,
3064,2026-08-24,10:49,Nübe Altico,Mostrador,Chocolate caliente,1,7500,Efectivo,C032
3064,2026-08-24,10:49,Nübe Altico,Mostrador,Croissant de almendras,1,8000,Efectivo,C032
3065,2026-08-24,12:50,Nübe Altico,Mostrador,Chocolate caliente,3,7500,Tarjeta,
3066,2026-08-24,17:47,Nübe Altico,Mostrador,Americano,2,5000,Nequi,
3067,2026-08-24,17:53,Nübe Altico,Mostrador,Capuchino,1,8500,Tarjeta,C281
3067,2026-08-24,17:53,Nübe Altico,Mostrador,Latte,1,9000,Tarjeta,C281
3068,2026-08-24,17:09,Nübe Altico,Domicilio,Tinto,1,3000,Efectivo,
3069,2026-08-24,09:42,Nübe Altico,Mostrador,Latte,1,9000,Tarjeta,
3070,2026-08-24,10:13,Nübe Altico,Mostrador,Latte,1,9000,Efectivo,C180
3071,2026-08-24,08:57,Nübe Altico,Mostrador,Croissant,1,6000,Tarjeta,
3071,2026-08-24,08:57,Nübe Altico,Mostrador,Croissant de almendras,1,8000,Tarjeta,
3072,2026-08-24,09:08,Nübe Altico,Mostrador,Americano,1,5000,Tarjeta,C184
3072,2026-08-24,09:08,Nübe Altico,Mostrador,Croissant,3,6000,Tarjeta,C184
3072,2026-08-24,09:08,Nübe Altico,Mostrador,Croissant de almendras,1,8000,Tarjeta,C184
3073,2026-08-24,07:06,Nübe Altico,Mostrador,Tinto,1,3000,Nequi,
3074,2026-08-24,16:23,Nübe Altico,Mostrador,Capuchino,1,8500,Nequi,C296
3075,2026-08-24,10:32,Nübe Altico,Mostrador,Capuchino,1,8500,Tarjeta,
3076,2026-08-24,09:56,Nübe Altico,Mostrador,Americano,1,5000,Tarjeta,C213
3077,2026-08-24,07:28,Nübe Altico,Domicilio,Capuchino,1,8500,Nequi,
3077,2026-08-24,07:28,Nübe Altico,Domicilio,Tinto,1,3000,Nequi,
3078,2026-08-24,08:04,Nübe Altico,Mostrador,Croissant,1,6000,Nequi,
3078,2026-08-24,08:04,Nübe Altico,Mostrador,Latte,1,9000,Nequi,
3079,2026-08-24,13:01,Nübe Altico,Mostrador,Latte,3,9000,Tarjeta,
3080,2026-08-24,13:15,Nübe Altico,Mostrador,Croissant,1,6000,Tarjeta,
3081,2026-08-24,08:22,Nübe Altico,Mostrador,Croissant,1,6000,Nequi,
3082,2026-08-24,07:31,Nübe Altico,Domicilio,Chocolate caliente,1,7500,Efectivo,
3082,2026-08-24,07:31,Nübe Altico,Domicilio,Croissant,3,6000,Efectivo,
3083,2026-08-24,07:02,Nübe Altico,Mostrador,Croissant,2,6000,Tarjeta,
3084,2026-08-24,07:43,Nübe Altico,Mostrador,Americano,1,5000,Efectivo,
3084,2026-08-24,07:43,Nübe Altico,Mostrador,Capuchino,3,8500,Efectivo,
3085,2026-08-24,09:29,Nübe Altico,Domicilio,Americano,1,5000,Nequi,C081
3086,2026-08-24,09:34,Nübe Altico,Mostrador,Croissant de almendras,1,8000,Nequi,
3087,2026-08-24,08:13,Nübe Altico,Domicilio,Capuchino,1,8500,Tarjeta,
3088,2026-08-24,10:01,Nübe Altico,Mostrador,Croissant,2,6000,Efectivo,
3089,2026-08-24,12:52,Nübe Altico,Mostrador,Capuchino,1,8500,Tarjeta,
3089,2026-08-24,12:52,Nübe Altico,Mostrador,Latte,1,9000,Tarjeta,
3090,2026-08-24,11:52,Nübe Altico,Mostrador,Croissant de almendras,1,8000,Tarjeta,C130
3090,2026-08-24,11:52,Nübe Altico,Mostrador,Tinto,1,3000,Tarjeta,C130
3091,2026-08-24,15:12,Nübe Altico,Mostrador,Capuchino,1,8500,Tarjeta,
3091,2026-08-24,15:12,Nübe Altico,Mostrador,Tinto,1,3000,Tarjeta,
3092,2026-08-24,10:59,Nübe Altico,Domicilio,Croissant de almendras,1,8000,Nequi,
3093,2026-08-25,11:09,Nübe Centro,Mostrador,Frappé de café,1,11000,Tarjeta,C092
3093,2026-08-25,11:09,Nübe Centro,Mostrador,Tinto,1,3000,Tarjeta,C092
3094,2026-08-25,14:42,Nübe Centro,Mostrador,Frappé de café,1,11000,Tarjeta,C172
3094,2026-08-25,14:42,Nübe Centro,Mostrador,Tinto,2,3000,Tarjeta,C172
3095,2026-08-25,12:54,Nübe Centro,Mostrador,Croissant,2,6000,Sin dato,
3095,2026-08-25,12:54,Nübe Centro,Mostrador,Frappé de café,2,11000,Tarjeta,
3096,2026-08-25,13:26,Nübe Centro,Mostrador,Americano,2,5000,Nequi,
3097,2026-08-25,18:29,Nübe Centro,Mostrador,Frappé de café,1,11000,Nequi,
3098,2026-08-25,17:45,Nübe Centro,Domicilio,Americano,2,5000,Nequi,C009
3098,2026-08-25,17:45,Nübe Centro,Domicilio,Croissant,1,6000,Nequi,C009
3099,2026-08-25,17:07,Nübe Centro,Mostrador,Americano,1,5000,Efectivo,
3099,2026-08-25,17:07,Nübe Centro,Mostrador,Croissant,1,6000,Efectivo,
3100,2026-08-25,07:14,Nübe Centro,Mostrador,Capuchino,1,8500,Tarjeta,
3100,2026-08-25,07:14,Nübe Centro,Mostrador,Croissant de almendras,1,8000,Tarjeta,
3100,2026-08-25,07:14,Nübe Centro,Mostrador,Tinto,1,3000,Tarjeta,
3101,2026-08-25,09:16,Nübe Centro,Domicilio,Capuchino,2,8500,Tarjeta,C126
3101,2026-08-25,09:16,Nübe Centro,Domicilio,Latte,2,9000,Tarjeta,C126
3102,2026-08-25,19:22,Nübe Centro,Mostrador,Latte,2,9000,Tarjeta,C030
3103,2026-08-25,08:07,Nübe Centro,Mostrador,Croissant,1,6000,Nequi,
3104,2026-08-25,11:32,Nübe Centro,Mostrador,Tinto,1,3000,Nequi,
3105,2026-08-25,10:39,Nübe Centro,Mostrador,Americano,1,5000,Nequi,C217
3106,2026-08-25,08:59,Nübe Centro,Mostrador,Capuchino,2,8500,Nequi,C024
3106,2026-08-25,08:59,Nübe Centro,Mostrador,Tinto,1,3000,Nequi,C024
3107,2026-08-25,12:26,Nübe Centro,Mostrador,Croissant,1,6000,Tarjeta,C056
3107,2026-08-25,12:26,Nübe Centro,Mostrador,Tinto,1,3000,Tarjeta,C056
3108,2026-08-25,17:18,Nübe Centro,Mostrador,Latte,1,9000,Nequi,
3109,2026-08-25,16:51,Nübe Centro,Mostrador,Croissant,2,6000,Nequi,
3109,2026-08-25,16:51,Nübe Centro,Mostrador,Frappé de café,1,11000,Nequi,
3109,2026-08-25,16:51,Nübe Centro,Mostrador,Latte,1,9000,Nequi,
3110,2026-08-25,10:56,Nübe Centro,Mostrador,Croissant de almendras,3,8000,Efectivo,
3111,2026-08-25,08:20,Nübe Centro,Mostrador,Capuchino,1,8500,Efectivo,
3111,2026-08-25,08:20,Nübe Centro,Mostrador,Croissant,1,6000,Efectivo,
3112,2026-08-25,16:06,Nübe Centro,Mostrador,Capuchino,2,8500,Sin dato,
3112,2026-08-25,16:06,Nübe Centro,Mostrador,Latte,2,9000,Nequi,
3113,2026-08-25,13:37,Nübe Centro,Mostrador,Capuchino,1,8500,Tarjeta,C070
3114,2026-08-25,11:48,Nübe Centro,Mostrador,Tinto,1,3000,Efectivo,C001
3115,2026-08-25,13:57,Nübe Centro,Mostrador,Americano,1,5000,Nequi,
3115,2026-08-25,13:57,Nübe Centro,Mostrador,Frappé de café,2,11000,Nequi,
3116,2026-08-25,10:38,Nübe Centro,Mostrador,Tinto,1,3000,Nequi,C006
3117,2026-08-25,09:43,Nübe Centro,Mostrador,Croissant de almendras,2,8000,Nequi,C246
3118,2026-08-25,16:06,Nübe Centro,Mostrador,Capuchino,2,8500,Efectivo,
3118,2026-08-25,16:06,Nübe Centro,Mostrador,Latte,1,9000,Efectivo,
3118,2026-08-25,16:06,Nübe Centro,Mostrador,Tinto,1,3000,Efectivo,
3119,2026-08-25,12:11,Nübe Centro,Domicilio,Americano,1,5000,Sin dato,C095
3119,2026-08-25,12:11,Nübe Centro,Domicilio,Chocolate caliente,1,7500,Efectivo,C095
3119,2026-08-25,12:11,Nübe Centro,Domicilio,Frappé de café,1,11000,Efectivo,C095
3120,2026-08-25,07:05,Nübe Centro,Domicilio,Capuchino,3,8500,Efectivo,
3121,2026-08-25,06:09,Nübe Centro,Mostrador,Capuchino,1,8500,Tarjeta,
3121,2026-08-25,06:09,Nübe Centro,Mostrador,Croissant,1,6000,Tarjeta,
3122,2026-08-25,12:23,Nübe Centro,Mostrador,Chocolate caliente,1,7500,Efectivo,C121
3122,2026-08-25,12:23,Nübe Centro,Mostrador,Tinto,1,3000,Efectivo,C121
3123,2026-08-25,09:03,Nübe Centro,Domicilio,Capuchino,3,8500,Nequi,C192
3124,2026-08-25,08:28,Nübe Centro,Mostrador,Capuchino,1,8500,Nequi,C125
3124,2026-08-25,08:28,Nübe Centro,Mostrador,Croissant de almendras,1,8000,Nequi,C125
3125,2026-08-25,08:51,Nübe Centro,Domicilio,Capuchino,1,8500,Nequi,C235
3125,2026-08-25,08:51,Nübe Centro,Domicilio,Tinto,1,3000,Nequi,C235
3126,2026-08-25,11:18,Nübe Centro,Domicilio,Americano,1,5000,Nequi,C160
3126,2026-08-25,11:18,Nübe Centro,Domicilio,Tinto,1,3000,Nequi,C160
3127,2026-08-25,08:36,Nübe Centro,Mostrador,Croissant,1,6000,Efectivo,C188
3128,2026-08-25,14:46,Nübe Centro,Mostrador,Tinto,1,3000,Tarjeta,
3129,2026-08-25,08:40,Nübe Centro,Mostrador,Tinto,1,3000,Efectivo,
3130,2026-08-25,07:01,Nübe Centro,Mostrador,Americano,1,5000,Efectivo,
3131,2026-08-25,08:30,Nübe Centro,Mostrador,Croissant,3,6000,Efectivo,
3132,2026-08-25,07:21,Nübe Centro,Mostrador,Croissant,1,6000,Tarjeta,
3133,2026-08-25,07:20,Nübe Centro,Domicilio,Frappé de café,1,11000,Tarjeta,
3133,2026-08-25,07:20,Nübe Centro,Domicilio,Tinto,2,3000,Tarjeta,
3134,2026-08-25,19:20,Nübe Centro,Mostrador,Capuchino,2,8500,Nequi,
3135,2026-08-25,16:36,Nübe Centro,Mostrador,Capuchino,1,8500,Tarjeta,C022
3135,2026-08-25,16:36,Nübe Centro,Mostrador,Chocolate caliente,2,7500,Tarjeta,C022
3136,2026-08-25,09:26,Nübe Centro,Mostrador,Americano,1,5000,Efectivo,
3136,2026-08-25,09:26,Nübe Centro,Mostrador,Croissant de almendras,1,8000,Efectivo,
3137,2026-08-25,10:09,Nübe Centro,Mostrador,Croissant,1,6000,Efectivo,C002
3138,2026-08-25,12:17,Nübe Centro,Mostrador,Americano,1,5000,Efectivo,
3138,2026-08-25,12:17,Nübe Centro,Mostrador,Croissant de almendras,2,8000,Efectivo,
3139,2026-08-25,15:57,Nübe Centro,Mostrador,Americano,1,5000,Tarjeta,
3140,2026-08-25,06:15,Nübe Centro,Mostrador,Americano,1,5000,Efectivo,
3140,2026-08-25,06:15,Nübe Centro,Mostrador,Capuchino,2,8500,Efectivo,
3141,2026-08-25,09:39,Nübe Centro,Mostrador,Croissant de almendras,1,8000,Nequi,C253
3142,2026-08-25,07:32,Nübe Centro,Domicilio,Croissant,2,6000,Tarjeta,
3142,2026-08-25,07:32,Nübe Centro,Domicilio,Latte,1,9000,Tarjeta,
3143,2026-08-25,07:03,Nübe Centro,Mostrador,Latte,1,9000,Tarjeta,
3144,2026-08-25,09:14,Nübe Centro,Mostrador,Americano,3,5000,Tarjeta,C108
3144,2026-08-25,09:14,Nübe Centro,Mostrador,Croissant,1,6000,Tarjeta,C108
3145,2026-08-25,10:49,Nübe Centro,Mostrador,Croissant,1,6000,Tarjeta,C133
3145,2026-08-25,10:49,Nübe Centro,Mostrador,Croissant de almendras,1,8000,Tarjeta,C133
3146,2026-08-25,14:52,Nübe Centro,Mostrador,Latte,1,9000,Efectivo,
3147,2026-08-25,17:43,Nübe Centro,Mostrador,Capuchino,1,8500,Nequi,
3147,2026-08-25,17:43,Nübe Centro,Mostrador,Croissant,1,6000,Nequi,
3148,2026-08-25,19:06,Nübe Centro,Mostrador,Capuchino,1,8500,Nequi,C068
3148,2026-08-25,19:06,Nübe Centro,Mostrador,Croissant,2,6000,Nequi,C068
3148,2026-08-25,19:06,Nübe Centro,Mostrador,Croissant de almendras,1,8000,Nequi,C068
3149,2026-08-25,15:36,Nübe Centro,Domicilio,Tinto,1,3000,Efectivo,
3150,2026-08-25,11:23,Nübe Centro,Mostrador,Tinto,1,3000,Nequi,
3151,2026-08-25,13:07,Nübe Centro,Domicilio,Croissant,1,6000,Nequi,
3152,2026-08-25,15:52,Nübe Centro,Mostrador,Chocolate caliente,1,7500,Nequi,C225
3153,2026-08-25,08:17,Nübe Centro,Mostrador,Capuchino,1,8500,Nequi,
3153,2026-08-25,08:17,Nübe Centro,Mostrador,Croissant,1,6000,Nequi,
3153,2026-08-25,08:17,Nübe Centro,Mostrador,Tinto,2,3000,Nequi,
3154,2026-08-25,17:10,Nübe Centro,Mostrador,Croissant de almendras,2,8000,Nequi,
3155,2026-08-25,16:03,Nübe Centro,Mostrador,Americano,1,5000,Nequi,C159
3155,2026-08-25,16:03,Nübe Centro,Mostrador,Latte,1,9000,Nequi,C159
3156,2026-08-25,18:56,Nübe Centro,Mostrador,Americano,1,5000,Efectivo,C157
3156,2026-08-25,18:56,Nübe Centro,Mostrador,Croissant,1,6000,Efectivo,C157
3156,2026-08-25,18:56,Nübe Centro,Mostrador,Tinto,1,3000,Efectivo,C157
3157,2026-08-25,13:20,Nübe Centro,Domicilio,Chocolate caliente,1,7500,Nequi,C009
3157,2026-08-25,13:20,Nübe Centro,Domicilio,Tinto,1,3000,Nequi,C009
3158,2026-08-25,09:56,Nübe Centro,Mostrador,Latte,1,9000,Efectivo,
3159,2026-08-25,10:36,Nübe Centro,Domicilio,Capuchino,2,8500,Efectivo,
3160,2026-08-25,16:50,Nübe Centro,Mostrador,Americano,1,5000,Tarjeta,C274
3160,2026-08-25,16:50,Nübe Centro,Mostrador,Croissant,1,6000,Tarjeta,C274
3161,2026-08-25,10:22,Nübe Centro,Domicilio,Americano,1,5000,Tarjeta,C113
3161,2026-08-25,10:22,Nübe Centro,Domicilio,Croissant,1,6000,Tarjeta,C113
3162,2026-08-25,07:59,Nübe Centro,Mostrador,Capuchino,2,8500,Tarjeta,
3163,2026-08-25,07:42,Nübe Centro,Mostrador,Croissant,1,6000,Tarjeta,
3163,2026-08-25,07:42,Nübe Centro,Mostrador,Tinto,1,3000,Tarjeta,
3164,2026-08-25,08:10,Nübe Centro,Mostrador,Croissant de almendras,1,8000,Nequi,C046
3165,2026-08-25,07:38,Nübe Altico,Domicilio,Americano,1,5000,Nequi,C153
3166,2026-08-25,09:22,Nübe Altico,Domicilio,Capuchino,1,8500,Efectivo,
3166,2026-08-25,09:22,Nübe Altico,Domicilio,Croissant,1,6000,Efectivo,
3167,2026-08-25,09:45,Nübe Altico,Mostrador,Capuchino,1,8500,Efectivo,
3168,2026-08-25,18:38,Nübe Altico,Mostrador,Frappé de café,1,11000,Efectivo,
3169,2026-08-25,09:47,Nübe Altico,Mostrador,Croissant de almendras,3,8000,Nequi,C293
3169,2026-08-25,09:47,Nübe Altico,Mostrador,Tinto,3,3000,Nequi,C293
3170,2026-08-25,14:10,Nübe Altico,Mostrador,Chocolate caliente,1,7500,Nequi,C057
3170,2026-08-25,14:10,Nübe Altico,Mostrador,Tinto,2,3000,Nequi,C057
3171,2026-08-25,15:58,Nübe Altico,Mostrador,Frappé de café,1,11000,Efectivo,
3172,2026-08-25,08:54,Nübe Altico,Mostrador,Americano,1,5000,Efectivo,C047
3172,2026-08-25,08:54,Nübe Altico,Mostrador,Croissant,2,6000,Efectivo,C047
3173,2026-08-25,17:24,Nübe Altico,Mostrador,Capuchino,1,8500,Tarjeta,
3173,2026-08-25,17:24,Nübe Altico,Mostrador,Croissant,1,6000,Tarjeta,
3173,2026-08-25,17:24,Nübe Altico,Mostrador,Croissant de almendras,1,8000,Tarjeta,
3174,2026-08-25,20:01,Nübe Altico,Mostrador,Capuchino,1,8500,Tarjeta,
3174,2026-08-25,20:01,Nübe Altico,Mostrador,Croissant,1,6000,Tarjeta,
3174,2026-08-25,20:01,Nübe Altico,Mostrador,Latte,2,9000,Tarjeta,
3175,2026-08-25,07:55,Nübe Altico,Domicilio,Tinto,1,3000,Efectivo,
3176,2026-08-25,11:08,Nübe Altico,Mostrador,Croissant,3,6000,Efectivo,
3177,2026-08-25,09:22,Nübe Altico,Mostrador,Capuchino,1,8500,Nequi,
3178,2026-08-25,12:31,Nübe Altico,Mostrador,Frappé de café,2,11000,Nequi,C103
3178,2026-08-25,12:31,Nübe Altico,Mostrador,Latte,1,9000,Nequi,C103
3179,2026-08-25,07:55,Nübe Altico,Mostrador,Croissant de almendras,1,8000,Nequi,
3180,2026-08-25,11:26,Nübe Altico,Mostrador,Croissant,1,6000,Nequi,C180
3181,2026-08-25,07:07,Nübe Altico,Mostrador,Latte,1,9000,Nequi,
3182,2026-08-25,10:00,Nübe Altico,Mostrador,Capuchino,1,8500,Nequi,C008
3182,2026-08-25,10:00,Nübe Altico,Mostrador,Tinto,1,3000,Nequi,C008
3183,2026-08-25,17:26,Nübe Altico,Mostrador,Americano,2,5000,Nequi,C287
3184,2026-08-25,07:49,Nübe Altico,Mostrador,Croissant,2,6000,Nequi,
3185,2026-08-25,15:07,Nübe Altico,Mostrador,Chocolate caliente,1,7500,Tarjeta,
3185,2026-08-25,15:07,Nübe Altico,Mostrador,Croissant de almendras,1,8000,Tarjeta,
3186,2026-08-25,13:07,Nübe Altico,Mostrador,Latte,2,9000,Tarjeta,
3186,2026-08-25,13:07,Nübe Altico,Mostrador,Tinto,1,3000,Tarjeta,
3187,2026-08-25,18:17,Nübe Altico,Mostrador,Croissant,2,6000,Tarjeta,
3187,2026-08-25,18:17,Nübe Altico,Mostrador,Latte,1,9000,Tarjeta,
3188,2026-08-25,07:50,Nübe Altico,Domicilio,Americano,1,5000,Tarjeta,
3188,2026-08-25,07:50,Nübe Altico,Domicilio,Tinto,1,3000,Tarjeta,
3189,2026-08-25,16:34,Nübe Altico,Mostrador,Americano,1,5000,Nequi,
3190,2026-08-25,17:03,Nübe Altico,Mostrador,Chocolate caliente,2,7500,Nequi,C040
3190,2026-08-25,17:03,Nübe Altico,Mostrador,Latte,1,9000,Nequi,C040
3190,2026-08-25,17:03,Nübe Altico,Mostrador,Tinto,1,3000,Nequi,C040
3191,2026-08-25,20:26,Nübe Altico,Mostrador,Capuchino,2,8500,Efectivo,
3192,2026-08-25,14:34,Nübe Altico,Mostrador,Latte,1,9000,Tarjeta,
3193,2026-08-25,16:39,Nübe Altico,Mostrador,Croissant de almendras,1,8000,Tarjeta,
3194,2026-08-25,08:04,Nübe Altico,Mostrador,Americano,1,5000,Efectivo,C264
3195,2026-08-25,17:25,Nübe Altico,Mostrador,Capuchino,1,8500,Nequi,
3196,2026-08-25,10:54,Nübe Altico,Mostrador,Chocolate caliente,2,7500,Nequi,
3196,2026-08-25,10:54,Nübe Altico,Mostrador,Croissant,1,6000,Sin dato,
3196,2026-08-25,10:54,Nübe Altico,Mostrador,Tinto,1,3000,Nequi,
3197,2026-08-25,11:13,Nübe Altico,Mostrador,Capuchino,1,8500,Tarjeta,C010
3197,2026-08-25,11:13,Nübe Altico,Mostrador,Chocolate caliente,1,7500,Tarjeta,C010
3198,2026-08-25,11:17,Nübe Altico,Mostrador,Tinto,1,3000,Efectivo,C233
3199,2026-08-25,08:49,Nübe Altico,Mostrador,Croissant de almendras,1,8000,Nequi,C023
3199,2026-08-25,08:49,Nübe Altico,Mostrador,Latte,2,9000,Nequi,C023
3200,2026-08-25,15:37,Nübe Altico,Mostrador,Croissant,1,6000,Tarjeta,C031
3201,2026-08-25,14:15,Nübe Altico,Mostrador,Americano,1,5000,Nequi,C062
3202,2026-08-26,10:24,Nübe Centro,Mostrador,Americano,1,5000,Nequi,
3203,2026-08-26,16:24,Nübe Centro,Mostrador,Frappé de café,1,11000,Nequi,
3204,2026-08-26,18:08,Nübe Centro,Mostrador,Croissant,1,6000,Nequi,
3205,2026-08-26,07:34,Nübe Centro,Mostrador,Capuchino,1,8500,Efectivo,
3205,2026-08-26,07:34,Nübe Centro,Mostrador,Croissant,1,6000,Efectivo,
3206,2026-08-26,10:21,Nübe Centro,Mostrador,Americano,1,5000,Efectivo,
3207,2026-08-26,09:31,Nübe Centro,Mostrador,Capuchino,1,8500,Efectivo,C055
3207,2026-08-26,09:31,Nübe Centro,Mostrador,Chocolate caliente,2,7500,Efectivo,C055
3208,2026-08-26,10:46,Nübe Centro,Mostrador,Capuchino,1,8500,Efectivo,
3208,2026-08-26,10:46,Nübe Centro,Mostrador,Latte,1,9000,Efectivo,
3209,2026-08-26,08:56,Nübe Centro,Mostrador,Chocolate caliente,1,7500,Nequi,C163
3210,2026-08-26,19:43,Nübe Centro,Mostrador,Croissant,2,6000,Nequi,
3210,2026-08-26,19:43,Nübe Centro,Mostrador,Tinto,1,3000,Nequi,
3211,2026-08-26,11:09,Nübe Centro,Mostrador,Frappé de café,1,11000,Efectivo,C216
3212,2026-08-26,16:17,Nübe Centro,Mostrador,Croissant,1,6000,Nequi,
3212,2026-08-26,16:17,Nübe Centro,Mostrador,Tinto,1,3000,Nequi,
3213,2026-08-26,11:41,Nübe Centro,Domicilio,Croissant de almendras,1,8000,Efectivo,C249
3214,2026-08-26,07:31,Nübe Centro,Mostrador,Americano,1,5000,Tarjeta,C024
3214,2026-08-26,07:31,Nübe Centro,Mostrador,Croissant,1,6000,Tarjeta,C024
3214,2026-08-26,07:31,Nübe Centro,Mostrador,Croissant de almendras,2,8000,Tarjeta,C024
3215,2026-08-26,16:03,Nübe Centro,Mostrador,Croissant,2,6000,Nequi,
3215,2026-08-26,16:03,Nübe Centro,Mostrador,Tinto,1,3000,Nequi,
3216,2026-08-26,08:52,Nübe Centro,Mostrador,Croissant,1,6000,Efectivo,C298
3217,2026-08-26,09:50,Nübe Centro,Domicilio,Croissant de almendras,2,8000,Nequi,C079
3218,2026-08-26,10:22,Nübe Centro,Mostrador,Tinto,1,3000,Tarjeta,
3219,2026-08-26,08:15,Nübe Centro,Domicilio,Latte,1,9000,Efectivo,
3220,2026-08-26,08:17,Nübe Centro,Domicilio,Croissant,3,6000,Nequi,C069
3220,2026-08-26,08:17,Nübe Centro,Domicilio,Latte,1,9000,Nequi,C069
3221,2026-08-26,17:46,Nübe Centro,Mostrador,Americano,1,5000,Efectivo,
3222,2026-08-26,08:14,Nübe Centro,Mostrador,Tinto,1,3000,Nequi,C053
3223,2026-08-26,07:43,Nübe Centro,Mostrador,Capuchino,2,8500,Efectivo,C109
3224,2026-08-26,12:26,Nübe Centro,Mostrador,Croissant de almendras,2,8000,Efectivo,
3225,2026-08-26,18:41,Nübe Centro,Mostrador,Chocolate caliente,1,7500,Tarjeta,C172
3226,2026-08-26,10:49,Nübe Centro,Mostrador,Latte,1,9000,Tarjeta,C201
3226,2026-08-26,10:49,Nübe Centro,Mostrador,Tinto,1,3000,Tarjeta,C201
3227,2026-08-26,09:57,Nübe Centro,Mostrador,Americano,2,5000,Efectivo,
3227,2026-08-26,09:57,Nübe Centro,Mostrador,Frappé de café,2,11000,Efectivo,
3227,2026-08-26,09:57,Nübe Centro,Mostrador,Tinto,1,3000,Efectivo,
3228,2026-08-26,09:54,Nübe Centro,Mostrador,Americano,1,5000,Tarjeta,
3228,2026-08-26,09:54,Nübe Centro,Mostrador,Tinto,1,3000,Tarjeta,
3229,2026-08-26,09:38,Nübe Centro,Mostrador,Chocolate caliente,1,7500,Efectivo,C006
3230,2026-08-26,07:37,Nübe Centro,Domicilio,Capuchino,2,8500,Tarjeta,
3230,2026-08-26,07:37,Nübe Centro,Domicilio,Croissant,1,6000,Tarjeta,
3231,2026-08-26,13:49,Nübe Centro,Mostrador,Tinto,1,3000,Efectivo,
3232,2026-08-26,09:24,Nübe Centro,Mostrador,Americano,1,5000,Tarjeta,C098
3232,2026-08-26,09:24,Nübe Centro,Mostrador,Croissant de almendras,1,8000,Tarjeta,C098
3233,2026-08-26,08:35,Nübe Centro,Mostrador,Tinto,1,3000,Efectivo,
3234,2026-08-26,10:15,Nübe Centro,Mostrador,Frappé de café,1,11000,Tarjeta,
3235,2026-08-26,13:25,Nübe Centro,Mostrador,Capuchino,1,8500,Tarjeta,
3236,2026-08-26,16:33,Nübe Centro,Mostrador,Croissant,1,6000,Nequi,C213
3236,2026-08-26,16:33,Nübe Centro,Mostrador,Latte,1,9000,Nequi,C213
3237,2026-08-26,17:13,Nübe Centro,Domicilio,Americano,1,5000,Nequi,C197
3237,2026-08-26,17:13,Nübe Centro,Domicilio,Capuchino,1,8500,Nequi,C197
3238,2026-08-26,14:37,Nübe Centro,Domicilio,Capuchino,1,8500,Efectivo,C054
3239,2026-08-26,09:44,Nübe Centro,Mostrador,Croissant de almendras,1,8000,Efectivo,
3240,2026-08-26,16:27,Nübe Centro,Mostrador,Capuchino,1,8500,Tarjeta,
3241,2026-08-26,07:55,Nübe Centro,Domicilio,Americano,1,5000,Tarjeta,C275
3242,2026-08-26,14:03,Nübe Centro,Domicilio,Frappé de café,2,11000,Tarjeta,
3243,2026-08-26,07:23,Nübe Centro,Mostrador,Americano,1,5000,Efectivo,
3243,2026-08-26,07:23,Nübe Centro,Mostrador,Tinto,1,3000,Efectivo,
3244,2026-08-26,18:51,Nübe Centro,Mostrador,Croissant,1,6000,Efectivo,
3245,2026-08-26,07:27,Nübe Centro,Mostrador,Americano,1,5000,Nequi,
3245,2026-08-26,07:27,Nübe Centro,Mostrador,Tinto,2,3000,Nequi,
3246,2026-08-26,11:24,Nübe Centro,Mostrador,Americano,1,5000,Nequi,C261
3246,2026-08-26,11:24,Nübe Centro,Mostrador,Tinto,1,3000,Nequi,C261
3247,2026-08-26,09:57,Nübe Centro,Mostrador,Croissant,1,6000,Sin dato,C175
3248,2026-08-26,09:58,Nübe Centro,Mostrador,Americano,1,5000,Sin dato,
3248,2026-08-26,09:58,Nübe Centro,Mostrador,Latte,2,9000,Efectivo,
3249,2026-08-26,08:01,Nübe Centro,Mostrador,Croissant,1,6000,Efectivo,C082
3249,2026-08-26,08:01,Nübe Centro,Mostrador,Tinto,2,3000,Efectivo,C082
3250,2026-08-26,07:32,Nübe Centro,Domicilio,Croissant,1,6000,Nequi,
3250,2026-08-26,07:32,Nübe Centro,Domicilio,Tinto,1,3000,Nequi,
3251,2026-08-26,10:33,Nübe Centro,Mostrador,Capuchino,1,8500,Tarjeta,C047
3251,2026-08-26,10:33,Nübe Centro,Mostrador,Tinto,2,3000,Tarjeta,C047
3252,2026-08-26,07:07,Nübe Centro,Mostrador,Americano,1,5000,Efectivo,C138
3252,2026-08-26,07:07,Nübe Centro,Mostrador,Croissant,1,6000,Efectivo,C138
3252,2026-08-26,07:07,Nübe Centro,Mostrador,Latte,1,9000,Efectivo,C138
3253,2026-08-26,10:00,Nübe Centro,Mostrador,Latte,1,9000,Efectivo,C166
3253,2026-08-26,10:00,Nübe Centro,Mostrador,Tinto,1,3000,Efectivo,C166
3254,2026-08-26,13:42,Nübe Centro,Domicilio,Americano,1,5000,Tarjeta,
3254,2026-08-26,13:42,Nübe Centro,Domicilio,Capuchino,1,8500,Tarjeta,
3254,2026-08-26,13:42,Nübe Centro,Domicilio,Frappé de café,1,11000,Tarjeta,
3255,2026-08-26,13:08,Nübe Centro,Mostrador,Latte,2,9000,Nequi,
3256,2026-08-26,18:01,Nübe Centro,Mostrador,Tinto,3,3000,Efectivo,C262
3257,2026-08-26,16:10,Nübe Centro,Mostrador,Chocolate caliente,1,7500,Efectivo,C032
3258,2026-08-26,07:43,Nübe Centro,Mostrador,Capuchino,1,8500,Efectivo,C099
3258,2026-08-26,07:43,Nübe Centro,Mostrador,Croissant,1,6000,Efectivo,C099
3258,2026-08-26,07:43,Nübe Centro,Mostrador,Tinto,1,3000,Efectivo,C099
3259,2026-08-26,16:28,Nübe Centro,Mostrador,Tinto,1,3000,Efectivo,
3260,2026-08-26,06:28,Nübe Centro,Mostrador,Capuchino,1,8500,Tarjeta,
3260,2026-08-26,06:28,Nübe Centro,Mostrador,Tinto,1,3000,Tarjeta,
3261,2026-08-26,11:17,Nübe Centro,Domicilio,Capuchino,1,8500,Nequi,C216
3262,2026-08-26,11:31,Nübe Altico,Mostrador,Frappé de café,1,11000,Tarjeta,C190
3263,2026-08-26,14:12,Nübe Altico,Mostrador,Tinto,1,3000,Nequi,
3264,2026-08-26,11:52,Nübe Altico,Mostrador,Croissant,2,6000,Tarjeta,C006
3265,2026-08-26,09:51,Nübe Altico,Mostrador,Capuchino,1,8500,Tarjeta,C157
3265,2026-08-26,09:51,Nübe Altico,Mostrador,Croissant,1,6000,Tarjeta,C157
3266,2026-08-26,10:09,Nübe Altico,Mostrador,Capuchino,1,8500,Efectivo,
3267,2026-08-26,12:49,Nübe Altico,Domicilio,Tinto,2,3000,Tarjeta,C123
3268,2026-08-26,07:59,Nübe Altico,Mostrador,Americano,3,5000,Nequi,
3268,2026-08-26,07:59,Nübe Altico,Mostrador,Croissant,2,6000,Nequi,
3268,2026-08-26,07:59,Nübe Altico,Mostrador,Latte,1,9000,Sin dato,
3269,2026-08-26,15:58,Nübe Altico,Mostrador,Latte,1,9000,Efectivo,
3270,2026-08-26,10:10,Nübe Altico,Mostrador,Croissant de almendras,3,8000,Sin dato,C278
3271,2026-08-26,13:19,Nübe Altico,Mostrador,Frappé de café,1,11000,Tarjeta,
3272,2026-08-26,12:10,Nübe Altico,Mostrador,Americano,1,5000,Efectivo,
3272,2026-08-26,12:10,Nübe Altico,Mostrador,Chocolate caliente,1,7500,Efectivo,
3273,2026-08-26,17:27,Nübe Altico,Mostrador,Croissant de almendras,1,8000,Efectivo,
3273,2026-08-26,17:27,Nübe Altico,Mostrador,Tinto,1,3000,Efectivo,
3274,2026-08-26,11:46,Nübe Altico,Mostrador,Americano,1,5000,Tarjeta,C166
3274,2026-08-26,11:46,Nübe Altico,Mostrador,Chocolate caliente,1,7500,Tarjeta,C166
3274,2026-08-26,11:46,Nübe Altico,Mostrador,Tinto,1,3000,Tarjeta,C166
3275,2026-08-26,15:57,Nübe Altico,Domicilio,Latte,1,9000,Efectivo,C189
3276,2026-08-26,19:39,Nübe Altico,Mostrador,Capuchino,1,8500,Tarjeta,
3276,2026-08-26,19:39,Nübe Altico,Mostrador,Latte,1,9000,Tarjeta,
3277,2026-08-26,13:55,Nübe Altico,Mostrador,Capuchino,1,8500,Tarjeta,C254
3277,2026-08-26,13:55,Nübe Altico,Mostrador,Croissant,1,6000,Tarjeta,C254
3277,2026-08-26,13:55,Nübe Altico,Mostrador,Tinto,1,3000,Tarjeta,C254
3278,2026-08-26,10:12,Nübe Altico,Mostrador,Capuchino,2,8500,Nequi,
3278,2026-08-26,10:12,Nübe Altico,Mostrador,Croissant de almendras,2,8000,Nequi,
3279,2026-08-26,11:29,Nübe Altico,Mostrador,Capuchino,1,8500,Nequi,
3280,2026-08-26,12:06,Nübe Altico,Domicilio,Croissant,1,6000,Efectivo,C220
3281,2026-08-26,10:16,Nübe Altico,Mostrador,Capuchino,1,8500,Nequi,
3282,2026-08-26,11:54,Nübe Altico,Mostrador,Croissant,1,6000,Nequi,
3282,2026-08-26,11:54,Nübe Altico,Mostrador,Frappé de café,1,11000,Nequi,
3282,2026-08-26,11:54,Nübe Altico,Mostrador,Tinto,1,3000,Nequi,
3283,2026-08-26,16:35,Nübe Altico,Mostrador,Capuchino,1,8500,Tarjeta,
3283,2026-08-26,16:35,Nübe Altico,Mostrador,Croissant,2,6000,Tarjeta,
3283,2026-08-26,16:35,Nübe Altico,Mostrador,Tinto,1,3000,Tarjeta,
3284,2026-08-26,13:08,Nübe Altico,Mostrador,Croissant,1,6000,Tarjeta,
3284,2026-08-26,13:08,Nübe Altico,Mostrador,Tinto,3,3000,Sin dato,
3285,2026-08-26,17:11,Nübe Altico,Mostrador,Croissant,1,6000,Efectivo,C126
3285,2026-08-26,17:11,Nübe Altico,Mostrador,Frappé de café,3,11000,Efectivo,C126
3285,2026-08-26,17:11,Nübe Altico,Mostrador,Tinto,1,3000,Efectivo,C126
3286,2026-08-26,07:51,Nübe Altico,Mostrador,Americano,1,5000,Nequi,
3286,2026-08-26,07:51,Nübe Altico,Mostrador,Croissant,2,6000,Nequi,
3287,2026-08-26,17:32,Nübe Altico,Mostrador,Americano,1,5000,Nequi,
3287,2026-08-26,17:32,Nübe Altico,Mostrador,Croissant,1,6000,Nequi,
3288,2026-08-26,08:55,Nübe Altico,Mostrador,Capuchino,1,8500,Nequi,C203
3289,2026-08-26,10:16,Nübe Altico,Domicilio,Chocolate caliente,1,7500,Nequi,
3289,2026-08-26,10:16,Nübe Altico,Domicilio,Latte,1,9000,Nequi,
3290,2026-08-26,16:12,Nübe Altico,Mostrador,Americano,1,5000,Nequi,C211
3290,2026-08-26,16:12,Nübe Altico,Mostrador,Capuchino,2,8500,Nequi,C211
3291,2026-08-26,15:42,Nübe Altico,Mostrador,Americano,1,5000,Efectivo,C201
3291,2026-08-26,15:42,Nübe Altico,Mostrador,Capuchino,2,8500,Efectivo,C201
3292,2026-08-26,06:09,Nübe Altico,Domicilio,Chocolate caliente,1,7500,Efectivo,
3292,2026-08-26,06:09,Nübe Altico,Domicilio,Latte,1,9000,Efectivo,
3292,2026-08-26,06:09,Nübe Altico,Domicilio,Tinto,2,3000,Efectivo,
3293,2026-08-26,07:54,Nübe Altico,Mostrador,Croissant,1,6000,Tarjeta,
3293,2026-08-26,07:54,Nübe Altico,Mostrador,Tinto,1,3000,Tarjeta,
3294,2026-08-26,09:04,Nübe Altico,Domicilio,Americano,1,5000,Nequi,
3295,2026-08-26,16:29,Nübe Altico,Domicilio,Latte,1,9000,Tarjeta,C127
3296,2026-08-26,07:33,Nübe Altico,Domicilio,Chocolate caliente,1,7500,Nequi,
3296,2026-08-26,07:33,Nübe Altico,Domicilio,Tinto,1,3000,Nequi,
3297,2026-08-26,12:21,Nübe Altico,Domicilio,Capuchino,2,8500,Tarjeta,
3297,2026-08-26,12:21,Nübe Altico,Domicilio,Tinto,1,3000,Tarjeta,
3298,2026-08-26,11:27,Nübe Altico,Mostrador,Tinto,1,3000,Tarjeta,C253
3299,2026-08-26,18:21,Nübe Altico,Domicilio,Croissant,1,6000,Efectivo,C091
3300,2026-08-26,10:58,Nübe Altico,Mostrador,Frappé de café,1,11000,Tarjeta,
3301,2026-08-26,15:01,Nübe Altico,Mostrador,Americano,1,5000,Tarjeta,
3302,2026-08-26,08:43,Nübe Altico,Mostrador,Tinto,1,3000,Efectivo,
3303,2026-08-26,19:47,Nübe Altico,Mostrador,Frappé de café,1,11000,Efectivo,
3304,2026-08-26,09:01,Nübe Altico,Domicilio,Latte,1,9000,Nequi,
3305,2026-08-26,14:54,Nübe Altico,Mostrador,Capuchino,1,8500,Nequi,
3306,2026-08-26,08:05,Nübe Altico,Mostrador,Latte,1,9000,Efectivo,
3307,2026-08-26,08:32,Nübe Altico,Domicilio,Chocolate caliente,2,7500,Tarjeta,C134
3308,2026-08-26,10:41,Nübe Altico,Mostrador,Tinto,1,3000,Nequi,
3309,2026-08-26,13:05,Nübe Altico,Mostrador,Americano,2,5000,Efectivo,
3309,2026-08-26,13:05,Nübe Altico,Mostrador,Croissant de almendras,1,8000,Efectivo,
3310,2026-08-26,08:21,Nübe Altico,Domicilio,Croissant de almendras,1,8000,Efectivo,
3311,2026-08-26,08:17,Nübe Altico,Mostrador,Capuchino,1,8500,Nequi,
3311,2026-08-26,08:17,Nübe Altico,Mostrador,Tinto,1,3000,Nequi,
3312,2026-08-26,11:12,Nübe Altico,Mostrador,Croissant,1,6000,Efectivo,
3312,2026-08-26,11:12,Nübe Altico,Mostrador,Croissant de almendras,1,8000,Efectivo,
3313,2026-08-26,09:23,Nübe Altico,Mostrador,Latte,2,9000,Efectivo,C007
3314,2026-08-26,20:21,Nübe Altico,Domicilio,Latte,2,9000,Tarjeta,C287
3315,2026-08-26,19:17,Nübe Altico,Mostrador,Tinto,1,3000,Tarjeta,
3316,2026-08-26,17:36,Nübe Altico,Mostrador,Tinto,1,3000,Efectivo,C185
3317,2026-08-27,08:31,Nübe Centro,Mostrador,Capuchino,1,8500,Efectivo,
3317,2026-08-27,08:31,Nübe Centro,Mostrador,Chocolate caliente,2,7500,Efectivo,
3318,2026-08-27,09:32,Nübe Centro,Mostrador,Croissant de almendras,1,8000,Efectivo,C168
3319,2026-08-27,10:25,Nübe Centro,Mostrador,Capuchino,1,8500,Nequi,
3319,2026-08-27,10:25,Nübe Centro,Mostrador,Tinto,1,3000,Nequi,
3320,2026-08-27,07:31,Nübe Centro,Mostrador,Croissant,2,6000,Efectivo,
3321,2026-08-27,07:46,Nübe Centro,Mostrador,Croissant,2,6000,Efectivo,C113
3322,2026-08-27,07:48,Nübe Centro,Mostrador,Croissant,1,6000,Nequi,
3323,2026-08-27,14:59,Nübe Centro,Mostrador,Americano,1,5000,Efectivo,
3323,2026-08-27,14:59,Nübe Centro,Mostrador,Latte,2,9000,Efectivo,
3324,2026-08-27,07:00,Nübe Centro,Mostrador,Americano,1,5000,Nequi,
3325,2026-08-27,07:32,Nübe Centro,Mostrador,Chocolate caliente,1,7500,Efectivo,C274
3325,2026-08-27,07:32,Nübe Centro,Mostrador,Latte,2,9000,Efectivo,C274
3326,2026-08-27,12:23,Nübe Centro,Mostrador,Croissant,1,6000,Efectivo,C234
3326,2026-08-27,12:23,Nübe Centro,Mostrador,Croissant de almendras,2,8000,Efectivo,C234
3326,2026-08-27,12:23,Nübe Centro,Mostrador,Tinto,2,3000,Efectivo,C234
3327,2026-08-27,16:03,Nübe Centro,Domicilio,Croissant,1,6000,Nequi,C248
3328,2026-08-27,15:51,Nübe Centro,Mostrador,Croissant,1,6000,Tarjeta,C138
3328,2026-08-27,15:51,Nübe Centro,Mostrador,Croissant de almendras,1,8000,Tarjeta,C138
3329,2026-08-27,08:32,Nübe Centro,Mostrador,Americano,1,5000,Efectivo,C050
3330,2026-08-27,16:35,Nübe Centro,Domicilio,Capuchino,1,8500,Tarjeta,
3331,2026-08-27,10:45,Nübe Centro,Mostrador,Capuchino,1,8500,Tarjeta,
3331,2026-08-27,10:45,Nübe Centro,Mostrador,Croissant,1,6000,Tarjeta,
3331,2026-08-27,10:45,Nübe Centro,Mostrador,Croissant de almendras,1,8000,Tarjeta,
3332,2026-08-27,07:27,Nübe Centro,Mostrador,Capuchino,1,8500,Tarjeta,
3333,2026-08-27,16:07,Nübe Centro,Mostrador,Americano,1,5000,Tarjeta,
3334,2026-08-27,06:44,Nübe Centro,Mostrador,Croissant,1,6000,Nequi,
3335,2026-08-27,07:37,Nübe Centro,Domicilio,Capuchino,1,8500,Tarjeta,
3335,2026-08-27,07:37,Nübe Centro,Domicilio,Tinto,2,3000,Tarjeta,
3336,2026-08-27,19:12,Nübe Centro,Mostrador,Capuchino,1,8500,Tarjeta,C289
3337,2026-08-27,06:00,Nübe Centro,Mostrador,Capuchino,2,8500,Efectivo,C054
3337,2026-08-27,06:00,Nübe Centro,Mostrador,Croissant,1,6000,Efectivo,C054
3338,2026-08-27,10:25,Nübe Centro,Domicilio,Croissant,1,6000,Nequi,C051
3339,2026-08-27,12:23,Nübe Centro,Mostrador,Tinto,2,3000,Nequi,
3340,2026-08-27,14:50,Nübe Centro,Mostrador,Chocolate caliente,1,7500,Efectivo,
3341,2026-08-27,09:44,Nübe Centro,Domicilio,Croissant,1,6000,Efectivo,
3342,2026-08-27,16:49,Nübe Centro,Mostrador,Croissant de almendras,1,8000,Efectivo,C152
3343,2026-08-27,07:21,Nübe Centro,Mostrador,Americano,1,5000,Nequi,
3343,2026-08-27,07:21,Nübe Centro,Mostrador,Tinto,2,3000,Nequi,
3344,2026-08-27,13:58,Nübe Centro,Mostrador,Chocolate caliente,1,7500,Tarjeta,C154
3345,2026-08-27,07:07,Nübe Centro,Mostrador,Croissant de almendras,2,8000,Tarjeta,
3346,2026-08-27,09:15,Nübe Centro,Mostrador,Capuchino,1,8500,Efectivo,
3347,2026-08-27,10:23,Nübe Centro,Mostrador,Americano,1,5000,Tarjeta,
3347,2026-08-27,10:23,Nübe Centro,Mostrador,Tinto,1,3000,Tarjeta,
3348,2026-08-27,20:30,Nübe Centro,Domicilio,Americano,1,5000,Tarjeta,C182
3348,2026-08-27,20:30,Nübe Centro,Domicilio,Chocolate caliente,1,7500,Tarjeta,C182
3348,2026-08-27,20:30,Nübe Centro,Domicilio,Croissant,1,6000,Tarjeta,C182
3349,2026-08-27,15:58,Nübe Centro,Domicilio,Chocolate caliente,1,7500,Tarjeta,C162
3350,2026-08-27,14:48,Nübe Centro,Mostrador,Americano,2,5000,Nequi,
3351,2026-08-27,07:45,Nübe Centro,Mostrador,Tinto,1,3000,Nequi,C003
3352,2026-08-27,15:53,Nübe Centro,Mostrador,Chocolate caliente,1,7500,Efectivo,C093
3352,2026-08-27,15:53,Nübe Centro,Mostrador,Croissant,1,6000,Efectivo,C093
3352,2026-08-27,15:53,Nübe Centro,Mostrador,Tinto,1,3000,Efectivo,C093
3353,2026-08-27,09:03,Nübe Centro,Domicilio,Frappé de café,2,11000,Tarjeta,
3354,2026-08-27,09:44,Nübe Centro,Mostrador,Croissant,1,6000,Tarjeta,C019
3354,2026-08-27,09:44,Nübe Centro,Mostrador,Latte,2,9000,Tarjeta,C019
3354,2026-08-27,09:44,Nübe Centro,Mostrador,Tinto,2,3000,Tarjeta,C019
3355,2026-08-27,07:42,Nübe Centro,Mostrador,Capuchino,1,8500,Tarjeta,
3355,2026-08-27,07:42,Nübe Centro,Mostrador,Croissant,1,6000,Tarjeta,
3356,2026-08-27,19:11,Nübe Centro,Domicilio,Capuchino,1,8500,Efectivo,C142
3357,2026-08-27,08:35,Nübe Centro,Mostrador,Americano,1,5000,Efectivo,
3357,2026-08-27,08:35,Nübe Centro,Mostrador,Chocolate caliente,1,7500,Efectivo,
3357,2026-08-27,08:35,Nübe Centro,Mostrador,Croissant,1,6000,Efectivo,
3358,2026-08-27,08:41,Nübe Centro,Mostrador,Capuchino,1,8500,Tarjeta,
3359,2026-08-27,07:34,Nübe Centro,Mostrador,Capuchino,1,8500,Tarjeta,C094
3360,2026-08-27,07:23,Nübe Centro,Mostrador,Americano,1,5000,Efectivo,C164
3360,2026-08-27,07:23,Nübe Centro,Mostrador,Croissant de almendras,2,8000,Efectivo,C164
3360,2026-08-27,07:23,Nübe Centro,Mostrador,Latte,2,9000,Efectivo,C164
3361,2026-08-27,07:48,Nübe Centro,Mostrador,Americano,1,5000,Tarjeta,C187
3362,2026-08-27,10:59,Nübe Centro,Mostrador,Chocolate caliente,1,7500,Efectivo,C291
3362,2026-08-27,10:59,Nübe Centro,Mostrador,Croissant,2,6000,Efectivo,C291
3363,2026-08-27,07:58,Nübe Centro,Mostrador,Croissant,1,6000,Nequi,
3363,2026-08-27,07:58,Nübe Centro,Mostrador,Latte,3,9000,Nequi,
3364,2026-08-27,07:30,Nübe Centro,Mostrador,Croissant,1,6000,Efectivo,C171
3365,2026-08-27,07:21,Nübe Centro,Mostrador,Americano,2,5000,Nequi,
3365,2026-08-27,07:21,Nübe Centro,Mostrador,Croissant,1,6000,Nequi,
3365,2026-08-27,07:21,Nübe Centro,Mostrador,Tinto,1,3000,Nequi,
3366,2026-08-27,08:03,Nübe Centro,Mostrador,Tinto,3,3000,Tarjeta,C214
3367,2026-08-27,09:52,Nübe Centro,Domicilio,Croissant,1,6000,Tarjeta,C141
3367,2026-08-27,09:52,Nübe Centro,Domicilio,Croissant de almendras,2,8000,Tarjeta,C141
3368,2026-08-27,13:04,Nübe Centro,Domicilio,Americano,1,5000,Sin dato,C213
3368,2026-08-27,13:04,Nübe Centro,Domicilio,Latte,2,9000,Tarjeta,C213
3369,2026-08-27,08:37,Nübe Centro,Mostrador,Americano,1,5000,Efectivo,C211
3369,2026-08-27,08:37,Nübe Centro,Mostrador,Croissant,1,6000,Efectivo,C211
3370,2026-08-27,10:20,Nübe Centro,Domicilio,Capuchino,1,8500,Nequi,
3371,2026-08-27,15:06,Nübe Centro,Mostrador,Capuchino,1,8500,Nequi,C041
3371,2026-08-27,15:06,Nübe Centro,Mostrador,Croissant,1,6000,Nequi,C041
3372,2026-08-27,19:34,Nübe Centro,Mostrador,Capuchino,1,8500,Nequi,
3372,2026-08-27,19:34,Nübe Centro,Mostrador,Croissant de almendras,1,8000,Nequi,
3373,2026-08-27,17:01,Nübe Centro,Mostrador,Capuchino,1,8500,Efectivo,
3373,2026-08-27,17:01,Nübe Centro,Mostrador,Croissant,1,6000,Efectivo,
3374,2026-08-27,09:16,Nübe Centro,Mostrador,Capuchino,1,8500,Tarjeta,
3374,2026-08-27,09:16,Nübe Centro,Mostrador,Chocolate caliente,1,7500,Tarjeta,
3375,2026-08-27,18:16,Nübe Centro,Domicilio,Americano,1,5000,Nequi,
3376,2026-08-27,12:37,Nübe Centro,Domicilio,Latte,1,9000,Efectivo,C174
3377,2026-08-27,08:28,Nübe Centro,Mostrador,Chocolate caliente,2,7500,Efectivo,C164
3378,2026-08-27,16:49,Nübe Centro,Mostrador,Croissant de almendras,1,8000,Tarjeta,
3379,2026-08-27,18:24,Nübe Centro,Mostrador,Croissant,2,6000,Efectivo,
3380,2026-08-27,15:24,Nübe Centro,Mostrador,Latte,1,9000,Tarjeta,C019
3381,2026-08-27,17:49,Nübe Centro,Mostrador,Capuchino,1,8500,Efectivo,
3382,2026-08-27,17:05,Nübe Centro,Mostrador,Latte,2,9000,Efectivo,
3382,2026-08-27,17:05,Nübe Centro,Mostrador,Tinto,1,3000,Efectivo,
3383,2026-08-27,17:04,Nübe Centro,Mostrador,Croissant,1,6000,Tarjeta,C144
3383,2026-08-27,17:04,Nübe Centro,Mostrador,Latte,1,9000,Tarjeta,C144
3384,2026-08-27,18:44,Nübe Centro,Domicilio,Americano,1,5000,Tarjeta,
3384,2026-08-27,18:44,Nübe Centro,Domicilio,Tinto,1,3000,Tarjeta,
3385,2026-08-27,06:09,Nübe Centro,Mostrador,Capuchino,1,8500,Nequi,
3386,2026-08-27,09:15,Nübe Centro,Mostrador,Croissant,1,6000,Nequi,
3386,2026-08-27,09:15,Nübe Centro,Mostrador,Croissant de almendras,1,8000,Nequi,
3386,2026-08-27,09:15,Nübe Centro,Mostrador,Tinto,1,3000,Nequi,
3387,2026-08-27,08:46,Nübe Centro,Domicilio,Capuchino,2,8500,Nequi,
3387,2026-08-27,08:46,Nübe Centro,Domicilio,Latte,1,9000,Sin dato,
3387,2026-08-27,08:46,Nübe Centro,Domicilio,Tinto,1,3000,Nequi,
3388,2026-08-27,08:10,Nübe Centro,Mostrador,Tinto,1,3000,Efectivo,
3389,2026-08-27,11:21,Nübe Centro,Mostrador,Latte,1,9000,Sin dato,
3390,2026-08-27,09:28,Nübe Centro,Mostrador,Frappé de café,1,11000,Efectivo,
3391,2026-08-27,17:34,Nübe Centro,Mostrador,Latte,2,9000,Tarjeta,C172
3392,2026-08-27,11:11,Nübe Centro,Mostrador,Capuchino,3,8500,Nequi,
3393,2026-08-27,08:24,Nübe Centro,Mostrador,Americano,1,5000,Tarjeta,C061
3393,2026-08-27,08:24,Nübe Centro,Mostrador,Capuchino,1,8500,Tarjeta,C061
3393,2026-08-27,08:24,Nübe Centro,Mostrador,Tinto,1,3000,Tarjeta,C061
3394,2026-08-27,13:20,Nübe Centro,Mostrador,Latte,1,9000,Nequi,
3395,2026-08-27,11:39,Nübe Altico,Domicilio,Capuchino,1,8500,Nequi,
3396,2026-08-27,09:50,Nübe Altico,Mostrador,Croissant,2,6000,Tarjeta,C149
3397,2026-08-27,15:28,Nübe Altico,Mostrador,Latte,1,9000,Efectivo,
3398,2026-08-27,14:24,Nübe Altico,Mostrador,Tinto,1,3000,Tarjeta,
3399,2026-08-27,06:06,Nübe Altico,Mostrador,Croissant,1,6000,Tarjeta,
3400,2026-08-27,07:03,Nübe Altico,Mostrador,Americano,1,5000,Tarjeta,C135
3401,2026-08-27,08:10,Nübe Altico,Mostrador,Tinto,1,3000,Tarjeta,C062
3402,2026-08-27,11:13,Nübe Altico,Mostrador,Capuchino,1,8500,Tarjeta,
3403,2026-08-27,08:02,Nübe Altico,Mostrador,Tinto,1,3000,Nequi,
3404,2026-08-27,18:38,Nübe Altico,Mostrador,Americano,1,5000,Nequi,C082
3404,2026-08-27,18:38,Nübe Altico,Mostrador,Croissant,1,6000,Nequi,C082
3405,2026-08-27,10:36,Nübe Altico,Mostrador,Chocolate caliente,1,7500,Tarjeta,
3406,2026-08-27,07:53,Nübe Altico,Mostrador,Capuchino,1,8500,Efectivo,
3406,2026-08-27,07:53,Nübe Altico,Mostrador,Latte,1,9000,Efectivo,
3407,2026-08-27,07:39,Nübe Altico,Mostrador,Croissant,1,6000,Tarjeta,C201
3407,2026-08-27,07:39,Nübe Altico,Mostrador,Tinto,2,3000,Tarjeta,C201
3408,2026-08-27,10:29,Nübe Altico,Mostrador,Americano,2,5000,Nequi,
3408,2026-08-27,10:29,Nübe Altico,Mostrador,Croissant,1,6000,Nequi,
3408,2026-08-27,10:29,Nübe Altico,Mostrador,Latte,1,9000,Nequi,
3409,2026-08-27,19:03,Nübe Altico,Mostrador,Capuchino,2,8500,Nequi,C128
3409,2026-08-27,19:03,Nübe Altico,Mostrador,Tinto,1,3000,Nequi,C128
3410,2026-08-27,20:54,Nübe Altico,Mostrador,Croissant de almendras,1,8000,Tarjeta,
3411,2026-08-27,07:07,Nübe Altico,Domicilio,Frappé de café,1,11000,Nequi,
3412,2026-08-27,11:49,Nübe Altico,Mostrador,Latte,1,9000,Nequi,
3413,2026-08-27,11:41,Nübe Altico,Mostrador,Americano,1,5000,Nequi,C139
3413,2026-08-27,11:41,Nübe Altico,Mostrador,Croissant,1,6000,Nequi,C139
3413,2026-08-27,11:41,Nübe Altico,Mostrador,Tinto,1,3000,Nequi,C139
3414,2026-08-27,17:41,Nübe Altico,Mostrador,Americano,1,5000,Nequi,
3414,2026-08-27,17:41,Nübe Altico,Mostrador,Capuchino,1,8500,Nequi,
3414,2026-08-27,17:41,Nübe Altico,Mostrador,Frappé de café,1,11000,Nequi,
3415,2026-08-27,17:59,Nübe Altico,Mostrador,Capuchino,1,8500,Efectivo,
3416,2026-08-27,15:54,Nübe Altico,Mostrador,Latte,1,9000,Nequi,C094
3417,2026-08-27,12:00,Nübe Altico,Domicilio,Tinto,1,3000,Efectivo,
3418,2026-08-27,16:55,Nübe Altico,Mostrador,Chocolate caliente,2,7500,Nequi,
3419,2026-08-27,16:55,Nübe Altico,Mostrador,Latte,3,9000,Tarjeta,
3420,2026-08-27,07:00,Nübe Altico,Mostrador,Chocolate caliente,3,7500,Tarjeta,C139
3421,2026-08-27,17:45,Nübe Altico,Mostrador,Croissant de almendras,1,8000,Nequi,
3422,2026-08-27,08:09,Nübe Altico,Mostrador,Latte,1,9000,Efectivo,
3423,2026-08-27,08:28,Nübe Altico,Mostrador,Capuchino,3,8500,Tarjeta,
3424,2026-08-27,17:03,Nübe Altico,Mostrador,Croissant,1,6000,Tarjeta,
3424,2026-08-27,17:03,Nübe Altico,Mostrador,Tinto,3,3000,Tarjeta,
3425,2026-08-27,15:24,Nübe Altico,Mostrador,Capuchino,1,8500,Efectivo,
3425,2026-08-27,15:24,Nübe Altico,Mostrador,Frappé de café,1,11000,Efectivo,
3426,2026-08-27,09:11,Nübe Altico,Mostrador,Americano,1,5000,Nequi,
3426,2026-08-27,09:11,Nübe Altico,Mostrador,Capuchino,2,8500,Nequi,
3426,2026-08-27,09:11,Nübe Altico,Mostrador,Latte,1,9000,Nequi,
3427,2026-08-27,08:45,Nübe Altico,Mostrador,Americano,1,5000,Nequi,C200
3428,2026-08-27,08:06,Nübe Altico,Mostrador,Americano,1,5000,Nequi,
3429,2026-08-27,18:42,Nübe Altico,Mostrador,Capuchino,1,8500,Nequi,C047
3430,2026-08-27,11:15,Nübe Altico,Mostrador,Frappé de café,1,11000,Tarjeta,C287
3431,2026-08-27,08:50,Nübe Altico,Mostrador,Croissant de almendras,1,8000,Tarjeta,
3431,2026-08-27,08:50,Nübe Altico,Mostrador,Tinto,2,3000,Tarjeta,
3432,2026-08-27,15:35,Nübe Altico,Mostrador,Croissant,1,6000,Efectivo,C073
3433,2026-08-27,13:25,Nübe Altico,Mostrador,Croissant de almendras,1,8000,Tarjeta,
3434,2026-08-27,07:16,Nübe Altico,Mostrador,Capuchino,1,8500,Efectivo,C215
3434,2026-08-27,07:16,Nübe Altico,Mostrador,Croissant de almendras,1,8000,Efectivo,C215
3434,2026-08-27,07:16,Nübe Altico,Mostrador,Frappé de café,1,11000,Efectivo,C215
3435,2026-08-27,17:43,Nübe Altico,Mostrador,Latte,1,9000,Tarjeta,
3436,2026-08-27,08:07,Nübe Altico,Mostrador,Capuchino,1,8500,Efectivo,
3437,2026-08-27,10:53,Nübe Altico,Mostrador,Croissant,1,6000,Nequi,C217
3438,2026-08-27,13:27,Nübe Altico,Domicilio,Croissant de almendras,1,8000,Efectivo,
3438,2026-08-27,13:27,Nübe Altico,Domicilio,Frappé de café,1,11000,Efectivo,
3438,2026-08-27,13:27,Nübe Altico,Domicilio,Tinto,1,3000,Efectivo,
3439,2026-08-27,16:08,Nübe Altico,Mostrador,Americano,1,5000,Efectivo,C206
3439,2026-08-27,16:08,Nübe Altico,Mostrador,Croissant,1,6000,Efectivo,C206
3439,2026-08-27,16:08,Nübe Altico,Mostrador,Latte,1,9000,Efectivo,C206
3440,2026-08-27,07:47,Nübe Altico,Mostrador,Croissant de almendras,2,8000,Tarjeta,C090
3440,2026-08-27,07:47,Nübe Altico,Mostrador,Tinto,1,3000,Tarjeta,C090
3441,2026-08-27,10:36,Nübe Altico,Mostrador,Croissant,2,6000,Nequi,C293
3441,2026-08-27,10:36,Nübe Altico,Mostrador,Latte,2,9000,Nequi,C293
3442,2026-08-27,11:23,Nübe Altico,Mostrador,Croissant,1,6000,Nequi,C078
3443,2026-08-27,14:43,Nübe Altico,Domicilio,Latte,1,9000,Nequi,
3444,2026-08-27,17:45,Nübe Altico,Mostrador,Americano,1,5000,Efectivo,C284
3445,2026-08-27,07:47,Nübe Altico,Mostrador,Croissant,1,6000,Nequi,C248
3445,2026-08-27,07:47,Nübe Altico,Mostrador,Latte,1,9000,Nequi,C248
3446,2026-08-27,16:17,Nübe Altico,Mostrador,Americano,1,5000,Nequi,C226
3446,2026-08-27,16:17,Nübe Altico,Mostrador,Croissant,2,6000,Nequi,C226
3447,2026-08-27,09:16,Nübe Altico,Domicilio,Croissant de almendras,1,8000,Nequi,
3448,2026-08-27,08:46,Nübe Altico,Mostrador,Croissant,1,6000,Nequi,
3448,2026-08-27,08:46,Nübe Altico,Mostrador,Latte,1,9000,Nequi,
3449,2026-08-27,07:48,Nübe Altico,Domicilio,Croissant,1,6000,Nequi,C101
3449,2026-08-27,07:48,Nübe Altico,Domicilio,Croissant de almendras,1,8000,Nequi,C101
3450,2026-08-27,13:10,Nübe Altico,Mostrador,Croissant de almendras,1,8000,Efectivo,C054
3451,2026-08-27,16:26,Nübe Altico,Mostrador,Capuchino,1,8500,Efectivo,C089
3452,2026-08-27,06:00,Nübe Altico,Mostrador,Capuchino,1,8500,Efectivo,C118
3452,2026-08-27,06:00,Nübe Altico,Mostrador,Croissant,1,6000,Sin dato,C118
3453,2026-08-27,10:58,Nübe Altico,Mostrador,Capuchino,1,8500,Nequi,
3454,2026-08-27,16:34,Nübe Altico,Mostrador,Americano,1,5000,Tarjeta,
3455,2026-08-27,14:40,Nübe Altico,Domicilio,Capuchino,1,8500,Nequi,
3456,2026-08-27,11:10,Nübe Altico,Mostrador,Croissant,1,6000,Tarjeta,C024
3456,2026-08-27,11:10,Nübe Altico,Mostrador,Latte,1,9000,Tarjeta,C024
3457,2026-08-27,10:04,Nübe Altico,Mostrador,Croissant,1,6000,Sin dato,
3457,2026-08-27,10:04,Nübe Altico,Mostrador,Croissant de almendras,2,8000,Nequi,
3458,2026-08-28,18:04,Nübe Centro,Domicilio,Americano,1,5000,Efectivo,
3458,2026-08-28,18:04,Nübe Centro,Domicilio,Latte,1,9000,Efectivo,
3458,2026-08-28,18:04,Nübe Centro,Domicilio,Tinto,1,3000,Efectivo,
3459,2026-08-28,11:13,Nübe Centro,Mostrador,Chocolate caliente,1,7500,Tarjeta,
3459,2026-08-28,11:13,Nübe Centro,Mostrador,Croissant de almendras,1,8000,Tarjeta,
3460,2026-08-28,08:43,Nübe Centro,Domicilio,Capuchino,1,8500,Efectivo,C217
3460,2026-08-28,08:43,Nübe Centro,Domicilio,Latte,2,9000,Efectivo,C217
3461,2026-08-28,08:31,Nübe Centro,Domicilio,Croissant de almendras,1,8000,Nequi,
3461,2026-08-28,08:31,Nübe Centro,Domicilio,Latte,1,9000,Nequi,
3462,2026-08-28,07:10,Nübe Centro,Mostrador,Croissant de almendras,1,8000,Tarjeta,C002
3463,2026-08-28,10:16,Nübe Centro,Mostrador,Croissant de almendras,1,8000,Efectivo,C298
3464,2026-08-28,16:32,Nübe Centro,Mostrador,Croissant,1,6000,Sin dato,
3464,2026-08-28,16:32,Nübe Centro,Mostrador,Tinto,1,3000,Nequi,
3465,2026-08-28,16:00,Nübe Centro,Mostrador,Croissant,2,6000,Nequi,
3465,2026-08-28,16:00,Nübe Centro,Mostrador,Tinto,1,3000,Nequi,
3466,2026-08-28,07:45,Nübe Centro,Mostrador,Americano,1,5000,Tarjeta,C113
3466,2026-08-28,07:45,Nübe Centro,Mostrador,Latte,1,9000,Tarjeta,C113
3466,2026-08-28,07:45,Nübe Centro,Mostrador,Tinto,1,3000,Tarjeta,C113
3467,2026-08-28,09:17,Nübe Centro,Domicilio,Tinto,1,3000,Efectivo,C046
3468,2026-08-28,19:21,Nübe Centro,Domicilio,Capuchino,1,8500,Nequi,
3468,2026-08-28,19:21,Nübe Centro,Domicilio,Croissant,1,6000,Nequi,
3469,2026-08-28,10:13,Nübe Centro,Mostrador,Americano,1,5000,Nequi,C222
3469,2026-08-28,10:13,Nübe Centro,Mostrador,Capuchino,2,8500,Nequi,C222
3470,2026-08-28,18:08,Nübe Centro,Mostrador,Americano,1,5000,Tarjeta,C208
3470,2026-08-28,18:08,Nübe Centro,Mostrador,Frappé de café,1,11000,Tarjeta,C208
3471,2026-08-28,06:12,Nübe Centro,Mostrador,Croissant de almendras,1,8000,Tarjeta,
3471,2026-08-28,06:12,Nübe Centro,Mostrador,Tinto,1,3000,Tarjeta,
3472,2026-08-28,12:40,Nübe Centro,Mostrador,Latte,3,9000,Efectivo,
3473,2026-08-28,16:31,Nübe Centro,Mostrador,Capuchino,1,8500,Tarjeta,C115
3474,2026-08-28,06:17,Nübe Centro,Mostrador,Capuchino,1,8500,Tarjeta,C257
3474,2026-08-28,06:17,Nübe Centro,Mostrador,Croissant,1,6000,Tarjeta,C257
3474,2026-08-28,06:17,Nübe Centro,Mostrador,Tinto,1,3000,Tarjeta,C257
3475,2026-08-28,17:02,Nübe Centro,Domicilio,Capuchino,3,8500,Tarjeta,C199
3476,2026-08-28,10:22,Nübe Centro,Mostrador,Americano,1,5000,Nequi,
3476,2026-08-28,10:22,Nübe Centro,Mostrador,Tinto,1,3000,Nequi,
3477,2026-08-28,16:15,Nübe Centro,Mostrador,Frappé de café,1,11000,Nequi,
3478,2026-08-28,13:35,Nübe Centro,Domicilio,Latte,1,9000,Tarjeta,
3479,2026-08-28,13:46,Nübe Centro,Mostrador,Capuchino,1,8500,Efectivo,
3479,2026-08-28,13:46,Nübe Centro,Mostrador,Croissant de almendras,1,8000,Efectivo,
3480,2026-08-28,11:29,Nübe Centro,Mostrador,Americano,1,5000,Nequi,
3481,2026-08-28,10:48,Nübe Centro,Mostrador,Capuchino,1,8500,Tarjeta,
3482,2026-08-28,08:02,Nübe Centro,Mostrador,Latte,2,9000,Tarjeta,C074
3483,2026-08-28,08:02,Nübe Centro,Mostrador,Croissant,2,6000,Nequi,
3484,2026-08-28,16:35,Nübe Centro,Mostrador,Croissant de almendras,2,8000,Tarjeta,C004
3484,2026-08-28,16:35,Nübe Centro,Mostrador,Tinto,2,3000,Tarjeta,C004
3485,2026-08-28,10:31,Nübe Centro,Mostrador,Capuchino,1,8500,Tarjeta,C035
3486,2026-08-28,16:05,Nübe Centro,Mostrador,Tinto,1,3000,Nequi,C203
3487,2026-08-28,08:15,Nübe Centro,Mostrador,Frappé de café,1,11000,Efectivo,
3488,2026-08-28,08:03,Nübe Centro,Mostrador,Croissant,1,6000,Efectivo,C061
3489,2026-08-28,10:00,Nübe Centro,Mostrador,Frappé de café,1,11000,Tarjeta,
3489,2026-08-28,10:00,Nübe Centro,Mostrador,Tinto,1,3000,Tarjeta,
3490,2026-08-28,15:18,Nübe Centro,Mostrador,Americano,1,5000,Nequi,C299
3490,2026-08-28,15:18,Nübe Centro,Mostrador,Capuchino,3,8500,Nequi,C299
3490,2026-08-28,15:18,Nübe Centro,Mostrador,Latte,1,9000,Nequi,C299
3491,2026-08-28,09:16,Nübe Centro,Mostrador,Croissant,1,6000,Efectivo,C174
3491,2026-08-28,09:16,Nübe Centro,Mostrador,Frappé de café,1,11000,Efectivo,C174
3492,2026-08-28,17:02,Nübe Centro,Domicilio,Capuchino,3,8500,Efectivo,C172
3492,2026-08-28,17:02,Nübe Centro,Domicilio,Tinto,1,3000,Efectivo,C172
3493,2026-08-28,07:28,Nübe Centro,Mostrador,Croissant,1,6000,Nequi,
3494,2026-08-28,16:15,Nübe Centro,Mostrador,Croissant de almendras,1,8000,Efectivo,
3495,2026-08-28,10:31,Nübe Centro,Mostrador,Croissant,2,6000,Efectivo,C129
3496,2026-08-28,10:58,Nübe Centro,Mostrador,Americano,3,5000,Efectivo,C102
3497,2026-08-28,16:52,Nübe Centro,Domicilio,Americano,1,5000,Efectivo,
3497,2026-08-28,16:52,Nübe Centro,Domicilio,Capuchino,1,8500,Efectivo,
3498,2026-08-28,16:08,Nübe Centro,Mostrador,Chocolate caliente,1,7500,Nequi,C289
3498,2026-08-28,16:08,Nübe Centro,Mostrador,Croissant,2,6000,Nequi,C289
3499,2026-08-28,18:33,Nübe Centro,Domicilio,Americano,1,5000,Nequi,
3499,2026-08-28,18:33,Nübe Centro,Domicilio,Latte,1,9000,Nequi,
3500,2026-08-28,16:12,Nübe Centro,Mostrador,Capuchino,1,8500,Tarjeta,
3500,2026-08-28,16:12,Nübe Centro,Mostrador,Tinto,2,3000,Tarjeta,
3501,2026-08-28,10:51,Nübe Centro,Mostrador,Americano,1,5000,Efectivo,
3501,2026-08-28,10:51,Nübe Centro,Mostrador,Croissant,1,6000,Efectivo,
3502,2026-08-28,09:16,Nübe Centro,Mostrador,Capuchino,1,8500,Tarjeta,
3503,2026-08-28,11:30,Nübe Centro,Mostrador,Americano,1,5000,Nequi,C024
3504,2026-08-28,14:14,Nübe Centro,Mostrador,Frappé de café,1,11000,Efectivo,
3505,2026-08-28,08:45,Nübe Centro,Mostrador,Capuchino,1,8500,Nequi,
3506,2026-08-28,12:07,Nübe Centro,Mostrador,Croissant,3,6000,Efectivo,C271
3506,2026-08-28,12:07,Nübe Centro,Mostrador,Latte,2,9000,Efectivo,C271
3507,2026-08-28,08:51,Nübe Centro,Mostrador,Frappé de café,1,11000,Tarjeta,
3508,2026-08-28,12:56,Nübe Centro,Mostrador,Americano,1,5000,Nequi,C235
3509,2026-08-28,07:34,Nübe Centro,Mostrador,Tinto,1,3000,Efectivo,
3510,2026-08-28,13:27,Nübe Centro,Domicilio,Capuchino,1,8500,Efectivo,
3510,2026-08-28,13:27,Nübe Centro,Domicilio,Croissant,1,6000,Efectivo,
3511,2026-08-28,11:15,Nübe Centro,Mostrador,Chocolate caliente,1,7500,Nequi,
3512,2026-08-28,07:27,Nübe Centro,Mostrador,Tinto,1,3000,Tarjeta,
3513,2026-08-28,10:08,Nübe Centro,Mostrador,Croissant de almendras,1,8000,Efectivo,
3513,2026-08-28,10:08,Nübe Centro,Mostrador,Tinto,1,3000,Efectivo,
3514,2026-08-28,11:35,Nübe Centro,Mostrador,Capuchino,1,8500,Tarjeta,
3514,2026-08-28,11:35,Nübe Centro,Mostrador,Croissant,2,6000,Tarjeta,
3514,2026-08-28,11:35,Nübe Centro,Mostrador,Croissant de almendras,1,8000,Tarjeta,
3515,2026-08-28,18:21,Nübe Centro,Mostrador,Capuchino,2,8500,Tarjeta,C237
3515,2026-08-28,18:21,Nübe Centro,Mostrador,Latte,1,9000,Tarjeta,C237
3516,2026-08-28,10:20,Nübe Centro,Domicilio,Tinto,2,3000,Tarjeta,C219
3517,2026-08-28,07:47,Nübe Centro,Mostrador,Tinto,2,3000,Nequi,C146
3518,2026-08-28,07:18,Nübe Centro,Domicilio,Croissant,1,6000,Tarjeta,C189
3518,2026-08-28,07:18,Nübe Centro,Domicilio,Tinto,1,3000,Tarjeta,C189
3519,2026-08-28,16:07,Nübe Centro,Mostrador,Latte,1,9000,Tarjeta,C220
3520,2026-08-28,10:32,Nübe Centro,Mostrador,Croissant,1,6000,Tarjeta,
3521,2026-08-28,13:24,Nübe Centro,Mostrador,Croissant de almendras,1,8000,Efectivo,
3521,2026-08-28,13:24,Nübe Centro,Mostrador,Tinto,1,3000,Efectivo,
3522,2026-08-28,10:29,Nübe Centro,Mostrador,Tinto,1,3000,Nequi,C149
3523,2026-08-28,20:41,Nübe Centro,Mostrador,Croissant,1,6000,Nequi,C047
3524,2026-08-28,07:21,Nübe Centro,Mostrador,Frappé de café,1,11000,Nequi,C014
3524,2026-08-28,07:21,Nübe Centro,Mostrador,Latte,1,9000,Nequi,C014
3524,2026-08-28,07:21,Nübe Centro,Mostrador,Tinto,1,3000,Nequi,C014
3525,2026-08-28,07:33,Nübe Centro,Domicilio,Capuchino,1,8500,Nequi,
3525,2026-08-28,07:33,Nübe Centro,Domicilio,Tinto,1,3000,Nequi,
3526,2026-08-28,16:29,Nübe Centro,Mostrador,Croissant,1,6000,Tarjeta,C163
3527,2026-08-28,07:58,Nübe Centro,Mostrador,Americano,1,5000,Tarjeta,
3527,2026-08-28,07:58,Nübe Centro,Mostrador,Latte,1,9000,Tarjeta,
3527,2026-08-28,07:58,Nübe Centro,Mostrador,Tinto,3,3000,Tarjeta,
3528,2026-08-28,09:16,Nübe Centro,Domicilio,Capuchino,1,8500,Sin dato,
3528,2026-08-28,09:16,Nübe Centro,Domicilio,Croissant,1,6000,Efectivo,
3528,2026-08-28,09:16,Nübe Centro,Domicilio,Latte,1,9000,Efectivo,
3529,2026-08-28,11:47,Nübe Centro,Mostrador,Latte,1,9000,Efectivo,C038
3530,2026-08-28,18:32,Nübe Centro,Mostrador,Americano,1,5000,Tarjeta,
3530,2026-08-28,18:32,Nübe Centro,Mostrador,Tinto,1,3000,Tarjeta,
3531,2026-08-28,08:08,Nübe Centro,Mostrador,Capuchino,2,8500,Tarjeta,
3532,2026-08-28,20:46,Nübe Centro,Mostrador,Chocolate caliente,1,7500,Tarjeta,
3533,2026-08-28,10:01,Nübe Centro,Mostrador,Croissant,1,6000,Nequi,C241
3534,2026-08-28,12:52,Nübe Altico,Mostrador,Frappé de café,1,11000,Tarjeta,C097
3535,2026-08-28,08:57,Nübe Altico,Mostrador,Americano,1,5000,Efectivo,
3536,2026-08-28,17:12,Nübe Altico,Mostrador,Croissant de almendras,3,8000,Sin dato,C106
3536,2026-08-28,17:12,Nübe Altico,Mostrador,Tinto,1,3000,Efectivo,C106
3537,2026-08-28,07:25,Nübe Altico,Mostrador,Croissant,1,6000,Nequi,
3538,2026-08-28,13:20,Nübe Altico,Mostrador,Americano,1,5000,Efectivo,C001
3539,2026-08-28,17:38,Nübe Altico,Mostrador,Latte,2,9000,Tarjeta,
3540,2026-08-28,13:36,Nübe Altico,Mostrador,Capuchino,1,8500,Efectivo,
3540,2026-08-28,13:36,Nübe Altico,Mostrador,Chocolate caliente,1,7500,Efectivo,
3540,2026-08-28,13:36,Nübe Altico,Mostrador,Latte,2,9000,Efectivo,
3541,2026-08-28,09:05,Nübe Altico,Domicilio,Croissant,2,6000,Efectivo,C200
3542,2026-08-28,08:35,Nübe Altico,Mostrador,Americano,1,5000,Efectivo,
3542,2026-08-28,08:35,Nübe Altico,Mostrador,Croissant,1,6000,Efectivo,
3543,2026-08-28,15:21,Nübe Altico,Mostrador,Latte,1,9000,Nequi,
3544,2026-08-28,15:46,Nübe Altico,Domicilio,Croissant,1,6000,Tarjeta,
3545,2026-08-28,09:30,Nübe Altico,Mostrador,Croissant de almendras,1,8000,Sin dato,
3546,2026-08-28,15:46,Nübe Altico,Mostrador,Frappé de café,1,11000,Tarjeta,C050
3546,2026-08-28,15:46,Nübe Altico,Mostrador,Latte,2,9000,Tarjeta,C050
3547,2026-08-28,09:20,Nübe Altico,Mostrador,Tinto,1,3000,Nequi,
3548,2026-08-28,09:43,Nübe Altico,Mostrador,Americano,1,5000,Efectivo,
3549,2026-08-28,09:18,Nübe Altico,Domicilio,Tinto,1,3000,Efectivo,C060
3550,2026-08-28,14:14,Nübe Altico,Mostrador,Frappé de café,1,11000,Tarjeta,
3551,2026-08-28,19:33,Nübe Altico,Mostrador,Capuchino,2,8500,Tarjeta,
3552,2026-08-28,09:42,Nübe Altico,Mostrador,Croissant,1,6000,Nequi,
3552,2026-08-28,09:42,Nübe Altico,Mostrador,Croissant de almendras,1,8000,Nequi,
3553,2026-08-28,08:41,Nübe Altico,Mostrador,Chocolate caliente,1,7500,Efectivo,
3553,2026-08-28,08:41,Nübe Altico,Mostrador,Latte,1,9000,Efectivo,
3554,2026-08-28,16:26,Nübe Altico,Mostrador,Tinto,2,3000,Nequi,
3555,2026-08-28,10:18,Nübe Altico,Mostrador,Americano,2,5000,Efectivo,
3556,2026-08-28,17:29,Nübe Altico,Mostrador,Croissant de almendras,1,8000,Tarjeta,C182
3557,2026-08-28,17:48,Nübe Altico,Mostrador,Capuchino,1,8500,Tarjeta,C002
3557,2026-08-28,17:48,Nübe Altico,Mostrador,Croissant,1,6000,Tarjeta,C002
3558,2026-08-28,18:36,Nübe Altico,Mostrador,Capuchino,1,8500,Efectivo,
3558,2026-08-28,18:36,Nübe Altico,Mostrador,Tinto,1,3000,Efectivo,
3559,2026-08-28,08:48,Nübe Altico,Mostrador,Croissant,1,6000,Tarjeta,
3559,2026-08-28,08:48,Nübe Altico,Mostrador,Tinto,1,3000,Tarjeta,
3560,2026-08-28,09:24,Nübe Altico,Mostrador,Croissant,1,6000,Nequi,
3561,2026-08-28,08:42,Nübe Altico,Mostrador,Latte,1,9000,Efectivo,
3562,2026-08-28,10:17,Nübe Altico,Mostrador,Capuchino,1,8500,Nequi,C092
3563,2026-08-28,16:38,Nübe Altico,Domicilio,Latte,3,9000,Tarjeta,C102
3564,2026-08-28,06:59,Nübe Altico,Mostrador,Croissant,1,6000,Efectivo,C241
3565,2026-08-28,19:14,Nübe Altico,Mostrador,Latte,1,9000,Tarjeta,C181
3566,2026-08-28,15:43,Nübe Altico,Domicilio,Croissant,1,6000,Tarjeta,
3567,2026-08-28,09:52,Nübe Altico,Mostrador,Americano,1,5000,Efectivo,
3567,2026-08-28,09:52,Nübe Altico,Mostrador,Tinto,1,3000,Efectivo,
3568,2026-08-28,07:15,Nübe Altico,Mostrador,Americano,1,5000,Efectivo,
3568,2026-08-28,07:15,Nübe Altico,Mostrador,Latte,3,9000,Efectivo,
3569,2026-08-28,19:35,Nübe Altico,Mostrador,Chocolate caliente,1,7500,Nequi,C239
3570,2026-08-28,09:35,Nübe Altico,Domicilio,Americano,1,5000,Efectivo,
3571,2026-08-28,09:16,Nübe Altico,Domicilio,Capuchino,2,8500,Nequi,
3571,2026-08-28,09:16,Nübe Altico,Domicilio,Frappé de café,1,11000,Nequi,
3572,2026-08-28,10:56,Nübe Altico,Domicilio,Croissant,1,6000,Nequi,C087
3573,2026-08-28,18:38,Nübe Altico,Mostrador,Americano,2,5000,Nequi,
3573,2026-08-28,18:38,Nübe Altico,Mostrador,Frappé de café,2,11000,Nequi,
3574,2026-08-28,13:45,Nübe Altico,Mostrador,Frappé de café,1,11000,Tarjeta,
3574,2026-08-28,13:45,Nübe Altico,Mostrador,Latte,1,9000,Tarjeta,
3575,2026-08-28,19:32,Nübe Altico,Mostrador,Americano,2,5000,Nequi,
3575,2026-08-28,19:32,Nübe Altico,Mostrador,Croissant,1,6000,Nequi,
3575,2026-08-28,19:32,Nübe Altico,Mostrador,Frappé de café,1,11000,Nequi,
3576,2026-08-28,10:56,Nübe Altico,Mostrador,Croissant,1,6000,Nequi,C178
3576,2026-08-28,10:56,Nübe Altico,Mostrador,Latte,1,9000,Nequi,C178
3577,2026-08-28,08:39,Nübe Altico,Mostrador,Croissant de almendras,1,8000,Nequi,
3579,2026-08-28,16:10,Nübe Altico,Mostrador,Croissant de almendras,1,8000,Nequi,
3580,2026-08-28,07:59,Nübe Altico,Domicilio,Capuchino,1,8500,Nequi,C204
3580,2026-08-28,07:59,Nübe Altico,Domicilio,Croissant de almendras,1,8000,Nequi,C204
3580,2026-08-28,07:59,Nübe Altico,Domicilio,Latte,1,9000,Nequi,C204
3581,2026-08-28,18:07,Nübe Altico,Mostrador,Latte,1,9000,Efectivo,
3582,2026-08-28,07:07,Nübe Altico,Mostrador,Chocolate caliente,1,7500,Efectivo,
3582,2026-08-28,07:07,Nübe Altico,Mostrador,Croissant de almendras,1,8000,Efectivo,
3583,2026-08-28,17:44,Nübe Altico,Mostrador,Capuchino,1,8500,Tarjeta,C080
3584,2026-08-28,17:20,Nübe Altico,Domicilio,Americano,1,5000,Nequi,C046
3584,2026-08-28,17:20,Nübe Altico,Domicilio,Tinto,1,3000,Nequi,C046
3585,2026-08-28,09:32,Nübe Altico,Mostrador,Croissant,1,6000,Nequi,C193
3586,2026-08-28,15:06,Nübe Altico,Mostrador,Chocolate caliente,1,7500,Nequi,C206
3587,2026-08-28,19:12,Nübe Altico,Mostrador,Capuchino,2,8500,Nequi,C097
3587,2026-08-28,19:12,Nübe Altico,Mostrador,Croissant de almendras,1,8000,Nequi,C097
3587,2026-08-28,19:12,Nübe Altico,Mostrador,Tinto,1,3000,Nequi,C097
3588,2026-08-28,07:33,Nübe Altico,Mostrador,Croissant,1,6000,Efectivo,C132
3589,2026-08-28,10:28,Nübe Altico,Mostrador,Latte,2,9000,Efectivo,
3590,2026-08-28,11:14,Nübe Altico,Mostrador,Chocolate caliente,1,7500,Efectivo,
3591,2026-08-28,11:58,Nübe Altico,Mostrador,Americano,3,5000,Nequi,C059
3591,2026-08-28,11:58,Nübe Altico,Mostrador,Capuchino,1,8500,Nequi,C059
3592,2026-08-28,13:33,Nübe Altico,Mostrador,Latte,1,9000,Tarjeta,
3593,2026-08-28,08:41,Nübe Altico,Domicilio,Americano,2,5000,Nequi,
3593,2026-08-28,08:41,Nübe Altico,Domicilio,Capuchino,1,8500,Nequi,
3594,2026-08-28,09:33,Nübe Altico,Mostrador,Tinto,1,3000,Efectivo,C171
3595,2026-08-28,07:19,Nübe Altico,Mostrador,Chocolate caliente,1,7500,Efectivo,
3595,2026-08-28,07:19,Nübe Altico,Mostrador,Tinto,1,3000,Efectivo,
3596,2026-08-28,13:41,Nübe Altico,Domicilio,Capuchino,1,8500,Tarjeta,
3597,2026-08-28,15:50,Nübe Altico,Domicilio,Croissant,1,6000,Nequi,C216
3598,2026-08-28,16:41,Nübe Altico,Mostrador,Frappé de café,1,11000,Nequi,C069
3598,2026-08-28,16:41,Nübe Altico,Mostrador,Latte,3,9000,Nequi,C069
3599,2026-08-29,15:39,Nübe Centro,Mostrador,Croissant de almendras,1,8000,Nequi,C160
3599,2026-08-29,15:39,Nübe Centro,Mostrador,Tinto,1,3000,Nequi,C160
3600,2026-08-29,07:35,Nübe Centro,Mostrador,Tinto,2,3000,Tarjeta,C115
3601,2026-08-29,08:34,Nübe Centro,Mostrador,Americano,1,5000,Sin dato,C193
3601,2026-08-29,08:34,Nübe Centro,Mostrador,Croissant,1,6000,Tarjeta,C193
3602,2026-08-29,16:31,Nübe Centro,Mostrador,Frappé de café,1,11000,Nequi,C035
3603,2026-08-29,07:06,Nübe Centro,Mostrador,Chocolate caliente,1,7500,Tarjeta,
3603,2026-08-29,07:06,Nübe Centro,Mostrador,Tinto,1,3000,Tarjeta,
3604,2026-08-29,12:56,Nübe Centro,Mostrador,Frappé de café,1,11000,Efectivo,
3604,2026-08-29,12:56,Nübe Centro,Mostrador,Tinto,2,3000,Efectivo,
3605,2026-08-29,11:45,Nübe Centro,Mostrador,Chocolate caliente,1,7500,Efectivo,
3605,2026-08-29,11:45,Nübe Centro,Mostrador,Latte,1,9000,Efectivo,
3606,2026-08-29,09:48,Nübe Centro,Domicilio,Americano,1,5000,Efectivo,
3607,2026-08-29,18:30,Nübe Centro,Mostrador,Croissant de almendras,1,8000,Efectivo,
3608,2026-08-29,11:52,Nübe Centro,Mostrador,Croissant,1,6000,Tarjeta,
3608,2026-08-29,11:52,Nübe Centro,Mostrador,Frappé de café,1,11000,Tarjeta,
3609,2026-08-29,12:11,Nübe Centro,Mostrador,Frappé de café,1,11000,Nequi,
3610,2026-08-29,14:11,Nübe Centro,Mostrador,Capuchino,1,8500,Nequi,
3610,2026-08-29,14:11,Nübe Centro,Mostrador,Tinto,1,3000,Nequi,
3611,2026-08-29,07:07,Nübe Centro,Mostrador,Croissant,2,6000,Efectivo,
3611,2026-08-29,07:07,Nübe Centro,Mostrador,Latte,1,9000,Efectivo,
3611,2026-08-29,07:07,Nübe Centro,Mostrador,Tinto,1,3000,Efectivo,
3612,2026-08-29,08:15,Nübe Centro,Mostrador,Americano,1,5000,Efectivo,
3613,2026-08-29,16:21,Nübe Centro,Mostrador,Croissant,1,6000,Nequi,
3613,2026-08-29,16:21,Nübe Centro,Mostrador,Latte,2,9000,Nequi,
3614,2026-08-29,15:10,Nübe Centro,Mostrador,Latte,1,9000,Nequi,
3615,2026-08-29,15:45,Nübe Centro,Mostrador,Croissant,1,6000,Efectivo,
3615,2026-08-29,15:45,Nübe Centro,Mostrador,Latte,1,9000,Sin dato,
3616,2026-08-29,09:48,Nübe Centro,Domicilio,Croissant,1,6000,Efectivo,C190
3616,2026-08-29,09:48,Nübe Centro,Domicilio,Croissant de almendras,1,8000,Efectivo,C190
3617,2026-08-29,13:02,Nübe Centro,Mostrador,Capuchino,1,8500,Tarjeta,
3617,2026-08-29,13:02,Nübe Centro,Mostrador,Croissant de almendras,1,8000,Tarjeta,
3617,2026-08-29,13:02,Nübe Centro,Mostrador,Tinto,1,3000,Tarjeta,
3618,2026-08-29,10:06,Nübe Centro,Mostrador,Croissant,3,6000,Tarjeta,
3618,2026-08-29,10:06,Nübe Centro,Mostrador,Tinto,1,3000,Tarjeta,
3619,2026-08-29,15:07,Nübe Centro,Mostrador,Capuchino,1,8500,Efectivo,
3619,2026-08-29,15:07,Nübe Centro,Mostrador,Croissant de almendras,2,8000,Efectivo,
3619,2026-08-29,15:07,Nübe Centro,Mostrador,Latte,1,9000,Efectivo,
3620,2026-08-29,16:42,Nübe Centro,Mostrador,Tinto,1,3000,Nequi,
3621,2026-08-29,08:27,Nübe Centro,Mostrador,Americano,1,5000,Efectivo,
3622,2026-08-29,18:38,Nübe Centro,Mostrador,Latte,2,9000,Nequi,
3623,2026-08-29,08:06,Nübe Centro,Mostrador,Chocolate caliente,1,7500,Tarjeta,C016
3624,2026-08-29,08:07,Nübe Centro,Mostrador,Croissant,1,6000,Tarjeta,C125
3625,2026-08-29,16:06,Nübe Centro,Mostrador,Capuchino,2,8500,Tarjeta,
3626,2026-08-29,17:19,Nübe Centro,Mostrador,Tinto,1,3000,Efectivo,
3627,2026-08-29,11:18,Nübe Centro,Mostrador,Chocolate caliente,1,7500,Nequi,
3627,2026-08-29,11:18,Nübe Centro,Mostrador,Tinto,1,3000,Nequi,
3628,2026-08-29,09:58,Nübe Centro,Mostrador,Tinto,1,3000,Efectivo,
3629,2026-08-29,09:36,Nübe Centro,Mostrador,Capuchino,1,8500,Nequi,C101
3629,2026-08-29,09:36,Nübe Centro,Mostrador,Frappé de café,1,11000,Nequi,C101
3630,2026-08-29,15:13,Nübe Centro,Domicilio,Capuchino,1,8500,Efectivo,
3631,2026-08-29,10:45,Nübe Centro,Mostrador,Capuchino,1,8500,Efectivo,
3631,2026-08-29,10:45,Nübe Centro,Mostrador,Croissant de almendras,1,8000,Efectivo,
3631,2026-08-29,10:45,Nübe Centro,Mostrador,Tinto,1,3000,Efectivo,
3632,2026-08-29,18:56,Nübe Centro,Mostrador,Croissant,1,6000,Nequi,
3633,2026-08-29,15:29,Nübe Centro,Mostrador,Tinto,1,3000,Nequi,
3634,2026-08-29,10:28,Nübe Centro,Mostrador,Frappé de café,1,11000,Nequi,
3635,2026-08-29,13:24,Nübe Centro,Mostrador,Latte,1,9000,Nequi,
3636,2026-08-29,08:49,Nübe Centro,Mostrador,Capuchino,2,8500,Tarjeta,
3637,2026-08-29,11:04,Nübe Centro,Mostrador,Tinto,1,3000,Efectivo,
3638,2026-08-29,15:07,Nübe Centro,Mostrador,Americano,1,5000,Tarjeta,
3638,2026-08-29,15:07,Nübe Centro,Mostrador,Capuchino,1,8500,Tarjeta,
3638,2026-08-29,15:07,Nübe Centro,Mostrador,Tinto,1,3000,Tarjeta,
3639,2026-08-29,15:13,Nübe Centro,Domicilio,Chocolate caliente,1,7500,Nequi,
3640,2026-08-29,11:50,Nübe Centro,Mostrador,Croissant,1,6000,Nequi,
3641,2026-08-29,11:38,Nübe Centro,Mostrador,Americano,1,5000,Nequi,C114
3642,2026-08-29,12:11,Nübe Centro,Mostrador,Chocolate caliente,1,7500,Efectivo,C223
3642,2026-08-29,12:11,Nübe Centro,Mostrador,Croissant de almendras,1,8000,Efectivo,C223
3643,2026-08-29,10:01,Nübe Centro,Mostrador,Croissant,2,6000,Nequi,
3644,2026-08-29,10:00,Nübe Centro,Domicilio,Frappé de café,1,11000,Tarjeta,C189
3645,2026-08-29,14:51,Nübe Centro,Mostrador,Tinto,1,3000,Nequi,
3646,2026-08-29,09:43,Nübe Centro,Mostrador,Americano,1,5000,Nequi,
3646,2026-08-29,09:43,Nübe Centro,Mostrador,Capuchino,1,8500,Nequi,
3647,2026-08-29,12:37,Nübe Centro,Mostrador,Croissant,1,6000,Efectivo,
3648,2026-08-29,08:24,Nübe Centro,Mostrador,Americano,1,5000,Tarjeta,C181
3648,2026-08-29,08:24,Nübe Centro,Mostrador,Tinto,1,3000,Tarjeta,C181
3649,2026-08-29,13:03,Nübe Centro,Mostrador,Frappé de café,2,11000,Efectivo,C082
3650,2026-08-29,09:18,Nübe Centro,Mostrador,Americano,1,5000,Tarjeta,
3650,2026-08-29,09:18,Nübe Centro,Mostrador,Croissant,1,6000,Tarjeta,
3651,2026-08-29,18:13,Nübe Centro,Mostrador,Frappé de café,1,11000,Tarjeta,
3652,2026-08-29,08:35,Nübe Centro,Mostrador,Tinto,2,3000,Tarjeta,C160
3653,2026-08-29,11:53,Nübe Centro,Mostrador,Croissant,1,6000,Nequi,C121
3654,2026-08-29,15:49,Nübe Centro,Mostrador,Americano,1,5000,Efectivo,C168
3654,2026-08-29,15:49,Nübe Centro,Mostrador,Frappé de café,1,11000,Efectivo,C168
3654,2026-08-29,15:49,Nübe Centro,Mostrador,Tinto,1,3000,Efectivo,C168
3655,2026-08-29,09:56,Nübe Centro,Mostrador,Chocolate caliente,2,7500,Nequi,
3655,2026-08-29,09:56,Nübe Centro,Mostrador,Croissant,1,6000,Nequi,
3655,2026-08-29,09:56,Nübe Centro,Mostrador,Croissant de almendras,1,8000,Nequi,
3656,2026-08-29,09:57,Nübe Centro,Domicilio,Croissant,2,6000,Nequi,
3656,2026-08-29,09:57,Nübe Centro,Domicilio,Latte,1,9000,Nequi,
3656,2026-08-29,09:57,Nübe Centro,Domicilio,Tinto,1,3000,Nequi,
3657,2026-08-29,15:40,Nübe Centro,Mostrador,Croissant de almendras,1,8000,Efectivo,
3657,2026-08-29,15:40,Nübe Centro,Mostrador,Tinto,1,3000,Efectivo,
3658,2026-08-29,10:55,Nübe Centro,Mostrador,Americano,1,5000,Nequi,
3658,2026-08-29,10:55,Nübe Centro,Mostrador,Capuchino,1,8500,Nequi,
3658,2026-08-29,10:55,Nübe Centro,Mostrador,Latte,2,9000,Nequi,
3659,2026-08-29,11:19,Nübe Centro,Mostrador,Americano,2,5000,Efectivo,
3659,2026-08-29,11:19,Nübe Centro,Mostrador,Croissant,2,6000,Efectivo,
3660,2026-08-29,15:52,Nübe Centro,Mostrador,Frappé de café,1,11000,Tarjeta,
3661,2026-08-29,09:59,Nübe Centro,Mostrador,Croissant de almendras,1,8000,Tarjeta,
3662,2026-08-29,11:26,Nübe Centro,Domicilio,Croissant de almendras,1,8000,Nequi,
3662,2026-08-29,11:26,Nübe Centro,Domicilio,Tinto,1,3000,Nequi,
3663,2026-08-29,10:13,Nübe Centro,Mostrador,Capuchino,2,8500,Nequi,
3664,2026-08-29,08:48,Nübe Centro,Domicilio,Americano,1,5000,Tarjeta,
3664,2026-08-29,08:48,Nübe Centro,Domicilio,Tinto,1,3000,Tarjeta,
3665,2026-08-29,09:12,Nübe Centro,Mostrador,Americano,2,5000,Efectivo,
3666,2026-08-29,10:17,Nübe Centro,Mostrador,Croissant,1,6000,Efectivo,C072
3666,2026-08-29,10:17,Nübe Centro,Mostrador,Frappé de café,1,11000,Efectivo,C072
3667,2026-08-29,11:15,Nübe Centro,Mostrador,Capuchino,1,8500,Tarjeta,C163
3668,2026-08-29,10:51,Nübe Centro,Mostrador,Latte,1,9000,Efectivo,C131
3669,2026-08-29,08:55,Nübe Centro,Mostrador,Latte,1,9000,Nequi,C067
3669,2026-08-29,08:55,Nübe Centro,Mostrador,Tinto,1,3000,Nequi,C067
3670,2026-08-29,16:25,Nübe Centro,Mostrador,Latte,1,9000,Efectivo,C034
3671,2026-08-29,17:54,Nübe Centro,Mostrador,Capuchino,1,8500,Nequi,C194
3671,2026-08-29,17:54,Nübe Centro,Mostrador,Croissant,1,6000,Nequi,C194
3671,2026-08-29,17:54,Nübe Centro,Mostrador,Tinto,1,3000,Nequi,C194
3672,2026-08-29,18:39,Nübe Centro,Mostrador,Americano,1,5000,Tarjeta,
3672,2026-08-29,18:39,Nübe Centro,Mostrador,Croissant,1,6000,Tarjeta,
3673,2026-08-29,08:35,Nübe Centro,Mostrador,Capuchino,1,8500,Efectivo,
3673,2026-08-29,08:35,Nübe Centro,Mostrador,Latte,1,9000,Efectivo,
3674,2026-08-29,09:47,Nübe Centro,Mostrador,Croissant,1,6000,Tarjeta,C043
3674,2026-08-29,09:47,Nübe Centro,Mostrador,Frappé de café,1,11000,Tarjeta,C043
3675,2026-08-29,17:22,Nübe Centro,Mostrador,Croissant,1,6000,Nequi,C068
3675,2026-08-29,17:22,Nübe Centro,Mostrador,Latte,1,9000,Nequi,C068
3676,2026-08-29,08:18,Nübe Centro,Mostrador,Croissant de almendras,1,8000,Tarjeta,
3677,2026-08-29,19:32,Nübe Centro,Mostrador,Americano,1,5000,Nequi,C154
3677,2026-08-29,19:32,Nübe Centro,Mostrador,Croissant,1,6000,Nequi,C154
3678,2026-08-29,18:07,Nübe Centro,Domicilio,Tinto,1,3000,Nequi,
3679,2026-08-29,09:44,Nübe Centro,Mostrador,Croissant,1,6000,Nequi,
3680,2026-08-29,16:15,Nübe Centro,Domicilio,Latte,1,9000,Nequi,
3681,2026-08-29,15:41,Nübe Centro,Mostrador,Chocolate caliente,1,7500,Sin dato,C036
3681,2026-08-29,15:41,Nübe Centro,Mostrador,Croissant,1,6000,Efectivo,C036
3682,2026-08-29,08:26,Nübe Centro,Mostrador,Croissant,2,6000,Nequi,C186
3683,2026-08-29,09:55,Nübe Centro,Domicilio,Capuchino,1,8500,Efectivo,
3683,2026-08-29,09:55,Nübe Centro,Domicilio,Croissant,1,6000,Efectivo,
3684,2026-08-29,16:21,Nübe Centro,Mostrador,Croissant,1,6000,Nequi,
3684,2026-08-29,16:21,Nübe Centro,Mostrador,Frappé de café,1,11000,Nequi,
3685,2026-08-29,14:35,Nübe Centro,Mostrador,Croissant,2,6000,Efectivo,C049
3686,2026-08-29,06:02,Nübe Centro,Mostrador,Americano,1,5000,Nequi,C237
3686,2026-08-29,06:02,Nübe Centro,Mostrador,Latte,1,9000,Nequi,C237
3687,2026-08-29,16:26,Nübe Centro,Mostrador,Tinto,1,3000,Nequi,
3688,2026-08-29,13:02,Nübe Centro,Mostrador,Frappé de café,1,11000,Nequi,C234
3689,2026-08-29,17:55,Nübe Centro,Mostrador,Tinto,1,3000,Tarjeta,
3690,2026-08-29,16:32,Nübe Centro,Mostrador,Americano,1,5000,Tarjeta,
3691,2026-08-29,14:38,Nübe Centro,Domicilio,Latte,1,9000,Tarjeta,C129
3691,2026-08-29,14:38,Nübe Centro,Domicilio,Tinto,1,3000,Tarjeta,C129
3692,2026-08-29,09:15,Nübe Centro,Mostrador,Capuchino,2,8500,Nequi,
3692,2026-08-29,09:15,Nübe Centro,Mostrador,Croissant de almendras,1,8000,Nequi,
3693,2026-08-29,08:57,Nübe Centro,Mostrador,Latte,1,9000,Nequi,C108
3693,2026-08-29,08:57,Nübe Centro,Mostrador,Tinto,1,3000,Nequi,C108
3694,2026-08-29,11:51,Nübe Centro,Mostrador,Tinto,1,3000,Efectivo,
3695,2026-08-29,08:26,Nübe Centro,Mostrador,Croissant,1,6000,Efectivo,C112
3696,2026-08-29,07:22,Nübe Centro,Mostrador,Capuchino,1,8500,Tarjeta,
3696,2026-08-29,07:22,Nübe Centro,Mostrador,Croissant,1,6000,Tarjeta,
3697,2026-08-29,09:34,Nübe Centro,Mostrador,Capuchino,1,8500,Efectivo,
3697,2026-08-29,09:34,Nübe Centro,Mostrador,Chocolate caliente,1,7500,Efectivo,
3698,2026-08-29,09:01,Nübe Centro,Mostrador,Croissant,1,6000,Nequi,C259
3698,2026-08-29,09:01,Nübe Centro,Mostrador,Frappé de café,1,11000,Nequi,C259
3699,2026-08-29,08:02,Nübe Centro,Mostrador,Croissant,1,6000,Tarjeta,
3700,2026-08-29,14:53,Nübe Centro,Mostrador,Tinto,1,3000,Efectivo,C168
3701,2026-08-29,14:13,Nübe Centro,Domicilio,Tinto,1,3000,Nequi,C232
3702,2026-08-29,11:06,Nübe Centro,Mostrador,Latte,2,9000,Tarjeta,
3703,2026-08-29,08:28,Nübe Centro,Mostrador,Latte,1,9000,Nequi,
3704,2026-08-29,14:11,Nübe Centro,Mostrador,Tinto,3,3000,Efectivo,
3705,2026-08-29,11:01,Nübe Centro,Mostrador,Capuchino,1,8500,Tarjeta,C151
3705,2026-08-29,11:01,Nübe Centro,Mostrador,Frappé de café,1,11000,Tarjeta,C151
3706,2026-08-29,12:24,Nübe Centro,Mostrador,Croissant,1,6000,Tarjeta,C085
3706,2026-08-29,12:24,Nübe Centro,Mostrador,Croissant de almendras,1,8000,Tarjeta,C085
3707,2026-08-29,15:24,Nübe Centro,Mostrador,Frappé de café,2,11000,Nequi,C282
3708,2026-08-29,16:04,Nübe Centro,Domicilio,Americano,1,5000,Tarjeta,
3708,2026-08-29,16:04,Nübe Centro,Domicilio,Croissant,1,6000,Tarjeta,
3709,2026-08-29,14:29,Nübe Centro,Mostrador,Americano,1,5000,Nequi,
3709,2026-08-29,14:29,Nübe Centro,Mostrador,Croissant,1,6000,Nequi,
3709,2026-08-29,14:29,Nübe Centro,Mostrador,Frappé de café,1,11000,Nequi,
3710,2026-08-29,08:08,Nübe Centro,Mostrador,Croissant,1,6000,Nequi,C122
3710,2026-08-29,08:08,Nübe Centro,Mostrador,Croissant de almendras,1,8000,Nequi,C122
3711,2026-08-29,07:08,Nübe Centro,Mostrador,Tinto,1,3000,Efectivo,C107
3712,2026-08-29,20:07,Nübe Centro,Mostrador,Chocolate caliente,1,7500,Nequi,C136
3713,2026-08-29,08:59,Nübe Centro,Mostrador,Croissant,2,6000,Tarjeta,C045
3714,2026-08-29,06:52,Nübe Altico,Mostrador,Croissant,1,6000,Nequi,
3714,2026-08-29,06:52,Nübe Altico,Mostrador,Tinto,2,3000,Nequi,
3715,2026-08-29,12:07,Nübe Altico,Mostrador,Capuchino,1,8500,Nequi,
3715,2026-08-29,12:07,Nübe Altico,Mostrador,Latte,1,9000,Nequi,
3715,2026-08-29,12:07,Nübe Altico,Mostrador,Tinto,2,3000,Nequi,
3716,2026-08-29,07:07,Nübe Altico,Mostrador,Latte,1,9000,Efectivo,C165
3717,2026-08-29,07:35,Nübe Altico,Domicilio,Chocolate caliente,1,7500,Nequi,
3717,2026-08-29,07:35,Nübe Altico,Domicilio,Croissant,1,6000,Nequi,
3718,2026-08-29,12:57,Nübe Altico,Mostrador,Frappé de café,1,11000,Tarjeta,
3718,2026-08-29,12:57,Nübe Altico,Mostrador,Tinto,1,3000,Tarjeta,
3719,2026-08-29,08:48,Nübe Altico,Mostrador,Chocolate caliente,1,7500,Nequi,C232
3719,2026-08-29,08:48,Nübe Altico,Mostrador,Tinto,1,3000,Nequi,C232
3721,2026-08-29,15:45,Nübe Altico,Mostrador,Tinto,1,3000,Tarjeta,
3722,2026-08-29,11:05,Nübe Altico,Mostrador,Capuchino,1,8500,Nequi,
3722,2026-08-29,11:05,Nübe Altico,Mostrador,Frappé de café,1,11000,Nequi,
3722,2026-08-29,11:05,Nübe Altico,Mostrador,Tinto,1,3000,Nequi,
3723,2026-08-29,08:33,Nübe Altico,Mostrador,Croissant,1,6000,Tarjeta,
3724,2026-08-29,16:35,Nübe Altico,Mostrador,Chocolate caliente,1,7500,Nequi,C158
3725,2026-08-29,07:23,Nübe Altico,Mostrador,Chocolate caliente,1,7500,Efectivo,
3725,2026-08-29,07:23,Nübe Altico,Mostrador,Croissant de almendras,1,8000,Efectivo,
3725,2026-08-29,07:23,Nübe Altico,Mostrador,Tinto,1,3000,Efectivo,
3726,2026-08-29,06:24,Nübe Altico,Mostrador,Latte,1,9000,Efectivo,
3727,2026-08-29,10:53,Nübe Altico,Mostrador,Tinto,1,3000,Tarjeta,C290
3728,2026-08-29,10:44,Nübe Altico,Domicilio,Americano,1,5000,Nequi,
3728,2026-08-29,10:44,Nübe Altico,Domicilio,Latte,1,9000,Nequi,
3729,2026-08-29,09:04,Nübe Altico,Mostrador,Americano,1,5000,Efectivo,C120
3730,2026-08-29,18:06,Nübe Altico,Mostrador,Americano,1,5000,Efectivo,
3730,2026-08-29,18:06,Nübe Altico,Mostrador,Capuchino,2,8500,Efectivo,
3730,2026-08-29,18:06,Nübe Altico,Mostrador,Croissant,1,6000,Efectivo,
3731,2026-08-29,11:17,Nübe Altico,Mostrador,Capuchino,1,8500,Nequi,
3731,2026-08-29,11:17,Nübe Altico,Mostrador,Croissant,1,6000,Nequi,
3731,2026-08-29,11:17,Nübe Altico,Mostrador,Frappé de café,1,11000,Sin dato,
3732,2026-08-29,08:05,Nübe Altico,Mostrador,Tinto,1,3000,Tarjeta,
3733,2026-08-29,19:56,Nübe Altico,Mostrador,Tinto,2,3000,Efectivo,C062
3734,2026-08-29,09:59,Nübe Altico,Mostrador,Americano,1,5000,Nequi,
3735,2026-08-29,16:53,Nübe Altico,Mostrador,Croissant,1,6000,Sin dato,C048
3736,2026-08-29,18:40,Nübe Altico,Mostrador,Croissant,1,6000,Nequi,
3736,2026-08-29,18:40,Nübe Altico,Mostrador,Frappé de café,1,11000,Nequi,
3736,2026-08-29,18:40,Nübe Altico,Mostrador,Tinto,1,3000,Nequi,
3737,2026-08-29,09:31,Nübe Altico,Mostrador,Capuchino,2,8500,Tarjeta,
3737,2026-08-29,09:31,Nübe Altico,Mostrador,Croissant de almendras,1,8000,Tarjeta,
3737,2026-08-29,09:31,Nübe Altico,Mostrador,Tinto,1,3000,Tarjeta,
3738,2026-08-29,11:34,Nübe Altico,Mostrador,Croissant de almendras,1,8000,Nequi,
3739,2026-08-29,06:13,Nübe Altico,Mostrador,Croissant,2,6000,Efectivo,
3739,2026-08-29,06:13,Nübe Altico,Mostrador,Croissant de almendras,2,8000,Efectivo,
3739,2026-08-29,06:13,Nübe Altico,Mostrador,Latte,1,9000,Efectivo,
3740,2026-08-29,10:26,Nübe Altico,Mostrador,Capuchino,1,8500,Tarjeta,
3740,2026-08-29,10:26,Nübe Altico,Mostrador,Croissant,1,6000,Tarjeta,
3741,2026-08-29,16:37,Nübe Altico,Mostrador,Capuchino,1,8500,Efectivo,C106
3742,2026-08-29,08:38,Nübe Altico,Mostrador,Croissant,2,6000,Efectivo,C151
3742,2026-08-29,08:38,Nübe Altico,Mostrador,Tinto,1,3000,Efectivo,C151
3743,2026-08-29,09:20,Nübe Altico,Mostrador,Croissant,1,6000,Tarjeta,C233
3744,2026-08-29,08:54,Nübe Altico,Mostrador,Capuchino,1,8500,Nequi,C284
3744,2026-08-29,08:54,Nübe Altico,Mostrador,Croissant de almendras,1,8000,Nequi,C284
3745,2026-08-29,19:39,Nübe Altico,Mostrador,Chocolate caliente,1,7500,Tarjeta,C074
3746,2026-08-29,17:20,Nübe Altico,Mostrador,Americano,1,5000,Efectivo,
3746,2026-08-29,17:20,Nübe Altico,Mostrador,Tinto,1,3000,Efectivo,
3747,2026-08-29,07:35,Nübe Altico,Mostrador,Croissant,1,6000,Tarjeta,C066
3748,2026-08-29,09:34,Nübe Altico,Mostrador,Croissant de almendras,1,8000,Efectivo,
3748,2026-08-29,09:34,Nübe Altico,Mostrador,Tinto,1,3000,Efectivo,
3749,2026-08-29,10:50,Nübe Altico,Mostrador,Latte,1,9000,Efectivo,
3750,2026-08-29,10:19,Nübe Altico,Mostrador,Tinto,1,3000,Nequi,
3751,2026-08-29,19:42,Nübe Altico,Mostrador,Americano,1,5000,Efectivo,
3751,2026-08-29,19:42,Nübe Altico,Mostrador,Croissant,1,6000,Efectivo,
3751,2026-08-29,19:42,Nübe Altico,Mostrador,Croissant de almendras,1,8000,Efectivo,
3752,2026-08-29,10:54,Nübe Altico,Mostrador,Chocolate caliente,1,7500,Nequi,
3753,2026-08-29,11:46,Nübe Altico,Mostrador,Croissant,1,6000,Nequi,C096
3754,2026-08-29,06:26,Nübe Altico,Mostrador,Capuchino,1,8500,Tarjeta,
3755,2026-08-29,09:01,Nübe Altico,Mostrador,Croissant de almendras,1,8000,Nequi,
3756,2026-08-29,09:35,Nübe Altico,Mostrador,Latte,2,9000,Efectivo,C257
3757,2026-08-29,08:28,Nübe Altico,Domicilio,Americano,1,5000,Efectivo,
3757,2026-08-29,08:28,Nübe Altico,Domicilio,Croissant,1,6000,Efectivo,
3758,2026-08-29,16:52,Nübe Altico,Domicilio,Chocolate caliente,1,7500,Nequi,
3758,2026-08-29,16:52,Nübe Altico,Domicilio,Croissant de almendras,3,8000,Nequi,
3759,2026-08-29,15:24,Nübe Altico,Mostrador,Capuchino,1,8500,Efectivo,C274
3760,2026-08-29,17:16,Nübe Altico,Domicilio,Croissant de almendras,1,8000,Nequi,
3760,2026-08-29,17:16,Nübe Altico,Domicilio,Frappé de café,1,11000,Nequi,
3760,2026-08-29,17:16,Nübe Altico,Domicilio,Tinto,1,3000,Nequi,
3761,2026-08-29,08:40,Nübe Altico,Domicilio,Chocolate caliente,1,7500,Tarjeta,
3761,2026-08-29,08:40,Nübe Altico,Domicilio,Croissant,1,6000,Tarjeta,
3761,2026-08-29,08:40,Nübe Altico,Domicilio,Frappé de café,1,11000,Tarjeta,
3762,2026-08-29,20:31,Nübe Altico,Mostrador,Capuchino,1,8500,Efectivo,
3763,2026-08-29,18:07,Nübe Altico,Mostrador,Croissant de almendras,1,8000,Nequi,C141
3764,2026-08-29,15:50,Nübe Altico,Mostrador,Americano,1,5000,Nequi,
3764,2026-08-29,15:50,Nübe Altico,Mostrador,Capuchino,1,8500,Nequi,
3764,2026-08-29,15:50,Nübe Altico,Mostrador,Latte,1,9000,Nequi,
3765,2026-08-29,08:34,Nübe Altico,Mostrador,Americano,1,5000,Efectivo,C120
3765,2026-08-29,08:34,Nübe Altico,Mostrador,Capuchino,1,8500,Efectivo,C120
3765,2026-08-29,08:34,Nübe Altico,Mostrador,Croissant,1,6000,Efectivo,C120
3766,2026-08-29,20:49,Nübe Altico,Mostrador,Croissant,1,6000,Efectivo,
3767,2026-08-29,09:14,Nübe Altico,Mostrador,Croissant,2,6000,Efectivo,C202
3768,2026-08-29,09:51,Nübe Altico,Mostrador,Croissant,1,6000,Nequi,C279
3769,2026-08-29,13:37,Nübe Altico,Mostrador,Capuchino,2,8500,Nequi,
3769,2026-08-29,13:37,Nübe Altico,Mostrador,Tinto,1,3000,Nequi,
3770,2026-08-29,10:59,Nübe Altico,Domicilio,Croissant de almendras,1,8000,Efectivo,C078
3771,2026-08-29,09:33,Nübe Altico,Domicilio,Americano,1,5000,Efectivo,C180
3771,2026-08-29,09:33,Nübe Altico,Domicilio,Frappé de café,1,11000,Efectivo,C180
3771,2026-08-29,09:33,Nübe Altico,Domicilio,Tinto,1,3000,Efectivo,C180
3772,2026-08-29,13:48,Nübe Altico,Domicilio,Croissant,1,6000,Tarjeta,
3772,2026-08-29,13:48,Nübe Altico,Domicilio,Tinto,1,3000,Tarjeta,
3773,2026-08-29,18:46,Nübe Altico,Mostrador,Americano,1,5000,Nequi,
3773,2026-08-29,18:46,Nübe Altico,Mostrador,Croissant de almendras,2,8000,Nequi,
3774,2026-08-29,20:09,Nübe Altico,Mostrador,Americano,1,5000,Nequi,C278
3775,2026-08-29,09:54,Nübe Altico,Mostrador,Latte,1,9000,Sin dato,
3776,2026-08-29,13:36,Nübe Altico,Mostrador,Capuchino,1,8500,Nequi,C293
3777,2026-08-29,16:40,Nübe Altico,Mostrador,Capuchino,1,8500,Tarjeta,
3778,2026-08-29,10:40,Nübe Altico,Domicilio,Tinto,1,3000,Efectivo,C264
3779,2026-08-29,08:46,Nübe Altico,Mostrador,Chocolate caliente,2,7500,Efectivo,
3780,2026-08-29,14:36,Nübe Altico,Mostrador,Capuchino,1,8500,Efectivo,
3780,2026-08-29,14:36,Nübe Altico,Mostrador,Croissant de almendras,1,8000,Efectivo,
3780,2026-08-29,14:36,Nübe Altico,Mostrador,Tinto,1,3000,Efectivo,
3781,2026-08-29,17:31,Nübe Altico,Mostrador,Tinto,3,3000,Tarjeta,
3782,2026-08-29,11:47,Nübe Altico,Mostrador,Latte,1,9000,Nequi,
3783,2026-08-29,15:59,Nübe Altico,Domicilio,Chocolate caliente,1,7500,Nequi,C267
3784,2026-08-29,08:18,Nübe Altico,Mostrador,Capuchino,1,8500,Tarjeta,
3784,2026-08-29,08:18,Nübe Altico,Mostrador,Croissant de almendras,1,8000,Tarjeta,
3785,2026-08-29,17:08,Nübe Altico,Mostrador,Latte,1,9000,Nequi,C070
3786,2026-08-29,10:50,Nübe Altico,Mostrador,Americano,1,5000,Efectivo,
3787,2026-08-30,20:53,Nübe Centro,Mostrador,Croissant de almendras,1,8000,Nequi,
3787,2026-08-30,20:53,Nübe Centro,Mostrador,Tinto,1,3000,Nequi,
3788,2026-08-30,08:20,Nübe Centro,Mostrador,Croissant,1,6000,Nequi,C245
3789,2026-08-30,09:26,Nübe Centro,Mostrador,Capuchino,1,8500,Tarjeta,
3789,2026-08-30,09:26,Nübe Centro,Mostrador,Tinto,2,3000,Tarjeta,
3790,2026-08-30,18:37,Nübe Centro,Mostrador,Capuchino,1,8500,Tarjeta,
3791,2026-08-30,16:50,Nübe Centro,Mostrador,Americano,1,5000,Nequi,C201
3792,2026-08-30,18:04,Nübe Centro,Mostrador,Americano,1,5000,Nequi,C146
3792,2026-08-30,18:04,Nübe Centro,Mostrador,Chocolate caliente,1,7500,Nequi,C146
3793,2026-08-30,16:43,Nübe Centro,Mostrador,Capuchino,1,8500,Efectivo,
3793,2026-08-30,16:43,Nübe Centro,Mostrador,Croissant,1,6000,Efectivo,
3794,2026-08-30,17:03,Nübe Centro,Mostrador,Capuchino,1,8500,Nequi,
3794,2026-08-30,17:03,Nübe Centro,Mostrador,Chocolate caliente,1,7500,Nequi,
3794,2026-08-30,17:03,Nübe Centro,Mostrador,Tinto,1,3000,Nequi,
3795,2026-08-30,07:18,Nübe Centro,Mostrador,Croissant,1,6000,Tarjeta,C270
3796,2026-08-30,13:30,Nübe Centro,Domicilio,Croissant de almendras,1,8000,Tarjeta,
3797,2026-08-30,17:22,Nübe Centro,Mostrador,Latte,1,9000,Nequi,
3798,2026-08-30,16:21,Nübe Centro,Mostrador,Americano,2,5000,Efectivo,
3799,2026-08-30,07:18,Nübe Centro,Mostrador,Croissant,1,6000,Efectivo,C242
3799,2026-08-30,07:18,Nübe Centro,Mostrador,Tinto,1,3000,Efectivo,C242
3800,2026-08-30,10:42,Nübe Centro,Mostrador,Croissant de almendras,1,8000,Efectivo,
3801,2026-08-30,12:37,Nübe Centro,Mostrador,Chocolate caliente,1,7500,Tarjeta,C026
3802,2026-08-30,07:29,Nübe Centro,Mostrador,Croissant,1,6000,Nequi,
3802,2026-08-30,07:29,Nübe Centro,Mostrador,Tinto,2,3000,Nequi,
3803,2026-08-30,11:36,Nübe Centro,Domicilio,Frappé de café,2,11000,Tarjeta,
3804,2026-08-30,10:26,Nübe Centro,Mostrador,Capuchino,1,8500,Efectivo,
3804,2026-08-30,10:26,Nübe Centro,Mostrador,Croissant,1,6000,Efectivo,
3804,2026-08-30,10:26,Nübe Centro,Mostrador,Tinto,1,3000,Efectivo,
3805,2026-08-30,10:36,Nübe Centro,Domicilio,Americano,3,5000,Tarjeta,
3806,2026-08-30,17:33,Nübe Centro,Domicilio,Chocolate caliente,1,7500,Nequi,C018
3807,2026-08-30,07:53,Nübe Centro,Domicilio,Capuchino,1,8500,Tarjeta,
3808,2026-08-30,07:07,Nübe Centro,Domicilio,Tinto,1,3000,Tarjeta,
3809,2026-08-30,12:39,Nübe Centro,Mostrador,Tinto,1,3000,Tarjeta,
3810,2026-08-30,17:35,Nübe Centro,Mostrador,Capuchino,2,8500,Efectivo,
3810,2026-08-30,17:35,Nübe Centro,Mostrador,Latte,3,9000,Efectivo,
3811,2026-08-30,09:29,Nübe Centro,Mostrador,Chocolate caliente,2,7500,Efectivo,C058
3811,2026-08-30,09:29,Nübe Centro,Mostrador,Croissant,1,6000,Efectivo,C058
3812,2026-08-30,10:26,Nübe Centro,Mostrador,Capuchino,1,8500,Nequi,
3813,2026-08-30,13:04,Nübe Centro,Mostrador,Chocolate caliente,1,7500,Efectivo,
3814,2026-08-30,08:01,Nübe Centro,Mostrador,Croissant,1,6000,Tarjeta,
3815,2026-08-30,14:42,Nübe Centro,Mostrador,Latte,1,9000,Tarjeta,
3816,2026-08-30,19:52,Nübe Centro,Mostrador,Croissant,1,6000,Efectivo,
3817,2026-08-30,10:25,Nübe Centro,Mostrador,Americano,1,5000,Nequi,
3817,2026-08-30,10:25,Nübe Centro,Mostrador,Tinto,1,3000,Nequi,
3818,2026-08-30,18:09,Nübe Centro,Mostrador,Chocolate caliente,2,7500,Tarjeta,C062
3819,2026-08-30,08:12,Nübe Centro,Mostrador,Tinto,1,3000,Efectivo,C248
3820,2026-08-30,12:46,Nübe Centro,Mostrador,Croissant de almendras,1,8000,Nequi,
3821,2026-08-30,10:09,Nübe Centro,Mostrador,Capuchino,1,8500,Efectivo,C053
3822,2026-08-30,08:26,Nübe Centro,Domicilio,Americano,1,5000,Efectivo,
3822,2026-08-30,08:26,Nübe Centro,Domicilio,Chocolate caliente,1,7500,Efectivo,
3822,2026-08-30,08:26,Nübe Centro,Domicilio,Croissant de almendras,1,8000,Efectivo,
3823,2026-08-30,17:35,Nübe Centro,Mostrador,Americano,1,5000,Efectivo,
3823,2026-08-30,17:35,Nübe Centro,Mostrador,Capuchino,1,8500,Efectivo,
3823,2026-08-30,17:35,Nübe Centro,Mostrador,Croissant,1,6000,Efectivo,
3824,2026-08-30,06:01,Nübe Centro,Mostrador,Capuchino,1,8500,Tarjeta,
3824,2026-08-30,06:01,Nübe Centro,Mostrador,Chocolate caliente,1,7500,Tarjeta,
3824,2026-08-30,06:01,Nübe Centro,Mostrador,Tinto,1,3000,Tarjeta,
3825,2026-08-30,17:30,Nübe Centro,Mostrador,Croissant,1,6000,Tarjeta,
3825,2026-08-30,17:30,Nübe Centro,Mostrador,Frappé de café,2,11000,Tarjeta,
3826,2026-08-30,16:42,Nübe Centro,Mostrador,Chocolate caliente,1,7500,Nequi,
3826,2026-08-30,16:42,Nübe Centro,Mostrador,Frappé de café,2,11000,Nequi,
3827,2026-08-30,14:12,Nübe Centro,Mostrador,Capuchino,1,8500,Efectivo,
3827,2026-08-30,14:12,Nübe Centro,Mostrador,Croissant,1,6000,Efectivo,
3828,2026-08-30,08:52,Nübe Centro,Mostrador,Americano,1,5000,Efectivo,
3828,2026-08-30,08:52,Nübe Centro,Mostrador,Latte,2,9000,Efectivo,
3829,2026-08-30,15:25,Nübe Centro,Mostrador,Americano,1,5000,Efectivo,
3829,2026-08-30,15:25,Nübe Centro,Mostrador,Capuchino,1,8500,Efectivo,
3830,2026-08-30,09:43,Nübe Centro,Mostrador,Americano,1,5000,Tarjeta,C116
3830,2026-08-30,09:43,Nübe Centro,Mostrador,Croissant,1,6000,Tarjeta,C116
3831,2026-08-30,06:06,Nübe Centro,Mostrador,Latte,1,9000,Tarjeta,C209
3832,2026-08-30,17:09,Nübe Centro,Mostrador,Tinto,1,3000,Tarjeta,
3833,2026-08-30,18:05,Nübe Centro,Domicilio,Croissant,2,6000,Efectivo,C200
3834,2026-08-30,12:39,Nübe Centro,Mostrador,Chocolate caliente,1,7500,Efectivo,
3834,2026-08-30,12:39,Nübe Centro,Mostrador,Tinto,1,3000,Efectivo,
3835,2026-08-30,07:51,Nübe Centro,Mostrador,Croissant,1,6000,Efectivo,
3836,2026-08-30,06:37,Nübe Centro,Mostrador,Croissant de almendras,1,8000,Tarjeta,C021
3837,2026-08-30,15:36,Nübe Centro,Mostrador,Chocolate caliente,1,7500,Efectivo,
3838,2026-08-30,13:21,Nübe Centro,Domicilio,Capuchino,2,8500,Efectivo,C045
3838,2026-08-30,13:21,Nübe Centro,Domicilio,Croissant,1,6000,Efectivo,C045
3838,2026-08-30,13:21,Nübe Centro,Domicilio,Latte,1,9000,Efectivo,C045
3839,2026-08-30,19:51,Nübe Centro,Mostrador,Americano,1,5000,Tarjeta,C216
3839,2026-08-30,19:51,Nübe Centro,Mostrador,Croissant,3,6000,Tarjeta,C216
3839,2026-08-30,19:51,Nübe Centro,Mostrador,Croissant de almendras,2,8000,Tarjeta,C216
3840,2026-08-30,08:11,Nübe Centro,Mostrador,Croissant,1,6000,Efectivo,
3841,2026-08-30,06:36,Nübe Centro,Mostrador,Tinto,1,3000,Tarjeta,C016
3842,2026-08-30,16:15,Nübe Centro,Mostrador,Croissant de almendras,1,8000,Nequi,
3842,2026-08-30,16:15,Nübe Centro,Mostrador,Frappé de café,2,11000,Nequi,
3843,2026-08-30,16:11,Nübe Centro,Mostrador,Latte,1,9000,Efectivo,
3843,2026-08-30,16:11,Nübe Centro,Mostrador,Tinto,1,3000,Efectivo,
3844,2026-08-30,16:23,Nübe Centro,Mostrador,Americano,1,5000,Tarjeta,
3844,2026-08-30,16:23,Nübe Centro,Mostrador,Chocolate caliente,2,7500,Tarjeta,
3844,2026-08-30,16:23,Nübe Centro,Mostrador,Tinto,1,3000,Tarjeta,
3845,2026-08-30,07:06,Nübe Centro,Mostrador,Chocolate caliente,2,7500,Tarjeta,C143
3845,2026-08-30,07:06,Nübe Centro,Mostrador,Tinto,1,3000,Tarjeta,C143
3846,2026-08-30,10:26,Nübe Centro,Mostrador,Croissant,1,6000,Nequi,C148
3847,2026-08-30,08:27,Nübe Centro,Domicilio,Capuchino,3,8500,Nequi,
3847,2026-08-30,08:27,Nübe Centro,Domicilio,Croissant de almendras,1,8000,Nequi,
3848,2026-08-30,06:30,Nübe Centro,Mostrador,Croissant de almendras,1,8000,Efectivo,C075
3848,2026-08-30,06:30,Nübe Centro,Mostrador,Latte,1,9000,Efectivo,C075
3849,2026-08-30,18:30,Nübe Centro,Mostrador,Tinto,2,3000,Nequi,C288
3850,2026-08-30,12:14,Nübe Centro,Domicilio,Capuchino,1,8500,Tarjeta,
3851,2026-08-30,20:54,Nübe Centro,Mostrador,Americano,2,5000,Efectivo,
3852,2026-08-30,10:54,Nübe Centro,Mostrador,Latte,1,9000,Nequi,C085
3853,2026-08-30,17:54,Nübe Centro,Mostrador,Croissant,1,6000,Tarjeta,C144
3854,2026-08-30,09:39,Nübe Centro,Mostrador,Tinto,1,3000,Efectivo,C276
3855,2026-08-30,09:51,Nübe Centro,Mostrador,Tinto,1,3000,Efectivo,
3856,2026-08-30,08:41,Nübe Centro,Mostrador,Croissant,2,6000,Efectivo,C245
3857,2026-08-30,09:09,Nübe Centro,Domicilio,Croissant,1,6000,Nequi,C189
3857,2026-08-30,09:09,Nübe Centro,Domicilio,Latte,2,9000,Nequi,C189
3858,2026-08-30,16:31,Nübe Centro,Domicilio,Croissant,2,6000,Nequi,
3858,2026-08-30,16:31,Nübe Centro,Domicilio,Tinto,1,3000,Nequi,
3859,2026-08-30,19:31,Nübe Centro,Mostrador,Capuchino,1,8500,Sin dato,
3860,2026-08-30,08:39,Nübe Centro,Mostrador,Croissant,1,6000,Tarjeta,C168
3860,2026-08-30,08:39,Nübe Centro,Mostrador,Frappé de café,1,11000,Tarjeta,C168
3860,2026-08-30,08:39,Nübe Centro,Mostrador,Latte,1,9000,Tarjeta,C168
3861,2026-08-30,08:21,Nübe Centro,Mostrador,Croissant,1,6000,Tarjeta,
3862,2026-08-30,08:18,Nübe Centro,Mostrador,Croissant,1,6000,Efectivo,
3862,2026-08-30,08:18,Nübe Centro,Mostrador,Frappé de café,1,11000,Efectivo,
3863,2026-08-30,09:35,Nübe Centro,Mostrador,Croissant de almendras,1,8000,Nequi,
3864,2026-08-30,07:59,Nübe Altico,Mostrador,Capuchino,2,8500,Efectivo,
3864,2026-08-30,07:59,Nübe Altico,Mostrador,Croissant,1,6000,Efectivo,
3865,2026-08-30,08:21,Nübe Altico,Domicilio,Croissant,1,6000,Efectivo,
3866,2026-08-30,06:14,Nübe Altico,Domicilio,Tinto,2,3000,Efectivo,
3867,2026-08-30,19:07,Nübe Altico,Domicilio,Latte,1,9000,Nequi,C041
3868,2026-08-30,08:11,Nübe Altico,Mostrador,Capuchino,1,8500,Tarjeta,
3868,2026-08-30,08:11,Nübe Altico,Mostrador,Latte,2,9000,Tarjeta,
3869,2026-08-30,12:25,Nübe Altico,Domicilio,Americano,1,5000,Efectivo,
3870,2026-08-30,17:21,Nübe Altico,Domicilio,Capuchino,2,8500,Efectivo,C035
3871,2026-08-30,18:58,Nübe Altico,Mostrador,Frappé de café,1,11000,Nequi,C005
3872,2026-08-30,10:48,Nübe Altico,Mostrador,Americano,1,5000,Nequi,C191
3872,2026-08-30,10:48,Nübe Altico,Mostrador,Croissant de almendras,1,8000,Nequi,C191
3873,2026-08-30,12:15,Nübe Altico,Mostrador,Croissant,1,6000,Efectivo,
3874,2026-08-30,15:28,Nübe Altico,Mostrador,Tinto,2,3000,Nequi,C200
3875,2026-08-30,09:17,Nübe Altico,Domicilio,Frappé de café,1,11000,Nequi,C062
3875,2026-08-30,09:17,Nübe Altico,Domicilio,Latte,1,9000,Nequi,C062
3876,2026-08-30,07:16,Nübe Altico,Mostrador,Americano,2,5000,Efectivo,
3876,2026-08-30,07:16,Nübe Altico,Mostrador,Croissant,1,6000,Efectivo,
3877,2026-08-30,15:59,Nübe Altico,Mostrador,Frappé de café,1,11000,Nequi,C221
3878,2026-08-30,06:55,Nübe Altico,Mostrador,Americano,1,5000,Nequi,
3878,2026-08-30,06:55,Nübe Altico,Mostrador,Tinto,1,3000,Nequi,
3879,2026-08-30,20:05,Nübe Altico,Mostrador,Capuchino,1,8500,Tarjeta,
3879,2026-08-30,20:05,Nübe Altico,Mostrador,Croissant,3,6000,Tarjeta,
3879,2026-08-30,20:05,Nübe Altico,Mostrador,Tinto,2,3000,Tarjeta,
3880,2026-08-30,09:49,Nübe Altico,Mostrador,Croissant,1,6000,Efectivo,C221
3880,2026-08-30,09:49,Nübe Altico,Mostrador,Frappé de café,1,11000,Efectivo,C221
3881,2026-08-30,17:56,Nübe Altico,Mostrador,Americano,1,5000,Tarjeta,
3881,2026-08-30,17:56,Nübe Altico,Mostrador,Capuchino,1,8500,Tarjeta,
3881,2026-08-30,17:56,Nübe Altico,Mostrador,Tinto,1,3000,Tarjeta,
3882,2026-08-30,13:43,Nübe Altico,Mostrador,Frappé de café,1,11000,Nequi,
3882,2026-08-30,13:43,Nübe Altico,Mostrador,Tinto,1,3000,Nequi,
3883,2026-08-30,19:31,Nübe Altico,Mostrador,Latte,1,9000,Tarjeta,C225
3883,2026-08-30,19:31,Nübe Altico,Mostrador,Tinto,1,3000,Tarjeta,C225
3884,2026-08-30,09:24,Nübe Altico,Mostrador,Capuchino,1,8500,Nequi,C196
3885,2026-08-30,09:39,Nübe Altico,Mostrador,Capuchino,1,8500,Efectivo,
3886,2026-08-30,14:16,Nübe Altico,Mostrador,Croissant,1,6000,Nequi,
3886,2026-08-30,14:16,Nübe Altico,Mostrador,Croissant de almendras,3,8000,Nequi,
3887,2026-08-30,10:22,Nübe Altico,Domicilio,Frappé de café,1,11000,Efectivo,
3888,2026-08-30,07:17,Nübe Altico,Mostrador,Tinto,1,3000,Efectivo,
3889,2026-08-30,14:02,Nübe Altico,Mostrador,Croissant de almendras,1,8000,Tarjeta,C134
3890,2026-08-30,16:44,Nübe Altico,Mostrador,Frappé de café,1,11000,Tarjeta,C111
3891,2026-08-30,08:15,Nübe Altico,Mostrador,Americano,1,5000,Nequi,C085
3893,2026-08-30,07:13,Nübe Altico,Mostrador,Croissant,1,6000,Tarjeta,
3893,2026-08-30,07:13,Nübe Altico,Mostrador,Croissant de almendras,2,8000,Tarjeta,
3894,2026-08-30,13:48,Nübe Altico,Mostrador,Frappé de café,1,11000,Nequi,
3894,2026-08-30,13:48,Nübe Altico,Mostrador,Tinto,1,3000,Nequi,
3895,2026-08-30,06:41,Nübe Altico,Mostrador,Capuchino,1,8500,Nequi,C049
3896,2026-08-30,17:38,Nübe Altico,Mostrador,Latte,2,9000,Tarjeta,C121
3897,2026-08-30,15:48,Nübe Altico,Mostrador,Croissant,1,6000,Nequi,
3897,2026-08-30,15:48,Nübe Altico,Mostrador,Tinto,1,3000,Sin dato,
3898,2026-08-30,07:15,Nübe Altico,Domicilio,Croissant,1,6000,Nequi,C263
3899,2026-08-30,13:28,Nübe Altico,Mostrador,Croissant de almendras,1,8000,Tarjeta,
3899,2026-08-30,13:28,Nübe Altico,Mostrador,Frappé de café,1,11000,Tarjeta,
3900,2026-08-30,16:47,Nübe Altico,Mostrador,Croissant,2,6000,Nequi,
3901,2026-08-30,19:40,Nübe Altico,Mostrador,Frappé de café,2,11000,Tarjeta,
3902,2026-08-30,07:57,Nübe Altico,Mostrador,Capuchino,1,8500,Nequi,
3903,2026-08-30,10:52,Nübe Altico,Mostrador,Capuchino,1,8500,Tarjeta,
3903,2026-08-30,10:52,Nübe Altico,Mostrador,Tinto,1,3000,Tarjeta,
3904,2026-08-30,18:19,Nübe Altico,Mostrador,Latte,1,9000,Efectivo,
3905,2026-08-30,08:58,Nübe Altico,Mostrador,Chocolate caliente,3,7500,Nequi,
3906,2026-08-30,10:01,Nübe Altico,Mostrador,Americano,1,5000,Tarjeta,
3906,2026-08-30,10:01,Nübe Altico,Mostrador,Latte,2,9000,Tarjeta,
3907,2026-08-30,07:56,Nübe Altico,Mostrador,Tinto,1,3000,Nequi,C157
3908,2026-08-30,09:27,Nübe Altico,Mostrador,Croissant de almendras,1,8000,Efectivo,C203
3908,2026-08-30,09:27,Nübe Altico,Mostrador,Latte,1,9000,Efectivo,C203
3908,2026-08-30,09:27,Nübe Altico,Mostrador,Tinto,1,3000,Efectivo,C203
3909,2026-08-30,07:55,Nübe Altico,Mostrador,Croissant,1,6000,Nequi,
3910,2026-08-30,09:57,Nübe Altico,Mostrador,Americano,1,5000,Tarjeta,
3911,2026-08-30,15:17,Nübe Altico,Mostrador,Capuchino,2,8500,Nequi,
3911,2026-08-30,15:17,Nübe Altico,Mostrador,Croissant,1,6000,Nequi,
3912,2026-08-30,07:45,Nübe Altico,Mostrador,Latte,1,9000,Efectivo,
3913,2026-08-30,13:45,Nübe Altico,Mostrador,Croissant de almendras,1,8000,Sin dato,
3913,2026-08-30,13:45,Nübe Altico,Mostrador,Frappé de café,1,11000,Nequi,
3914,2026-08-30,11:43,Nübe Altico,Mostrador,Tinto,1,3000,Nequi,C214
3915,2026-08-30,09:55,Nübe Altico,Mostrador,Americano,2,5000,Tarjeta,
3916,2026-08-30,17:46,Nübe Altico,Domicilio,Chocolate caliente,1,7500,Tarjeta,C070
3916,2026-08-30,17:46,Nübe Altico,Domicilio,Latte,1,9000,Tarjeta,C070
3917,2026-08-30,08:31,Nübe Altico,Mostrador,Capuchino,1,8500,Tarjeta,C004
3918,2026-08-30,18:52,Nübe Altico,Mostrador,Capuchino,2,8500,Efectivo,C137
3918,2026-08-30,18:52,Nübe Altico,Mostrador,Chocolate caliente,1,7500,Efectivo,C137
3919,2026-08-30,17:32,Nübe Altico,Domicilio,Tinto,1,3000,Efectivo,
3920,2026-08-30,07:47,Nübe Altico,Mostrador,Americano,2,5000,Nequi,C032
3920,2026-08-30,07:47,Nübe Altico,Mostrador,Capuchino,1,8500,Nequi,C032
3921,2026-08-31,12:00,Nübe Centro,Domicilio,Capuchino,1,8500,Tarjeta,
3921,2026-08-31,12:00,Nübe Centro,Domicilio,Latte,1,9000,Tarjeta,
3922,2026-08-31,10:38,Nübe Centro,Mostrador,Tinto,2,3000,Nequi,
3923,2026-08-31,09:36,Nübe Centro,Mostrador,Tinto,1,3000,Nequi,C216
3924,2026-08-31,07:15,Nübe Centro,Mostrador,Frappé de café,1,11000,Tarjeta,
3924,2026-08-31,07:15,Nübe Centro,Mostrador,Latte,1,9000,Tarjeta,
3925,2026-08-31,20:07,Nübe Centro,Mostrador,Latte,1,9000,Nequi,
3925,2026-08-31,20:07,Nübe Centro,Mostrador,Tinto,1,3000,Nequi,
3926,2026-08-31,06:14,Nübe Centro,Mostrador,Capuchino,1,8500,Efectivo,
3926,2026-08-31,06:14,Nübe Centro,Mostrador,Latte,1,9000,Efectivo,
3927,2026-08-31,13:53,Nübe Centro,Mostrador,Capuchino,1,8500,Efectivo,C047
3927,2026-08-31,13:53,Nübe Centro,Mostrador,Croissant,2,6000,Efectivo,C047
3928,2026-08-31,07:28,Nübe Centro,Mostrador,Americano,2,5000,Efectivo,
3928,2026-08-31,07:28,Nübe Centro,Mostrador,Tinto,1,3000,Sin dato,
3929,2026-08-31,08:23,Nübe Centro,Mostrador,Croissant,1,6000,Efectivo,
3930,2026-08-31,16:46,Nübe Centro,Mostrador,Capuchino,1,8500,Efectivo,
3930,2026-08-31,16:46,Nübe Centro,Mostrador,Latte,1,9000,Efectivo,
3931,2026-08-31,06:44,Nübe Centro,Domicilio,Croissant de almendras,1,8000,Nequi,C263
3932,2026-08-31,15:18,Nübe Centro,Mostrador,Chocolate caliente,1,7500,Tarjeta,
3932,2026-08-31,15:18,Nübe Centro,Mostrador,Latte,1,9000,Tarjeta,
3933,2026-08-31,08:25,Nübe Centro,Mostrador,Croissant,1,6000,Nequi,C218
3934,2026-08-31,07:25,Nübe Centro,Mostrador,Croissant,1,6000,Efectivo,C137
3935,2026-08-31,16:20,Nübe Centro,Domicilio,Capuchino,1,8500,Nequi,C047
3935,2026-08-31,16:20,Nübe Centro,Domicilio,Latte,1,9000,Nequi,C047
3936,2026-08-31,08:49,Nübe Centro,Mostrador,Chocolate caliente,1,7500,Nequi,C275
3937,2026-08-31,12:08,Nübe Centro,Mostrador,Latte,1,9000,Tarjeta,
3938,2026-08-31,08:00,Nübe Centro,Mostrador,Croissant,1,6000,Efectivo,
3939,2026-08-31,07:36,Nübe Centro,Mostrador,Croissant de almendras,1,8000,Efectivo,
3940,2026-08-31,07:50,Nübe Centro,Mostrador,Americano,1,5000,Tarjeta,
3941,2026-08-31,08:27,Nübe Centro,Mostrador,Croissant,1,6000,Sin dato,
3941,2026-08-31,08:27,Nübe Centro,Mostrador,Croissant de almendras,2,8000,Efectivo,
3942,2026-08-31,14:37,Nübe Centro,Domicilio,Croissant de almendras,2,8000,Nequi,C077
3943,2026-08-31,15:59,Nübe Centro,Mostrador,Croissant de almendras,2,8000,Sin dato,
3943,2026-08-31,15:59,Nübe Centro,Mostrador,Frappé de café,1,11000,Tarjeta,
3943,2026-08-31,15:59,Nübe Centro,Mostrador,Tinto,2,3000,Tarjeta,
3944,2026-08-31,13:11,Nübe Centro,Mostrador,Americano,2,5000,Efectivo,C130
3945,2026-08-31,09:58,Nübe Centro,Mostrador,Croissant,1,6000,Efectivo,
3945,2026-08-31,09:58,Nübe Centro,Mostrador,Frappé de café,1,11000,Efectivo,
3946,2026-08-31,17:59,Nübe Centro,Mostrador,Americano,2,5000,Efectivo,
3946,2026-08-31,17:59,Nübe Centro,Mostrador,Latte,1,9000,Efectivo,
3947,2026-08-31,12:34,Nübe Centro,Mostrador,Croissant,1,6000,Tarjeta,
3948,2026-08-31,07:34,Nübe Centro,Mostrador,Americano,1,5000,Nequi,C299
3949,2026-08-31,11:19,Nübe Centro,Domicilio,Croissant,1,6000,Efectivo,C041
3949,2026-08-31,11:19,Nübe Centro,Domicilio,Latte,1,9000,Efectivo,C041
3950,2026-08-31,07:21,Nübe Centro,Domicilio,Capuchino,1,8500,Nequi,C126
3950,2026-08-31,07:21,Nübe Centro,Domicilio,Tinto,1,3000,Nequi,C126
3951,2026-08-31,16:19,Nübe Centro,Mostrador,Americano,1,5000,Nequi,
3951,2026-08-31,16:19,Nübe Centro,Mostrador,Tinto,2,3000,Nequi,
3952,2026-08-31,10:07,Nübe Centro,Mostrador,Capuchino,1,8500,Efectivo,
3952,2026-08-31,10:07,Nübe Centro,Mostrador,Tinto,2,3000,Efectivo,
3953,2026-08-31,08:06,Nübe Centro,Mostrador,Americano,1,5000,Tarjeta,C022
3954,2026-08-31,14:04,Nübe Centro,Mostrador,Chocolate caliente,1,7500,Nequi,
3955,2026-08-31,17:32,Nübe Centro,Mostrador,Latte,1,9000,Nequi,
3956,2026-08-31,17:30,Nübe Centro,Mostrador,Capuchino,1,8500,Tarjeta,
3957,2026-08-31,07:51,Nübe Centro,Mostrador,Chocolate caliente,1,7500,Nequi,C126
3958,2026-08-31,14:28,Nübe Centro,Mostrador,Latte,1,9000,Nequi,C280
3959,2026-08-31,06:28,Nübe Centro,Mostrador,Capuchino,1,8500,Tarjeta,C260
3959,2026-08-31,06:28,Nübe Centro,Mostrador,Croissant,3,6000,Tarjeta,C260
3960,2026-08-31,13:42,Nübe Centro,Domicilio,Latte,1,9000,Tarjeta,C277
3961,2026-08-31,19:16,Nübe Centro,Domicilio,Chocolate caliente,2,7500,Tarjeta,
3961,2026-08-31,19:16,Nübe Centro,Domicilio,Croissant,1,6000,Tarjeta,
3961,2026-08-31,19:16,Nübe Centro,Domicilio,Croissant de almendras,1,8000,Tarjeta,
3962,2026-08-31,19:23,Nübe Centro,Mostrador,Americano,1,5000,Nequi,
3963,2026-08-31,14:45,Nübe Centro,Mostrador,Latte,1,9000,Tarjeta,
3963,2026-08-31,14:45,Nübe Centro,Mostrador,Tinto,1,3000,Tarjeta,
3964,2026-08-31,08:08,Nübe Centro,Mostrador,Chocolate caliente,2,7500,Efectivo,
3964,2026-08-31,08:08,Nübe Centro,Mostrador,Croissant,1,6000,Efectivo,
3965,2026-08-31,12:51,Nübe Centro,Mostrador,Capuchino,1,8500,Nequi,C170
3965,2026-08-31,12:51,Nübe Centro,Mostrador,Croissant de almendras,1,8000,Nequi,C170
3965,2026-08-31,12:51,Nübe Centro,Mostrador,Tinto,1,3000,Nequi,C170
3966,2026-08-31,14:26,Nübe Centro,Domicilio,Latte,1,9000,Efectivo,C001
3967,2026-08-31,11:18,Nübe Centro,Mostrador,Capuchino,3,8500,Nequi,
3968,2026-08-31,09:57,Nübe Centro,Domicilio,Americano,1,5000,Efectivo,
3969,2026-08-31,16:55,Nübe Centro,Mostrador,Capuchino,1,8500,Efectivo,
3970,2026-08-31,07:20,Nübe Centro,Mostrador,Croissant de almendras,1,8000,Efectivo,
3971,2026-08-31,15:16,Nübe Centro,Mostrador,Capuchino,1,8500,Nequi,
3971,2026-08-31,15:16,Nübe Centro,Mostrador,Frappé de café,1,11000,Nequi,
3972,2026-08-31,15:30,Nübe Centro,Mostrador,Latte,1,9000,Tarjeta,
3973,2026-08-31,17:49,Nübe Centro,Mostrador,Americano,1,5000,Efectivo,C061
3973,2026-08-31,17:49,Nübe Centro,Mostrador,Croissant de almendras,1,8000,Efectivo,C061
3973,2026-08-31,17:49,Nübe Centro,Mostrador,Tinto,1,3000,Efectivo,C061
3974,2026-08-31,07:02,Nübe Centro,Mostrador,Capuchino,1,8500,Nequi,
3975,2026-08-31,13:25,Nübe Centro,Mostrador,Latte,1,9000,Tarjeta,C066
3976,2026-08-31,07:43,Nübe Centro,Domicilio,Latte,2,9000,Tarjeta,
3977,2026-08-31,17:42,Nübe Centro,Domicilio,Frappé de café,1,11000,Tarjeta,C156
3977,2026-08-31,17:42,Nübe Centro,Domicilio,Latte,1,9000,Tarjeta,C156
3978,2026-08-31,16:34,Nübe Centro,Domicilio,Americano,1,5000,Efectivo,C233
3978,2026-08-31,16:34,Nübe Centro,Domicilio,Chocolate caliente,1,7500,Efectivo,C233
3979,2026-08-31,09:53,Nübe Centro,Mostrador,Croissant de almendras,1,8000,Nequi,
3980,2026-08-31,17:12,Nübe Centro,Mostrador,Croissant,1,6000,Nequi,
3980,2026-08-31,17:12,Nübe Centro,Mostrador,Tinto,1,3000,Nequi,
3981,2026-08-31,10:04,Nübe Centro,Mostrador,Croissant,1,6000,Efectivo,C275
3982,2026-08-31,10:54,Nübe Centro,Mostrador,Capuchino,1,8500,Efectivo,C215
3982,2026-08-31,10:54,Nübe Centro,Mostrador,Tinto,1,3000,Efectivo,C215
3983,2026-08-31,09:29,Nübe Centro,Domicilio,Latte,1,9000,Tarjeta,C210
3984,2026-08-31,08:18,Nübe Centro,Mostrador,Americano,1,5000,Tarjeta,
3984,2026-08-31,08:18,Nübe Centro,Mostrador,Croissant,1,6000,Tarjeta,
3985,2026-08-31,07:47,Nübe Centro,Mostrador,Americano,1,5000,Efectivo,
3985,2026-08-31,07:47,Nübe Centro,Mostrador,Chocolate caliente,1,7500,Efectivo,
3985,2026-08-31,07:47,Nübe Centro,Mostrador,Croissant,1,6000,Efectivo,
3986,2026-08-31,07:17,Nübe Centro,Mostrador,Capuchino,1,8500,Tarjeta,
3986,2026-08-31,07:17,Nübe Centro,Mostrador,Croissant,1,6000,Tarjeta,
3987,2026-08-31,08:10,Nübe Centro,Domicilio,Capuchino,1,8500,Tarjeta,C077
3988,2026-08-31,09:36,Nübe Centro,Mostrador,Americano,1,5000,Efectivo,C094
3989,2026-08-31,17:34,Nübe Centro,Mostrador,Croissant de almendras,1,8000,Tarjeta,C275
3990,2026-08-31,12:50,Nübe Centro,Mostrador,Croissant,1,6000,Efectivo,
3991,2026-08-31,12:23,Nübe Centro,Mostrador,Capuchino,1,8500,Tarjeta,
3991,2026-08-31,12:23,Nübe Centro,Mostrador,Croissant,2,6000,Tarjeta,
3991,2026-08-31,12:23,Nübe Centro,Mostrador,Tinto,1,3000,Tarjeta,
3992,2026-08-31,06:43,Nübe Centro,Mostrador,Croissant de almendras,1,8000,Tarjeta,
3993,2026-08-31,09:30,Nübe Centro,Domicilio,Croissant de almendras,1,8000,Tarjeta,C255
3994,2026-08-31,11:48,Nübe Centro,Domicilio,Croissant,2,6000,Nequi,C190
3994,2026-08-31,11:48,Nübe Centro,Domicilio,Tinto,1,3000,Nequi,C190
3995,2026-08-31,07:03,Nübe Altico,Domicilio,Capuchino,1,8500,Nequi,
3996,2026-08-31,08:50,Nübe Altico,Mostrador,Chocolate caliente,2,7500,Efectivo,C089
3997,2026-08-31,09:56,Nübe Altico,Mostrador,Chocolate caliente,1,7500,Tarjeta,
3998,2026-08-31,09:52,Nübe Altico,Mostrador,Latte,1,9000,Efectivo,C140
3999,2026-08-31,18:51,Nübe Altico,Mostrador,Croissant de almendras,1,8000,Nequi,C141
3999,2026-08-31,18:51,Nübe Altico,Mostrador,Frappé de café,1,11000,Nequi,C141
3999,2026-08-31,18:51,Nübe Altico,Mostrador,Tinto,1,3000,Nequi,C141
4000,2026-08-31,10:04,Nübe Altico,Mostrador,Capuchino,1,8500,Efectivo,C281
4001,2026-08-31,17:28,Nübe Altico,Mostrador,Tinto,1,3000,Efectivo,
4002,2026-08-31,19:00,Nübe Altico,Domicilio,Capuchino,1,8500,Efectivo,C001
4003,2026-08-31,11:07,Nübe Altico,Mostrador,Frappé de café,1,11000,Efectivo,
4004,2026-08-31,14:08,Nübe Altico,Mostrador,Croissant de almendras,1,8000,Nequi,C283
4005,2026-08-31,10:09,Nübe Altico,Mostrador,Capuchino,1,8500,Efectivo,C295
4005,2026-08-31,10:09,Nübe Altico,Mostrador,Croissant,1,6000,Efectivo,C295
4006,2026-08-31,17:12,Nübe Altico,Mostrador,Capuchino,1,8500,Tarjeta,C008
4006,2026-08-31,17:12,Nübe Altico,Mostrador,Latte,2,9000,Tarjeta,C008
4007,2026-08-31,14:05,Nübe Altico,Mostrador,Capuchino,1,8500,Nequi,C061
4008,2026-08-31,19:47,Nübe Altico,Mostrador,Latte,1,9000,Nequi,C252
4009,2026-08-31,15:29,Nübe Altico,Mostrador,Chocolate caliente,1,7500,Sin dato,
4010,2026-08-31,07:12,Nübe Altico,Mostrador,Croissant,2,6000,Tarjeta,C184
4011,2026-08-31,20:07,Nübe Altico,Domicilio,Americano,3,5000,Nequi,
4011,2026-08-31,20:07,Nübe Altico,Domicilio,Tinto,2,3000,Nequi,
4012,2026-08-31,09:58,Nübe Altico,Mostrador,Croissant,1,6000,Tarjeta,C281
4013,2026-08-31,07:00,Nübe Altico,Domicilio,Croissant,1,6000,Nequi,
4014,2026-08-31,10:07,Nübe Altico,Domicilio,Croissant,1,6000,Tarjeta,C270
4014,2026-08-31,10:07,Nübe Altico,Domicilio,Tinto,1,3000,Tarjeta,C270
4015,2026-08-31,11:29,Nübe Altico,Domicilio,Croissant,2,6000,Tarjeta,
4016,2026-08-31,09:49,Nübe Altico,Mostrador,Capuchino,1,8500,Nequi,
4017,2026-08-31,08:45,Nübe Altico,Mostrador,Frappé de café,1,11000,Efectivo,C223
4017,2026-08-31,08:45,Nübe Altico,Mostrador,Latte,1,9000,Efectivo,C223
4018,2026-08-31,07:49,Nübe Altico,Mostrador,Americano,1,5000,Efectivo,C178
4018,2026-08-31,07:49,Nübe Altico,Mostrador,Croissant,1,6000,Efectivo,C178
4019,2026-08-31,07:31,Nübe Altico,Mostrador,Capuchino,1,8500,Efectivo,C018
4019,2026-08-31,07:31,Nübe Altico,Mostrador,Tinto,1,3000,Efectivo,C018
4020,2026-08-31,09:38,Nübe Altico,Mostrador,Americano,1,5000,Efectivo,C092
4021,2026-08-31,08:45,Nübe Altico,Domicilio,Americano,1,5000,Sin dato,C041
4022,2026-08-31,07:51,Nübe Altico,Mostrador,Capuchino,2,8500,Nequi,
4023,2026-08-31,20:03,Nübe Altico,Mostrador,Capuchino,1,8500,Efectivo,
4024,2026-08-31,06:38,Nübe Altico,Domicilio,Croissant,1,6000,Efectivo,
4025,2026-08-31,13:40,Nübe Altico,Mostrador,Capuchino,1,8500,Tarjeta,
4026,2026-08-31,13:16,Nübe Altico,Domicilio,Capuchino,1,8500,Efectivo,C021
4026,2026-08-31,13:16,Nübe Altico,Domicilio,Tinto,1,3000,Efectivo,C021
4027,2026-08-31,09:40,Nübe Altico,Mostrador,Croissant de almendras,1,8000,Nequi,C007
4028,2026-08-31,10:40,Nübe Altico,Domicilio,Croissant,1,6000,Efectivo,
4029,2026-08-31,19:51,Nübe Altico,Mostrador,Capuchino,1,8500,Efectivo,
4029,2026-08-31,19:51,Nübe Altico,Mostrador,Croissant de almendras,1,8000,Efectivo,
4030,2026-08-31,07:04,Nübe Altico,Mostrador,Chocolate caliente,1,7500,Efectivo,
4031,2026-08-31,15:25,Nübe Altico,Mostrador,Croissant,3,6000,Tarjeta,C121
4031,2026-08-31,15:25,Nübe Altico,Mostrador,Tinto,2,3000,Tarjeta,C121
4032,2026-08-31,09:55,Nübe Altico,Mostrador,Chocolate caliente,1,7500,Nequi,
4032,2026-08-31,09:55,Nübe Altico,Mostrador,Latte,1,9000,Nequi,
4033,2026-08-31,10:05,Nübe Altico,Mostrador,Americano,1,5000,Efectivo,
4033,2026-08-31,10:05,Nübe Altico,Mostrador,Latte,2,9000,Efectivo,
4034,2026-08-31,06:00,Nübe Altico,Mostrador,Latte,1,9000,Nequi,
4035,2026-08-31,10:21,Nübe Altico,Mostrador,Croissant de almendras,1,8000,Tarjeta,C004
4036,2026-08-31,08:55,Nübe Altico,Mostrador,Latte,1,9000,Nequi,
4037,2026-08-31,15:12,Nübe Altico,Mostrador,Frappé de café,1,11000,Nequi,C129
4038,2026-08-31,17:49,Nübe Altico,Mostrador,Latte,1,9000,Tarjeta,C174
4039,2026-08-31,15:51,Nübe Altico,Mostrador,Croissant,2,6000,Nequi,
4039,2026-08-31,15:51,Nübe Altico,Mostrador,Tinto,1,3000,Nequi,
4040,2026-08-31,16:43,Nübe Altico,Mostrador,Capuchino,1,8500,Nequi,
4040,2026-08-31,16:43,Nübe Altico,Mostrador,Latte,1,9000,Nequi,
4041,2026-08-31,16:23,Nübe Altico,Domicilio,Americano,1,5000,Sin dato,C203
4042,2026-08-31,18:16,Nübe Altico,Domicilio,Americano,1,5000,Nequi,C216
4042,2026-08-31,18:16,Nübe Altico,Domicilio,Croissant de almendras,2,8000,Nequi,C216
4042,2026-08-31,18:16,Nübe Altico,Domicilio,Latte,1,9000,Nequi,C216
4043,2026-08-31,08:17,Nübe Altico,Mostrador,Capuchino,1,8500,Nequi,C103
4043,2026-08-31,08:17,Nübe Altico,Mostrador,Croissant,1,6000,Nequi,C103
4043,2026-08-31,08:17,Nübe Altico,Mostrador,Latte,1,9000,Nequi,C103
4044,2026-08-31,15:45,Nübe Altico,Domicilio,Tinto,1,3000,Tarjeta,C075
4045,2026-08-31,12:59,Nübe Altico,Mostrador,Capuchino,1,8500,Efectivo,
4045,2026-08-31,12:59,Nübe Altico,Mostrador,Croissant de almendras,1,8000,Efectivo,
4046,2026-08-31,09:38,Nübe Altico,Mostrador,Croissant,1,6000,Nequi,
4046,2026-08-31,09:38,Nübe Altico,Mostrador,Tinto,1,3000,Nequi,
4047,2026-08-31,10:52,Nübe Altico,Mostrador,Capuchino,1,8500,Sin dato,
4048,2026-08-31,16:12,Nübe Altico,Mostrador,Capuchino,1,8500,Efectivo,
4049,2026-08-31,10:48,Nübe Altico,Mostrador,Americano,1,5000,Nequi,C163
4049,2026-08-31,10:48,Nübe Altico,Mostrador,Croissant,1,6000,Nequi,C163
4050,2026-08-31,09:58,Nübe Altico,Domicilio,Latte,2,9000,Nequi,C291
4051,2026-08-31,10:14,Nübe Altico,Domicilio,Americano,1,5000,Tarjeta,
4051,2026-08-31,10:14,Nübe Altico,Domicilio,Croissant,1,6000,Tarjeta,
4052,2026-09-01,09:09,Nübe Centro,Domicilio,Capuchino,1,8500,Tarjeta,
4053,2026-09-01,07:04,Nübe Centro,Mostrador,Capuchino,2,8500,Efectivo,
4054,2026-09-01,18:04,Nübe Centro,Mostrador,Croissant,1,6000,Tarjeta,C201
4055,2026-09-01,17:39,Nübe Centro,Mostrador,Croissant,1,6000,Tarjeta,C069
4055,2026-09-01,17:39,Nübe Centro,Mostrador,Croissant de almendras,3,8000,Tarjeta,C069
4056,2026-09-01,12:09,Nübe Centro,Mostrador,Capuchino,1,8500,Efectivo,C219
4056,2026-09-01,12:09,Nübe Centro,Mostrador,Croissant,1,6000,Efectivo,C219
4056,2026-09-01,12:09,Nübe Centro,Mostrador,Croissant de almendras,2,8000,Efectivo,C219
4057,2026-09-01,15:52,Nübe Centro,Mostrador,Chocolate caliente,2,7500,Tarjeta,C214
4058,2026-09-01,12:57,Nübe Centro,Mostrador,Capuchino,1,8500,Efectivo,
4059,2026-09-01,16:38,Nübe Centro,Mostrador,Latte,1,9000,Nequi,
4060,2026-09-01,17:46,Nübe Centro,Mostrador,Croissant,1,6000,Sin dato,
4061,2026-09-01,15:30,Nübe Centro,Mostrador,Croissant de almendras,1,8000,Sin dato,C240
4062,2026-09-01,13:39,Nübe Centro,Mostrador,Croissant de almendras,1,8000,Sin dato,C150
4063,2026-09-01,09:56,Nübe Centro,Mostrador,Croissant,1,6000,Nequi,
4064,2026-09-01,11:20,Nübe Centro,Domicilio,Chocolate caliente,1,7500,Tarjeta,
4065,2026-09-01,16:53,Nübe Centro,Domicilio,Americano,1,5000,Tarjeta,
4065,2026-09-01,16:53,Nübe Centro,Domicilio,Chocolate caliente,1,7500,Tarjeta,
4066,2026-09-01,07:07,Nübe Centro,Mostrador,Capuchino,1,8500,Sin dato,C125
4066,2026-09-01,07:07,Nübe Centro,Mostrador,Tinto,2,3000,Efectivo,C125
4067,2026-09-01,08:29,Nübe Centro,Mostrador,Croissant,1,6000,Nequi,
4068,2026-09-01,09:54,Nübe Centro,Mostrador,Latte,1,9000,Tarjeta,
4068,2026-09-01,09:54,Nübe Centro,Mostrador,Tinto,2,3000,Tarjeta,
4069,2026-09-01,16:31,Nübe Centro,Mostrador,Croissant,1,6000,Tarjeta,C159
4070,2026-09-01,10:36,Nübe Centro,Mostrador,Croissant de almendras,1,8000,Nequi,
4071,2026-09-01,13:57,Nübe Centro,Mostrador,Americano,2,5000,Efectivo,C067
4072,2026-09-01,08:55,Nübe Centro,Mostrador,Croissant,1,6000,Nequi,C280
4072,2026-09-01,08:55,Nübe Centro,Mostrador,Tinto,1,3000,Nequi,C280
4073,2026-09-01,08:04,Nübe Centro,Domicilio,Americano,1,5000,Nequi,C125
4074,2026-09-01,06:19,Nübe Centro,Domicilio,Capuchino,1,8500,Tarjeta,
4075,2026-09-01,15:06,Nübe Centro,Mostrador,Croissant,2,6000,Nequi,C160
4076,2026-09-01,16:06,Nübe Centro,Mostrador,Croissant,1,6000,Sin dato,
4076,2026-09-01,16:06,Nübe Centro,Mostrador,Tinto,1,3000,Tarjeta,
4077,2026-09-01,17:38,Nübe Centro,Mostrador,Tinto,1,3000,Efectivo,
4078,2026-09-01,17:53,Nübe Centro,Mostrador,Capuchino,2,8500,Efectivo,C266
4078,2026-09-01,17:53,Nübe Centro,Mostrador,Frappé de café,2,11000,Efectivo,C266
4078,2026-09-01,17:53,Nübe Centro,Mostrador,Latte,1,9000,Efectivo,C266
4079,2026-09-01,15:39,Nübe Centro,Mostrador,Americano,1,5000,Tarjeta,
4079,2026-09-01,15:39,Nübe Centro,Mostrador,Croissant,1,6000,Tarjeta,
4079,2026-09-01,15:39,Nübe Centro,Mostrador,Frappé de café,3,11000,Tarjeta,
4080,2026-09-01,07:49,Nübe Centro,Mostrador,Capuchino,2,8500,Tarjeta,C012
4080,2026-09-01,07:49,Nübe Centro,Mostrador,Croissant de almendras,1,8000,Tarjeta,C012
4081,2026-09-01,15:52,Nübe Centro,Domicilio,Capuchino,2,8500,Tarjeta,C093
4082,2026-09-01,19:45,Nübe Centro,Mostrador,Croissant de almendras,1,8000,Tarjeta,
4083,2026-09-01,09:10,Nübe Centro,Mostrador,Chocolate caliente,1,7500,Tarjeta,
4084,2026-09-01,13:39,Nübe Centro,Mostrador,Croissant de almendras,1,8000,Nequi,
4085,2026-09-01,07:59,Nübe Centro,Mostrador,Croissant,1,6000,Efectivo,C251
4085,2026-09-01,07:59,Nübe Centro,Mostrador,Frappé de café,1,11000,Efectivo,C251
4086,2026-09-01,17:33,Nübe Centro,Mostrador,Croissant,1,6000,Efectivo,
4086,2026-09-01,17:33,Nübe Centro,Mostrador,Tinto,1,3000,Efectivo,
4087,2026-09-01,08:02,Nübe Centro,Mostrador,Croissant,1,6000,Nequi,C214
4087,2026-09-01,08:02,Nübe Centro,Mostrador,Tinto,1,3000,Nequi,C214
4088,2026-09-01,08:09,Nübe Centro,Mostrador,Latte,2,9000,Efectivo,
4089,2026-09-01,07:53,Nübe Centro,Domicilio,Americano,1,5000,Sin dato,C041
4089,2026-09-01,07:53,Nübe Centro,Domicilio,Capuchino,1,8500,Efectivo,C041
4089,2026-09-01,07:53,Nübe Centro,Domicilio,Tinto,1,3000,Efectivo,C041
4090,2026-09-01,10:24,Nübe Centro,Mostrador,Tinto,1,3000,Efectivo,C259
4091,2026-09-01,16:32,Nübe Centro,Mostrador,Tinto,1,3000,Nequi,
4092,2026-09-01,12:54,Nübe Centro,Mostrador,Croissant de almendras,1,8000,Nequi,C255
4092,2026-09-01,12:54,Nübe Centro,Mostrador,Tinto,1,3000,Nequi,C255
4093,2026-09-01,14:50,Nübe Centro,Domicilio,Capuchino,1,8500,Efectivo,
4093,2026-09-01,14:50,Nübe Centro,Domicilio,Croissant,1,6000,Efectivo,
4093,2026-09-01,14:50,Nübe Centro,Domicilio,Croissant de almendras,1,8000,Efectivo,
4094,2026-09-01,12:47,Nübe Centro,Mostrador,Croissant de almendras,1,8000,Efectivo,C097
4095,2026-09-01,11:40,Nübe Centro,Mostrador,Croissant,2,6000,Nequi,
4095,2026-09-01,11:40,Nübe Centro,Mostrador,Latte,1,9000,Nequi,
4095,2026-09-01,11:40,Nübe Centro,Mostrador,Tinto,1,3000,Nequi,
4096,2026-09-01,09:10,Nübe Centro,Mostrador,Tinto,1,3000,Nequi,C002
4097,2026-09-01,10:10,Nübe Centro,Mostrador,Croissant,2,6000,Efectivo,C283
4098,2026-09-01,10:23,Nübe Centro,Mostrador,Croissant,1,6000,Tarjeta,
4098,2026-09-01,10:23,Nübe Centro,Mostrador,Croissant de almendras,1,8000,Tarjeta,
4099,2026-09-01,08:59,Nübe Centro,Domicilio,Tinto,1,3000,Nequi,
4100,2026-09-01,16:41,Nübe Centro,Domicilio,Latte,1,9000,Nequi,
4100,2026-09-01,16:41,Nübe Centro,Domicilio,Tinto,1,3000,Nequi,
4101,2026-09-01,16:59,Nübe Centro,Mostrador,Croissant,1,6000,Efectivo,
4101,2026-09-01,16:59,Nübe Centro,Mostrador,Tinto,1,3000,Efectivo,
4102,2026-09-01,12:29,Nübe Centro,Domicilio,Croissant,1,6000,Efectivo,
4103,2026-09-01,19:14,Nübe Centro,Mostrador,Capuchino,1,8500,Tarjeta,C010
4104,2026-09-01,19:02,Nübe Centro,Domicilio,Chocolate caliente,1,7500,Nequi,
4104,2026-09-01,19:02,Nübe Centro,Domicilio,Tinto,1,3000,Nequi,
4105,2026-09-01,09:46,Nübe Centro,Mostrador,Capuchino,1,8500,Tarjeta,
4106,2026-09-01,13:28,Nübe Centro,Mostrador,Chocolate caliente,1,7500,Nequi,
4106,2026-09-01,13:28,Nübe Centro,Mostrador,Tinto,1,3000,Sin dato,
4107,2026-09-01,19:34,Nübe Centro,Mostrador,Frappé de café,1,11000,Efectivo,C078
4108,2026-09-01,12:27,Nübe Centro,Mostrador,Americano,1,5000,Tarjeta,C269
4109,2026-09-01,19:01,Nübe Centro,Mostrador,Americano,1,5000,Efectivo,
4110,2026-09-01,08:18,Nübe Centro,Mostrador,Chocolate caliente,1,7500,Tarjeta,C052
4111,2026-09-01,09:34,Nübe Centro,Mostrador,Croissant,1,6000,Efectivo,
4111,2026-09-01,09:34,Nübe Centro,Mostrador,Latte,1,9000,Efectivo,
4112,2026-09-01,07:32,Nübe Centro,Domicilio,Americano,1,5000,Efectivo,
4112,2026-09-01,07:32,Nübe Centro,Domicilio,Croissant,1,6000,Efectivo,
4112,2026-09-01,07:32,Nübe Centro,Domicilio,Croissant de almendras,3,8000,Sin dato,
4113,2026-09-01,06:56,Nübe Centro,Mostrador,Croissant,2,6000,Nequi,
4113,2026-09-01,06:56,Nübe Centro,Mostrador,Tinto,2,3000,Nequi,
4114,2026-09-01,12:43,Nübe Centro,Mostrador,Croissant,2,6000,Tarjeta,
4115,2026-09-01,07:58,Nübe Centro,Mostrador,Americano,1,5000,Tarjeta,C216
4115,2026-09-01,07:58,Nübe Centro,Mostrador,Tinto,1,3000,Tarjeta,C216
4116,2026-09-01,18:40,Nübe Centro,Mostrador,Croissant,1,6000,Nequi,
4117,2026-09-01,09:30,Nübe Centro,Mostrador,Croissant,1,6000,Sin dato,C134
4118,2026-09-01,10:29,Nübe Centro,Mostrador,Capuchino,1,8500,Tarjeta,C133
4119,2026-09-01,08:27,Nübe Centro,Mostrador,Tinto,1,3000,Tarjeta,C273
4120,2026-09-01,10:40,Nübe Centro,Mostrador,Capuchino,1,8500,Efectivo,C274
4120,2026-09-01,10:40,Nübe Centro,Mostrador,Tinto,1,3000,Efectivo,C274
4121,2026-09-01,16:16,Nübe Centro,Domicilio,Americano,1,5000,Efectivo,C264
4121,2026-09-01,16:16,Nübe Centro,Domicilio,Latte,2,9000,Efectivo,C264
4121,2026-09-01,16:16,Nübe Centro,Domicilio,Tinto,1,3000,Efectivo,C264
4122,2026-09-01,09:30,Nübe Centro,Mostrador,Capuchino,1,8500,Tarjeta,C251
4123,2026-09-01,12:30,Nübe Centro,Mostrador,Latte,1,9000,Tarjeta,
4124,2026-09-01,14:11,Nübe Centro,Mostrador,Capuchino,1,8500,Tarjeta,
4125,2026-09-01,10:55,Nübe Centro,Mostrador,Croissant,1,6000,Efectivo,
4126,2026-09-01,09:54,Nübe Centro,Mostrador,Capuchino,2,8500,Tarjeta,
4127,2026-09-01,17:40,Nübe Centro,Mostrador,Americano,1,5000,Nequi,
4128,2026-09-01,15:57,Nübe Centro,Mostrador,Capuchino,1,8500,Efectivo,
4129,2026-09-01,15:16,Nübe Centro,Mostrador,Croissant,1,6000,Nequi,
4130,2026-09-01,09:50,Nübe Centro,Mostrador,Capuchino,1,8500,Nequi,C020
4130,2026-09-01,09:50,Nübe Centro,Mostrador,Croissant,1,6000,Nequi,C020
4131,2026-09-01,12:03,Nübe Centro,Mostrador,Latte,1,9000,Tarjeta,
4132,2026-09-01,11:52,Nübe Centro,Mostrador,Latte,1,9000,Efectivo,
4133,2026-09-01,13:17,Nübe Altico,Mostrador,Frappé de café,1,11000,Tarjeta,
4134,2026-09-01,18:53,Nübe Altico,Mostrador,Frappé de café,1,11000,Nequi,
4135,2026-09-01,17:45,Nübe Altico,Domicilio,Capuchino,1,8500,Tarjeta,
4135,2026-09-01,17:45,Nübe Altico,Domicilio,Chocolate caliente,1,7500,Tarjeta,
4136,2026-09-01,16:23,Nübe Altico,Mostrador,Capuchino,2,8500,Tarjeta,C218
4137,2026-09-01,15:31,Nübe Altico,Mostrador,Tinto,2,3000,Efectivo,
4138,2026-09-01,08:10,Nübe Altico,Mostrador,Croissant de almendras,1,8000,Efectivo,C108
4139,2026-09-01,08:39,Nübe Altico,Mostrador,Tinto,1,3000,Efectivo,
4140,2026-09-01,09:22,Nübe Altico,Mostrador,Croissant,1,6000,Efectivo,C073
4140,2026-09-01,09:22,Nübe Altico,Mostrador,Latte,1,9000,Efectivo,C073
4141,2026-09-01,12:34,Nübe Altico,Mostrador,Americano,1,5000,Efectivo,C093
4142,2026-09-01,16:51,Nübe Altico,Mostrador,Chocolate caliente,1,7500,Nequi,
4143,2026-09-01,07:30,Nübe Altico,Mostrador,Chocolate caliente,1,7500,Tarjeta,
4143,2026-09-01,07:30,Nübe Altico,Mostrador,Croissant,1,6000,Tarjeta,
4143,2026-09-01,07:30,Nübe Altico,Mostrador,Tinto,1,3000,Tarjeta,
4144,2026-09-01,12:12,Nübe Altico,Mostrador,Chocolate caliente,1,7500,Tarjeta,
4145,2026-09-01,08:42,Nübe Altico,Mostrador,Croissant de almendras,2,8000,Nequi,
4146,2026-09-01,06:46,Nübe Altico,Mostrador,Americano,1,5000,Tarjeta,C093
4147,2026-09-01,15:41,Nübe Altico,Mostrador,Americano,2,5000,Nequi,C150
4147,2026-09-01,15:41,Nübe Altico,Mostrador,Croissant,1,6000,Nequi,C150
4148,2026-09-01,09:53,Nübe Altico,Domicilio,Croissant,3,6000,Tarjeta,
4149,2026-09-01,19:18,Nübe Altico,Mostrador,Croissant,2,6000,Efectivo,C194
4150,2026-09-01,07:56,Nübe Altico,Mostrador,Croissant de almendras,1,8000,Efectivo,
4151,2026-09-01,10:48,Nübe Altico,Mostrador,Tinto,2,3000,Efectivo,C006
4152,2026-09-01,08:26,Nübe Altico,Mostrador,Latte,1,9000,Nequi,C144
4153,2026-09-01,10:51,Nübe Altico,Mostrador,Tinto,2,3000,Nequi,
4154,2026-09-01,11:57,Nübe Altico,Mostrador,Americano,1,5000,Tarjeta,C102
4154,2026-09-01,11:57,Nübe Altico,Mostrador,Capuchino,1,8500,Tarjeta,C102
4154,2026-09-01,11:57,Nübe Altico,Mostrador,Chocolate caliente,1,7500,Tarjeta,C102
4155,2026-09-01,06:47,Nübe Altico,Mostrador,Capuchino,1,8500,Efectivo,
4156,2026-09-01,10:41,Nübe Altico,Mostrador,Capuchino,1,8500,Efectivo,
4156,2026-09-01,10:41,Nübe Altico,Mostrador,Croissant,1,6000,Efectivo,
4157,2026-09-01,09:11,Nübe Altico,Domicilio,Croissant,1,6000,Tarjeta,
4157,2026-09-01,09:11,Nübe Altico,Domicilio,Latte,1,9000,Tarjeta,
4158,2026-09-01,08:26,Nübe Altico,Domicilio,Croissant,1,6000,Nequi,C295
4159,2026-09-01,15:44,Nübe Altico,Domicilio,Chocolate caliente,1,7500,Tarjeta,
4159,2026-09-01,15:44,Nübe Altico,Domicilio,Tinto,1,3000,Tarjeta,
4160,2026-09-01,15:22,Nübe Altico,Mostrador,Capuchino,1,8500,Nequi,C228
4161,2026-09-01,07:29,Nübe Altico,Domicilio,Croissant,2,6000,Efectivo,
4161,2026-09-01,07:29,Nübe Altico,Domicilio,Tinto,1,3000,Efectivo,
4162,2026-09-01,08:19,Nübe Altico,Domicilio,Tinto,2,3000,Tarjeta,C293
4163,2026-09-01,20:17,Nübe Altico,Mostrador,Americano,1,5000,Nequi,C123
4163,2026-09-01,20:17,Nübe Altico,Mostrador,Latte,1,9000,Nequi,C123
4164,2026-09-01,17:50,Nübe Altico,Mostrador,Americano,1,5000,Nequi,C266
4164,2026-09-01,17:50,Nübe Altico,Mostrador,Capuchino,2,8500,Nequi,C266
4164,2026-09-01,17:50,Nübe Altico,Mostrador,Croissant,1,6000,Nequi,C266
4165,2026-09-01,14:05,Nübe Altico,Domicilio,Croissant,1,6000,Nequi,
4166,2026-09-01,11:08,Nübe Altico,Mostrador,Croissant,2,6000,Sin dato,
4167,2026-09-01,09:36,Nübe Altico,Domicilio,Latte,1,9000,Nequi,C006
4168,2026-09-01,09:04,Nübe Altico,Mostrador,Americano,1,5000,Efectivo,
4168,2026-09-01,09:04,Nübe Altico,Mostrador,Chocolate caliente,1,7500,Efectivo,
4168,2026-09-01,09:04,Nübe Altico,Mostrador,Croissant de almendras,2,8000,Efectivo,
4169,2026-09-01,09:54,Nübe Altico,Mostrador,Capuchino,1,8500,Tarjeta,
4169,2026-09-01,09:54,Nübe Altico,Mostrador,Tinto,2,3000,Tarjeta,
4170,2026-09-01,09:15,Nübe Altico,Mostrador,Tinto,1,3000,Efectivo,C068
4171,2026-09-01,06:42,Nübe Altico,Mostrador,Tinto,1,3000,Nequi,
4172,2026-09-01,06:46,Nübe Altico,Mostrador,Croissant,1,6000,Tarjeta,
4173,2026-09-01,11:21,Nübe Altico,Mostrador,Tinto,2,3000,Tarjeta,
4174,2026-09-01,15:50,Nübe Altico,Mostrador,Americano,2,5000,Efectivo,C286
4175,2026-09-01,16:02,Nübe Altico,Mostrador,Croissant,1,6000,Efectivo,C167
4176,2026-09-01,16:27,Nübe Altico,Mostrador,Capuchino,2,8500,Nequi,
4177,2026-09-01,13:02,Nübe Altico,Mostrador,Capuchino,1,8500,Efectivo,
4178,2026-09-02,18:54,Nübe Centro,Mostrador,Americano,1,5000,Efectivo,C093
4179,2026-09-02,19:10,Nübe Centro,Mostrador,Capuchino,1,8500,Efectivo,
4179,2026-09-02,19:10,Nübe Centro,Mostrador,Croissant de almendras,1,8000,Efectivo,
4179,2026-09-02,19:10,Nübe Centro,Mostrador,Tinto,1,3000,Efectivo,
4180,2026-09-02,07:08,Nübe Centro,Mostrador,Tinto,1,3000,Tarjeta,
4181,2026-09-02,10:45,Nübe Centro,Mostrador,Americano,1,5000,Nequi,
4182,2026-09-02,10:13,Nübe Centro,Mostrador,Chocolate caliente,1,7500,Efectivo,
4183,2026-09-02,12:05,Nübe Centro,Mostrador,Croissant,1,6000,Efectivo,C202
4183,2026-09-02,12:05,Nübe Centro,Mostrador,Tinto,1,3000,Efectivo,C202
4184,2026-09-02,08:47,Nübe Centro,Mostrador,Chocolate caliente,1,7500,Nequi,C277
4184,2026-09-02,08:47,Nübe Centro,Mostrador,Tinto,1,3000,Nequi,C277
4185,2026-09-02,06:31,Nübe Centro,Mostrador,Croissant,1,6000,Nequi,
4186,2026-09-02,07:48,Nübe Centro,Mostrador,Americano,1,5000,Tarjeta,C271
4186,2026-09-02,07:48,Nübe Centro,Mostrador,Tinto,1,3000,Tarjeta,C271
4187,2026-09-02,10:11,Nübe Centro,Mostrador,Latte,1,9000,Nequi,
4188,2026-09-02,07:09,Nübe Centro,Mostrador,Capuchino,1,8500,Nequi,
4188,2026-09-02,07:09,Nübe Centro,Mostrador,Latte,1,9000,Nequi,
4189,2026-09-02,09:44,Nübe Centro,Mostrador,Capuchino,1,8500,Nequi,
4190,2026-09-02,07:43,Nübe Centro,Domicilio,Capuchino,1,8500,Efectivo,
4191,2026-09-02,15:31,Nübe Centro,Mostrador,Americano,3,5000,Sin dato,
4191,2026-09-02,15:31,Nübe Centro,Mostrador,Capuchino,1,8500,Tarjeta,
4191,2026-09-02,15:31,Nübe Centro,Mostrador,Latte,1,9000,Tarjeta,
4192,2026-09-02,17:26,Nübe Centro,Mostrador,Chocolate caliente,1,7500,Nequi,
4193,2026-09-02,15:53,Nübe Centro,Mostrador,Americano,1,5000,Efectivo,
4194,2026-09-02,17:59,Nübe Centro,Mostrador,Americano,1,5000,Tarjeta,
4195,2026-09-02,09:38,Nübe Centro,Mostrador,Croissant,1,6000,Nequi,
4196,2026-09-02,09:20,Nübe Centro,Domicilio,Capuchino,1,8500,Efectivo,C091
4196,2026-09-02,09:20,Nübe Centro,Domicilio,Croissant,1,6000,Efectivo,C091
4196,2026-09-02,09:20,Nübe Centro,Domicilio,Tinto,1,3000,Efectivo,C091
4197,2026-09-02,15:08,Nübe Centro,Domicilio,Americano,1,5000,Efectivo,C064
4197,2026-09-02,15:08,Nübe Centro,Domicilio,Capuchino,3,8500,Efectivo,C064
4197,2026-09-02,15:08,Nübe Centro,Domicilio,Frappé de café,1,11000,Efectivo,C064
4198,2026-09-02,15:20,Nübe Centro,Mostrador,Croissant de almendras,2,8000,Efectivo,
4198,2026-09-02,15:20,Nübe Centro,Mostrador,Tinto,1,3000,Efectivo,
4199,2026-09-02,17:47,Nübe Centro,Mostrador,Tinto,1,3000,Efectivo,C278
4200,2026-09-02,15:33,Nübe Centro,Mostrador,Croissant de almendras,1,8000,Efectivo,
4200,2026-09-02,15:33,Nübe Centro,Mostrador,Frappé de café,1,11000,Efectivo,
4201,2026-09-02,17:49,Nübe Centro,Domicilio,Chocolate caliente,1,7500,Efectivo,
4201,2026-09-02,17:49,Nübe Centro,Domicilio,Frappé de café,1,11000,Efectivo,
4202,2026-09-02,20:46,Nübe Centro,Domicilio,Americano,2,5000,Nequi,C251
4203,2026-09-02,09:36,Nübe Centro,Domicilio,Chocolate caliente,1,7500,Nequi,
4204,2026-09-02,07:29,Nübe Centro,Mostrador,Capuchino,1,8500,Nequi,
4204,2026-09-02,07:29,Nübe Centro,Mostrador,Latte,1,9000,Nequi,
4205,2026-09-02,17:31,Nübe Centro,Domicilio,Croissant,1,6000,Tarjeta,C264
4206,2026-09-02,10:39,Nübe Centro,Mostrador,Capuchino,1,8500,Efectivo,
4206,2026-09-02,10:39,Nübe Centro,Mostrador,Croissant de almendras,2,8000,Efectivo,
4207,2026-09-02,20:01,Nübe Centro,Mostrador,Capuchino,1,8500,Efectivo,
4207,2026-09-02,20:01,Nübe Centro,Mostrador,Latte,1,9000,Efectivo,
4208,2026-09-02,20:56,Nübe Centro,Mostrador,Capuchino,1,8500,Tarjeta,C201
4208,2026-09-02,20:56,Nübe Centro,Mostrador,Tinto,1,3000,Tarjeta,C201
4209,2026-09-02,11:43,Nübe Centro,Mostrador,Latte,1,9000,Efectivo,
4210,2026-09-02,06:32,Nübe Centro,Mostrador,Latte,1,9000,Nequi,
4210,2026-09-02,06:32,Nübe Centro,Mostrador,Tinto,2,3000,Nequi,
4211,2026-09-02,10:24,Nübe Centro,Mostrador,Americano,1,5000,Nequi,
4211,2026-09-02,10:24,Nübe Centro,Mostrador,Croissant,1,6000,Nequi,
4212,2026-09-02,09:16,Nübe Centro,Mostrador,Americano,1,5000,Efectivo,
4212,2026-09-02,09:16,Nübe Centro,Mostrador,Croissant,1,6000,Efectivo,
4213,2026-09-02,09:46,Nübe Centro,Mostrador,Capuchino,1,8500,Efectivo,
4214,2026-09-02,09:04,Nübe Centro,Mostrador,Americano,1,5000,Sin dato,
4214,2026-09-02,09:04,Nübe Centro,Mostrador,Tinto,3,3000,Efectivo,
4215,2026-09-02,13:34,Nübe Centro,Domicilio,Chocolate caliente,1,7500,Nequi,
4216,2026-09-02,16:17,Nübe Centro,Mostrador,Tinto,1,3000,Efectivo,
4217,2026-09-02,10:50,Nübe Centro,Domicilio,Americano,1,5000,Efectivo,
4217,2026-09-02,10:50,Nübe Centro,Domicilio,Croissant,1,6000,Efectivo,
4218,2026-09-02,09:56,Nübe Centro,Mostrador,Croissant,1,6000,Nequi,
4219,2026-09-02,12:07,Nübe Centro,Domicilio,Capuchino,1,8500,Efectivo,C210
4219,2026-09-02,12:07,Nübe Centro,Domicilio,Croissant de almendras,1,8000,Efectivo,C210
4220,2026-09-02,19:14,Nübe Centro,Mostrador,Americano,1,5000,Efectivo,
4221,2026-09-02,09:50,Nübe Centro,Mostrador,Capuchino,2,8500,Efectivo,
4221,2026-09-02,09:50,Nübe Centro,Mostrador,Tinto,1,3000,Efectivo,
4222,2026-09-02,08:45,Nübe Centro,Mostrador,Capuchino,3,8500,Nequi,C018
4222,2026-09-02,08:45,Nübe Centro,Mostrador,Frappé de café,1,11000,Nequi,C018
4223,2026-09-02,12:53,Nübe Centro,Mostrador,Croissant de almendras,1,8000,Efectivo,
4224,2026-09-02,10:15,Nübe Centro,Domicilio,Chocolate caliente,2,7500,Tarjeta,
4225,2026-09-02,08:03,Nübe Centro,Mostrador,Croissant,1,6000,Nequi,
4225,2026-09-02,08:03,Nübe Centro,Mostrador,Latte,1,9000,Nequi,
4226,2026-09-02,13:55,Nübe Centro,Mostrador,Latte,2,9000,Efectivo,
4226,2026-09-02,13:55,Nübe Centro,Mostrador,Tinto,1,3000,Efectivo,
4227,2026-09-02,09:17,Nübe Centro,Domicilio,Croissant,1,6000,Tarjeta,
4227,2026-09-02,09:17,Nübe Centro,Domicilio,Latte,1,9000,Tarjeta,
4228,2026-09-02,14:03,Nübe Centro,Mostrador,Americano,1,5000,Nequi,C048
4228,2026-09-02,14:03,Nübe Centro,Mostrador,Capuchino,1,8500,Nequi,C048
4229,2026-09-02,06:24,Nübe Centro,Mostrador,Tinto,1,3000,Sin dato,
4230,2026-09-02,07:20,Nübe Centro,Mostrador,Latte,1,9000,Efectivo,C120
4231,2026-09-02,13:30,Nübe Centro,Mostrador,Croissant,1,6000,Nequi,C112
4231,2026-09-02,13:30,Nübe Centro,Mostrador,Tinto,1,3000,Nequi,C112
4232,2026-09-02,09:50,Nübe Centro,Mostrador,Croissant,2,6000,Tarjeta,
4232,2026-09-02,09:50,Nübe Centro,Mostrador,Croissant de almendras,1,8000,Tarjeta,
4233,2026-09-02,14:54,Nübe Centro,Mostrador,Latte,1,9000,Efectivo,
4234,2026-09-02,07:29,Nübe Centro,Mostrador,Capuchino,2,8500,Nequi,C258
4235,2026-09-02,08:47,Nübe Centro,Mostrador,Croissant,1,6000,Nequi,
4235,2026-09-02,08:47,Nübe Centro,Mostrador,Tinto,1,3000,Nequi,
4236,2026-09-02,18:09,Nübe Centro,Mostrador,Capuchino,1,8500,Nequi,C120
4236,2026-09-02,18:09,Nübe Centro,Mostrador,Latte,1,9000,Nequi,C120
4237,2026-09-02,18:03,Nübe Centro,Mostrador,Croissant de almendras,1,8000,Nequi,C063
4238,2026-09-02,07:37,Nübe Centro,Domicilio,Capuchino,2,8500,Efectivo,C001
4239,2026-09-02,17:09,Nübe Centro,Mostrador,Tinto,3,3000,Nequi,C253
4240,2026-09-02,07:00,Nübe Centro,Domicilio,Capuchino,2,8500,Tarjeta,
4240,2026-09-02,07:00,Nübe Centro,Domicilio,Frappé de café,1,11000,Tarjeta,
4241,2026-09-02,13:29,Nübe Centro,Mostrador,Croissant de almendras,1,8000,Tarjeta,
4241,2026-09-02,13:29,Nübe Centro,Mostrador,Tinto,1,3000,Tarjeta,
4242,2026-09-02,09:48,Nübe Centro,Domicilio,Americano,1,5000,Tarjeta,C245
4243,2026-09-02,17:39,Nübe Centro,Mostrador,Croissant,1,6000,Efectivo,
4244,2026-09-02,07:06,Nübe Centro,Mostrador,Chocolate caliente,1,7500,Tarjeta,
4245,2026-09-02,08:00,Nübe Centro,Mostrador,Capuchino,2,8500,Efectivo,C096
4245,2026-09-02,08:00,Nübe Centro,Mostrador,Croissant,1,6000,Efectivo,C096
4246,2026-09-02,16:40,Nübe Centro,Mostrador,Americano,1,5000,Nequi,
4246,2026-09-02,16:40,Nübe Centro,Mostrador,Croissant,2,6000,Nequi,
4247,2026-09-02,16:38,Nübe Centro,Mostrador,Frappé de café,3,11000,Efectivo,C073
4248,2026-09-02,17:46,Nübe Centro,Mostrador,Capuchino,1,8500,Tarjeta,C173
4249,2026-09-02,06:21,Nübe Centro,Domicilio,Tinto,1,3000,Nequi,
4250,2026-09-02,09:03,Nübe Centro,Mostrador,Latte,1,9000,Efectivo,C044
4251,2026-09-02,09:44,Nübe Centro,Mostrador,Capuchino,1,8500,Tarjeta,
4252,2026-09-02,18:19,Nübe Centro,Mostrador,Americano,3,5000,Nequi,
4252,2026-09-02,18:19,Nübe Centro,Mostrador,Capuchino,1,8500,Nequi,
4252,2026-09-02,18:19,Nübe Centro,Mostrador,Croissant,1,6000,Nequi,
4253,2026-09-02,19:43,Nübe Centro,Mostrador,Capuchino,1,8500,Nequi,
4253,2026-09-02,19:43,Nübe Centro,Mostrador,Tinto,1,3000,Nequi,
4254,2026-09-02,15:57,Nübe Centro,Mostrador,Latte,1,9000,Efectivo,
4255,2026-09-02,15:23,Nübe Centro,Mostrador,Americano,2,5000,Nequi,
4255,2026-09-02,15:23,Nübe Centro,Mostrador,Frappé de café,1,11000,Nequi,
4256,2026-09-02,18:19,Nübe Centro,Mostrador,Croissant,2,6000,Tarjeta,C102
4257,2026-09-02,06:31,Nübe Altico,Domicilio,Capuchino,1,8500,Nequi,
4258,2026-09-02,08:30,Nübe Altico,Domicilio,Capuchino,1,8500,Nequi,C261
4259,2026-09-02,16:50,Nübe Altico,Mostrador,Tinto,1,3000,Tarjeta,
4260,2026-09-02,18:50,Nübe Altico,Domicilio,Latte,1,9000,Efectivo,
4260,2026-09-02,18:50,Nübe Altico,Domicilio,Tinto,1,3000,Efectivo,
4261,2026-09-02,09:39,Nübe Altico,Domicilio,Chocolate caliente,1,7500,Tarjeta,C174
4261,2026-09-02,09:39,Nübe Altico,Domicilio,Tinto,3,3000,Sin dato,C174
4262,2026-09-02,10:32,Nübe Altico,Mostrador,Tinto,1,3000,Nequi,
4263,2026-09-02,09:19,Nübe Altico,Mostrador,Latte,1,9000,Efectivo,
4264,2026-09-02,14:49,Nübe Altico,Mostrador,Croissant de almendras,1,8000,Tarjeta,
4264,2026-09-02,14:49,Nübe Altico,Mostrador,Latte,1,9000,Tarjeta,
4265,2026-09-02,17:52,Nübe Altico,Mostrador,Chocolate caliente,3,7500,Efectivo,
4265,2026-09-02,17:52,Nübe Altico,Mostrador,Frappé de café,1,11000,Efectivo,
4266,2026-09-02,09:52,Nübe Altico,Domicilio,Croissant,1,6000,Efectivo,
4267,2026-09-02,13:56,Nübe Altico,Mostrador,Capuchino,1,8500,Nequi,
4267,2026-09-02,13:56,Nübe Altico,Mostrador,Tinto,1,3000,Nequi,
4268,2026-09-02,16:07,Nübe Altico,Domicilio,Capuchino,1,8500,Nequi,
4268,2026-09-02,16:07,Nübe Altico,Domicilio,Frappé de café,1,11000,Nequi,
4268,2026-09-02,16:07,Nübe Altico,Domicilio,Tinto,2,3000,Nequi,
4269,2026-09-02,10:06,Nübe Altico,Mostrador,Capuchino,2,8500,Efectivo,
4269,2026-09-02,10:06,Nübe Altico,Mostrador,Tinto,1,3000,Efectivo,
4270,2026-09-02,13:36,Nübe Altico,Mostrador,Capuchino,1,8500,Efectivo,
4270,2026-09-02,13:36,Nübe Altico,Mostrador,Tinto,1,3000,Efectivo,
4271,2026-09-02,11:16,Nübe Altico,Mostrador,Latte,1,9000,Tarjeta,
4272,2026-09-02,08:26,Nübe Altico,Mostrador,Tinto,1,3000,Tarjeta,C202
4273,2026-09-02,08:44,Nübe Altico,Domicilio,Capuchino,1,8500,Efectivo,
4274,2026-09-02,08:29,Nübe Altico,Mostrador,Croissant,1,6000,Nequi,
4275,2026-09-02,13:21,Nübe Altico,Mostrador,Americano,1,5000,Tarjeta,
4276,2026-09-02,16:36,Nübe Altico,Mostrador,Capuchino,1,8500,Tarjeta,
4276,2026-09-02,16:36,Nübe Altico,Mostrador,Latte,1,9000,Tarjeta,
4277,2026-09-02,14:31,Nübe Altico,Mostrador,Croissant,1,6000,Nequi,C277
4277,2026-09-02,14:31,Nübe Altico,Mostrador,Tinto,1,3000,Nequi,C277
4278,2026-09-02,13:18,Nübe Altico,Mostrador,Croissant de almendras,1,8000,Tarjeta,C057
4279,2026-09-02,13:55,Nübe Altico,Mostrador,Tinto,1,3000,Tarjeta,C297
4280,2026-09-02,16:54,Nübe Altico,Mostrador,Latte,2,9000,Sin dato,
4281,2026-09-02,14:59,Nübe Altico,Mostrador,Americano,1,5000,Nequi,C215
4281,2026-09-02,14:59,Nübe Altico,Mostrador,Capuchino,1,8500,Nequi,C215
4281,2026-09-02,14:59,Nübe Altico,Mostrador,Tinto,2,3000,Nequi,C215
4282,2026-09-02,09:06,Nübe Altico,Mostrador,Americano,1,5000,Efectivo,
4282,2026-09-02,09:06,Nübe Altico,Mostrador,Croissant,1,6000,Efectivo,
4283,2026-09-02,18:23,Nübe Altico,Mostrador,Capuchino,1,8500,Nequi,C054
4283,2026-09-02,18:23,Nübe Altico,Mostrador,Latte,1,9000,Nequi,C054
4284,2026-09-02,13:05,Nübe Altico,Mostrador,Croissant,1,6000,Tarjeta,C021
4284,2026-09-02,13:05,Nübe Altico,Mostrador,Tinto,1,3000,Tarjeta,C021
4285,2026-09-02,08:19,Nübe Altico,Mostrador,Capuchino,1,8500,Tarjeta,C170
4286,2026-09-02,19:31,Nübe Altico,Mostrador,Chocolate caliente,1,7500,Nequi,C174
4287,2026-09-02,11:09,Nübe Altico,Mostrador,Americano,1,5000,Tarjeta,
4287,2026-09-02,11:09,Nübe Altico,Mostrador,Croissant,1,6000,Tarjeta,
4287,2026-09-02,11:09,Nübe Altico,Mostrador,Tinto,1,3000,Tarjeta,
4288,2026-09-02,08:21,Nübe Altico,Mostrador,Croissant,1,6000,Efectivo,
4288,2026-09-02,08:21,Nübe Altico,Mostrador,Latte,2,9000,Efectivo,
4289,2026-09-02,08:32,Nübe Altico,Mostrador,Americano,1,5000,Nequi,C171
4289,2026-09-02,08:32,Nübe Altico,Mostrador,Tinto,3,3000,Nequi,C171
4290,2026-09-02,16:59,Nübe Altico,Mostrador,Latte,1,9000,Nequi,
4291,2026-09-02,13:32,Nübe Altico,Mostrador,Tinto,1,3000,Nequi,
4292,2026-09-02,08:33,Nübe Altico,Domicilio,Capuchino,2,8500,Efectivo,C017
4293,2026-09-02,11:03,Nübe Altico,Mostrador,Capuchino,2,8500,Tarjeta,C038
4293,2026-09-02,11:03,Nübe Altico,Mostrador,Croissant,2,6000,Tarjeta,C038
4294,2026-09-02,07:11,Nübe Altico,Mostrador,Croissant de almendras,1,8000,Efectivo,C041
4295,2026-09-02,10:47,Nübe Altico,Mostrador,Frappé de café,1,11000,Nequi,
4296,2026-09-02,11:09,Nübe Altico,Mostrador,Latte,1,9000,Nequi,
4296,2026-09-02,11:09,Nübe Altico,Mostrador,Tinto,2,3000,Nequi,
4297,2026-09-02,09:00,Nübe Altico,Mostrador,Latte,1,9000,Efectivo,
4297,2026-09-02,09:00,Nübe Altico,Mostrador,Tinto,2,3000,Efectivo,
4298,2026-09-02,07:49,Nübe Altico,Mostrador,Tinto,1,3000,Nequi,C267
4299,2026-09-02,10:28,Nübe Altico,Domicilio,Croissant,1,6000,Sin dato,
4299,2026-09-02,10:28,Nübe Altico,Domicilio,Tinto,1,3000,Efectivo,
4300,2026-09-02,13:01,Nübe Altico,Mostrador,Capuchino,1,8500,Tarjeta,
4301,2026-09-03,09:54,Nübe Centro,Mostrador,Latte,1,9000,Efectivo,
4302,2026-09-03,15:02,Nübe Centro,Mostrador,Croissant,1,6000,Tarjeta,
4303,2026-09-03,12:15,Nübe Centro,Mostrador,Croissant,1,6000,Nequi,
4303,2026-09-03,12:15,Nübe Centro,Mostrador,Tinto,1,3000,Nequi,
4304,2026-09-03,16:06,Nübe Centro,Mostrador,Croissant,2,6000,Tarjeta,
4305,2026-09-03,16:57,Nübe Centro,Mostrador,Americano,1,5000,Tarjeta,
4306,2026-09-03,06:12,Nübe Centro,Mostrador,Americano,1,5000,Nequi,C051
4307,2026-09-03,13:40,Nübe Centro,Mostrador,Capuchino,1,8500,Efectivo,
4308,2026-09-03,07:08,Nübe Centro,Domicilio,Tinto,1,3000,Efectivo,C184
4309,2026-09-03,09:48,Nübe Centro,Mostrador,Americano,1,5000,Nequi,
4309,2026-09-03,09:48,Nübe Centro,Mostrador,Chocolate caliente,1,7500,Nequi,
4310,2026-09-03,13:39,Nübe Centro,Mostrador,Capuchino,2,8500,Nequi,
4311,2026-09-03,16:19,Nübe Centro,Mostrador,Americano,2,5000,Tarjeta,C147
4311,2026-09-03,16:19,Nübe Centro,Mostrador,Frappé de café,2,11000,Tarjeta,C147
4311,2026-09-03,16:19,Nübe Centro,Mostrador,Tinto,1,3000,Tarjeta,C147
4312,2026-09-03,13:52,Nübe Centro,Mostrador,Croissant,2,6000,Nequi,
4312,2026-09-03,13:52,Nübe Centro,Mostrador,Tinto,1,3000,Nequi,
4313,2026-09-03,11:28,Nübe Centro,Domicilio,Capuchino,1,8500,Tarjeta,C018
4314,2026-09-03,16:29,Nübe Centro,Mostrador,Tinto,1,3000,Tarjeta,
4315,2026-09-03,11:26,Nübe Centro,Mostrador,Capuchino,1,8500,Efectivo,
4316,2026-09-03,18:57,Nübe Centro,Mostrador,Americano,1,5000,Tarjeta,C142
4316,2026-09-03,18:57,Nübe Centro,Mostrador,Chocolate caliente,1,7500,Tarjeta,C142
4317,2026-09-03,16:38,Nübe Centro,Mostrador,Americano,1,5000,Nequi,
4317,2026-09-03,16:38,Nübe Centro,Mostrador,Capuchino,2,8500,Nequi,
4318,2026-09-03,07:25,Nübe Centro,Mostrador,Latte,1,9000,Tarjeta,C241
4319,2026-09-03,16:30,Nübe Centro,Mostrador,Croissant de almendras,2,8000,Nequi,C191
4320,2026-09-03,07:56,Nübe Centro,Mostrador,Frappé de café,3,11000,Tarjeta,C197
4321,2026-09-03,12:33,Nübe Centro,Domicilio,Americano,1,5000,Tarjeta,
4321,2026-09-03,12:33,Nübe Centro,Domicilio,Croissant,1,6000,Tarjeta,
4322,2026-09-03,13:58,Nübe Centro,Domicilio,Americano,1,5000,Efectivo,
4323,2026-09-03,10:31,Nübe Centro,Mostrador,Capuchino,2,8500,Tarjeta,C197
4324,2026-09-03,17:42,Nübe Centro,Mostrador,Croissant,2,6000,Efectivo,
4325,2026-09-03,15:27,Nübe Centro,Mostrador,Tinto,1,3000,Nequi,
4326,2026-09-03,09:03,Nübe Centro,Mostrador,Tinto,1,3000,Efectivo,
4327,2026-09-03,14:53,Nübe Centro,Domicilio,Chocolate caliente,2,7500,Efectivo,C004
4328,2026-09-03,16:53,Nübe Centro,Mostrador,Capuchino,1,8500,Efectivo,C019
4329,2026-09-03,16:27,Nübe Centro,Mostrador,Croissant,1,6000,Nequi,
4330,2026-09-03,08:43,Nübe Centro,Mostrador,Capuchino,1,8500,Nequi,
4331,2026-09-03,15:31,Nübe Centro,Mostrador,Americano,1,5000,Efectivo,
4331,2026-09-03,15:31,Nübe Centro,Mostrador,Croissant,1,6000,Efectivo,
4332,2026-09-03,14:29,Nübe Centro,Mostrador,Americano,1,5000,Nequi,
4333,2026-09-03,07:14,Nübe Centro,Mostrador,Croissant,1,6000,Nequi,
4334,2026-09-03,07:07,Nübe Centro,Mostrador,Croissant,1,6000,Tarjeta,
4334,2026-09-03,07:07,Nübe Centro,Mostrador,Croissant de almendras,1,8000,Tarjeta,
4334,2026-09-03,07:07,Nübe Centro,Mostrador,Tinto,1,3000,Tarjeta,
4335,2026-09-03,07:15,Nübe Centro,Mostrador,Americano,1,5000,Efectivo,
4336,2026-09-03,08:31,Nübe Centro,Domicilio,Croissant,1,6000,Efectivo,
4337,2026-09-03,07:19,Nübe Centro,Mostrador,Latte,1,9000,Tarjeta,
4338,2026-09-03,12:09,Nübe Centro,Mostrador,Americano,3,5000,Nequi,
4339,2026-09-03,18:09,Nübe Centro,Mostrador,Americano,1,5000,Efectivo,
4339,2026-09-03,18:09,Nübe Centro,Mostrador,Croissant de almendras,1,8000,Efectivo,
4339,2026-09-03,18:09,Nübe Centro,Mostrador,Tinto,2,3000,Efectivo,
4340,2026-09-03,17:56,Nübe Centro,Mostrador,Frappé de café,1,11000,Nequi,C249
4340,2026-09-03,17:56,Nübe Centro,Mostrador,Latte,1,9000,Nequi,C249
4341,2026-09-03,17:10,Nübe Centro,Mostrador,Capuchino,2,8500,Efectivo,
4342,2026-09-03,16:06,Nübe Centro,Domicilio,Americano,2,5000,Nequi,
4342,2026-09-03,16:06,Nübe Centro,Domicilio,Croissant de almendras,1,8000,Nequi,
4343,2026-09-03,11:06,Nübe Centro,Domicilio,Croissant,1,6000,Efectivo,
4344,2026-09-03,09:56,Nübe Centro,Mostrador,Croissant de almendras,1,8000,Efectivo,
4344,2026-09-03,09:56,Nübe Centro,Mostrador,Tinto,2,3000,Efectivo,
4345,2026-09-03,16:18,Nübe Centro,Mostrador,Croissant,1,6000,Efectivo,
4345,2026-09-03,16:18,Nübe Centro,Mostrador,Frappé de café,1,11000,Efectivo,
4346,2026-09-03,12:03,Nübe Centro,Mostrador,Croissant,1,6000,Efectivo,C231
4346,2026-09-03,12:03,Nübe Centro,Mostrador,Frappé de café,1,11000,Efectivo,C231
4347,2026-09-03,16:14,Nübe Centro,Mostrador,Chocolate caliente,2,7500,Nequi,C072
4347,2026-09-03,16:14,Nübe Centro,Mostrador,Frappé de café,2,11000,Nequi,C072
4348,2026-09-03,20:14,Nübe Centro,Mostrador,Americano,1,5000,Nequi,
4348,2026-09-03,20:14,Nübe Centro,Mostrador,Chocolate caliente,2,7500,Nequi,
4348,2026-09-03,20:14,Nübe Centro,Mostrador,Tinto,3,3000,Nequi,
4349,2026-09-03,10:53,Nübe Centro,Mostrador,Chocolate caliente,1,7500,Nequi,
4349,2026-09-03,10:53,Nübe Centro,Mostrador,Tinto,1,3000,Nequi,
4350,2026-09-03,08:02,Nübe Centro,Mostrador,Croissant,1,6000,Tarjeta,
4351,2026-09-03,08:42,Nübe Centro,Mostrador,Latte,1,9000,Nequi,
4352,2026-09-03,17:01,Nübe Centro,Mostrador,Chocolate caliente,1,7500,Nequi,C113
4352,2026-09-03,17:01,Nübe Centro,Mostrador,Frappé de café,2,11000,Nequi,C113
4353,2026-09-03,20:27,Nübe Centro,Mostrador,Capuchino,1,8500,Efectivo,C042
4353,2026-09-03,20:27,Nübe Centro,Mostrador,Croissant,3,6000,Efectivo,C042
4353,2026-09-03,20:27,Nübe Centro,Mostrador,Croissant de almendras,1,8000,Efectivo,C042
4354,2026-09-03,08:04,Nübe Centro,Mostrador,Americano,1,5000,Efectivo,C067
4355,2026-09-03,08:16,Nübe Centro,Domicilio,Croissant,3,6000,Tarjeta,
4356,2026-09-03,11:12,Nübe Centro,Mostrador,Chocolate caliente,1,7500,Tarjeta,C258
4357,2026-09-03,15:58,Nübe Centro,Domicilio,Capuchino,1,8500,Efectivo,C291
4357,2026-09-03,15:58,Nübe Centro,Domicilio,Tinto,1,3000,Efectivo,C291
4358,2026-09-03,14:34,Nübe Centro,Mostrador,Capuchino,1,8500,Nequi,
4359,2026-09-03,16:46,Nübe Centro,Mostrador,Capuchino,1,8500,Efectivo,
4359,2026-09-03,16:46,Nübe Centro,Mostrador,Croissant,1,6000,Efectivo,
4360,2026-09-03,19:53,Nübe Centro,Domicilio,Croissant,1,6000,Nequi,C144
4360,2026-09-03,19:53,Nübe Centro,Domicilio,Latte,1,9000,Nequi,C144
4361,2026-09-03,12:34,Nübe Centro,Mostrador,Tinto,1,3000,Tarjeta,C028
4362,2026-09-03,07:42,Nübe Centro,Mostrador,Capuchino,1,8500,Efectivo,
4362,2026-09-03,07:42,Nübe Centro,Mostrador,Latte,1,9000,Efectivo,
4363,2026-09-03,07:57,Nübe Centro,Mostrador,Tinto,1,3000,Tarjeta,
4364,2026-09-03,17:20,Nübe Centro,Mostrador,Croissant,1,6000,Efectivo,
4365,2026-09-03,08:23,Nübe Centro,Domicilio,Frappé de café,1,11000,Efectivo,C258
4365,2026-09-03,08:23,Nübe Centro,Domicilio,Latte,1,9000,Efectivo,C258
4366,2026-09-03,11:19,Nübe Centro,Mostrador,Capuchino,2,8500,Tarjeta,
4367,2026-09-03,16:47,Nübe Centro,Mostrador,Chocolate caliente,1,7500,Nequi,
4368,2026-09-03,06:37,Nübe Centro,Mostrador,Croissant,1,6000,Tarjeta,
4369,2026-09-03,19:16,Nübe Centro,Mostrador,Croissant de almendras,2,8000,Nequi,
4370,2026-09-03,09:56,Nübe Centro,Mostrador,Tinto,1,3000,Nequi,C082
4371,2026-09-03,07:07,Nübe Altico,Domicilio,Croissant de almendras,1,8000,Nequi,
4372,2026-09-03,07:08,Nübe Altico,Mostrador,Capuchino,1,8500,Nequi,
4372,2026-09-03,07:08,Nübe Altico,Mostrador,Croissant,2,6000,Nequi,
4373,2026-09-03,11:37,Nübe Altico,Mostrador,Croissant,1,6000,Tarjeta,C026
4374,2026-09-03,14:23,Nübe Altico,Mostrador,Frappé de café,3,11000,Tarjeta,
4375,2026-09-03,08:22,Nübe Altico,Mostrador,Chocolate caliente,1,7500,Nequi,
4376,2026-09-03,19:48,Nübe Altico,Mostrador,Frappé de café,1,11000,Tarjeta,C284
4376,2026-09-03,19:48,Nübe Altico,Mostrador,Latte,1,9000,Tarjeta,C284
4377,2026-09-03,14:32,Nübe Altico,Mostrador,Frappé de café,1,11000,Sin dato,
4378,2026-09-03,17:20,Nübe Altico,Mostrador,Americano,1,5000,Nequi,
4379,2026-09-03,08:43,Nübe Altico,Mostrador,Capuchino,1,8500,Nequi,
4380,2026-09-03,07:11,Nübe Altico,Mostrador,Latte,1,9000,Tarjeta,C267
4381,2026-09-03,07:42,Nübe Altico,Mostrador,Americano,1,5000,Efectivo,C077
4381,2026-09-03,07:42,Nübe Altico,Mostrador,Tinto,1,3000,Efectivo,C077
4382,2026-09-03,15:40,Nübe Altico,Mostrador,Chocolate caliente,1,7500,Efectivo,
4382,2026-09-03,15:40,Nübe Altico,Mostrador,Croissant de almendras,1,8000,Efectivo,
4383,2026-09-03,09:38,Nübe Altico,Mostrador,Croissant,2,6000,Sin dato,
4384,2026-09-03,10:13,Nübe Altico,Mostrador,Croissant,1,6000,Tarjeta,
4384,2026-09-03,10:13,Nübe Altico,Mostrador,Croissant de almendras,2,8000,Tarjeta,
4384,2026-09-03,10:13,Nübe Altico,Mostrador,Latte,1,9000,Tarjeta,
4385,2026-09-03,09:55,Nübe Altico,Mostrador,Croissant de almendras,1,8000,Tarjeta,
4386,2026-09-03,15:28,Nübe Altico,Mostrador,Latte,1,9000,Tarjeta,C247
4386,2026-09-03,15:28,Nübe Altico,Mostrador,Tinto,1,3000,Tarjeta,C247
4387,2026-09-03,12:21,Nübe Altico,Mostrador,Croissant de almendras,1,8000,Efectivo,
4387,2026-09-03,12:21,Nübe Altico,Mostrador,Tinto,1,3000,Efectivo,
4388,2026-09-03,18:17,Nübe Altico,Domicilio,Capuchino,1,8500,Efectivo,C119
4388,2026-09-03,18:17,Nübe Altico,Domicilio,Croissant de almendras,2,8000,Efectivo,C119
4389,2026-09-03,11:51,Nübe Altico,Mostrador,Americano,3,5000,Tarjeta,
4390,2026-09-03,10:42,Nübe Altico,Mostrador,Americano,1,5000,Nequi,
4391,2026-09-03,08:18,Nübe Altico,Domicilio,Capuchino,1,8500,Nequi,
4391,2026-09-03,08:18,Nübe Altico,Domicilio,Croissant,1,6000,Nequi,
4392,2026-09-03,12:13,Nübe Altico,Mostrador,Latte,3,9000,Tarjeta,
4393,2026-09-03,11:51,Nübe Altico,Domicilio,Croissant,1,6000,Nequi,
4394,2026-09-03,12:37,Nübe Altico,Mostrador,Americano,2,5000,Efectivo,C273
4394,2026-09-03,12:37,Nübe Altico,Mostrador,Tinto,1,3000,Efectivo,C273
4395,2026-09-03,11:47,Nübe Altico,Domicilio,Croissant de almendras,1,8000,Efectivo,
4396,2026-09-03,16:40,Nübe Altico,Mostrador,Croissant,1,6000,Nequi,
4396,2026-09-03,16:40,Nübe Altico,Mostrador,Croissant de almendras,1,8000,Nequi,
4396,2026-09-03,16:40,Nübe Altico,Mostrador,Tinto,1,3000,Nequi,
4397,2026-09-03,16:21,Nübe Altico,Mostrador,Tinto,3,3000,Efectivo,
4398,2026-09-03,07:28,Nübe Altico,Mostrador,Croissant,1,6000,Efectivo,
4398,2026-09-03,07:28,Nübe Altico,Mostrador,Tinto,1,3000,Efectivo,
4399,2026-09-03,09:34,Nübe Altico,Mostrador,Americano,1,5000,Efectivo,C108
4399,2026-09-03,09:34,Nübe Altico,Mostrador,Croissant,1,6000,Efectivo,C108
4400,2026-09-03,14:11,Nübe Altico,Mostrador,Frappé de café,1,11000,Nequi,
4401,2026-09-03,16:37,Nübe Altico,Domicilio,Americano,3,5000,Efectivo,C154
4401,2026-09-03,16:37,Nübe Altico,Domicilio,Latte,1,9000,Efectivo,C154
4402,2026-09-03,15:02,Nübe Altico,Domicilio,Chocolate caliente,1,7500,Efectivo,
4403,2026-09-03,10:43,Nübe Altico,Mostrador,Chocolate caliente,2,7500,Tarjeta,
4403,2026-09-03,10:43,Nübe Altico,Mostrador,Croissant,1,6000,Tarjeta,
4404,2026-09-03,12:08,Nübe Altico,Mostrador,Frappé de café,3,11000,Tarjeta,C142
4405,2026-09-03,08:30,Nübe Altico,Mostrador,Capuchino,1,8500,Tarjeta,
4405,2026-09-03,08:30,Nübe Altico,Mostrador,Croissant,1,6000,Tarjeta,
4406,2026-09-03,11:16,Nübe Altico,Mostrador,Croissant,2,6000,Nequi,
4406,2026-09-03,11:16,Nübe Altico,Mostrador,Latte,2,9000,Nequi,
4407,2026-09-03,16:46,Nübe Altico,Domicilio,Capuchino,1,8500,Efectivo,
4407,2026-09-03,16:46,Nübe Altico,Domicilio,Latte,1,9000,Efectivo,
4408,2026-09-03,08:46,Nübe Altico,Mostrador,Croissant,1,6000,Efectivo,
4408,2026-09-03,08:46,Nübe Altico,Mostrador,Tinto,1,3000,Efectivo,
4409,2026-09-03,08:45,Nübe Altico,Mostrador,Capuchino,1,8500,Efectivo,
4410,2026-09-03,11:52,Nübe Altico,Mostrador,Latte,1,9000,Nequi,C153
4411,2026-09-03,09:54,Nübe Altico,Mostrador,Latte,1,9000,Tarjeta,
4412,2026-09-03,17:15,Nübe Altico,Mostrador,Capuchino,1,8500,Nequi,C039
4412,2026-09-03,17:15,Nübe Altico,Mostrador,Frappé de café,1,11000,Nequi,C039
4413,2026-09-03,12:20,Nübe Altico,Domicilio,Americano,1,5000,Nequi,C226
4413,2026-09-03,12:20,Nübe Altico,Domicilio,Tinto,1,3000,Nequi,C226
4414,2026-09-03,12:33,Nübe Altico,Mostrador,Chocolate caliente,2,7500,Efectivo,C150
4414,2026-09-03,12:33,Nübe Altico,Mostrador,Tinto,1,3000,Efectivo,C150
4415,2026-09-03,17:27,Nübe Altico,Domicilio,Capuchino,1,8500,Efectivo,C237
4415,2026-09-03,17:27,Nübe Altico,Domicilio,Croissant de almendras,3,8000,Efectivo,C237
4416,2026-09-03,17:54,Nübe Altico,Domicilio,Chocolate caliente,1,7500,Tarjeta,C212
4416,2026-09-03,17:54,Nübe Altico,Domicilio,Croissant de almendras,1,8000,Tarjeta,C212
4417,2026-09-03,12:43,Nübe Altico,Mostrador,Americano,1,5000,Tarjeta,
4417,2026-09-03,12:43,Nübe Altico,Mostrador,Croissant de almendras,1,8000,Tarjeta,
4418,2026-09-03,16:33,Nübe Altico,Domicilio,Croissant,2,6000,Nequi,
4418,2026-09-03,16:33,Nübe Altico,Domicilio,Tinto,1,3000,Nequi,
4419,2026-09-03,10:36,Nübe Altico,Mostrador,Latte,1,9000,Tarjeta,C271
4419,2026-09-03,10:36,Nübe Altico,Mostrador,Tinto,1,3000,Tarjeta,C271
4420,2026-09-03,16:47,Nübe Altico,Mostrador,Tinto,2,3000,Tarjeta,
4421,2026-09-03,10:43,Nübe Altico,Mostrador,Tinto,1,3000,Efectivo,C169
4422,2026-09-03,10:59,Nübe Altico,Domicilio,Tinto,1,3000,Tarjeta,
4423,2026-09-03,16:40,Nübe Altico,Domicilio,Frappé de café,1,11000,Efectivo,C165
4423,2026-09-03,16:40,Nübe Altico,Domicilio,Latte,2,9000,Efectivo,C165
4424,2026-09-03,08:32,Nübe Altico,Mostrador,Latte,1,9000,Tarjeta,
4425,2026-09-03,17:13,Nübe Altico,Mostrador,Tinto,2,3000,Tarjeta,
4426,2026-09-03,09:15,Nübe Altico,Mostrador,Croissant,1,6000,Nequi,C164
4427,2026-09-03,08:20,Nübe Altico,Mostrador,Croissant,1,6000,Efectivo,C036
4428,2026-09-03,14:50,Nübe Altico,Mostrador,Frappé de café,1,11000,Tarjeta,
4429,2026-09-03,07:00,Nübe Altico,Mostrador,Capuchino,1,8500,Tarjeta,C100
4429,2026-09-03,07:00,Nübe Altico,Mostrador,Croissant,1,6000,Tarjeta,C100
4430,2026-09-03,06:55,Nübe Altico,Mostrador,Chocolate caliente,1,7500,Tarjeta,
4430,2026-09-03,06:55,Nübe Altico,Mostrador,Croissant,1,6000,Tarjeta,
4430,2026-09-03,06:55,Nübe Altico,Mostrador,Croissant de almendras,1,8000,Tarjeta,
4431,2026-09-04,09:48,Nübe Centro,Mostrador,Croissant,1,6000,Efectivo,
4431,2026-09-04,09:48,Nübe Centro,Mostrador,Latte,1,9000,Efectivo,
4432,2026-09-04,13:58,Nübe Centro,Mostrador,Croissant de almendras,1,8000,Nequi,
4433,2026-09-04,09:47,Nübe Centro,Mostrador,Latte,2,9000,Nequi,
4433,2026-09-04,09:47,Nübe Centro,Mostrador,Tinto,1,3000,Nequi,
4434,2026-09-04,14:33,Nübe Centro,Mostrador,Frappé de café,1,11000,Nequi,
4434,2026-09-04,14:33,Nübe Centro,Mostrador,Latte,1,9000,Nequi,
4435,2026-09-04,16:08,Nübe Centro,Mostrador,Capuchino,1,8500,Efectivo,C281
4435,2026-09-04,16:08,Nübe Centro,Mostrador,Croissant,1,6000,Efectivo,C281
4436,2026-09-04,11:38,Nübe Centro,Domicilio,Capuchino,1,8500,Tarjeta,
4436,2026-09-04,11:38,Nübe Centro,Domicilio,Tinto,1,3000,Tarjeta,
4437,2026-09-04,12:03,Nübe Centro,Mostrador,Tinto,1,3000,Tarjeta,
4438,2026-09-04,08:43,Nübe Centro,Mostrador,Croissant,1,6000,Nequi,
4439,2026-09-04,19:17,Nübe Centro,Domicilio,Capuchino,1,8500,Tarjeta,C198
4439,2026-09-04,19:17,Nübe Centro,Domicilio,Tinto,1,3000,Tarjeta,C198
4440,2026-09-04,07:25,Nübe Centro,Mostrador,Latte,1,9000,Nequi,
4441,2026-09-04,09:37,Nübe Centro,Mostrador,Americano,1,5000,Efectivo,
4441,2026-09-04,09:37,Nübe Centro,Mostrador,Croissant,1,6000,Efectivo,
4442,2026-09-04,08:12,Nübe Centro,Mostrador,Latte,1,9000,Nequi,
4443,2026-09-04,08:56,Nübe Centro,Mostrador,Americano,1,5000,Nequi,C162
4443,2026-09-04,08:56,Nübe Centro,Mostrador,Latte,1,9000,Nequi,C162
4443,2026-09-04,08:56,Nübe Centro,Mostrador,Tinto,3,3000,Nequi,C162
4444,2026-09-04,11:02,Nübe Centro,Mostrador,Americano,1,5000,Nequi,C055
4444,2026-09-04,11:02,Nübe Centro,Mostrador,Latte,1,9000,Nequi,C055
4445,2026-09-04,12:42,Nübe Centro,Mostrador,Frappé de café,1,11000,Efectivo,
4445,2026-09-04,12:42,Nübe Centro,Mostrador,Latte,1,9000,Efectivo,
4446,2026-09-04,09:24,Nübe Centro,Domicilio,Chocolate caliente,3,7500,Sin dato,
4447,2026-09-04,11:10,Nübe Centro,Mostrador,Latte,2,9000,Nequi,
4448,2026-09-04,08:20,Nübe Centro,Mostrador,Croissant de almendras,1,8000,Efectivo,
4449,2026-09-04,16:10,Nübe Centro,Domicilio,Capuchino,1,8500,Tarjeta,C127
4449,2026-09-04,16:10,Nübe Centro,Domicilio,Frappé de café,1,11000,Tarjeta,C127
4450,2026-09-04,07:32,Nübe Centro,Domicilio,Americano,1,5000,Nequi,
4450,2026-09-04,07:32,Nübe Centro,Domicilio,Tinto,1,3000,Nequi,
4451,2026-09-04,10:13,Nübe Centro,Mostrador,Capuchino,1,8500,Nequi,C061
4452,2026-09-04,09:58,Nübe Centro,Mostrador,Tinto,1,3000,Tarjeta,
4453,2026-09-04,07:17,Nübe Centro,Mostrador,Americano,1,5000,Nequi,C083
4454,2026-09-04,14:02,Nübe Centro,Mostrador,Latte,2,9000,Tarjeta,
4455,2026-09-04,09:40,Nübe Centro,Mostrador,Croissant de almendras,2,8000,Tarjeta,
4456,2026-09-04,10:07,Nübe Centro,Mostrador,Croissant,1,6000,Nequi,
4457,2026-09-04,15:49,Nübe Centro,Mostrador,Americano,2,5000,Sin dato,C144
4458,2026-09-04,09:25,Nübe Centro,Mostrador,Tinto,1,3000,Efectivo,C149
4459,2026-09-04,18:41,Nübe Centro,Mostrador,Americano,1,5000,Efectivo,
4459,2026-09-04,18:41,Nübe Centro,Mostrador,Chocolate caliente,1,7500,Sin dato,
4460,2026-09-04,08:42,Nübe Centro,Mostrador,Capuchino,1,8500,Efectivo,
4460,2026-09-04,08:42,Nübe Centro,Mostrador,Tinto,1,3000,Efectivo,
4461,2026-09-04,09:51,Nübe Centro,Mostrador,Croissant,1,6000,Efectivo,
4462,2026-09-04,14:29,Nübe Centro,Mostrador,Croissant,1,6000,Nequi,C110
4462,2026-09-04,14:29,Nübe Centro,Mostrador,Frappé de café,1,11000,Nequi,C110
4462,2026-09-04,14:29,Nübe Centro,Mostrador,Tinto,1,3000,Nequi,C110
4463,2026-09-04,10:37,Nübe Centro,Mostrador,Croissant,1,6000,Tarjeta,C217
4463,2026-09-04,10:37,Nübe Centro,Mostrador,Tinto,1,3000,Tarjeta,C217
4464,2026-09-04,07:34,Nübe Centro,Mostrador,Latte,1,9000,Efectivo,C043
4465,2026-09-04,09:53,Nübe Centro,Mostrador,Croissant,1,6000,Tarjeta,
4466,2026-09-04,10:35,Nübe Centro,Domicilio,Croissant de almendras,1,8000,Efectivo,
4467,2026-09-04,08:53,Nübe Centro,Mostrador,Capuchino,1,8500,Tarjeta,
4468,2026-09-04,09:38,Nübe Centro,Mostrador,Croissant,2,6000,Efectivo,C249
4469,2026-09-04,10:41,Nübe Centro,Mostrador,Latte,1,9000,Efectivo,
4469,2026-09-04,10:41,Nübe Centro,Mostrador,Tinto,1,3000,Efectivo,
4470,2026-09-04,13:00,Nübe Centro,Mostrador,Capuchino,1,8500,Efectivo,
4471,2026-09-04,06:55,Nübe Centro,Domicilio,Croissant,1,6000,Nequi,
4471,2026-09-04,06:55,Nübe Centro,Domicilio,Latte,1,9000,Nequi,
4472,2026-09-04,17:22,Nübe Centro,Mostrador,Capuchino,1,8500,Efectivo,C060
4472,2026-09-04,17:22,Nübe Centro,Mostrador,Croissant de almendras,1,8000,Efectivo,C060
4472,2026-09-04,17:22,Nübe Centro,Mostrador,Tinto,1,3000,Efectivo,C060
4473,2026-09-04,08:20,Nübe Centro,Domicilio,Croissant,1,6000,Nequi,
4473,2026-09-04,08:20,Nübe Centro,Domicilio,Tinto,1,3000,Nequi,
4474,2026-09-04,15:09,Nübe Centro,Mostrador,Croissant de almendras,1,8000,Efectivo,C154
4474,2026-09-04,15:09,Nübe Centro,Mostrador,Tinto,1,3000,Sin dato,C154
4475,2026-09-04,20:04,Nübe Centro,Mostrador,Chocolate caliente,1,7500,Nequi,
4476,2026-09-04,10:13,Nübe Centro,Domicilio,Capuchino,1,8500,Efectivo,
4477,2026-09-04,17:36,Nübe Centro,Mostrador,Croissant de almendras,2,8000,Tarjeta,C062
4478,2026-09-04,17:46,Nübe Centro,Mostrador,Latte,1,9000,Tarjeta,C248
4479,2026-09-04,08:56,Nübe Centro,Mostrador,Americano,1,5000,Nequi,C295
4479,2026-09-04,08:56,Nübe Centro,Mostrador,Tinto,1,3000,Nequi,C295
4480,2026-09-04,07:24,Nübe Centro,Mostrador,Latte,1,9000,Tarjeta,C148
4481,2026-09-04,09:02,Nübe Centro,Mostrador,Capuchino,1,8500,Nequi,
4482,2026-09-04,08:50,Nübe Centro,Mostrador,Americano,1,5000,Efectivo,C081
4482,2026-09-04,08:50,Nübe Centro,Mostrador,Croissant de almendras,3,8000,Efectivo,C081
4483,2026-09-04,09:47,Nübe Centro,Mostrador,Frappé de café,1,11000,Tarjeta,
4484,2026-09-04,09:04,Nübe Centro,Mostrador,Americano,1,5000,Efectivo,
4485,2026-09-04,07:30,Nübe Centro,Mostrador,Latte,1,9000,Nequi,
4486,2026-09-04,06:42,Nübe Centro,Mostrador,Capuchino,1,8500,Tarjeta,
4486,2026-09-04,06:42,Nübe Centro,Mostrador,Croissant,1,6000,Tarjeta,
4486,2026-09-04,06:42,Nübe Centro,Mostrador,Tinto,1,3000,Tarjeta,
4487,2026-09-04,08:40,Nübe Centro,Mostrador,Americano,1,5000,Nequi,
4488,2026-09-04,10:06,Nübe Centro,Domicilio,Croissant,1,6000,Tarjeta,
4489,2026-09-04,17:06,Nübe Centro,Mostrador,Capuchino,1,8500,Nequi,
4490,2026-09-04,17:16,Nübe Centro,Mostrador,Croissant,1,6000,Efectivo,C094
4491,2026-09-04,14:42,Nübe Centro,Domicilio,Croissant,1,6000,Tarjeta,C147
4492,2026-09-04,09:01,Nübe Centro,Mostrador,Capuchino,1,8500,Tarjeta,C033
4493,2026-09-04,16:18,Nübe Centro,Mostrador,Capuchino,1,8500,Tarjeta,C176
4493,2026-09-04,16:18,Nübe Centro,Mostrador,Latte,1,9000,Tarjeta,C176
4494,2026-09-04,09:09,Nübe Centro,Mostrador,Frappé de café,1,11000,Sin dato,
4494,2026-09-04,09:09,Nübe Centro,Mostrador,Tinto,1,3000,Efectivo,
4495,2026-09-04,15:32,Nübe Centro,Mostrador,Capuchino,3,8500,Nequi,
4495,2026-09-04,15:32,Nübe Centro,Mostrador,Croissant,1,6000,Nequi,
4496,2026-09-04,18:22,Nübe Centro,Mostrador,Chocolate caliente,1,7500,Nequi,
4496,2026-09-04,18:22,Nübe Centro,Mostrador,Latte,1,9000,Nequi,
4497,2026-09-04,10:21,Nübe Centro,Mostrador,Americano,1,5000,Nequi,C101
4497,2026-09-04,10:21,Nübe Centro,Mostrador,Frappé de café,1,11000,Nequi,C101
4497,2026-09-04,10:21,Nübe Centro,Mostrador,Tinto,1,3000,Nequi,C101
4498,2026-09-04,20:03,Nübe Centro,Domicilio,Tinto,1,3000,Efectivo,C048
4499,2026-09-04,07:08,Nübe Centro,Mostrador,Americano,1,5000,Tarjeta,
4499,2026-09-04,07:08,Nübe Centro,Mostrador,Tinto,1,3000,Tarjeta,
4500,2026-09-04,07:10,Nübe Centro,Domicilio,Croissant,1,6000,Tarjeta,
4501,2026-09-04,10:34,Nübe Centro,Mostrador,Tinto,1,3000,Tarjeta,C110
4502,2026-09-04,08:25,Nübe Centro,Mostrador,Capuchino,3,8500,Tarjeta,C187
4502,2026-09-04,08:25,Nübe Centro,Mostrador,Latte,1,9000,Tarjeta,C187
4502,2026-09-04,08:25,Nübe Centro,Mostrador,Tinto,1,3000,Tarjeta,C187
4503,2026-09-04,07:47,Nübe Centro,Mostrador,Croissant de almendras,1,8000,Efectivo,C004
4504,2026-09-04,15:05,Nübe Centro,Mostrador,Croissant,1,6000,Efectivo,
4504,2026-09-04,15:05,Nübe Centro,Mostrador,Croissant de almendras,3,8000,Efectivo,
4505,2026-09-04,08:56,Nübe Centro,Mostrador,Croissant,1,6000,Efectivo,
4506,2026-09-04,15:12,Nübe Altico,Mostrador,Capuchino,1,8500,Efectivo,C287
4506,2026-09-04,15:12,Nübe Altico,Mostrador,Croissant,2,6000,Efectivo,C287
4506,2026-09-04,15:12,Nübe Altico,Mostrador,Latte,1,9000,Efectivo,C287
4507,2026-09-04,09:41,Nübe Altico,Domicilio,Chocolate caliente,1,7500,Nequi,
4507,2026-09-04,09:41,Nübe Altico,Domicilio,Frappé de café,3,11000,Nequi,
4508,2026-09-04,18:23,Nübe Altico,Mostrador,Capuchino,2,8500,Tarjeta,
4509,2026-09-04,07:45,Nübe Altico,Mostrador,Croissant,1,6000,Tarjeta,C168
4509,2026-09-04,07:45,Nübe Altico,Mostrador,Croissant de almendras,2,8000,Tarjeta,C168
4510,2026-09-04,11:56,Nübe Altico,Mostrador,Latte,1,9000,Nequi,
4511,2026-09-04,10:00,Nübe Altico,Mostrador,Tinto,1,3000,Efectivo,
4512,2026-09-04,11:28,Nübe Altico,Mostrador,Frappé de café,2,11000,Efectivo,
4513,2026-09-04,06:36,Nübe Altico,Mostrador,Croissant de almendras,1,8000,Sin dato,C092
4514,2026-09-04,13:09,Nübe Altico,Mostrador,Americano,2,5000,Tarjeta,
4514,2026-09-04,13:09,Nübe Altico,Mostrador,Tinto,1,3000,Tarjeta,
4515,2026-09-04,08:50,Nübe Altico,Domicilio,Croissant,1,6000,Nequi,
4515,2026-09-04,08:50,Nübe Altico,Domicilio,Latte,1,9000,Nequi,
4515,2026-09-04,08:50,Nübe Altico,Domicilio,Tinto,1,3000,Nequi,
4516,2026-09-04,18:36,Nübe Altico,Mostrador,Capuchino,1,8500,Efectivo,C300
4516,2026-09-04,18:36,Nübe Altico,Mostrador,Latte,1,9000,Efectivo,C300
4517,2026-09-04,07:50,Nübe Altico,Mostrador,Croissant,1,6000,Efectivo,
4518,2026-09-04,15:53,Nübe Altico,Mostrador,Americano,1,5000,Tarjeta,C042
4518,2026-09-04,15:53,Nübe Altico,Mostrador,Croissant,1,6000,Tarjeta,C042
4519,2026-09-04,20:47,Nübe Altico,Mostrador,Croissant,2,6000,Efectivo,
4519,2026-09-04,20:47,Nübe Altico,Mostrador,Tinto,1,3000,Efectivo,
4520,2026-09-04,11:29,Nübe Altico,Domicilio,Capuchino,1,8500,Tarjeta,C260
4520,2026-09-04,11:29,Nübe Altico,Domicilio,Croissant de almendras,2,8000,Tarjeta,C260
4521,2026-09-04,10:46,Nübe Altico,Mostrador,Latte,1,9000,Tarjeta,C019
4522,2026-09-04,09:16,Nübe Altico,Mostrador,Croissant,1,6000,Efectivo,
4522,2026-09-04,09:16,Nübe Altico,Mostrador,Tinto,1,3000,Efectivo,
4523,2026-09-04,09:51,Nübe Altico,Mostrador,Croissant,1,6000,Efectivo,
4523,2026-09-04,09:51,Nübe Altico,Mostrador,Tinto,2,3000,Efectivo,
4524,2026-09-04,08:45,Nübe Altico,Domicilio,Capuchino,1,8500,Nequi,
4524,2026-09-04,08:45,Nübe Altico,Domicilio,Croissant de almendras,3,8000,Nequi,
4525,2026-09-04,10:29,Nübe Altico,Mostrador,Americano,1,5000,Sin dato,
4525,2026-09-04,10:29,Nübe Altico,Mostrador,Croissant,1,6000,Tarjeta,
4525,2026-09-04,10:29,Nübe Altico,Mostrador,Latte,2,9000,Tarjeta,
4526,2026-09-04,08:18,Nübe Altico,Mostrador,Croissant,2,6000,Tarjeta,
4527,2026-09-04,08:04,Nübe Altico,Mostrador,Americano,1,5000,Efectivo,
4528,2026-09-04,10:24,Nübe Altico,Mostrador,Capuchino,1,8500,Nequi,
4528,2026-09-04,10:24,Nübe Altico,Mostrador,Frappé de café,1,11000,Nequi,
4529,2026-09-04,13:26,Nübe Altico,Domicilio,Americano,2,5000,Nequi,C145
4529,2026-09-04,13:26,Nübe Altico,Domicilio,Tinto,1,3000,Nequi,C145
4530,2026-09-04,09:02,Nübe Altico,Mostrador,Capuchino,2,8500,Efectivo,C275
4531,2026-09-04,12:45,Nübe Altico,Mostrador,Chocolate caliente,1,7500,Nequi,
4532,2026-09-04,15:15,Nübe Altico,Mostrador,Croissant de almendras,1,8000,Efectivo,
4533,2026-09-04,11:28,Nübe Altico,Mostrador,Croissant,1,6000,Nequi,C200
4534,2026-09-04,07:36,Nübe Altico,Domicilio,Croissant de almendras,1,8000,Tarjeta,
4535,2026-09-04,06:21,Nübe Altico,Mostrador,Croissant,1,6000,Efectivo,C157
4536,2026-09-04,10:17,Nübe Altico,Mostrador,Latte,1,9000,Efectivo,C177
4537,2026-09-04,11:27,Nübe Altico,Mostrador,Frappé de café,1,11000,Tarjeta,
4538,2026-09-04,13:01,Nübe Altico,Mostrador,Croissant,1,6000,Tarjeta,
4538,2026-09-04,13:01,Nübe Altico,Mostrador,Latte,2,9000,Tarjeta,
4539,2026-09-04,20:07,Nübe Altico,Domicilio,Chocolate caliente,1,7500,Tarjeta,C027
4539,2026-09-04,20:07,Nübe Altico,Domicilio,Latte,1,9000,Tarjeta,C027
4540,2026-09-04,19:00,Nübe Altico,Mostrador,Capuchino,1,8500,Tarjeta,
4540,2026-09-04,19:00,Nübe Altico,Mostrador,Tinto,1,3000,Tarjeta,
4541,2026-09-04,08:11,Nübe Altico,Mostrador,Tinto,1,3000,Tarjeta,C205
4542,2026-09-04,10:46,Nübe Altico,Mostrador,Latte,3,9000,Nequi,
4542,2026-09-04,10:46,Nübe Altico,Mostrador,Tinto,1,3000,Sin dato,
4543,2026-09-04,16:01,Nübe Altico,Mostrador,Croissant,1,6000,Efectivo,
4543,2026-09-04,16:01,Nübe Altico,Mostrador,Croissant de almendras,1,8000,Efectivo,
4544,2026-09-04,18:33,Nübe Altico,Domicilio,Latte,3,9000,Efectivo,C184
4545,2026-09-04,15:19,Nübe Altico,Mostrador,Capuchino,1,8500,Nequi,
4545,2026-09-04,15:19,Nübe Altico,Mostrador,Croissant,1,6000,Nequi,
4546,2026-09-04,15:05,Nübe Altico,Mostrador,Chocolate caliente,1,7500,Nequi,C269
4547,2026-09-04,10:57,Nübe Altico,Mostrador,Chocolate caliente,2,7500,Nequi,
4547,2026-09-04,10:57,Nübe Altico,Mostrador,Tinto,1,3000,Nequi,
4548,2026-09-04,07:03,Nübe Altico,Mostrador,Frappé de café,1,11000,Tarjeta,
4549,2026-09-04,19:39,Nübe Altico,Mostrador,Americano,1,5000,Tarjeta,
4549,2026-09-04,19:39,Nübe Altico,Mostrador,Tinto,1,3000,Tarjeta,
4550,2026-09-04,07:05,Nübe Altico,Mostrador,Croissant,1,6000,Tarjeta,
4550,2026-09-04,07:05,Nübe Altico,Mostrador,Croissant de almendras,1,8000,Tarjeta,
4551,2026-09-04,15:05,Nübe Altico,Domicilio,Croissant,3,6000,Efectivo,
4551,2026-09-04,15:05,Nübe Altico,Domicilio,Croissant de almendras,1,8000,Efectivo,
4552,2026-09-04,06:07,Nübe Altico,Mostrador,Tinto,1,3000,Nequi,C081
4553,2026-09-04,15:15,Nübe Altico,Mostrador,Tinto,2,3000,Tarjeta,
4554,2026-09-04,19:12,Nübe Altico,Mostrador,Chocolate caliente,1,7500,Efectivo,C093
4554,2026-09-04,19:12,Nübe Altico,Mostrador,Frappé de café,1,11000,Efectivo,C093
4555,2026-09-04,09:39,Nübe Altico,Mostrador,Croissant,1,6000,Tarjeta,C026
4556,2026-09-04,17:48,Nübe Altico,Mostrador,Latte,1,9000,Efectivo,C114
4556,2026-09-04,17:48,Nübe Altico,Mostrador,Tinto,1,3000,Efectivo,C114
4557,2026-09-04,09:31,Nübe Altico,Domicilio,Frappé de café,1,11000,Nequi,
4558,2026-09-04,08:58,Nübe Altico,Mostrador,Americano,1,5000,Nequi,
4558,2026-09-04,08:58,Nübe Altico,Mostrador,Croissant,3,6000,Nequi,
4558,2026-09-04,08:58,Nübe Altico,Mostrador,Tinto,1,3000,Nequi,
4559,2026-09-04,11:34,Nübe Altico,Mostrador,Americano,1,5000,Tarjeta,
4559,2026-09-04,11:34,Nübe Altico,Mostrador,Croissant,1,6000,Tarjeta,
4560,2026-09-04,15:26,Nübe Altico,Domicilio,Frappé de café,1,11000,Tarjeta,C256
4560,2026-09-04,15:26,Nübe Altico,Domicilio,Tinto,1,3000,Tarjeta,C256
4561,2026-09-04,08:48,Nübe Altico,Mostrador,Americano,1,5000,Nequi,
4562,2026-09-04,14:05,Nübe Altico,Mostrador,Americano,1,5000,Efectivo,C189
4563,2026-09-04,08:21,Nübe Altico,Mostrador,Croissant,1,6000,Nequi,
4563,2026-09-04,08:21,Nübe Altico,Mostrador,Latte,1,9000,Nequi,
4564,2026-09-05,17:54,Nübe Centro,Mostrador,Americano,1,5000,Nequi,C181
4564,2026-09-05,17:54,Nübe Centro,Mostrador,Croissant,1,6000,Nequi,C181
4564,2026-09-05,17:54,Nübe Centro,Mostrador,Croissant de almendras,1,8000,Nequi,C181
4565,2026-09-05,13:21,Nübe Centro,Mostrador,Americano,1,5000,Nequi,C163
4565,2026-09-05,13:21,Nübe Centro,Mostrador,Capuchino,1,8500,Nequi,C163
4566,2026-09-05,09:54,Nübe Centro,Mostrador,Americano,1,5000,Sin dato,C228
4567,2026-09-05,07:41,Nübe Centro,Mostrador,Capuchino,3,8500,Nequi,
4567,2026-09-05,07:41,Nübe Centro,Mostrador,Tinto,1,3000,Nequi,
4568,2026-09-05,12:23,Nübe Centro,Mostrador,Capuchino,1,8500,Tarjeta,
4569,2026-09-05,16:31,Nübe Centro,Mostrador,Capuchino,1,8500,Efectivo,
4570,2026-09-05,17:48,Nübe Centro,Mostrador,Croissant de almendras,1,8000,Tarjeta,
4571,2026-09-05,08:10,Nübe Centro,Mostrador,Americano,1,5000,Nequi,
4571,2026-09-05,08:10,Nübe Centro,Mostrador,Latte,1,9000,Nequi,
4571,2026-09-05,08:10,Nübe Centro,Mostrador,Tinto,1,3000,Nequi,
4572,2026-09-05,07:27,Nübe Centro,Mostrador,Capuchino,1,8500,Efectivo,
4572,2026-09-05,07:27,Nübe Centro,Mostrador,Tinto,1,3000,Efectivo,
4573,2026-09-05,19:50,Nübe Centro,Mostrador,Croissant de almendras,1,8000,Efectivo,C078
4574,2026-09-05,16:17,Nübe Centro,Mostrador,Americano,1,5000,Tarjeta,
4575,2026-09-05,17:04,Nübe Centro,Mostrador,Capuchino,2,8500,Nequi,C284
4575,2026-09-05,17:04,Nübe Centro,Mostrador,Croissant,1,6000,Nequi,C284
4576,2026-09-05,07:10,Nübe Centro,Mostrador,Americano,1,5000,Sin dato,
4576,2026-09-05,07:10,Nübe Centro,Mostrador,Frappé de café,1,11000,Efectivo,
4577,2026-09-05,12:28,Nübe Centro,Mostrador,Frappé de café,2,11000,Tarjeta,
4578,2026-09-05,08:04,Nübe Centro,Mostrador,Tinto,1,3000,Efectivo,C300
4579,2026-09-05,07:23,Nübe Centro,Mostrador,Croissant de almendras,1,8000,Nequi,
4579,2026-09-05,07:23,Nübe Centro,Mostrador,Latte,1,9000,Nequi,
4580,2026-09-05,06:19,Nübe Centro,Mostrador,Capuchino,1,8500,Nequi,C300
4580,2026-09-05,06:19,Nübe Centro,Mostrador,Croissant,2,6000,Nequi,C300
4581,2026-09-05,10:28,Nübe Centro,Mostrador,Croissant de almendras,1,8000,Tarjeta,C029
4581,2026-09-05,10:28,Nübe Centro,Mostrador,Frappé de café,1,11000,Tarjeta,C029
4581,2026-09-05,10:28,Nübe Centro,Mostrador,Tinto,3,3000,Tarjeta,C029
4582,2026-09-05,15:27,Nübe Centro,Domicilio,Americano,1,5000,Nequi,
4582,2026-09-05,15:27,Nübe Centro,Domicilio,Tinto,2,3000,Nequi,
4583,2026-09-05,17:57,Nübe Centro,Mostrador,Latte,2,9000,Tarjeta,
4584,2026-09-05,09:16,Nübe Centro,Domicilio,Americano,1,5000,Nequi,C122
4584,2026-09-05,09:16,Nübe Centro,Domicilio,Capuchino,1,8500,Nequi,C122
4585,2026-09-05,17:18,Nübe Centro,Mostrador,Croissant,1,6000,Nequi,
4585,2026-09-05,17:18,Nübe Centro,Mostrador,Frappé de café,1,11000,Nequi,
4586,2026-09-05,08:57,Nübe Centro,Domicilio,Croissant,1,6000,Efectivo,
4587,2026-09-05,15:31,Nübe Centro,Domicilio,Frappé de café,1,11000,Nequi,C200
4588,2026-09-05,10:01,Nübe Centro,Domicilio,Americano,1,5000,Tarjeta,
4588,2026-09-05,10:01,Nübe Centro,Domicilio,Tinto,1,3000,Tarjeta,
4589,2026-09-05,18:21,Nübe Centro,Mostrador,Chocolate caliente,1,7500,Nequi,
4590,2026-09-05,18:34,Nübe Centro,Mostrador,Frappé de café,1,11000,Efectivo,C267
4590,2026-09-05,18:34,Nübe Centro,Mostrador,Latte,1,9000,Efectivo,C267
4591,2026-09-05,13:59,Nübe Centro,Mostrador,Tinto,1,3000,Tarjeta,C115
4592,2026-09-05,08:03,Nübe Centro,Mostrador,Capuchino,1,8500,Nequi,
4592,2026-09-05,08:03,Nübe Centro,Mostrador,Latte,2,9000,Nequi,
4593,2026-09-05,17:52,Nübe Centro,Domicilio,Croissant,3,6000,Tarjeta,
4593,2026-09-05,17:52,Nübe Centro,Domicilio,Tinto,1,3000,Tarjeta,
4594,2026-09-05,14:53,Nübe Centro,Mostrador,Frappé de café,1,11000,Efectivo,
4594,2026-09-05,14:53,Nübe Centro,Mostrador,Tinto,1,3000,Efectivo,
4595,2026-09-05,08:50,Nübe Centro,Domicilio,Americano,2,5000,Tarjeta,C258
4595,2026-09-05,08:50,Nübe Centro,Domicilio,Capuchino,2,8500,Tarjeta,C258
4595,2026-09-05,08:50,Nübe Centro,Domicilio,Tinto,1,3000,Tarjeta,C258
4596,2026-09-05,07:03,Nübe Centro,Mostrador,Capuchino,2,8500,Tarjeta,
4596,2026-09-05,07:03,Nübe Centro,Mostrador,Croissant,1,6000,Tarjeta,
4597,2026-09-05,09:16,Nübe Centro,Domicilio,Croissant,1,6000,Nequi,C187
4598,2026-09-05,06:52,Nübe Centro,Mostrador,Tinto,1,3000,Nequi,C240
4599,2026-09-05,10:17,Nübe Centro,Mostrador,Tinto,1,3000,Efectivo,C264
4600,2026-09-05,08:09,Nübe Centro,Mostrador,Capuchino,2,8500,Efectivo,C247
4601,2026-09-05,08:11,Nübe Centro,Domicilio,Tinto,1,3000,Nequi,C211
4602,2026-09-05,10:30,Nübe Centro,Mostrador,Capuchino,1,8500,Tarjeta,C282
4603,2026-09-05,09:42,Nübe Centro,Mostrador,Americano,2,5000,Nequi,
4604,2026-09-05,10:26,Nübe Centro,Mostrador,Croissant,1,6000,Efectivo,
4605,2026-09-05,09:30,Nübe Centro,Mostrador,Latte,1,9000,Tarjeta,
4606,2026-09-05,09:15,Nübe Centro,Mostrador,Chocolate caliente,1,7500,Tarjeta,C273
4606,2026-09-05,09:15,Nübe Centro,Mostrador,Tinto,1,3000,Tarjeta,C273
4607,2026-09-05,18:42,Nübe Centro,Mostrador,Croissant,2,6000,Nequi,
4608,2026-09-05,10:53,Nübe Centro,Mostrador,Croissant,1,6000,Efectivo,C235
4609,2026-09-05,08:49,Nübe Centro,Mostrador,Croissant,1,6000,Efectivo,C241
4610,2026-09-05,18:13,Nübe Centro,Mostrador,Croissant,1,6000,Tarjeta,C119
4611,2026-09-05,12:10,Nübe Centro,Domicilio,Chocolate caliente,1,7500,Tarjeta,
4611,2026-09-05,12:10,Nübe Centro,Domicilio,Croissant,1,6000,Tarjeta,
4612,2026-09-05,18:30,Nübe Centro,Domicilio,Americano,1,5000,Tarjeta,
4613,2026-09-05,15:47,Nübe Centro,Mostrador,Croissant,1,6000,Efectivo,C151
4614,2026-09-05,14:16,Nübe Centro,Mostrador,Tinto,1,3000,Nequi,
4615,2026-09-05,10:46,Nübe Centro,Mostrador,Croissant de almendras,1,8000,Efectivo,
4615,2026-09-05,10:46,Nübe Centro,Mostrador,Tinto,1,3000,Efectivo,
4616,2026-09-05,09:45,Nübe Centro,Mostrador,Frappé de café,2,11000,Nequi,
4616,2026-09-05,09:45,Nübe Centro,Mostrador,Tinto,1,3000,Nequi,
4617,2026-09-05,16:26,Nübe Centro,Mostrador,Capuchino,1,8500,Efectivo,C179
4618,2026-09-05,10:29,Nübe Centro,Mostrador,Croissant,2,6000,Nequi,
4619,2026-09-05,11:07,Nübe Centro,Mostrador,Capuchino,1,8500,Tarjeta,C121
4620,2026-09-05,07:21,Nübe Centro,Domicilio,Tinto,1,3000,Nequi,
4621,2026-09-05,14:06,Nübe Centro,Mostrador,Croissant de almendras,1,8000,Nequi,
4622,2026-09-05,20:18,Nübe Centro,Domicilio,Croissant,1,6000,Efectivo,C097
4623,2026-09-05,15:21,Nübe Centro,Mostrador,Frappé de café,3,11000,Efectivo,
4624,2026-09-05,19:52,Nübe Centro,Domicilio,Chocolate caliente,2,7500,Nequi,
4625,2026-09-05,15:28,Nübe Centro,Domicilio,Capuchino,1,8500,Sin dato,
4626,2026-09-05,15:09,Nübe Centro,Mostrador,Americano,1,5000,Nequi,C047
4627,2026-09-05,06:45,Nübe Centro,Mostrador,Croissant,2,6000,Nequi,
4627,2026-09-05,06:45,Nübe Centro,Mostrador,Tinto,1,3000,Nequi,
4628,2026-09-05,19:37,Nübe Centro,Mostrador,Tinto,1,3000,Nequi,
4629,2026-09-05,19:26,Nübe Centro,Domicilio,Croissant de almendras,1,8000,Nequi,
4630,2026-09-05,13:58,Nübe Centro,Mostrador,Capuchino,1,8500,Tarjeta,C277
4630,2026-09-05,13:58,Nübe Centro,Mostrador,Tinto,2,3000,Tarjeta,C277
4631,2026-09-05,16:21,Nübe Centro,Mostrador,Croissant,2,6000,Efectivo,
4632,2026-09-05,17:50,Nübe Centro,Mostrador,Capuchino,1,8500,Nequi,
4632,2026-09-05,17:50,Nübe Centro,Mostrador,Frappé de café,1,11000,Nequi,
4633,2026-09-05,09:57,Nübe Centro,Mostrador,Frappé de café,1,11000,Tarjeta,C263
4634,2026-09-05,11:30,Nübe Centro,Domicilio,Capuchino,1,8500,Tarjeta,C208
4634,2026-09-05,11:30,Nübe Centro,Domicilio,Croissant,1,6000,Tarjeta,C208
4635,2026-09-05,07:51,Nübe Centro,Domicilio,Croissant de almendras,1,8000,Tarjeta,C051
4635,2026-09-05,07:51,Nübe Centro,Domicilio,Tinto,1,3000,Tarjeta,C051
4636,2026-09-05,13:03,Nübe Centro,Mostrador,Americano,2,5000,Nequi,
4636,2026-09-05,13:03,Nübe Centro,Mostrador,Capuchino,1,8500,Nequi,
4636,2026-09-05,13:03,Nübe Centro,Mostrador,Croissant,1,6000,Nequi,
4637,2026-09-05,12:58,Nübe Centro,Mostrador,Frappé de café,1,11000,Nequi,C141
4638,2026-09-05,07:15,Nübe Centro,Domicilio,Americano,1,5000,Efectivo,
4638,2026-09-05,07:15,Nübe Centro,Domicilio,Tinto,1,3000,Efectivo,
4639,2026-09-05,17:56,Nübe Centro,Domicilio,Croissant de almendras,1,8000,Nequi,C149
4639,2026-09-05,17:56,Nübe Centro,Domicilio,Tinto,3,3000,Nequi,C149
4640,2026-09-05,17:12,Nübe Centro,Domicilio,Croissant,1,6000,Efectivo,
4640,2026-09-05,17:12,Nübe Centro,Domicilio,Tinto,1,3000,Efectivo,
4641,2026-09-05,15:35,Nübe Centro,Mostrador,Capuchino,1,8500,Efectivo,
4641,2026-09-05,15:35,Nübe Centro,Mostrador,Tinto,1,3000,Efectivo,
4642,2026-09-05,10:26,Nübe Centro,Domicilio,Frappé de café,1,11000,Tarjeta,C216
4643,2026-09-05,11:01,Nübe Centro,Mostrador,Croissant,1,6000,Tarjeta,C194
4644,2026-09-05,12:04,Nübe Centro,Mostrador,Frappé de café,1,11000,Tarjeta,
4645,2026-09-05,08:09,Nübe Centro,Mostrador,Capuchino,2,8500,Tarjeta,
4646,2026-09-05,12:15,Nübe Centro,Domicilio,Capuchino,1,8500,Tarjeta,C269
4646,2026-09-05,12:15,Nübe Centro,Domicilio,Croissant de almendras,1,8000,Tarjeta,C269
4647,2026-09-05,19:01,Nübe Centro,Mostrador,Latte,3,9000,Tarjeta,
4648,2026-09-05,18:59,Nübe Centro,Mostrador,Capuchino,1,8500,Efectivo,
4649,2026-09-05,19:09,Nübe Centro,Mostrador,Capuchino,1,8500,Efectivo,
4650,2026-09-05,15:23,Nübe Centro,Mostrador,Croissant,1,6000,Nequi,
4651,2026-09-05,10:27,Nübe Centro,Mostrador,Latte,1,9000,Efectivo,C175
4652,2026-09-05,19:03,Nübe Centro,Mostrador,Croissant,1,6000,Efectivo,C228
4653,2026-09-05,08:21,Nübe Centro,Mostrador,Americano,1,5000,Nequi,
4653,2026-09-05,08:21,Nübe Centro,Mostrador,Capuchino,2,8500,Nequi,
4653,2026-09-05,08:21,Nübe Centro,Mostrador,Croissant,1,6000,Nequi,
4654,2026-09-05,08:13,Nübe Centro,Domicilio,Americano,3,5000,Efectivo,
4655,2026-09-05,10:25,Nübe Centro,Mostrador,Latte,1,9000,Efectivo,C206
4656,2026-09-05,20:42,Nübe Centro,Domicilio,Frappé de café,1,11000,Efectivo,C093
4657,2026-09-05,10:45,Nübe Centro,Mostrador,Croissant,3,6000,Efectivo,C139
4657,2026-09-05,10:45,Nübe Centro,Mostrador,Tinto,1,3000,Efectivo,C139
4658,2026-09-05,07:41,Nübe Centro,Mostrador,Capuchino,2,8500,Efectivo,
4658,2026-09-05,07:41,Nübe Centro,Mostrador,Croissant,1,6000,Efectivo,
4658,2026-09-05,07:41,Nübe Centro,Mostrador,Croissant de almendras,1,8000,Efectivo,
4659,2026-09-05,14:17,Nübe Centro,Domicilio,Capuchino,1,8500,Nequi,
4659,2026-09-05,14:17,Nübe Centro,Domicilio,Frappé de café,1,11000,Sin dato,
4659,2026-09-05,14:17,Nübe Centro,Domicilio,Latte,1,9000,Sin dato,
4660,2026-09-05,06:44,Nübe Centro,Mostrador,Croissant de almendras,1,8000,Tarjeta,C073
4660,2026-09-05,06:44,Nübe Centro,Mostrador,Latte,1,9000,Tarjeta,C073
4661,2026-09-05,07:09,Nübe Centro,Domicilio,Chocolate caliente,2,7500,Tarjeta,C183
4661,2026-09-05,07:09,Nübe Centro,Domicilio,Croissant de almendras,2,8000,Tarjeta,C183
4662,2026-09-05,08:41,Nübe Centro,Mostrador,Croissant de almendras,1,8000,Sin dato,C124
4663,2026-09-05,10:46,Nübe Altico,Mostrador,Croissant,1,6000,Efectivo,
4663,2026-09-05,10:46,Nübe Altico,Mostrador,Croissant de almendras,1,8000,Efectivo,
4664,2026-09-05,20:13,Nübe Altico,Domicilio,Croissant de almendras,1,8000,Tarjeta,C049
4664,2026-09-05,20:13,Nübe Altico,Domicilio,Frappé de café,1,11000,Tarjeta,C049
4665,2026-09-05,09:00,Nübe Altico,Domicilio,Tinto,1,3000,Efectivo,C197
4666,2026-09-05,15:06,Nübe Altico,Domicilio,Capuchino,1,8500,Nequi,C204
4666,2026-09-05,15:06,Nübe Altico,Domicilio,Croissant de almendras,1,8000,Nequi,C204
4667,2026-09-05,08:35,Nübe Altico,Mostrador,Capuchino,1,8500,Tarjeta,
4667,2026-09-05,08:35,Nübe Altico,Mostrador,Frappé de café,1,11000,Tarjeta,
4667,2026-09-05,08:35,Nübe Altico,Mostrador,Tinto,1,3000,Tarjeta,
4668,2026-09-05,16:41,Nübe Altico,Mostrador,Capuchino,1,8500,Efectivo,C288
4668,2026-09-05,16:41,Nübe Altico,Mostrador,Croissant,1,6000,Efectivo,C288
4669,2026-09-05,12:45,Nübe Altico,Domicilio,Capuchino,1,8500,Nequi,
4669,2026-09-05,12:45,Nübe Altico,Domicilio,Tinto,1,3000,Nequi,
4670,2026-09-05,07:44,Nübe Altico,Mostrador,Capuchino,1,8500,Efectivo,
4670,2026-09-05,07:44,Nübe Altico,Mostrador,Latte,1,9000,Efectivo,
4671,2026-09-05,08:57,Nübe Altico,Domicilio,Americano,1,5000,Tarjeta,
4671,2026-09-05,08:57,Nübe Altico,Domicilio,Croissant,2,6000,Tarjeta,
4672,2026-09-05,19:55,Nübe Altico,Mostrador,Croissant,1,6000,Tarjeta,
4673,2026-09-05,09:02,Nübe Altico,Mostrador,Croissant,1,6000,Nequi,C043
4673,2026-09-05,09:02,Nübe Altico,Mostrador,Tinto,1,3000,Nequi,C043
4674,2026-09-05,15:13,Nübe Altico,Mostrador,Tinto,1,3000,Tarjeta,C001
4675,2026-09-05,11:10,Nübe Altico,Domicilio,Capuchino,1,8500,Nequi,
4676,2026-09-05,07:41,Nübe Altico,Mostrador,Frappé de café,1,11000,Efectivo,
4676,2026-09-05,07:41,Nübe Altico,Mostrador,Latte,2,9000,Efectivo,
4676,2026-09-05,07:41,Nübe Altico,Mostrador,Tinto,2,3000,Efectivo,
4677,2026-09-05,18:53,Nübe Altico,Domicilio,Capuchino,1,8500,Efectivo,
4677,2026-09-05,18:53,Nübe Altico,Domicilio,Frappé de café,1,11000,Efectivo,
4678,2026-09-05,19:32,Nübe Altico,Domicilio,Capuchino,1,8500,Tarjeta,C294
4679,2026-09-05,07:44,Nübe Altico,Domicilio,Americano,2,5000,Tarjeta,
4679,2026-09-05,07:44,Nübe Altico,Domicilio,Croissant,1,6000,Tarjeta,
4680,2026-09-05,07:37,Nübe Altico,Mostrador,Tinto,1,3000,Efectivo,
4681,2026-09-05,13:01,Nübe Altico,Domicilio,Chocolate caliente,1,7500,Nequi,
4682,2026-09-05,17:13,Nübe Altico,Mostrador,Capuchino,1,8500,Nequi,
4683,2026-09-05,12:58,Nübe Altico,Mostrador,Capuchino,2,8500,Nequi,
4684,2026-09-05,06:46,Nübe Altico,Domicilio,Croissant de almendras,1,8000,Tarjeta,C142
4685,2026-09-05,15:42,Nübe Altico,Mostrador,Chocolate caliente,1,7500,Nequi,
4685,2026-09-05,15:42,Nübe Altico,Mostrador,Frappé de café,1,11000,Nequi,
4686,2026-09-05,09:26,Nübe Altico,Mostrador,Americano,1,5000,Tarjeta,
4687,2026-09-05,10:24,Nübe Altico,Mostrador,Chocolate caliente,1,7500,Nequi,
4688,2026-09-05,14:15,Nübe Altico,Mostrador,Croissant de almendras,3,8000,Tarjeta,
4689,2026-09-05,10:33,Nübe Altico,Domicilio,Latte,2,9000,Nequi,
4690,2026-09-05,14:36,Nübe Altico,Domicilio,Chocolate caliente,1,7500,Nequi,C167
4690,2026-09-05,14:36,Nübe Altico,Domicilio,Tinto,2,3000,Nequi,C167
4691,2026-09-05,06:30,Nübe Altico,Mostrador,Capuchino,1,8500,Efectivo,C023
4691,2026-09-05,06:30,Nübe Altico,Mostrador,Tinto,1,3000,Efectivo,C023
4692,2026-09-05,08:37,Nübe Altico,Mostrador,Capuchino,2,8500,Tarjeta,
4692,2026-09-05,08:37,Nübe Altico,Mostrador,Croissant,1,6000,Tarjeta,
4693,2026-09-05,09:25,Nübe Altico,Domicilio,Americano,2,5000,Tarjeta,C017
4693,2026-09-05,09:25,Nübe Altico,Domicilio,Latte,1,9000,Tarjeta,C017
4694,2026-09-05,06:01,Nübe Altico,Domicilio,Tinto,1,3000,Nequi,
4695,2026-09-05,08:38,Nübe Altico,Domicilio,Americano,1,5000,Efectivo,
4695,2026-09-05,08:38,Nübe Altico,Domicilio,Croissant de almendras,2,8000,Efectivo,
4696,2026-09-05,08:05,Nübe Altico,Mostrador,Chocolate caliente,1,7500,Tarjeta,C259
4696,2026-09-05,08:05,Nübe Altico,Mostrador,Croissant,1,6000,Tarjeta,C259
4697,2026-09-05,13:50,Nübe Altico,Domicilio,Croissant,2,6000,Efectivo,
4698,2026-09-05,08:41,Nübe Altico,Mostrador,Latte,1,9000,Efectivo,
4699,2026-09-05,07:23,Nübe Altico,Mostrador,Americano,2,5000,Efectivo,
4700,2026-09-05,16:12,Nübe Altico,Mostrador,Americano,1,5000,Efectivo,C109
4700,2026-09-05,16:12,Nübe Altico,Mostrador,Capuchino,1,8500,Efectivo,C109
4700,2026-09-05,16:12,Nübe Altico,Mostrador,Latte,1,9000,Efectivo,C109
4701,2026-09-05,14:53,Nübe Altico,Mostrador,Latte,1,9000,Efectivo,
4702,2026-09-05,16:09,Nübe Altico,Mostrador,Tinto,1,3000,Nequi,C078
4703,2026-09-05,11:39,Nübe Altico,Mostrador,Latte,1,9000,Efectivo,C074
4704,2026-09-05,18:08,Nübe Altico,Domicilio,Latte,1,9000,Efectivo,C139
4705,2026-09-05,09:16,Nübe Altico,Mostrador,Americano,1,5000,Efectivo,C249
4705,2026-09-05,09:16,Nübe Altico,Mostrador,Capuchino,1,8500,Efectivo,C249
4706,2026-09-05,16:51,Nübe Altico,Mostrador,Capuchino,1,8500,Nequi,
4706,2026-09-05,16:51,Nübe Altico,Mostrador,Tinto,1,3000,Nequi,
4707,2026-09-05,08:13,Nübe Altico,Mostrador,Croissant,1,6000,Tarjeta,C062
4708,2026-09-05,08:45,Nübe Altico,Mostrador,Americano,1,5000,Tarjeta,
4709,2026-09-05,10:37,Nübe Altico,Mostrador,Frappé de café,1,11000,Nequi,
4710,2026-09-05,09:46,Nübe Altico,Mostrador,Americano,1,5000,Efectivo,
4710,2026-09-05,09:46,Nübe Altico,Mostrador,Capuchino,1,8500,Efectivo,
4711,2026-09-05,10:32,Nübe Altico,Mostrador,Chocolate caliente,1,7500,Efectivo,
4711,2026-09-05,10:32,Nübe Altico,Mostrador,Croissant,1,6000,Efectivo,
4712,2026-09-05,14:36,Nübe Altico,Mostrador,Americano,2,5000,Nequi,
4712,2026-09-05,14:36,Nübe Altico,Mostrador,Croissant,2,6000,Nequi,
4712,2026-09-05,14:36,Nübe Altico,Mostrador,Frappé de café,1,11000,Nequi,
4713,2026-09-05,16:37,Nübe Altico,Mostrador,Chocolate caliente,1,7500,Tarjeta,C098
4714,2026-09-05,15:52,Nübe Altico,Domicilio,Frappé de café,2,11000,Efectivo,
4715,2026-09-05,10:36,Nübe Altico,Mostrador,Tinto,1,3000,Nequi,
4716,2026-09-05,07:19,Nübe Altico,Mostrador,Tinto,1,3000,Tarjeta,
4717,2026-09-05,09:07,Nübe Altico,Mostrador,Latte,1,9000,Efectivo,
4718,2026-09-05,14:46,Nübe Altico,Mostrador,Capuchino,2,8500,Nequi,C185
4718,2026-09-05,14:46,Nübe Altico,Mostrador,Chocolate caliente,1,7500,Nequi,C185
4718,2026-09-05,14:46,Nübe Altico,Mostrador,Croissant,1,6000,Nequi,C185
4719,2026-09-05,08:50,Nübe Altico,Domicilio,Americano,1,5000,Efectivo,C160
4720,2026-09-05,08:03,Nübe Altico,Mostrador,Croissant,1,6000,Tarjeta,C153
4720,2026-09-05,08:03,Nübe Altico,Mostrador,Latte,1,9000,Tarjeta,C153
4721,2026-09-05,16:46,Nübe Altico,Mostrador,Frappé de café,3,11000,Efectivo,
4722,2026-09-05,07:55,Nübe Altico,Mostrador,Capuchino,1,8500,Tarjeta,
4722,2026-09-05,07:55,Nübe Altico,Mostrador,Latte,1,9000,Tarjeta,
4723,2026-09-05,17:47,Nübe Altico,Mostrador,Croissant,1,6000,Efectivo,C130
4723,2026-09-05,17:47,Nübe Altico,Mostrador,Tinto,1,3000,Efectivo,C130
4724,2026-09-05,15:44,Nübe Altico,Mostrador,Americano,1,5000,Efectivo,C142
4725,2026-09-05,07:23,Nübe Altico,Mostrador,Tinto,2,3000,Tarjeta,C190
4726,2026-09-05,15:43,Nübe Altico,Mostrador,Chocolate caliente,1,7500,Efectivo,C011
4727,2026-09-05,08:15,Nübe Altico,Mostrador,Americano,1,5000,Tarjeta,C041
4728,2026-09-05,18:44,Nübe Altico,Mostrador,Americano,2,5000,Nequi,C062
4729,2026-09-05,07:01,Nübe Altico,Mostrador,Americano,1,5000,Nequi,
4729,2026-09-05,07:01,Nübe Altico,Mostrador,Croissant de almendras,1,8000,Nequi,
4730,2026-09-05,16:50,Nübe Altico,Domicilio,Americano,1,5000,Efectivo,C067
4730,2026-09-05,16:50,Nübe Altico,Domicilio,Croissant,3,6000,Efectivo,C067
4731,2026-09-05,08:06,Nübe Altico,Mostrador,Americano,1,5000,Tarjeta,C042
4732,2026-09-05,10:43,Nübe Altico,Mostrador,Chocolate caliente,1,7500,Tarjeta,
4733,2026-09-05,12:07,Nübe Altico,Mostrador,Frappé de café,1,11000,Efectivo,
4734,2026-09-05,08:59,Nübe Altico,Mostrador,Tinto,1,3000,Nequi,C257
4735,2026-09-05,19:21,Nübe Altico,Mostrador,Croissant,2,6000,Tarjeta,C073
4735,2026-09-05,19:21,Nübe Altico,Mostrador,Latte,1,9000,Tarjeta,C073
4736,2026-09-05,12:28,Nübe Altico,Mostrador,Latte,1,9000,Tarjeta,C248
4737,2026-09-05,10:17,Nübe Altico,Mostrador,Chocolate caliente,1,7500,Nequi,
4738,2026-09-05,11:05,Nübe Altico,Mostrador,Frappé de café,1,11000,Efectivo,C279
4739,2026-09-05,16:58,Nübe Altico,Mostrador,Capuchino,1,8500,Efectivo,
4739,2026-09-05,16:58,Nübe Altico,Mostrador,Croissant,2,6000,Efectivo,
4740,2026-09-06,16:45,Nübe Centro,Domicilio,Americano,1,5000,Efectivo,
4741,2026-09-06,08:57,Nübe Centro,Mostrador,Croissant,1,6000,Nequi,
4741,2026-09-06,08:57,Nübe Centro,Mostrador,Frappé de café,2,11000,Nequi,
4741,2026-09-06,08:57,Nübe Centro,Mostrador,Tinto,1,3000,Nequi,
4742,2026-09-06,09:57,Nübe Centro,Mostrador,Latte,1,9000,Efectivo,
4743,2026-09-06,07:55,Nübe Centro,Domicilio,Croissant de almendras,1,8000,Tarjeta,
4744,2026-09-06,15:13,Nübe Centro,Domicilio,Frappé de café,1,11000,Tarjeta,C233
4744,2026-09-06,15:13,Nübe Centro,Domicilio,Latte,1,9000,Tarjeta,C233
4745,2026-09-06,07:22,Nübe Centro,Mostrador,Americano,1,5000,Efectivo,
4746,2026-09-06,11:33,Nübe Centro,Mostrador,Latte,1,9000,Nequi,C280
4747,2026-09-06,08:49,Nübe Centro,Mostrador,Capuchino,1,8500,Tarjeta,
4748,2026-09-06,09:32,Nübe Centro,Mostrador,Chocolate caliente,2,7500,Tarjeta,
4748,2026-09-06,09:32,Nübe Centro,Mostrador,Croissant,2,6000,Tarjeta,
4749,2026-09-06,08:16,Nübe Centro,Mostrador,Capuchino,2,8500,Nequi,C107
4749,2026-09-06,08:16,Nübe Centro,Mostrador,Croissant,1,6000,Nequi,C107
4750,2026-09-06,08:38,Nübe Centro,Mostrador,Chocolate caliente,1,7500,Efectivo,C092
4750,2026-09-06,08:38,Nübe Centro,Mostrador,Tinto,1,3000,Efectivo,C092
4751,2026-09-06,17:59,Nübe Centro,Mostrador,Croissant,2,6000,Efectivo,C121
4752,2026-09-06,10:56,Nübe Centro,Mostrador,Chocolate caliente,1,7500,Tarjeta,
4752,2026-09-06,10:56,Nübe Centro,Mostrador,Croissant de almendras,2,8000,Tarjeta,
4753,2026-09-06,16:32,Nübe Centro,Domicilio,Croissant,1,6000,Nequi,
4754,2026-09-06,15:49,Nübe Centro,Domicilio,Americano,2,5000,Efectivo,C233
4754,2026-09-06,15:49,Nübe Centro,Domicilio,Capuchino,1,8500,Efectivo,C233
4755,2026-09-06,14:58,Nübe Centro,Domicilio,Americano,1,5000,Efectivo,
4755,2026-09-06,14:58,Nübe Centro,Domicilio,Croissant,1,6000,Efectivo,
4756,2026-09-06,15:08,Nübe Centro,Mostrador,Americano,2,5000,Tarjeta,
4757,2026-09-06,15:43,Nübe Centro,Mostrador,Capuchino,1,8500,Nequi,
4757,2026-09-06,15:43,Nübe Centro,Mostrador,Latte,3,9000,Nequi,
4757,2026-09-06,15:43,Nübe Centro,Mostrador,Tinto,1,3000,Nequi,
4758,2026-09-06,17:25,Nübe Centro,Domicilio,Capuchino,1,8500,Nequi,
4759,2026-09-06,16:11,Nübe Centro,Mostrador,Capuchino,1,8500,Nequi,
4759,2026-09-06,16:11,Nübe Centro,Mostrador,Tinto,1,3000,Nequi,
4760,2026-09-06,09:14,Nübe Centro,Domicilio,Chocolate caliente,1,7500,Tarjeta,
4760,2026-09-06,09:14,Nübe Centro,Domicilio,Tinto,1,3000,Tarjeta,
4761,2026-09-06,09:27,Nübe Centro,Domicilio,Croissant,1,6000,Efectivo,C051
4762,2026-09-06,15:33,Nübe Centro,Mostrador,Tinto,2,3000,Nequi,
4763,2026-09-06,10:01,Nübe Centro,Domicilio,Tinto,1,3000,Tarjeta,C088
4764,2026-09-06,08:07,Nübe Centro,Mostrador,Croissant,1,6000,Nequi,
4765,2026-09-06,20:49,Nübe Centro,Mostrador,Capuchino,1,8500,Nequi,
4765,2026-09-06,20:49,Nübe Centro,Mostrador,Croissant,3,6000,Nequi,
4765,2026-09-06,20:49,Nübe Centro,Mostrador,Latte,1,9000,Nequi,
4766,2026-09-06,08:43,Nübe Centro,Mostrador,Capuchino,1,8500,Efectivo,C026
4767,2026-09-06,07:02,Nübe Centro,Mostrador,Croissant de almendras,1,8000,Tarjeta,C191
4768,2026-09-06,15:38,Nübe Centro,Mostrador,Americano,1,5000,Nequi,
4768,2026-09-06,15:38,Nübe Centro,Mostrador,Croissant,1,6000,Nequi,
4769,2026-09-06,14:12,Nübe Centro,Mostrador,Frappé de café,1,11000,Tarjeta,
4770,2026-09-06,08:06,Nübe Centro,Mostrador,Capuchino,2,8500,Nequi,C056
4770,2026-09-06,08:06,Nübe Centro,Mostrador,Croissant de almendras,1,8000,Nequi,C056
4770,2026-09-06,08:06,Nübe Centro,Mostrador,Tinto,1,3000,Nequi,C056
4771,2026-09-06,08:38,Nübe Centro,Mostrador,Croissant,1,6000,Efectivo,C247
4771,2026-09-06,08:38,Nübe Centro,Mostrador,Tinto,1,3000,Efectivo,C247
4772,2026-09-06,18:40,Nübe Centro,Mostrador,Capuchino,1,8500,Nequi,
4772,2026-09-06,18:40,Nübe Centro,Mostrador,Tinto,1,3000,Nequi,
4773,2026-09-06,17:43,Nübe Centro,Mostrador,Croissant de almendras,1,8000,Tarjeta,
4774,2026-09-06,09:09,Nübe Centro,Mostrador,Americano,1,5000,Tarjeta,
4775,2026-09-06,09:21,Nübe Centro,Mostrador,Croissant,2,6000,Nequi,
4775,2026-09-06,09:21,Nübe Centro,Mostrador,Latte,1,9000,Nequi,
4776,2026-09-06,18:54,Nübe Centro,Mostrador,Americano,1,5000,Nequi,
4777,2026-09-06,11:32,Nübe Centro,Mostrador,Croissant,1,6000,Nequi,
4777,2026-09-06,11:32,Nübe Centro,Mostrador,Tinto,1,3000,Nequi,
4778,2026-09-06,11:40,Nübe Centro,Domicilio,Capuchino,2,8500,Nequi,
4778,2026-09-06,11:40,Nübe Centro,Domicilio,Tinto,2,3000,Nequi,
4779,2026-09-06,10:58,Nübe Centro,Mostrador,Croissant,1,6000,Efectivo,
4780,2026-09-06,15:11,Nübe Centro,Mostrador,Frappé de café,1,11000,Efectivo,C135
4781,2026-09-06,12:24,Nübe Centro,Mostrador,Capuchino,1,8500,Nequi,
4781,2026-09-06,12:24,Nübe Centro,Mostrador,Tinto,2,3000,Nequi,
4782,2026-09-06,08:27,Nübe Centro,Mostrador,Capuchino,1,8500,Efectivo,
4783,2026-09-06,07:51,Nübe Centro,Mostrador,Capuchino,1,8500,Tarjeta,
4784,2026-09-06,07:20,Nübe Centro,Mostrador,Capuchino,1,8500,Nequi,
4785,2026-09-06,11:39,Nübe Centro,Mostrador,Chocolate caliente,2,7500,Tarjeta,C083
4785,2026-09-06,11:39,Nübe Centro,Mostrador,Croissant de almendras,1,8000,Tarjeta,C083
4786,2026-09-06,09:18,Nübe Centro,Mostrador,Croissant,1,6000,Nequi,
4787,2026-09-06,09:17,Nübe Centro,Domicilio,Capuchino,1,8500,Tarjeta,
4787,2026-09-06,09:17,Nübe Centro,Domicilio,Croissant de almendras,1,8000,Tarjeta,
4788,2026-09-06,06:28,Nübe Centro,Mostrador,Croissant de almendras,1,8000,Tarjeta,C148
4788,2026-09-06,06:28,Nübe Centro,Mostrador,Tinto,1,3000,Sin dato,C148
4789,2026-09-06,19:00,Nübe Centro,Mostrador,Americano,1,5000,Nequi,C056
4789,2026-09-06,19:00,Nübe Centro,Mostrador,Frappé de café,1,11000,Nequi,C056
4790,2026-09-06,16:20,Nübe Centro,Mostrador,Croissant,1,6000,Tarjeta,C286
4790,2026-09-06,16:20,Nübe Centro,Mostrador,Croissant de almendras,1,8000,Tarjeta,C286
4791,2026-09-06,16:55,Nübe Centro,Mostrador,Croissant,1,6000,Efectivo,C238
4792,2026-09-06,08:30,Nübe Centro,Mostrador,Capuchino,1,8500,Nequi,
4792,2026-09-06,08:30,Nübe Centro,Mostrador,Croissant de almendras,1,8000,Nequi,
4792,2026-09-06,08:30,Nübe Centro,Mostrador,Tinto,1,3000,Nequi,
4793,2026-09-06,09:33,Nübe Centro,Domicilio,Capuchino,1,8500,Nequi,
4794,2026-09-06,07:31,Nübe Centro,Mostrador,Croissant,1,6000,Efectivo,C149
4794,2026-09-06,07:31,Nübe Centro,Mostrador,Tinto,1,3000,Efectivo,C149
4795,2026-09-06,16:31,Nübe Centro,Mostrador,Latte,1,9000,Tarjeta,
4796,2026-09-06,09:23,Nübe Centro,Mostrador,Capuchino,1,8500,Nequi,
4796,2026-09-06,09:23,Nübe Centro,Mostrador,Chocolate caliente,1,7500,Nequi,
4796,2026-09-06,09:23,Nübe Centro,Mostrador,Tinto,1,3000,Nequi,
4797,2026-09-06,09:23,Nübe Centro,Domicilio,Croissant,2,6000,Efectivo,
4798,2026-09-06,07:14,Nübe Centro,Mostrador,Tinto,1,3000,Nequi,
4799,2026-09-06,08:20,Nübe Centro,Mostrador,Chocolate caliente,1,7500,Efectivo,
4799,2026-09-06,08:20,Nübe Centro,Mostrador,Latte,1,9000,Efectivo,
4800,2026-09-06,10:18,Nübe Centro,Mostrador,Tinto,1,3000,Nequi,C064
4801,2026-09-06,09:09,Nübe Centro,Mostrador,Chocolate caliente,1,7500,Nequi,C280
4802,2026-09-06,11:44,Nübe Centro,Mostrador,Capuchino,1,8500,Tarjeta,
4802,2026-09-06,11:44,Nübe Centro,Mostrador,Croissant,1,6000,Tarjeta,
4803,2026-09-06,08:07,Nübe Centro,Mostrador,Americano,1,5000,Nequi,
4804,2026-09-06,19:05,Nübe Centro,Mostrador,Croissant,2,6000,Nequi,C107
4805,2026-09-06,11:16,Nübe Centro,Mostrador,Capuchino,1,8500,Efectivo,
4805,2026-09-06,11:16,Nübe Centro,Mostrador,Frappé de café,2,11000,Efectivo,
4806,2026-09-06,15:29,Nübe Centro,Mostrador,Latte,1,9000,Nequi,
4807,2026-09-06,15:46,Nübe Centro,Mostrador,Frappé de café,1,11000,Tarjeta,
4808,2026-09-06,08:48,Nübe Centro,Mostrador,Croissant,1,6000,Tarjeta,C109
4809,2026-09-06,09:10,Nübe Centro,Mostrador,Croissant,1,6000,Efectivo,C111
4809,2026-09-06,09:10,Nübe Centro,Mostrador,Tinto,1,3000,Efectivo,C111
4810,2026-09-06,15:18,Nübe Centro,Mostrador,Capuchino,2,8500,Nequi,C298
4810,2026-09-06,15:18,Nübe Centro,Mostrador,Croissant de almendras,1,8000,Sin dato,C298
4810,2026-09-06,15:18,Nübe Centro,Mostrador,Latte,1,9000,Nequi,C298
4811,2026-09-06,06:46,Nübe Centro,Mostrador,Americano,2,5000,Tarjeta,
4812,2026-09-06,13:54,Nübe Centro,Mostrador,Americano,2,5000,Efectivo,
4812,2026-09-06,13:54,Nübe Centro,Mostrador,Tinto,1,3000,Efectivo,
4813,2026-09-06,11:46,Nübe Centro,Domicilio,Croissant,1,6000,Efectivo,
4813,2026-09-06,11:46,Nübe Centro,Domicilio,Croissant de almendras,1,8000,Efectivo,
4814,2026-09-06,10:05,Nübe Centro,Mostrador,Americano,1,5000,Tarjeta,
4814,2026-09-06,10:05,Nübe Centro,Mostrador,Croissant,1,6000,Tarjeta,
4815,2026-09-06,17:58,Nübe Centro,Domicilio,Frappé de café,1,11000,Efectivo,
4816,2026-09-06,09:54,Nübe Centro,Mostrador,Capuchino,1,8500,Efectivo,C069
4816,2026-09-06,09:54,Nübe Centro,Mostrador,Tinto,1,3000,Efectivo,C069
4817,2026-09-06,13:02,Nübe Centro,Mostrador,Latte,1,9000,Efectivo,
4818,2026-09-06,09:12,Nübe Centro,Mostrador,Capuchino,1,8500,Tarjeta,C231
4819,2026-09-06,18:39,Nübe Centro,Mostrador,Capuchino,1,8500,Nequi,
4819,2026-09-06,18:39,Nübe Centro,Mostrador,Frappé de café,1,11000,Nequi,
4820,2026-09-06,12:27,Nübe Centro,Mostrador,Capuchino,2,8500,Nequi,
4821,2026-09-06,07:01,Nübe Centro,Mostrador,Americano,1,5000,Nequi,
4821,2026-09-06,07:01,Nübe Centro,Mostrador,Chocolate caliente,1,7500,Nequi,
4822,2026-09-06,08:23,Nübe Centro,Mostrador,Latte,1,9000,Efectivo,
4823,2026-09-06,09:37,Nübe Centro,Mostrador,Americano,1,5000,Nequi,C192
4823,2026-09-06,09:37,Nübe Centro,Mostrador,Croissant,1,6000,Nequi,C192
4823,2026-09-06,09:37,Nübe Centro,Mostrador,Croissant de almendras,1,8000,Nequi,C192
4824,2026-09-06,09:38,Nübe Centro,Mostrador,Latte,1,9000,Efectivo,C066
4825,2026-09-06,08:34,Nübe Centro,Mostrador,Tinto,2,3000,Efectivo,C218
4826,2026-09-06,10:34,Nübe Centro,Domicilio,Croissant de almendras,3,8000,Efectivo,
4826,2026-09-06,10:34,Nübe Centro,Domicilio,Frappé de café,1,11000,Efectivo,
4826,2026-09-06,10:34,Nübe Centro,Domicilio,Tinto,1,3000,Efectivo,
4827,2026-09-06,09:12,Nübe Centro,Mostrador,Frappé de café,1,11000,Efectivo,
4828,2026-09-06,11:13,Nübe Centro,Mostrador,Americano,1,5000,Efectivo,
4828,2026-09-06,11:13,Nübe Centro,Mostrador,Capuchino,1,8500,Efectivo,
4829,2026-09-06,09:17,Nübe Centro,Mostrador,Tinto,2,3000,Efectivo,C073
4830,2026-09-06,13:15,Nübe Centro,Mostrador,Americano,1,5000,Tarjeta,C064
4830,2026-09-06,13:15,Nübe Centro,Mostrador,Capuchino,1,8500,Tarjeta,C064
4831,2026-09-06,15:50,Nübe Centro,Mostrador,Capuchino,1,8500,Nequi,C150
4832,2026-09-06,08:02,Nübe Centro,Mostrador,Capuchino,1,8500,Efectivo,C001
4832,2026-09-06,08:02,Nübe Centro,Mostrador,Frappé de café,1,11000,Efectivo,C001
4833,2026-09-06,13:32,Nübe Centro,Mostrador,Tinto,1,3000,Efectivo,
4834,2026-09-06,07:22,Nübe Centro,Domicilio,Americano,1,5000,Efectivo,
4834,2026-09-06,07:22,Nübe Centro,Domicilio,Croissant,1,6000,Efectivo,
4835,2026-09-06,08:40,Nübe Centro,Mostrador,Latte,1,9000,Nequi,
4836,2026-09-06,08:00,Nübe Centro,Mostrador,Croissant de almendras,1,8000,Nequi,
4836,2026-09-06,08:00,Nübe Centro,Mostrador,Tinto,1,3000,Nequi,
4837,2026-09-06,10:13,Nübe Centro,Mostrador,Americano,1,5000,Nequi,C230
4837,2026-09-06,10:13,Nübe Centro,Mostrador,Croissant,1,6000,Nequi,C230
4838,2026-09-06,10:39,Nübe Altico,Mostrador,Croissant de almendras,1,8000,Tarjeta,
4839,2026-09-06,10:38,Nübe Altico,Mostrador,Americano,1,5000,Nequi,
4840,2026-09-06,15:58,Nübe Altico,Mostrador,Frappé de café,2,11000,Nequi,
4840,2026-09-06,15:58,Nübe Altico,Mostrador,Tinto,2,3000,Nequi,
4841,2026-09-06,09:31,Nübe Altico,Domicilio,Chocolate caliente,1,7500,Efectivo,
4841,2026-09-06,09:31,Nübe Altico,Domicilio,Tinto,1,3000,Efectivo,
4842,2026-09-06,09:30,Nübe Altico,Domicilio,Tinto,1,3000,Nequi,
4843,2026-09-06,10:04,Nübe Altico,Mostrador,Latte,2,9000,Sin dato,
4844,2026-09-06,09:32,Nübe Altico,Domicilio,Chocolate caliente,2,7500,Tarjeta,C204
4844,2026-09-06,09:32,Nübe Altico,Domicilio,Tinto,1,3000,Tarjeta,C204
4845,2026-09-06,15:17,Nübe Altico,Mostrador,Latte,1,9000,Tarjeta,
4846,2026-09-06,18:16,Nübe Altico,Mostrador,Americano,1,5000,Efectivo,C142
4847,2026-09-06,15:27,Nübe Altico,Mostrador,Tinto,1,3000,Tarjeta,
4848,2026-09-06,09:08,Nübe Altico,Mostrador,Americano,1,5000,Tarjeta,
4848,2026-09-06,09:08,Nübe Altico,Mostrador,Frappé de café,1,11000,Tarjeta,
4849,2026-09-06,12:32,Nübe Altico,Mostrador,Capuchino,1,8500,Tarjeta,
4849,2026-09-06,12:32,Nübe Altico,Mostrador,Tinto,1,3000,Tarjeta,
4850,2026-09-06,07:17,Nübe Altico,Mostrador,Croissant,1,6000,Nequi,C172
4850,2026-09-06,07:17,Nübe Altico,Mostrador,Tinto,1,3000,Nequi,C172
4851,2026-09-06,16:32,Nübe Altico,Mostrador,Latte,1,9000,Nequi,C240
4852,2026-09-06,09:18,Nübe Altico,Mostrador,Americano,1,5000,Tarjeta,C130
4853,2026-09-06,18:28,Nübe Altico,Mostrador,Capuchino,2,8500,Tarjeta,
4854,2026-09-06,06:53,Nübe Altico,Domicilio,Croissant de almendras,1,8000,Efectivo,C004
4855,2026-09-06,20:29,Nübe Altico,Mostrador,Capuchino,1,8500,Efectivo,C026
4856,2026-09-06,14:59,Nübe Altico,Mostrador,Frappé de café,1,11000,Efectivo,C255
4857,2026-09-06,16:23,Nübe Altico,Mostrador,Capuchino,1,8500,Nequi,
4858,2026-09-06,09:33,Nübe Altico,Domicilio,Croissant,1,6000,Tarjeta,
4858,2026-09-06,09:33,Nübe Altico,Domicilio,Frappé de café,1,11000,Tarjeta,
4859,2026-09-06,06:57,Nübe Altico,Mostrador,Americano,1,5000,Tarjeta,
4860,2026-09-06,11:52,Nübe Altico,Mostrador,Latte,1,9000,Nequi,
4860,2026-09-06,11:52,Nübe Altico,Mostrador,Tinto,3,3000,Nequi,
4861,2026-09-06,10:55,Nübe Altico,Mostrador,Croissant de almendras,1,8000,Efectivo,
4862,2026-09-06,20:39,Nübe Altico,Domicilio,Americano,2,5000,Efectivo,
4862,2026-09-06,20:39,Nübe Altico,Domicilio,Tinto,2,3000,Efectivo,
4863,2026-09-06,16:22,Nübe Altico,Mostrador,Americano,2,5000,Efectivo,
4863,2026-09-06,16:22,Nübe Altico,Mostrador,Chocolate caliente,1,7500,Efectivo,
4864,2026-09-06,14:43,Nübe Altico,Mostrador,Americano,1,5000,Nequi,
4865,2026-09-06,18:28,Nübe Altico,Domicilio,Croissant,1,6000,Nequi,
4865,2026-09-06,18:28,Nübe Altico,Domicilio,Latte,1,9000,Nequi,
4866,2026-09-06,15:56,Nübe Altico,Mostrador,Capuchino,1,8500,Efectivo,
4866,2026-09-06,15:56,Nübe Altico,Mostrador,Croissant,1,6000,Efectivo,
4867,2026-09-06,13:07,Nübe Altico,Domicilio,Frappé de café,1,11000,Tarjeta,C056
4868,2026-09-06,07:14,Nübe Altico,Mostrador,Capuchino,1,8500,Tarjeta,
4868,2026-09-06,07:14,Nübe Altico,Mostrador,Frappé de café,1,11000,Tarjeta,
4869,2026-09-06,08:15,Nübe Altico,Mostrador,Latte,1,9000,Tarjeta,C137
4869,2026-09-06,08:15,Nübe Altico,Mostrador,Tinto,1,3000,Tarjeta,C137
4870,2026-09-06,07:07,Nübe Altico,Mostrador,Croissant,1,6000,Tarjeta,C070
4871,2026-09-06,20:13,Nübe Altico,Mostrador,Capuchino,1,8500,Tarjeta,
4871,2026-09-06,20:13,Nübe Altico,Mostrador,Croissant,1,6000,Tarjeta,
4871,2026-09-06,20:13,Nübe Altico,Mostrador,Croissant de almendras,1,8000,Tarjeta,
4872,2026-09-06,16:45,Nübe Altico,Mostrador,Latte,1,9000,Tarjeta,
4873,2026-09-06,11:15,Nübe Altico,Mostrador,Croissant de almendras,1,8000,Tarjeta,C086
4874,2026-09-06,20:56,Nübe Altico,Mostrador,Latte,1,9000,Tarjeta,
4875,2026-09-06,20:19,Nübe Altico,Domicilio,Frappé de café,1,11000,Efectivo,C166
4875,2026-09-06,20:19,Nübe Altico,Domicilio,Tinto,1,3000,Efectivo,C166
4876,2026-09-06,07:48,Nübe Altico,Mostrador,Americano,1,5000,Efectivo,
4876,2026-09-06,07:48,Nübe Altico,Mostrador,Tinto,1,3000,Efectivo,
4877,2026-09-06,20:27,Nübe Altico,Domicilio,Latte,1,9000,Tarjeta,
4877,2026-09-06,20:27,Nübe Altico,Domicilio,Tinto,1,3000,Tarjeta,
4878,2026-09-06,11:20,Nübe Altico,Mostrador,Chocolate caliente,2,7500,Nequi,C069
4879,2026-09-06,17:00,Nübe Altico,Mostrador,Frappé de café,1,11000,Efectivo,C091
4880,2026-09-06,06:41,Nübe Altico,Mostrador,Tinto,1,3000,Efectivo,C035
4881,2026-09-06,12:36,Nübe Altico,Domicilio,Croissant de almendras,2,8000,Nequi,C072
4881,2026-09-06,12:36,Nübe Altico,Domicilio,Tinto,2,3000,Nequi,C072
4882,2026-09-06,14:43,Nübe Altico,Mostrador,Latte,1,9000,Efectivo,
4882,2026-09-06,14:43,Nübe Altico,Mostrador,Tinto,1,3000,Efectivo,
4883,2026-09-06,14:31,Nübe Altico,Mostrador,Croissant de almendras,1,8000,Efectivo,C012
4883,2026-09-06,14:31,Nübe Altico,Mostrador,Latte,1,9000,Efectivo,C012
4884,2026-09-06,15:44,Nübe Altico,Mostrador,Frappé de café,1,11000,Tarjeta,
4885,2026-09-06,08:51,Nübe Altico,Domicilio,Tinto,1,3000,Tarjeta,
4886,2026-09-07,12:27,Nübe Centro,Mostrador,Tinto,2,3000,Nequi,
4887,2026-09-07,17:10,Nübe Centro,Mostrador,Tinto,1,3000,Nequi,
4888,2026-09-07,11:00,Nübe Centro,Mostrador,Capuchino,2,8500,Nequi,
4889,2026-09-07,14:20,Nübe Centro,Mostrador,Capuchino,1,8500,Nequi,
4890,2026-09-07,07:38,Nübe Centro,Mostrador,Capuchino,1,8500,Nequi,C047
4890,2026-09-07,07:38,Nübe Centro,Mostrador,Tinto,2,3000,Nequi,C047
4891,2026-09-07,15:52,Nübe Centro,Mostrador,Capuchino,1,8500,Tarjeta,C293
4891,2026-09-07,15:52,Nübe Centro,Mostrador,Tinto,1,3000,Tarjeta,C293
4892,2026-09-07,15:19,Nübe Centro,Mostrador,Latte,1,9000,Efectivo,C191
4892,2026-09-07,15:19,Nübe Centro,Mostrador,Tinto,1,3000,Efectivo,C191
4893,2026-09-07,15:38,Nübe Centro,Mostrador,Frappé de café,1,11000,Tarjeta,C041
4894,2026-09-07,16:48,Nübe Centro,Mostrador,Croissant,1,6000,Nequi,
4894,2026-09-07,16:48,Nübe Centro,Mostrador,Tinto,1,3000,Nequi,
4895,2026-09-07,07:52,Nübe Centro,Domicilio,Tinto,1,3000,Efectivo,C062
4896,2026-09-07,12:01,Nübe Centro,Mostrador,Tinto,1,3000,Tarjeta,C230
4897,2026-09-07,17:10,Nübe Centro,Mostrador,Croissant,1,6000,Efectivo,
4898,2026-09-07,12:44,Nübe Centro,Mostrador,Chocolate caliente,2,7500,Tarjeta,C067
4899,2026-09-07,15:51,Nübe Centro,Domicilio,Americano,1,5000,Efectivo,
4900,2026-09-07,10:40,Nübe Centro,Mostrador,Latte,1,9000,Efectivo,
4901,2026-09-07,15:30,Nübe Centro,Mostrador,Americano,1,5000,Nequi,C066
4902,2026-09-07,15:39,Nübe Centro,Mostrador,Capuchino,1,8500,Efectivo,
4903,2026-09-07,12:10,Nübe Centro,Mostrador,Capuchino,1,8500,Efectivo,
4904,2026-09-07,09:11,Nübe Centro,Mostrador,Croissant,1,6000,Nequi,
4905,2026-09-07,17:25,Nübe Centro,Mostrador,Croissant,1,6000,Tarjeta,C014
4906,2026-09-07,06:34,Nübe Centro,Mostrador,Croissant de almendras,2,8000,Tarjeta,
4907,2026-09-07,08:12,Nübe Centro,Mostrador,Capuchino,1,8500,Efectivo,C229
4908,2026-09-07,08:10,Nübe Centro,Mostrador,Capuchino,2,8500,Efectivo,C011
4908,2026-09-07,08:10,Nübe Centro,Mostrador,Tinto,1,3000,Efectivo,C011
4909,2026-09-07,08:27,Nübe Centro,Mostrador,Americano,1,5000,Nequi,C266
4910,2026-09-07,11:51,Nübe Centro,Mostrador,Croissant,2,6000,Tarjeta,C071
4911,2026-09-07,08:33,Nübe Centro,Mostrador,Croissant,1,6000,Nequi,C022
4911,2026-09-07,08:33,Nübe Centro,Mostrador,Latte,2,9000,Nequi,C022
4912,2026-09-07,15:52,Nübe Centro,Mostrador,Americano,1,5000,Efectivo,
4913,2026-09-07,11:01,Nübe Centro,Mostrador,Chocolate caliente,3,7500,Efectivo,
4913,2026-09-07,11:01,Nübe Centro,Mostrador,Frappé de café,1,11000,Efectivo,
4914,2026-09-07,15:11,Nübe Centro,Mostrador,Capuchino,2,8500,Efectivo,C162
4915,2026-09-07,17:12,Nübe Centro,Mostrador,Capuchino,1,8500,Nequi,
4916,2026-09-07,08:03,Nübe Centro,Mostrador,Capuchino,1,8500,Efectivo,C065
4917,2026-09-07,14:46,Nübe Centro,Mostrador,Capuchino,1,8500,Efectivo,
4917,2026-09-07,14:46,Nübe Centro,Mostrador,Croissant de almendras,1,8000,Efectivo,
4918,2026-09-07,15:02,Nübe Centro,Mostrador,Croissant,2,6000,Tarjeta,C288
4919,2026-09-07,18:29,Nübe Centro,Mostrador,Chocolate caliente,1,7500,Efectivo,
4919,2026-09-07,18:29,Nübe Centro,Mostrador,Latte,1,9000,Efectivo,
4920,2026-09-07,07:53,Nübe Centro,Mostrador,Chocolate caliente,1,7500,Tarjeta,C100
4921,2026-09-07,10:54,Nübe Centro,Mostrador,Croissant,1,6000,Efectivo,
4921,2026-09-07,10:54,Nübe Centro,Mostrador,Croissant de almendras,1,8000,Efectivo,
4922,2026-09-07,07:39,Nübe Centro,Mostrador,Croissant,1,6000,Nequi,
4922,2026-09-07,07:39,Nübe Centro,Mostrador,Croissant de almendras,1,8000,Nequi,
4923,2026-09-07,07:36,Nübe Centro,Mostrador,Americano,2,5000,Nequi,
4924,2026-09-07,11:19,Nübe Centro,Mostrador,Capuchino,1,8500,Nequi,
4924,2026-09-07,11:19,Nübe Centro,Mostrador,Latte,2,9000,Nequi,
4925,2026-09-07,10:37,Nübe Centro,Mostrador,Croissant,2,6000,Efectivo,
4925,2026-09-07,10:37,Nübe Centro,Mostrador,Croissant de almendras,1,8000,Efectivo,
4926,2026-09-07,10:11,Nübe Centro,Mostrador,Chocolate caliente,1,7500,Efectivo,
4926,2026-09-07,10:11,Nübe Centro,Mostrador,Frappé de café,1,11000,Efectivo,
4927,2026-09-07,08:53,Nübe Centro,Mostrador,Capuchino,1,8500,Nequi,
4928,2026-09-07,10:41,Nübe Centro,Mostrador,Tinto,2,3000,Nequi,C090
4929,2026-09-07,15:09,Nübe Centro,Mostrador,Frappé de café,1,11000,Nequi,C179
4930,2026-09-07,07:59,Nübe Centro,Mostrador,Latte,1,9000,Nequi,
4931,2026-09-07,14:52,Nübe Centro,Mostrador,Capuchino,1,8500,Tarjeta,C077
4932,2026-09-07,07:47,Nübe Centro,Mostrador,Americano,1,5000,Efectivo,
4933,2026-09-07,17:30,Nübe Centro,Domicilio,Chocolate caliente,3,7500,Efectivo,
4933,2026-09-07,17:30,Nübe Centro,Domicilio,Tinto,2,3000,Efectivo,
4934,2026-09-07,08:31,Nübe Centro,Mostrador,Croissant de almendras,1,8000,Tarjeta,
4935,2026-09-07,12:58,Nübe Centro,Mostrador,Capuchino,2,8500,Efectivo,C094
4935,2026-09-07,12:58,Nübe Centro,Mostrador,Tinto,1,3000,Sin dato,C094
4936,2026-09-07,13:09,Nübe Centro,Mostrador,Americano,1,5000,Efectivo,
4936,2026-09-07,13:09,Nübe Centro,Mostrador,Chocolate caliente,1,7500,Efectivo,
4936,2026-09-07,13:09,Nübe Centro,Mostrador,Tinto,1,3000,Efectivo,
4937,2026-09-07,08:45,Nübe Centro,Mostrador,Latte,1,9000,Tarjeta,
4938,2026-09-07,10:12,Nübe Centro,Mostrador,Croissant de almendras,1,8000,Tarjeta,C039
4938,2026-09-07,10:12,Nübe Centro,Mostrador,Latte,1,9000,Tarjeta,C039
4939,2026-09-07,07:06,Nübe Centro,Mostrador,Croissant de almendras,2,8000,Efectivo,C133
4940,2026-09-07,09:08,Nübe Centro,Mostrador,Americano,1,5000,Nequi,
4941,2026-09-07,08:39,Nübe Centro,Mostrador,Capuchino,1,8500,Nequi,C100
4942,2026-09-07,13:48,Nübe Centro,Mostrador,Frappé de café,1,11000,Tarjeta,
4943,2026-09-07,17:16,Nübe Centro,Mostrador,Croissant,2,6000,Efectivo,
4943,2026-09-07,17:16,Nübe Centro,Mostrador,Croissant de almendras,1,8000,Efectivo,
4944,2026-09-07,08:38,Nübe Altico,Mostrador,Capuchino,1,8500,Efectivo,
4945,2026-09-07,11:43,Nübe Altico,Mostrador,Tinto,1,3000,Nequi,C223
4946,2026-09-07,16:17,Nübe Altico,Mostrador,Tinto,1,3000,Tarjeta,C078
4947,2026-09-07,18:11,Nübe Altico,Domicilio,Capuchino,1,8500,Efectivo,
4947,2026-09-07,18:11,Nübe Altico,Domicilio,Tinto,1,3000,Efectivo,
4948,2026-09-07,10:30,Nübe Altico,Mostrador,Capuchino,1,8500,Efectivo,C010
4949,2026-09-07,16:41,Nübe Altico,Domicilio,Latte,2,9000,Nequi,
4950,2026-09-07,09:48,Nübe Altico,Mostrador,Capuchino,1,8500,Nequi,
4951,2026-09-07,07:43,Nübe Altico,Mostrador,Croissant de almendras,1,8000,Efectivo,
4952,2026-09-07,08:48,Nübe Altico,Mostrador,Americano,1,5000,Efectivo,C196
4952,2026-09-07,08:48,Nübe Altico,Mostrador,Croissant,1,6000,Efectivo,C196
4953,2026-09-07,07:15,Nübe Altico,Mostrador,Capuchino,1,8500,Efectivo,
4954,2026-09-07,19:40,Nübe Altico,Mostrador,Croissant de almendras,2,8000,Efectivo,
4954,2026-09-07,19:40,Nübe Altico,Mostrador,Latte,1,9000,Efectivo,
4955,2026-09-07,12:14,Nübe Altico,Mostrador,Americano,1,5000,Tarjeta,
4955,2026-09-07,12:14,Nübe Altico,Mostrador,Capuchino,1,8500,Tarjeta,
4956,2026-09-07,10:09,Nübe Altico,Mostrador,Chocolate caliente,1,7500,Nequi,C104
4957,2026-09-07,16:13,Nübe Altico,Mostrador,Capuchino,1,8500,Nequi,
4957,2026-09-07,16:13,Nübe Altico,Mostrador,Chocolate caliente,1,7500,Nequi,
4958,2026-09-07,13:30,Nübe Altico,Mostrador,Latte,1,9000,Efectivo,C265
4959,2026-09-07,09:49,Nübe Altico,Mostrador,Americano,2,5000,Tarjeta,
4960,2026-09-07,09:03,Nübe Altico,Mostrador,Croissant de almendras,1,8000,Tarjeta,C273
4960,2026-09-07,09:03,Nübe Altico,Mostrador,Latte,1,9000,Tarjeta,C273
4961,2026-09-07,14:00,Nübe Altico,Mostrador,Croissant,1,6000,Efectivo,
4961,2026-09-07,14:00,Nübe Altico,Mostrador,Latte,1,9000,Efectivo,
4962,2026-09-07,12:55,Nübe Altico,Mostrador,Latte,1,9000,Tarjeta,
4962,2026-09-07,12:55,Nübe Altico,Mostrador,Tinto,1,3000,Tarjeta,
4963,2026-09-07,16:44,Nübe Altico,Mostrador,Croissant,2,6000,Efectivo,C294
4963,2026-09-07,16:44,Nübe Altico,Mostrador,Tinto,1,3000,Efectivo,C294
4964,2026-09-07,07:01,Nübe Altico,Mostrador,Capuchino,1,8500,Tarjeta,
4965,2026-09-07,11:28,Nübe Altico,Mostrador,Tinto,1,3000,Efectivo,
4966,2026-09-07,17:59,Nübe Altico,Domicilio,Capuchino,1,8500,Tarjeta,C170
4966,2026-09-07,17:59,Nübe Altico,Domicilio,Croissant,2,6000,Tarjeta,C170
4966,2026-09-07,17:59,Nübe Altico,Domicilio,Latte,2,9000,Tarjeta,C170
4967,2026-09-07,08:43,Nübe Altico,Mostrador,Americano,1,5000,Nequi,
4967,2026-09-07,08:43,Nübe Altico,Mostrador,Capuchino,1,8500,Nequi,
4967,2026-09-07,08:43,Nübe Altico,Mostrador,Tinto,1,3000,Nequi,
4968,2026-09-07,18:34,Nübe Altico,Mostrador,Croissant,1,6000,Tarjeta,
4968,2026-09-07,18:34,Nübe Altico,Mostrador,Latte,1,9000,Tarjeta,
4969,2026-09-07,07:24,Nübe Altico,Mostrador,Capuchino,1,8500,Efectivo,C227
4969,2026-09-07,07:24,Nübe Altico,Mostrador,Frappé de café,1,11000,Efectivo,C227
4970,2026-09-07,15:07,Nübe Altico,Mostrador,Americano,1,5000,Tarjeta,C050
4971,2026-09-07,14:55,Nübe Altico,Mostrador,Croissant de almendras,1,8000,Efectivo,C049
4972,2026-09-07,18:35,Nübe Altico,Mostrador,Latte,1,9000,Efectivo,
4972,2026-09-07,18:35,Nübe Altico,Mostrador,Tinto,1,3000,Efectivo,
4973,2026-09-07,08:01,Nübe Altico,Mostrador,Croissant de almendras,1,8000,Nequi,C096
4973,2026-09-07,08:01,Nübe Altico,Mostrador,Tinto,1,3000,Nequi,C096
4974,2026-09-07,07:52,Nübe Altico,Mostrador,Chocolate caliente,1,7500,Nequi,
4975,2026-09-07,20:06,Nübe Altico,Mostrador,Chocolate caliente,2,7500,Nequi,
4976,2026-09-07,14:05,Nübe Altico,Mostrador,Croissant,1,6000,Efectivo,C246
4977,2026-09-07,08:53,Nübe Altico,Mostrador,Chocolate caliente,1,7500,Tarjeta,
4977,2026-09-07,08:53,Nübe Altico,Mostrador,Tinto,1,3000,Tarjeta,
4978,2026-09-07,09:08,Nübe Altico,Mostrador,Americano,1,5000,Tarjeta,C013
4978,2026-09-07,09:08,Nübe Altico,Mostrador,Croissant de almendras,1,8000,Tarjeta,C013
4979,2026-09-07,19:14,Nübe Altico,Mostrador,Capuchino,1,8500,Nequi,
4979,2026-09-07,19:14,Nübe Altico,Mostrador,Tinto,1,3000,Nequi,
4980,2026-09-07,16:13,Nübe Altico,Mostrador,Capuchino,1,8500,Efectivo,
4981,2026-09-07,07:10,Nübe Altico,Mostrador,Capuchino,1,8500,Nequi,
4981,2026-09-07,07:10,Nübe Altico,Mostrador,Tinto,2,3000,Nequi,
4982,2026-09-07,07:45,Nübe Altico,Mostrador,Croissant,1,6000,Tarjeta,
4983,2026-09-07,17:27,Nübe Altico,Mostrador,Americano,2,5000,Efectivo,C025
4984,2026-09-07,12:37,Nübe Altico,Mostrador,Americano,1,5000,Efectivo,C064
4984,2026-09-07,12:37,Nübe Altico,Mostrador,Frappé de café,1,11000,Efectivo,C064
4985,2026-09-07,06:46,Nübe Altico,Mostrador,Croissant,2,6000,Tarjeta,
4985,2026-09-07,06:46,Nübe Altico,Mostrador,Tinto,1,3000,Tarjeta,
4986,2026-09-07,18:11,Nübe Altico,Mostrador,Latte,1,9000,Tarjeta,C072
4987,2026-09-07,09:47,Nübe Altico,Mostrador,Latte,3,9000,Efectivo,C156
4988,2026-09-07,10:43,Nübe Altico,Mostrador,Chocolate caliente,1,7500,Tarjeta,
4989,2026-09-07,15:07,Nübe Altico,Domicilio,Croissant,1,6000,Efectivo,C108
4990,2026-09-07,16:18,Nübe Altico,Mostrador,Frappé de café,1,11000,Nequi,
4990,2026-09-07,16:18,Nübe Altico,Mostrador,Latte,2,9000,Nequi,
4991,2026-09-07,10:09,Nübe Altico,Mostrador,Chocolate caliente,2,7500,Tarjeta,C013
4992,2026-09-07,08:54,Nübe Altico,Mostrador,Latte,1,9000,Nequi,
4993,2026-09-07,11:11,Nübe Altico,Mostrador,Capuchino,1,8500,Efectivo,
4994,2026-09-07,16:02,Nübe Altico,Mostrador,Tinto,1,3000,Tarjeta,C079
4995,2026-09-07,09:58,Nübe Altico,Domicilio,Tinto,1,3000,Nequi,
4996,2026-09-07,07:39,Nübe Altico,Mostrador,Croissant de almendras,1,8000,Nequi,C185
4997,2026-09-07,14:01,Nübe Altico,Mostrador,Capuchino,1,8500,Nequi,
4998,2026-09-07,13:05,Nübe Altico,Domicilio,Americano,1,5000,Tarjeta,C249
4998,2026-09-07,13:05,Nübe Altico,Domicilio,Capuchino,1,8500,Tarjeta,C249
4998,2026-09-07,13:05,Nübe Altico,Domicilio,Chocolate caliente,1,7500,Tarjeta,C249
4999,2026-09-07,15:15,Nübe Altico,Mostrador,Croissant,1,6000,Efectivo,C278
4999,2026-09-07,15:15,Nübe Altico,Mostrador,Latte,2,9000,Efectivo,C278
4999,2026-09-07,15:15,Nübe Altico,Mostrador,Tinto,1,3000,Efectivo,C278
5000,2026-09-08,10:48,Nübe Centro,Mostrador,Croissant de almendras,2,8000,Efectivo,
5001,2026-09-08,15:25,Nübe Centro,Mostrador,Chocolate caliente,1,7500,Efectivo,
5001,2026-09-08,15:25,Nübe Centro,Mostrador,Croissant,2,6000,Efectivo,
5002,2026-09-08,10:25,Nübe Centro,Mostrador,Capuchino,1,8500,Efectivo,
5002,2026-09-08,10:25,Nübe Centro,Mostrador,Latte,1,9000,Efectivo,
5003,2026-09-08,14:18,Nübe Centro,Domicilio,Capuchino,2,8500,Efectivo,
5003,2026-09-08,14:18,Nübe Centro,Domicilio,Croissant,1,6000,Efectivo,
5004,2026-09-08,17:34,Nübe Centro,Mostrador,Capuchino,1,8500,Efectivo,
5004,2026-09-08,17:34,Nübe Centro,Mostrador,Frappé de café,1,11000,Efectivo,
5005,2026-09-08,15:35,Nübe Centro,Domicilio,Capuchino,1,8500,Nequi,C253
5005,2026-09-08,15:35,Nübe Centro,Domicilio,Croissant de almendras,1,8000,Nequi,C253
5005,2026-09-08,15:35,Nübe Centro,Domicilio,Latte,1,9000,Nequi,C253
5006,2026-09-08,10:25,Nübe Centro,Domicilio,Croissant,1,6000,Nequi,
5006,2026-09-08,10:25,Nübe Centro,Domicilio,Latte,2,9000,Nequi,
5007,2026-09-08,15:17,Nübe Centro,Mostrador,Tinto,1,3000,Nequi,
5008,2026-09-08,10:28,Nübe Centro,Mostrador,Chocolate caliente,1,7500,Tarjeta,C122
5009,2026-09-08,07:51,Nübe Centro,Domicilio,Croissant,1,6000,Tarjeta,C178
5009,2026-09-08,07:51,Nübe Centro,Domicilio,Croissant de almendras,1,8000,Tarjeta,C178
5010,2026-09-08,09:17,Nübe Centro,Mostrador,Americano,1,5000,Tarjeta,
5011,2026-09-08,16:28,Nübe Centro,Mostrador,Latte,1,9000,Nequi,
5011,2026-09-08,16:28,Nübe Centro,Mostrador,Tinto,1,3000,Nequi,
5012,2026-09-08,07:53,Nübe Centro,Mostrador,Croissant,1,6000,Tarjeta,
5013,2026-09-08,17:17,Nübe Centro,Domicilio,Capuchino,3,8500,Tarjeta,
5013,2026-09-08,17:17,Nübe Centro,Domicilio,Latte,1,9000,Tarjeta,
5013,2026-09-08,17:17,Nübe Centro,Domicilio,Tinto,1,3000,Tarjeta,
5014,2026-09-08,10:04,Nübe Centro,Mostrador,Americano,2,5000,Efectivo,C083
5015,2026-09-08,14:35,Nübe Centro,Domicilio,Chocolate caliente,1,7500,Nequi,
5015,2026-09-08,14:35,Nübe Centro,Domicilio,Latte,1,9000,Nequi,
5016,2026-09-08,13:17,Nübe Centro,Mostrador,Croissant,1,6000,Tarjeta,C300
5016,2026-09-08,13:17,Nübe Centro,Mostrador,Tinto,1,3000,Tarjeta,C300
5017,2026-09-08,09:45,Nübe Centro,Mostrador,Croissant de almendras,1,8000,Efectivo,
5018,2026-09-08,16:53,Nübe Centro,Mostrador,Capuchino,1,8500,Nequi,
5018,2026-09-08,16:53,Nübe Centro,Mostrador,Chocolate caliente,1,7500,Nequi,
5019,2026-09-08,08:29,Nübe Centro,Mostrador,Capuchino,1,8500,Efectivo,
5019,2026-09-08,08:29,Nübe Centro,Mostrador,Latte,3,9000,Efectivo,
5020,2026-09-08,08:32,Nübe Centro,Mostrador,Tinto,1,3000,Efectivo,
5021,2026-09-08,16:58,Nübe Centro,Mostrador,Americano,2,5000,Efectivo,
5021,2026-09-08,16:58,Nübe Centro,Mostrador,Croissant de almendras,1,8000,Efectivo,
5022,2026-09-08,09:44,Nübe Centro,Domicilio,Croissant de almendras,1,8000,Nequi,
5022,2026-09-08,09:44,Nübe Centro,Domicilio,Latte,1,9000,Nequi,
5023,2026-09-08,18:51,Nübe Centro,Mostrador,Latte,2,9000,Efectivo,C172
5024,2026-09-08,13:12,Nübe Centro,Mostrador,Tinto,1,3000,Tarjeta,
5025,2026-09-08,15:02,Nübe Centro,Mostrador,Tinto,3,3000,Tarjeta,
5026,2026-09-08,07:12,Nübe Centro,Mostrador,Croissant de almendras,1,8000,Efectivo,
5027,2026-09-08,08:50,Nübe Centro,Mostrador,Americano,2,5000,Nequi,C287
5027,2026-09-08,08:50,Nübe Centro,Mostrador,Croissant,1,6000,Nequi,C287
5027,2026-09-08,08:50,Nübe Centro,Mostrador,Tinto,1,3000,Nequi,C287
5028,2026-09-08,19:25,Nübe Centro,Mostrador,Capuchino,2,8500,Tarjeta,
5029,2026-09-08,09:38,Nübe Centro,Mostrador,Croissant,2,6000,Nequi,
5030,2026-09-08,08:29,Nübe Centro,Mostrador,Americano,2,5000,Tarjeta,C137
5031,2026-09-08,08:26,Nübe Centro,Mostrador,Frappé de café,2,11000,Sin dato,
5032,2026-09-08,15:04,Nübe Centro,Mostrador,Croissant,1,6000,Nequi,
5032,2026-09-08,15:04,Nübe Centro,Mostrador,Tinto,1,3000,Nequi,
5033,2026-09-08,12:12,Nübe Centro,Mostrador,Croissant,1,6000,Nequi,C092
5033,2026-09-08,12:12,Nübe Centro,Mostrador,Latte,2,9000,Nequi,C092
5034,2026-09-08,09:41,Nübe Centro,Mostrador,Americano,1,5000,Efectivo,
5035,2026-09-08,12:56,Nübe Centro,Mostrador,Americano,1,5000,Efectivo,
5035,2026-09-08,12:56,Nübe Centro,Mostrador,Capuchino,1,8500,Efectivo,
5035,2026-09-08,12:56,Nübe Centro,Mostrador,Croissant de almendras,1,8000,Efectivo,
5036,2026-09-08,08:50,Nübe Centro,Mostrador,Croissant,1,6000,Tarjeta,
5036,2026-09-08,08:50,Nübe Centro,Mostrador,Tinto,1,3000,Tarjeta,
5037,2026-09-08,13:08,Nübe Centro,Domicilio,Frappé de café,1,11000,Tarjeta,
5038,2026-09-08,10:51,Nübe Centro,Domicilio,Croissant,2,6000,Efectivo,
5038,2026-09-08,10:51,Nübe Centro,Domicilio,Tinto,2,3000,Efectivo,
5039,2026-09-08,12:58,Nübe Centro,Mostrador,Capuchino,1,8500,Tarjeta,
5039,2026-09-08,12:58,Nübe Centro,Mostrador,Croissant de almendras,1,8000,Tarjeta,
5040,2026-09-08,15:09,Nübe Centro,Mostrador,Chocolate caliente,1,7500,Nequi,C142
5041,2026-09-08,08:22,Nübe Centro,Mostrador,Americano,1,5000,Nequi,
5041,2026-09-08,08:22,Nübe Centro,Mostrador,Latte,1,9000,Nequi,
5042,2026-09-08,09:12,Nübe Centro,Mostrador,Capuchino,2,8500,Nequi,C179
5043,2026-09-08,08:57,Nübe Centro,Mostrador,Capuchino,2,8500,Nequi,
5043,2026-09-08,08:57,Nübe Centro,Mostrador,Tinto,1,3000,Nequi,
5044,2026-09-08,18:35,Nübe Centro,Mostrador,Chocolate caliente,1,7500,Tarjeta,
5045,2026-09-08,12:07,Nübe Centro,Mostrador,Latte,1,9000,Nequi,
5046,2026-09-08,10:39,Nübe Centro,Mostrador,Frappé de café,2,11000,Nequi,C294
5047,2026-09-08,14:00,Nübe Centro,Mostrador,Croissant de almendras,1,8000,Tarjeta,
5048,2026-09-08,13:29,Nübe Centro,Mostrador,Americano,1,5000,Efectivo,
5049,2026-09-08,10:15,Nübe Centro,Mostrador,Tinto,1,3000,Nequi,C061
5050,2026-09-08,15:35,Nübe Centro,Mostrador,Capuchino,2,8500,Efectivo,C161
5050,2026-09-08,15:35,Nübe Centro,Mostrador,Croissant,1,6000,Efectivo,C161
5051,2026-09-08,18:29,Nübe Centro,Mostrador,Americano,1,5000,Tarjeta,
5051,2026-09-08,18:29,Nübe Centro,Mostrador,Chocolate caliente,1,7500,Tarjeta,
5052,2026-09-08,07:55,Nübe Centro,Domicilio,Frappé de café,1,11000,Nequi,C117
5053,2026-09-08,12:27,Nübe Centro,Mostrador,Tinto,1,3000,Tarjeta,
5054,2026-09-08,14:25,Nübe Centro,Domicilio,Frappé de café,1,11000,Efectivo,C004
5055,2026-09-08,07:25,Nübe Centro,Mostrador,Latte,1,9000,Tarjeta,
5056,2026-09-08,07:54,Nübe Centro,Domicilio,Capuchino,3,8500,Nequi,C084
5056,2026-09-08,07:54,Nübe Centro,Domicilio,Latte,1,9000,Nequi,C084
5057,2026-09-08,11:47,Nübe Centro,Domicilio,Americano,1,5000,Efectivo,C197
5057,2026-09-08,11:47,Nübe Centro,Domicilio,Croissant,1,6000,Efectivo,C197
5058,2026-09-08,17:11,Nübe Centro,Mostrador,Tinto,1,3000,Tarjeta,
5059,2026-09-08,10:06,Nübe Centro,Mostrador,Capuchino,1,8500,Nequi,
5059,2026-09-08,10:06,Nübe Centro,Mostrador,Latte,1,9000,Nequi,
5059,2026-09-08,10:06,Nübe Centro,Mostrador,Tinto,1,3000,Nequi,
5060,2026-09-08,07:09,Nübe Centro,Domicilio,Croissant de almendras,1,8000,Efectivo,C006
5061,2026-09-08,17:37,Nübe Centro,Mostrador,Tinto,1,3000,Nequi,C220
5062,2026-09-08,10:15,Nübe Centro,Mostrador,Croissant de almendras,2,8000,Nequi,C121
5063,2026-09-08,17:46,Nübe Centro,Mostrador,Chocolate caliente,1,7500,Efectivo,
5063,2026-09-08,17:46,Nübe Centro,Mostrador,Croissant,1,6000,Efectivo,
5063,2026-09-08,17:46,Nübe Centro,Mostrador,Tinto,1,3000,Efectivo,
5064,2026-09-08,13:19,Nübe Centro,Mostrador,Frappé de café,2,11000,Tarjeta,C164
5064,2026-09-08,13:19,Nübe Centro,Mostrador,Latte,1,9000,Tarjeta,C164
5065,2026-09-08,06:48,Nübe Centro,Mostrador,Americano,1,5000,Nequi,C068
5066,2026-09-08,07:33,Nübe Centro,Mostrador,Tinto,1,3000,Efectivo,C060
5067,2026-09-08,13:14,Nübe Centro,Domicilio,Croissant,2,6000,Efectivo,
5067,2026-09-08,13:14,Nübe Centro,Domicilio,Latte,1,9000,Efectivo,
5068,2026-09-08,16:44,Nübe Centro,Mostrador,Capuchino,2,8500,Tarjeta,C240
5069,2026-09-08,06:33,Nübe Centro,Domicilio,Croissant de almendras,2,8000,Efectivo,
5069,2026-09-08,06:33,Nübe Centro,Domicilio,Latte,1,9000,Efectivo,
5070,2026-09-08,14:28,Nübe Centro,Mostrador,Americano,1,5000,Tarjeta,C216
5070,2026-09-08,14:28,Nübe Centro,Mostrador,Croissant,1,6000,Tarjeta,C216
5071,2026-09-08,17:49,Nübe Centro,Mostrador,Capuchino,1,8500,Nequi,
5071,2026-09-08,17:49,Nübe Centro,Mostrador,Latte,1,9000,Nequi,
5071,2026-09-08,17:49,Nübe Centro,Mostrador,Tinto,1,3000,Nequi,
5072,2026-09-08,09:22,Nübe Centro,Mostrador,Chocolate caliente,1,7500,Efectivo,C247
5073,2026-09-08,17:23,Nübe Centro,Mostrador,Croissant de almendras,1,8000,Efectivo,
5074,2026-09-08,09:29,Nübe Altico,Mostrador,Capuchino,1,8500,Tarjeta,C196
5074,2026-09-08,09:29,Nübe Altico,Mostrador,Latte,1,9000,Tarjeta,C196
5075,2026-09-08,10:14,Nübe Altico,Mostrador,Capuchino,1,8500,Efectivo,
5075,2026-09-08,10:14,Nübe Altico,Mostrador,Frappé de café,2,11000,Efectivo,
5076,2026-09-08,09:15,Nübe Altico,Mostrador,Croissant de almendras,1,8000,Nequi,C044
5077,2026-09-08,13:41,Nübe Altico,Mostrador,Americano,3,5000,Nequi,
5077,2026-09-08,13:41,Nübe Altico,Mostrador,Chocolate caliente,1,7500,Nequi,
5078,2026-09-08,13:38,Nübe Altico,Mostrador,Americano,1,5000,Nequi,
5078,2026-09-08,13:38,Nübe Altico,Mostrador,Latte,1,9000,Nequi,
5078,2026-09-08,13:38,Nübe Altico,Mostrador,Tinto,1,3000,Nequi,
5079,2026-09-08,13:47,Nübe Altico,Mostrador,Frappé de café,2,11000,Tarjeta,
5080,2026-09-08,15:47,Nübe Altico,Mostrador,Capuchino,1,8500,Nequi,
5081,2026-09-08,15:19,Nübe Altico,Mostrador,Croissant de almendras,1,8000,Tarjeta,
5081,2026-09-08,15:19,Nübe Altico,Mostrador,Frappé de café,1,11000,Tarjeta,
5082,2026-09-08,19:36,Nübe Altico,Mostrador,Capuchino,1,8500,Efectivo,C226
5083,2026-09-08,10:14,Nübe Altico,Domicilio,Chocolate caliente,2,7500,Nequi,
5083,2026-09-08,10:14,Nübe Altico,Domicilio,Croissant,2,6000,Nequi,
5084,2026-09-08,11:42,Nübe Altico,Mostrador,Frappé de café,1,11000,Nequi,
5085,2026-09-08,17:44,Nübe Altico,Mostrador,Tinto,1,3000,Tarjeta,
5086,2026-09-08,09:51,Nübe Altico,Mostrador,Americano,1,5000,Efectivo,C063
5087,2026-09-08,18:58,Nübe Altico,Mostrador,Croissant de almendras,1,8000,Efectivo,C124
5088,2026-09-08,16:13,Nübe Altico,Mostrador,Latte,1,9000,Efectivo,C272
5089,2026-09-08,08:17,Nübe Altico,Mostrador,Chocolate caliente,1,7500,Tarjeta,C065
5090,2026-09-08,15:27,Nübe Altico,Mostrador,Croissant de almendras,1,8000,Tarjeta,C059
5091,2026-09-08,11:51,Nübe Altico,Mostrador,Americano,2,5000,Tarjeta,C264
5092,2026-09-08,06:11,Nübe Altico,Mostrador,Croissant de almendras,2,8000,Efectivo,
5093,2026-09-08,08:40,Nübe Altico,Mostrador,Americano,1,5000,Nequi,
5093,2026-09-08,08:40,Nübe Altico,Mostrador,Capuchino,1,8500,Nequi,
5093,2026-09-08,08:40,Nübe Altico,Mostrador,Tinto,1,3000,Nequi,
5094,2026-09-08,12:49,Nübe Altico,Domicilio,Tinto,1,3000,Tarjeta,
5095,2026-09-08,07:50,Nübe Altico,Mostrador,Americano,1,5000,Nequi,C245
5095,2026-09-08,07:50,Nübe Altico,Mostrador,Croissant de almendras,1,8000,Nequi,C245
5096,2026-09-08,09:23,Nübe Altico,Domicilio,Chocolate caliente,1,7500,Efectivo,
5096,2026-09-08,09:23,Nübe Altico,Domicilio,Croissant,1,6000,Efectivo,
5097,2026-09-08,09:32,Nübe Altico,Mostrador,Tinto,1,3000,Tarjeta,
5098,2026-09-08,09:11,Nübe Altico,Mostrador,Tinto,2,3000,Efectivo,
5099,2026-09-08,19:52,Nübe Altico,Mostrador,Latte,1,9000,Nequi,C256
5100,2026-09-08,09:17,Nübe Altico,Mostrador,Tinto,1,3000,Tarjeta,
5101,2026-09-08,18:35,Nübe Altico,Mostrador,Capuchino,1,8500,Efectivo,
5101,2026-09-08,18:35,Nübe Altico,Mostrador,Latte,1,9000,Efectivo,
5102,2026-09-08,09:07,Nübe Altico,Mostrador,Tinto,1,3000,Tarjeta,
5103,2026-09-08,08:26,Nübe Altico,Mostrador,Chocolate caliente,1,7500,Efectivo,C129
5103,2026-09-08,08:26,Nübe Altico,Mostrador,Croissant de almendras,1,8000,Efectivo,C129
5104,2026-09-08,09:53,Nübe Altico,Mostrador,Latte,1,9000,Tarjeta,C067
5105,2026-09-08,18:06,Nübe Altico,Domicilio,Americano,1,5000,Nequi,
5105,2026-09-08,18:06,Nübe Altico,Domicilio,Frappé de café,1,11000,Nequi,
5106,2026-09-08,10:29,Nübe Altico,Mostrador,Croissant de almendras,2,8000,Efectivo,
5106,2026-09-08,10:29,Nübe Altico,Mostrador,Latte,1,9000,Efectivo,
5106,2026-09-08,10:29,Nübe Altico,Mostrador,Tinto,2,3000,Efectivo,
5107,2026-09-08,17:34,Nübe Altico,Mostrador,Croissant,1,6000,Sin dato,
5107,2026-09-08,17:34,Nübe Altico,Mostrador,Croissant de almendras,1,8000,Tarjeta,
5108,2026-09-08,09:12,Nübe Altico,Mostrador,Croissant,1,6000,Tarjeta,C011
5108,2026-09-08,09:12,Nübe Altico,Mostrador,Frappé de café,2,11000,Tarjeta,C011
5109,2026-09-08,07:14,Nübe Altico,Domicilio,Capuchino,3,8500,Nequi,
5110,2026-09-08,07:34,Nübe Altico,Domicilio,Americano,1,5000,Tarjeta,
5110,2026-09-08,07:34,Nübe Altico,Domicilio,Capuchino,1,8500,Tarjeta,
5110,2026-09-08,07:34,Nübe Altico,Domicilio,Frappé de café,3,11000,Tarjeta,
5111,2026-09-08,10:20,Nübe Altico,Mostrador,Capuchino,1,8500,Sin dato,
5112,2026-09-08,16:34,Nübe Altico,Mostrador,Americano,1,5000,Tarjeta,
5113,2026-09-08,07:44,Nübe Altico,Mostrador,Croissant de almendras,2,8000,Nequi,C003
5114,2026-09-08,09:21,Nübe Altico,Mostrador,Croissant,1,6000,Nequi,
5115,2026-09-08,15:55,Nübe Altico,Mostrador,Capuchino,1,8500,Efectivo,C163
5115,2026-09-08,15:55,Nübe Altico,Mostrador,Croissant,1,6000,Efectivo,C163
5115,2026-09-08,15:55,Nübe Altico,Mostrador,Tinto,1,3000,Efectivo,C163
5116,2026-09-08,10:06,Nübe Altico,Mostrador,Capuchino,1,8500,Tarjeta,C142
5117,2026-09-08,07:34,Nübe Altico,Mostrador,Latte,1,9000,Efectivo,C249
5118,2026-09-08,15:17,Nübe Altico,Mostrador,Latte,1,9000,Efectivo,C272
5119,2026-09-08,11:26,Nübe Altico,Mostrador,Americano,1,5000,Nequi,
5120,2026-09-08,12:50,Nübe Altico,Domicilio,Americano,1,5000,Sin dato,
5121,2026-09-08,11:59,Nübe Altico,Mostrador,Tinto,1,3000,Nequi,
5122,2026-09-08,09:03,Nübe Altico,Mostrador,Latte,1,9000,Efectivo,
5123,2026-09-08,11:12,Nübe Altico,Domicilio,Capuchino,1,8500,Efectivo,C221
5123,2026-09-08,11:12,Nübe Altico,Domicilio,Chocolate caliente,1,7500,Efectivo,C221
5124,2026-09-08,06:57,Nübe Altico,Domicilio,Tinto,1,3000,Nequi,C059
5125,2026-09-08,11:01,Nübe Altico,Mostrador,Americano,1,5000,Tarjeta,C209
5125,2026-09-08,11:01,Nübe Altico,Mostrador,Croissant,3,6000,Tarjeta,C209
5126,2026-09-08,17:05,Nübe Altico,Mostrador,Chocolate caliente,1,7500,Nequi,
5126,2026-09-08,17:05,Nübe Altico,Mostrador,Tinto,1,3000,Nequi,
5127,2026-09-08,18:02,Nübe Altico,Domicilio,Americano,1,5000,Tarjeta,
5129,2026-09-08,07:36,Nübe Altico,Domicilio,Tinto,1,3000,Tarjeta,C282
5130,2026-09-09,20:39,Nübe Centro,Domicilio,Americano,1,5000,Tarjeta,
5130,2026-09-09,20:39,Nübe Centro,Domicilio,Capuchino,1,8500,Tarjeta,
5130,2026-09-09,20:39,Nübe Centro,Domicilio,Chocolate caliente,1,7500,Tarjeta,
5131,2026-09-09,09:44,Nübe Centro,Mostrador,Croissant,1,6000,Nequi,C066
5132,2026-09-09,08:09,Nübe Centro,Mostrador,Capuchino,1,8500,Efectivo,C179
5132,2026-09-09,08:09,Nübe Centro,Mostrador,Croissant,1,6000,Efectivo,C179
5133,2026-09-09,15:39,Nübe Centro,Mostrador,Croissant,1,6000,Efectivo,C066
5134,2026-09-09,08:13,Nübe Centro,Mostrador,Americano,1,5000,Tarjeta,
5135,2026-09-09,19:41,Nübe Centro,Mostrador,Frappé de café,1,11000,Tarjeta,
5136,2026-09-09,07:04,Nübe Centro,Mostrador,Capuchino,1,8500,Efectivo,
5137,2026-09-09,12:06,Nübe Centro,Mostrador,Latte,1,9000,Nequi,
5138,2026-09-09,07:25,Nübe Centro,Mostrador,Capuchino,1,8500,Nequi,C036
5138,2026-09-09,07:25,Nübe Centro,Mostrador,Croissant,1,6000,Nequi,C036
5138,2026-09-09,07:25,Nübe Centro,Mostrador,Tinto,1,3000,Nequi,C036
5139,2026-09-09,07:59,Nübe Centro,Mostrador,Croissant,1,6000,Nequi,C019
5139,2026-09-09,07:59,Nübe Centro,Mostrador,Latte,1,9000,Nequi,C019
5140,2026-09-09,16:29,Nübe Centro,Domicilio,Frappé de café,1,11000,Nequi,
5141,2026-09-09,08:33,Nübe Centro,Mostrador,Americano,1,5000,Nequi,
5141,2026-09-09,08:33,Nübe Centro,Mostrador,Tinto,1,3000,Nequi,
5142,2026-09-09,12:25,Nübe Centro,Mostrador,Latte,1,9000,Tarjeta,C213
5142,2026-09-09,12:25,Nübe Centro,Mostrador,Tinto,1,3000,Tarjeta,C213
5143,2026-09-09,15:48,Nübe Centro,Mostrador,Capuchino,1,8500,Nequi,
5144,2026-09-09,08:04,Nübe Centro,Mostrador,Croissant,1,6000,Efectivo,
5145,2026-09-09,16:18,Nübe Centro,Mostrador,Croissant,1,6000,Nequi,C128
5145,2026-09-09,16:18,Nübe Centro,Mostrador,Latte,1,9000,Nequi,C128
5146,2026-09-09,12:08,Nübe Centro,Mostrador,Croissant de almendras,1,8000,Nequi,
5146,2026-09-09,12:08,Nübe Centro,Mostrador,Frappé de café,1,11000,Nequi,
5147,2026-09-09,09:31,Nübe Centro,Mostrador,Americano,1,5000,Tarjeta,C127
5147,2026-09-09,09:31,Nübe Centro,Mostrador,Tinto,1,3000,Tarjeta,C127
5148,2026-09-09,07:15,Nübe Centro,Mostrador,Capuchino,3,8500,Efectivo,
5148,2026-09-09,07:15,Nübe Centro,Mostrador,Frappé de café,2,11000,Efectivo,
5148,2026-09-09,07:15,Nübe Centro,Mostrador,Tinto,1,3000,Efectivo,
5149,2026-09-09,16:59,Nübe Centro,Mostrador,Croissant de almendras,1,8000,Efectivo,
5150,2026-09-09,18:30,Nübe Centro,Mostrador,Chocolate caliente,1,7500,Efectivo,C124
5150,2026-09-09,18:30,Nübe Centro,Mostrador,Croissant de almendras,2,8000,Efectivo,C124
5151,2026-09-09,10:06,Nübe Centro,Mostrador,Croissant,1,6000,Tarjeta,
5151,2026-09-09,10:06,Nübe Centro,Mostrador,Croissant de almendras,1,8000,Tarjeta,
5152,2026-09-09,15:18,Nübe Centro,Mostrador,Tinto,1,3000,Efectivo,
5153,2026-09-09,16:42,Nübe Centro,Mostrador,Capuchino,1,8500,Tarjeta,
5153,2026-09-09,16:42,Nübe Centro,Mostrador,Croissant de almendras,1,8000,Tarjeta,
5154,2026-09-09,08:01,Nübe Centro,Domicilio,Tinto,2,3000,Tarjeta,
5155,2026-09-09,14:37,Nübe Centro,Mostrador,Croissant de almendras,1,8000,Nequi,
5156,2026-09-09,13:33,Nübe Centro,Mostrador,Chocolate caliente,1,7500,Nequi,
5156,2026-09-09,13:33,Nübe Centro,Mostrador,Frappé de café,2,11000,Nequi,
5157,2026-09-09,17:49,Nübe Centro,Domicilio,Croissant de almendras,1,8000,Nequi,
5157,2026-09-09,17:49,Nübe Centro,Domicilio,Tinto,1,3000,Nequi,
5158,2026-09-09,07:39,Nübe Centro,Domicilio,Croissant,2,6000,Nequi,
5159,2026-09-09,08:01,Nübe Centro,Mostrador,Croissant,1,6000,Efectivo,
5160,2026-09-09,07:37,Nübe Centro,Mostrador,Latte,1,9000,Nequi,
5161,2026-09-09,17:32,Nübe Centro,Domicilio,Latte,1,9000,Efectivo,
5162,2026-09-09,12:14,Nübe Centro,Domicilio,Croissant de almendras,3,8000,Tarjeta,C217
5162,2026-09-09,12:14,Nübe Centro,Domicilio,Latte,1,9000,Tarjeta,C217
5163,2026-09-09,07:53,Nübe Centro,Mostrador,Croissant de almendras,1,8000,Efectivo,
5163,2026-09-09,07:53,Nübe Centro,Mostrador,Tinto,1,3000,Efectivo,
5164,2026-09-09,17:42,Nübe Centro,Domicilio,Frappé de café,1,11000,Tarjeta,
5165,2026-09-09,19:06,Nübe Centro,Mostrador,Capuchino,3,8500,Nequi,
5166,2026-09-09,16:40,Nübe Centro,Mostrador,Croissant de almendras,1,8000,Efectivo,
5167,2026-09-09,18:02,Nübe Centro,Mostrador,Croissant de almendras,2,8000,Efectivo,C277
5167,2026-09-09,18:02,Nübe Centro,Mostrador,Tinto,1,3000,Efectivo,C277
5168,2026-09-09,15:22,Nübe Centro,Domicilio,Americano,1,5000,Nequi,
5169,2026-09-09,15:24,Nübe Centro,Mostrador,Tinto,2,3000,Tarjeta,
5170,2026-09-09,07:43,Nübe Centro,Mostrador,Capuchino,2,8500,Tarjeta,C275
5171,2026-09-09,15:00,Nübe Centro,Mostrador,Latte,2,9000,Nequi,C196
5172,2026-09-09,08:01,Nübe Centro,Mostrador,Capuchino,1,8500,Tarjeta,C297
5173,2026-09-09,08:56,Nübe Centro,Mostrador,Capuchino,1,8500,Efectivo,C064
5173,2026-09-09,08:56,Nübe Centro,Mostrador,Tinto,1,3000,Efectivo,C064
5174,2026-09-09,12:37,Nübe Centro,Mostrador,Croissant,2,6000,Tarjeta,C259
5174,2026-09-09,12:37,Nübe Centro,Mostrador,Frappé de café,2,11000,Tarjeta,C259
5175,2026-09-09,09:41,Nübe Centro,Mostrador,Croissant de almendras,1,8000,Efectivo,C166
5176,2026-09-09,06:14,Nübe Centro,Mostrador,Chocolate caliente,1,7500,Nequi,C251
5176,2026-09-09,06:14,Nübe Centro,Mostrador,Latte,1,9000,Nequi,C251
5177,2026-09-09,14:55,Nübe Centro,Mostrador,Croissant,1,6000,Tarjeta,C201
5178,2026-09-09,07:37,Nübe Centro,Mostrador,Capuchino,1,8500,Tarjeta,
5178,2026-09-09,07:37,Nübe Centro,Mostrador,Chocolate caliente,1,7500,Tarjeta,
5178,2026-09-09,07:37,Nübe Centro,Mostrador,Croissant,1,6000,Tarjeta,
5179,2026-09-09,07:38,Nübe Centro,Mostrador,Americano,1,5000,Sin dato,
5179,2026-09-09,07:38,Nübe Centro,Mostrador,Croissant,1,6000,Tarjeta,
5179,2026-09-09,07:38,Nübe Centro,Mostrador,Frappé de café,1,11000,Tarjeta,
5180,2026-09-09,07:52,Nübe Centro,Domicilio,Croissant de almendras,3,8000,Tarjeta,
5181,2026-09-09,08:17,Nübe Centro,Mostrador,Americano,1,5000,Tarjeta,C298
5182,2026-09-09,13:42,Nübe Centro,Domicilio,Croissant de almendras,1,8000,Nequi,C078
5183,2026-09-09,08:07,Nübe Centro,Mostrador,Capuchino,1,8500,Efectivo,C010
5184,2026-09-09,11:18,Nübe Centro,Mostrador,Capuchino,1,8500,Tarjeta,C011
5185,2026-09-09,07:28,Nübe Centro,Domicilio,Croissant,1,6000,Tarjeta,
5185,2026-09-09,07:28,Nübe Centro,Domicilio,Latte,1,9000,Tarjeta,
5186,2026-09-09,07:46,Nübe Centro,Mostrador,Americano,1,5000,Efectivo,C293
5186,2026-09-09,07:46,Nübe Centro,Mostrador,Croissant de almendras,1,8000,Efectivo,C293
5187,2026-09-09,19:21,Nübe Centro,Mostrador,Croissant de almendras,1,8000,Tarjeta,
5188,2026-09-09,09:58,Nübe Centro,Mostrador,Americano,1,5000,Nequi,C268
5188,2026-09-09,09:58,Nübe Centro,Mostrador,Croissant,1,6000,Nequi,C268
5189,2026-09-09,19:28,Nübe Centro,Mostrador,Croissant de almendras,2,8000,Efectivo,C253
5189,2026-09-09,19:28,Nübe Centro,Mostrador,Frappé de café,1,11000,Efectivo,C253
5189,2026-09-09,19:28,Nübe Centro,Mostrador,Tinto,1,3000,Efectivo,C253
5190,2026-09-09,06:07,Nübe Centro,Mostrador,Croissant,1,6000,Tarjeta,C107
5191,2026-09-09,16:53,Nübe Centro,Mostrador,Chocolate caliente,1,7500,Tarjeta,
5191,2026-09-09,16:53,Nübe Centro,Mostrador,Latte,3,9000,Tarjeta,
5192,2026-09-09,07:15,Nübe Centro,Mostrador,Croissant de almendras,1,8000,Efectivo,
5193,2026-09-09,11:53,Nübe Centro,Mostrador,Croissant de almendras,2,8000,Tarjeta,
5193,2026-09-09,11:53,Nübe Centro,Mostrador,Tinto,1,3000,Tarjeta,
5194,2026-09-09,18:36,Nübe Centro,Domicilio,Capuchino,1,8500,Efectivo,
5194,2026-09-09,18:36,Nübe Centro,Domicilio,Croissant,1,6000,Efectivo,
5195,2026-09-09,10:41,Nübe Centro,Mostrador,Croissant,1,6000,Efectivo,
5195,2026-09-09,10:41,Nübe Centro,Mostrador,Frappé de café,1,11000,Efectivo,
5196,2026-09-09,15:12,Nübe Altico,Domicilio,Croissant,1,6000,Tarjeta,
5196,2026-09-09,15:12,Nübe Altico,Domicilio,Tinto,1,3000,Tarjeta,
5197,2026-09-09,09:39,Nübe Altico,Domicilio,Croissant,1,6000,Efectivo,
5198,2026-09-09,14:02,Nübe Altico,Mostrador,Tinto,1,3000,Tarjeta,
5199,2026-09-09,10:26,Nübe Altico,Domicilio,Capuchino,1,8500,Nequi,
5199,2026-09-09,10:26,Nübe Altico,Domicilio,Croissant de almendras,1,8000,Nequi,
5200,2026-09-09,14:00,Nübe Altico,Mostrador,Capuchino,1,8500,Nequi,
5200,2026-09-09,14:00,Nübe Altico,Mostrador,Frappé de café,1,11000,Nequi,
5200,2026-09-09,14:00,Nübe Altico,Mostrador,Tinto,1,3000,Nequi,
5201,2026-09-09,08:12,Nübe Altico,Mostrador,Capuchino,1,8500,Efectivo,
5201,2026-09-09,08:12,Nübe Altico,Mostrador,Chocolate caliente,1,7500,Efectivo,
5202,2026-09-09,16:54,Nübe Altico,Mostrador,Croissant,1,6000,Tarjeta,
5203,2026-09-09,10:54,Nübe Altico,Mostrador,Americano,1,5000,Sin dato,
5203,2026-09-09,10:54,Nübe Altico,Mostrador,Tinto,1,3000,Efectivo,
5204,2026-09-09,16:27,Nübe Altico,Mostrador,Tinto,1,3000,Tarjeta,C281
5205,2026-09-09,15:51,Nübe Altico,Mostrador,Chocolate caliente,1,7500,Tarjeta,C056
5206,2026-09-09,14:19,Nübe Altico,Mostrador,Americano,2,5000,Efectivo,
5206,2026-09-09,14:19,Nübe Altico,Mostrador,Croissant,1,6000,Efectivo,
5207,2026-09-09,09:09,Nübe Altico,Mostrador,Americano,1,5000,Nequi,
5207,2026-09-09,09:09,Nübe Altico,Mostrador,Latte,1,9000,Nequi,
5208,2026-09-09,13:21,Nübe Altico,Mostrador,Croissant,1,6000,Efectivo,
5209,2026-09-09,09:39,Nübe Altico,Domicilio,Latte,2,9000,Nequi,C115
5210,2026-09-09,10:43,Nübe Altico,Mostrador,Americano,1,5000,Tarjeta,
5210,2026-09-09,10:43,Nübe Altico,Mostrador,Latte,1,9000,Tarjeta,
5211,2026-09-09,10:58,Nübe Altico,Mostrador,Capuchino,1,8500,Tarjeta,
5212,2026-09-09,20:26,Nübe Altico,Mostrador,Americano,1,5000,Efectivo,
5213,2026-09-09,14:48,Nübe Altico,Domicilio,Capuchino,1,8500,Sin dato,
5214,2026-09-09,15:35,Nübe Altico,Mostrador,Capuchino,1,8500,Nequi,
5214,2026-09-09,15:35,Nübe Altico,Mostrador,Chocolate caliente,1,7500,Nequi,
5214,2026-09-09,15:35,Nübe Altico,Mostrador,Tinto,1,3000,Nequi,
5215,2026-09-09,10:40,Nübe Altico,Mostrador,Capuchino,1,8500,Tarjeta,
5215,2026-09-09,10:40,Nübe Altico,Mostrador,Croissant,1,6000,Tarjeta,
5215,2026-09-09,10:40,Nübe Altico,Mostrador,Tinto,1,3000,Tarjeta,
5216,2026-09-09,14:20,Nübe Altico,Domicilio,Americano,1,5000,Sin dato,
5216,2026-09-09,14:20,Nübe Altico,Domicilio,Croissant de almendras,2,8000,Nequi,
5217,2026-09-09,07:38,Nübe Altico,Mostrador,Capuchino,2,8500,Efectivo,
5217,2026-09-09,07:38,Nübe Altico,Mostrador,Chocolate caliente,1,7500,Efectivo,
5217,2026-09-09,07:38,Nübe Altico,Mostrador,Latte,1,9000,Efectivo,
5218,2026-09-09,09:34,Nübe Altico,Mostrador,Croissant,1,6000,Efectivo,
5219,2026-09-09,17:24,Nübe Altico,Mostrador,Americano,1,5000,Efectivo,C283
5220,2026-09-09,07:06,Nübe Altico,Domicilio,Croissant,2,6000,Efectivo,
5222,2026-09-09,08:45,Nübe Altico,Mostrador,Capuchino,1,8500,Efectivo,
5222,2026-09-09,08:45,Nübe Altico,Mostrador,Tinto,1,3000,Efectivo,
5223,2026-09-09,12:50,Nübe Altico,Mostrador,Capuchino,2,8500,Efectivo,
5223,2026-09-09,12:50,Nübe Altico,Mostrador,Tinto,1,3000,Efectivo,
5224,2026-09-09,12:44,Nübe Altico,Mostrador,Capuchino,1,8500,Tarjeta,
5224,2026-09-09,12:44,Nübe Altico,Mostrador,Croissant de almendras,2,8000,Tarjeta,
5225,2026-09-09,09:43,Nübe Altico,Mostrador,Croissant,1,6000,Efectivo,C010
5225,2026-09-09,09:43,Nübe Altico,Mostrador,Latte,1,9000,Efectivo,C010
5226,2026-09-09,08:43,Nübe Altico,Mostrador,Americano,1,5000,Nequi,
5226,2026-09-09,08:43,Nübe Altico,Mostrador,Chocolate caliente,1,7500,Nequi,
5226,2026-09-09,08:43,Nübe Altico,Mostrador,Croissant de almendras,1,8000,Nequi,
5227,2026-09-09,19:26,Nübe Altico,Domicilio,Croissant de almendras,1,8000,Tarjeta,
5228,2026-09-09,09:06,Nübe Altico,Mostrador,Tinto,3,3000,Efectivo,C068
5229,2026-09-09,09:58,Nübe Altico,Mostrador,Americano,2,5000,Efectivo,
5229,2026-09-09,09:58,Nübe Altico,Mostrador,Chocolate caliente,1,7500,Efectivo,
5230,2026-09-09,11:57,Nübe Altico,Domicilio,Americano,1,5000,Tarjeta,C225
5231,2026-09-09,07:49,Nübe Altico,Mostrador,Croissant,2,6000,Nequi,
5232,2026-09-09,13:50,Nübe Altico,Domicilio,Croissant,2,6000,Nequi,
5232,2026-09-09,13:50,Nübe Altico,Domicilio,Tinto,1,3000,Nequi,
5233,2026-09-09,15:10,Nübe Altico,Mostrador,Americano,1,5000,Efectivo,
5233,2026-09-09,15:10,Nübe Altico,Mostrador,Croissant,2,6000,Efectivo,
5234,2026-09-09,09:33,Nübe Altico,Mostrador,Latte,1,9000,Sin dato,C264
5235,2026-09-09,09:43,Nübe Altico,Mostrador,Latte,1,9000,Efectivo,C207
5236,2026-09-09,11:10,Nübe Altico,Mostrador,Chocolate caliente,1,7500,Nequi,
5237,2026-09-09,15:42,Nübe Altico,Mostrador,Americano,1,5000,Efectivo,
5237,2026-09-09,15:42,Nübe Altico,Mostrador,Capuchino,1,8500,Efectivo,
5238,2026-09-09,07:17,Nübe Altico,Mostrador,Croissant de almendras,1,8000,Nequi,
5239,2026-09-09,09:43,Nübe Altico,Mostrador,Americano,1,5000,Efectivo,
5239,2026-09-09,09:43,Nübe Altico,Mostrador,Chocolate caliente,1,7500,Efectivo,
5239,2026-09-09,09:43,Nübe Altico,Mostrador,Latte,1,9000,Efectivo,
5240,2026-09-09,11:16,Nübe Altico,Mostrador,Americano,3,5000,Nequi,
5241,2026-09-09,11:45,Nübe Altico,Mostrador,Chocolate caliente,1,7500,Tarjeta,
5241,2026-09-09,11:45,Nübe Altico,Mostrador,Frappé de café,1,11000,Tarjeta,
5242,2026-09-09,17:42,Nübe Altico,Mostrador,Latte,2,9000,Tarjeta,
5243,2026-09-09,09:31,Nübe Altico,Mostrador,Croissant de almendras,1,8000,Tarjeta,C260
5244,2026-09-10,06:01,Nübe Centro,Mostrador,Americano,1,5000,Tarjeta,C136
5245,2026-09-10,13:48,Nübe Centro,Mostrador,Chocolate caliente,1,7500,Tarjeta,C215
5245,2026-09-10,13:48,Nübe Centro,Mostrador,Tinto,1,3000,Tarjeta,C215
5246,2026-09-10,17:37,Nübe Centro,Mostrador,Americano,1,5000,Tarjeta,C172
5247,2026-09-10,18:43,Nübe Centro,Domicilio,Croissant,1,6000,Nequi,C196
5248,2026-09-10,08:37,Nübe Centro,Mostrador,Croissant de almendras,1,8000,Nequi,
5248,2026-09-10,08:37,Nübe Centro,Mostrador,Tinto,2,3000,Nequi,
5249,2026-09-10,16:31,Nübe Centro,Mostrador,Croissant,2,6000,Efectivo,
5250,2026-09-10,07:26,Nübe Centro,Domicilio,Croissant,1,6000,Nequi,C248
5250,2026-09-10,07:26,Nübe Centro,Domicilio,Latte,1,9000,Nequi,C248
5251,2026-09-10,07:39,Nübe Centro,Mostrador,Croissant de almendras,1,8000,Tarjeta,C148
5252,2026-09-10,10:44,Nübe Centro,Domicilio,Croissant,1,6000,Tarjeta,
5252,2026-09-10,10:44,Nübe Centro,Domicilio,Latte,1,9000,Tarjeta,
5252,2026-09-10,10:44,Nübe Centro,Domicilio,Tinto,1,3000,Tarjeta,
5253,2026-09-10,17:06,Nübe Centro,Domicilio,Capuchino,1,8500,Efectivo,C261
5254,2026-09-10,17:53,Nübe Centro,Mostrador,Tinto,2,3000,Tarjeta,
5255,2026-09-10,14:53,Nübe Centro,Mostrador,Capuchino,1,8500,Efectivo,C007
5255,2026-09-10,14:53,Nübe Centro,Mostrador,Tinto,3,3000,Efectivo,C007
5256,2026-09-10,09:32,Nübe Centro,Mostrador,Croissant de almendras,1,8000,Efectivo,
5257,2026-09-10,06:59,Nübe Centro,Mostrador,Americano,1,5000,Efectivo,
5257,2026-09-10,06:59,Nübe Centro,Mostrador,Chocolate caliente,1,7500,Efectivo,
5258,2026-09-10,18:12,Nübe Centro,Mostrador,Capuchino,1,8500,Nequi,C033
5258,2026-09-10,18:12,Nübe Centro,Mostrador,Latte,1,9000,Nequi,C033
5259,2026-09-10,07:21,Nübe Centro,Mostrador,Americano,1,5000,Nequi,
5260,2026-09-10,09:07,Nübe Centro,Mostrador,Americano,1,5000,Nequi,
5261,2026-09-10,10:19,Nübe Centro,Domicilio,Tinto,1,3000,Efectivo,
5262,2026-09-10,14:25,Nübe Centro,Domicilio,Capuchino,1,8500,Tarjeta,C138
5262,2026-09-10,14:25,Nübe Centro,Domicilio,Latte,1,9000,Tarjeta,C138
5262,2026-09-10,14:25,Nübe Centro,Domicilio,Tinto,1,3000,Tarjeta,C138
5263,2026-09-10,08:17,Nübe Centro,Mostrador,Croissant,1,6000,Efectivo,
5263,2026-09-10,08:17,Nübe Centro,Mostrador,Tinto,1,3000,Efectivo,
5264,2026-09-10,08:02,Nübe Centro,Mostrador,Croissant de almendras,1,8000,Nequi,
5265,2026-09-10,08:27,Nübe Centro,Domicilio,Frappé de café,1,11000,Efectivo,
5265,2026-09-10,08:27,Nübe Centro,Domicilio,Tinto,1,3000,Efectivo,
5266,2026-09-10,14:34,Nübe Centro,Mostrador,Latte,1,9000,Tarjeta,
5267,2026-09-10,12:51,Nübe Centro,Mostrador,Latte,1,9000,Efectivo,C259
5268,2026-09-10,18:55,Nübe Centro,Mostrador,Chocolate caliente,3,7500,Nequi,C081
5269,2026-09-10,09:49,Nübe Centro,Domicilio,Frappé de café,1,11000,Tarjeta,
5270,2026-09-10,08:17,Nübe Centro,Domicilio,Tinto,1,3000,Nequi,C278
5271,2026-09-10,07:23,Nübe Centro,Mostrador,Croissant,1,6000,Tarjeta,
5271,2026-09-10,07:23,Nübe Centro,Mostrador,Latte,1,9000,Tarjeta,
5272,2026-09-10,15:15,Nübe Centro,Mostrador,Croissant,1,6000,Nequi,
5273,2026-09-10,10:00,Nübe Centro,Mostrador,Americano,3,5000,Nequi,
5273,2026-09-10,10:00,Nübe Centro,Mostrador,Croissant,1,6000,Nequi,
5274,2026-09-10,19:09,Nübe Centro,Mostrador,Americano,1,5000,Tarjeta,
5275,2026-09-10,07:57,Nübe Centro,Mostrador,Croissant,1,6000,Nequi,
5275,2026-09-10,07:57,Nübe Centro,Mostrador,Croissant de almendras,1,8000,Nequi,
5276,2026-09-10,16:08,Nübe Centro,Mostrador,Latte,1,9000,Tarjeta,
5277,2026-09-10,16:49,Nübe Centro,Mostrador,Capuchino,1,8500,Tarjeta,C023
5278,2026-09-10,19:13,Nübe Centro,Domicilio,Croissant de almendras,1,8000,Nequi,C004
5278,2026-09-10,19:13,Nübe Centro,Domicilio,Latte,2,9000,Nequi,C004
5279,2026-09-10,08:43,Nübe Centro,Domicilio,Chocolate caliente,1,7500,Nequi,C234
5280,2026-09-10,09:51,Nübe Centro,Domicilio,Croissant de almendras,1,8000,Efectivo,C211
5281,2026-09-10,15:58,Nübe Centro,Domicilio,Tinto,1,3000,Nequi,
5282,2026-09-10,10:39,Nübe Centro,Mostrador,Americano,2,5000,Nequi,
5282,2026-09-10,10:39,Nübe Centro,Mostrador,Tinto,1,3000,Nequi,
5283,2026-09-10,08:59,Nübe Centro,Domicilio,Capuchino,1,8500,Nequi,C070
5284,2026-09-10,07:34,Nübe Centro,Mostrador,Americano,1,5000,Efectivo,
5284,2026-09-10,07:34,Nübe Centro,Mostrador,Chocolate caliente,1,7500,Efectivo,
5285,2026-09-10,17:58,Nübe Centro,Mostrador,Croissant,3,6000,Sin dato,
5286,2026-09-10,11:51,Nübe Centro,Mostrador,Americano,1,5000,Nequi,
5286,2026-09-10,11:51,Nübe Centro,Mostrador,Capuchino,1,8500,Nequi,
5287,2026-09-10,07:38,Nübe Centro,Domicilio,Croissant,1,6000,Efectivo,C103
5288,2026-09-10,19:05,Nübe Centro,Domicilio,Capuchino,1,8500,Efectivo,C213
5288,2026-09-10,19:05,Nübe Centro,Domicilio,Croissant,2,6000,Efectivo,C213
5288,2026-09-10,19:05,Nübe Centro,Domicilio,Croissant de almendras,1,8000,Efectivo,C213
5289,2026-09-10,07:00,Nübe Centro,Mostrador,Capuchino,1,8500,Nequi,
5290,2026-09-10,17:02,Nübe Centro,Domicilio,Americano,1,5000,Nequi,C257
5291,2026-09-10,17:59,Nübe Centro,Mostrador,Croissant,2,6000,Nequi,C289
5292,2026-09-10,08:47,Nübe Centro,Mostrador,Chocolate caliente,1,7500,Tarjeta,
5293,2026-09-10,06:16,Nübe Centro,Mostrador,Croissant de almendras,1,8000,Efectivo,
5294,2026-09-10,13:50,Nübe Centro,Mostrador,Americano,1,5000,Nequi,
5294,2026-09-10,13:50,Nübe Centro,Mostrador,Tinto,1,3000,Nequi,
5295,2026-09-10,17:40,Nübe Centro,Mostrador,Americano,1,5000,Efectivo,
5295,2026-09-10,17:40,Nübe Centro,Mostrador,Chocolate caliente,1,7500,Efectivo,
5295,2026-09-10,17:40,Nübe Centro,Mostrador,Latte,1,9000,Efectivo,
5296,2026-09-10,08:09,Nübe Centro,Mostrador,Americano,1,5000,Nequi,C264
5296,2026-09-10,08:09,Nübe Centro,Mostrador,Croissant,2,6000,Nequi,C264
5296,2026-09-10,08:09,Nübe Centro,Mostrador,Tinto,1,3000,Nequi,C264
5297,2026-09-10,09:39,Nübe Centro,Mostrador,Croissant,1,6000,Nequi,
5297,2026-09-10,09:39,Nübe Centro,Mostrador,Tinto,1,3000,Nequi,
5298,2026-09-10,15:08,Nübe Centro,Mostrador,Chocolate caliente,1,7500,Tarjeta,C063
5298,2026-09-10,15:08,Nübe Centro,Mostrador,Croissant de almendras,1,8000,Tarjeta,C063
5299,2026-09-10,08:00,Nübe Centro,Domicilio,Croissant,2,6000,Tarjeta,
5300,2026-09-10,10:46,Nübe Centro,Mostrador,Americano,1,5000,Nequi,C157
5300,2026-09-10,10:46,Nübe Centro,Mostrador,Capuchino,1,8500,Nequi,C157
5300,2026-09-10,10:46,Nübe Centro,Mostrador,Chocolate caliente,1,7500,Nequi,C157
5301,2026-09-10,12:09,Nübe Centro,Domicilio,Capuchino,1,8500,Tarjeta,C292
5301,2026-09-10,12:09,Nübe Centro,Domicilio,Croissant de almendras,1,8000,Tarjeta,C292
5302,2026-09-10,10:57,Nübe Centro,Mostrador,Capuchino,2,8500,Efectivo,C144
5302,2026-09-10,10:57,Nübe Centro,Mostrador,Latte,1,9000,Efectivo,C144
5303,2026-09-10,07:04,Nübe Centro,Domicilio,Tinto,1,3000,Nequi,
5304,2026-09-10,09:58,Nübe Centro,Domicilio,Americano,1,5000,Nequi,
5304,2026-09-10,09:58,Nübe Centro,Domicilio,Croissant,1,6000,Nequi,
5304,2026-09-10,09:58,Nübe Centro,Domicilio,Latte,1,9000,Nequi,
5305,2026-09-10,10:42,Nübe Centro,Domicilio,Tinto,1,3000,Tarjeta,C053
5306,2026-09-10,16:49,Nübe Centro,Domicilio,Croissant,1,6000,Nequi,
5307,2026-09-10,12:32,Nübe Centro,Domicilio,Capuchino,2,8500,Tarjeta,C235
5307,2026-09-10,12:32,Nübe Centro,Domicilio,Tinto,1,3000,Tarjeta,C235
5308,2026-09-10,08:02,Nübe Centro,Mostrador,Croissant,1,6000,Nequi,C268
5309,2026-09-10,09:26,Nübe Centro,Mostrador,Capuchino,1,8500,Tarjeta,
5309,2026-09-10,09:26,Nübe Centro,Mostrador,Latte,1,9000,Tarjeta,
5309,2026-09-10,09:26,Nübe Centro,Mostrador,Tinto,1,3000,Tarjeta,
5310,2026-09-10,08:20,Nübe Centro,Domicilio,Capuchino,1,8500,Nequi,
5310,2026-09-10,08:20,Nübe Centro,Domicilio,Latte,2,9000,Nequi,
5311,2026-09-10,19:31,Nübe Centro,Mostrador,Capuchino,1,8500,Tarjeta,
5312,2026-09-10,09:24,Nübe Centro,Mostrador,Americano,1,5000,Nequi,C220
5312,2026-09-10,09:24,Nübe Centro,Mostrador,Croissant,2,6000,Nequi,C220
5312,2026-09-10,09:24,Nübe Centro,Mostrador,Tinto,1,3000,Nequi,C220
5313,2026-09-10,10:45,Nübe Centro,Mostrador,Tinto,1,3000,Efectivo,
5314,2026-09-10,09:36,Nübe Centro,Domicilio,Croissant de almendras,2,8000,Tarjeta,
5314,2026-09-10,09:36,Nübe Centro,Domicilio,Tinto,1,3000,Tarjeta,
5315,2026-09-10,16:30,Nübe Centro,Mostrador,Capuchino,1,8500,Efectivo,
5316,2026-09-10,10:29,Nübe Centro,Domicilio,Latte,2,9000,Tarjeta,C155
5317,2026-09-10,09:10,Nübe Centro,Mostrador,Capuchino,1,8500,Efectivo,
5318,2026-09-10,08:38,Nübe Centro,Mostrador,Croissant,1,6000,Nequi,C181
5318,2026-09-10,08:38,Nübe Centro,Mostrador,Latte,1,9000,Nequi,C181
5319,2026-09-10,16:29,Nübe Centro,Domicilio,Capuchino,2,8500,Tarjeta,
5319,2026-09-10,16:29,Nübe Centro,Domicilio,Croissant,1,6000,Tarjeta,
5320,2026-09-10,19:50,Nübe Centro,Domicilio,Americano,1,5000,Nequi,C252
5320,2026-09-10,19:50,Nübe Centro,Domicilio,Croissant de almendras,1,8000,Nequi,C252
5321,2026-09-10,17:29,Nübe Centro,Domicilio,Croissant,1,6000,Tarjeta,C065
5322,2026-09-10,14:59,Nübe Centro,Mostrador,Chocolate caliente,1,7500,Tarjeta,
5322,2026-09-10,14:59,Nübe Centro,Mostrador,Croissant,1,6000,Tarjeta,
5323,2026-09-10,07:26,Nübe Centro,Mostrador,Latte,3,9000,Tarjeta,
5324,2026-09-10,15:38,Nübe Centro,Mostrador,Croissant,1,6000,Tarjeta,
5324,2026-09-10,15:38,Nübe Centro,Mostrador,Latte,1,9000,Tarjeta,
5325,2026-09-10,09:19,Nübe Centro,Domicilio,Tinto,2,3000,Nequi,
5326,2026-09-10,10:29,Nübe Centro,Mostrador,Croissant,2,6000,Efectivo,C131
5327,2026-09-10,16:44,Nübe Centro,Mostrador,Tinto,1,3000,Tarjeta,C221
5328,2026-09-10,15:13,Nübe Centro,Domicilio,Croissant,1,6000,Tarjeta,
5329,2026-09-10,11:04,Nübe Centro,Mostrador,Croissant,1,6000,Nequi,
5330,2026-09-10,09:55,Nübe Altico,Mostrador,Chocolate caliente,1,7500,Nequi,C078
5331,2026-09-10,06:32,Nübe Altico,Domicilio,Croissant,1,6000,Efectivo,C117
5331,2026-09-10,06:32,Nübe Altico,Domicilio,Tinto,1,3000,Efectivo,C117
5332,2026-09-10,13:08,Nübe Altico,Domicilio,Capuchino,1,8500,Efectivo,
5332,2026-09-10,13:08,Nübe Altico,Domicilio,Croissant de almendras,1,8000,Efectivo,
5333,2026-09-10,08:08,Nübe Altico,Domicilio,Latte,1,9000,Nequi,
5334,2026-09-10,14:00,Nübe Altico,Mostrador,Capuchino,1,8500,Nequi,
5334,2026-09-10,14:00,Nübe Altico,Mostrador,Latte,1,9000,Nequi,
5335,2026-09-10,09:45,Nübe Altico,Mostrador,Croissant,1,6000,Tarjeta,
5336,2026-09-10,10:42,Nübe Altico,Domicilio,Tinto,1,3000,Tarjeta,C193
5337,2026-09-10,15:33,Nübe Altico,Domicilio,Chocolate caliente,1,7500,Nequi,C024
5338,2026-09-10,11:08,Nübe Altico,Mostrador,Croissant,1,6000,Tarjeta,C145
5338,2026-09-10,11:08,Nübe Altico,Mostrador,Latte,1,9000,Tarjeta,C145
5338,2026-09-10,11:08,Nübe Altico,Mostrador,Tinto,1,3000,Tarjeta,C145
5339,2026-09-10,09:07,Nübe Altico,Domicilio,Capuchino,1,8500,Efectivo,
5340,2026-09-10,12:55,Nübe Altico,Domicilio,Chocolate caliente,1,7500,Nequi,
5341,2026-09-10,13:34,Nübe Altico,Mostrador,Americano,1,5000,Tarjeta,
5341,2026-09-10,13:34,Nübe Altico,Mostrador,Capuchino,1,8500,Tarjeta,
5342,2026-09-10,06:30,Nübe Altico,Mostrador,Croissant,1,6000,Efectivo,
5342,2026-09-10,06:30,Nübe Altico,Mostrador,Croissant de almendras,1,8000,Efectivo,
5342,2026-09-10,06:30,Nübe Altico,Mostrador,Tinto,1,3000,Efectivo,
5343,2026-09-10,12:10,Nübe Altico,Domicilio,Capuchino,1,8500,Nequi,
5344,2026-09-10,08:27,Nübe Altico,Mostrador,Croissant,1,6000,Nequi,C165
5344,2026-09-10,08:27,Nübe Altico,Mostrador,Tinto,1,3000,Nequi,C165
5345,2026-09-10,14:21,Nübe Altico,Mostrador,Americano,1,5000,Tarjeta,
5346,2026-09-10,12:09,Nübe Altico,Mostrador,Croissant,1,6000,Nequi,C280
5347,2026-09-10,08:13,Nübe Altico,Mostrador,Americano,1,5000,Efectivo,C295
5348,2026-09-10,09:19,Nübe Altico,Domicilio,Chocolate caliente,1,7500,Efectivo,C287
5348,2026-09-10,09:19,Nübe Altico,Domicilio,Tinto,1,3000,Efectivo,C287
5349,2026-09-10,12:35,Nübe Altico,Mostrador,Croissant,1,6000,Nequi,
5350,2026-09-10,08:46,Nübe Altico,Mostrador,Capuchino,2,8500,Nequi,C300
5351,2026-09-10,13:46,Nübe Altico,Domicilio,Latte,1,9000,Efectivo,
5351,2026-09-10,13:46,Nübe Altico,Domicilio,Tinto,1,3000,Efectivo,
5352,2026-09-10,15:19,Nübe Altico,Mostrador,Chocolate caliente,1,7500,Tarjeta,C151
5353,2026-09-10,13:50,Nübe Altico,Mostrador,Croissant,1,6000,Tarjeta,
5353,2026-09-10,13:50,Nübe Altico,Mostrador,Latte,2,9000,Tarjeta,
5354,2026-09-10,17:12,Nübe Altico,Domicilio,Tinto,1,3000,Efectivo,
5355,2026-09-10,17:03,Nübe Altico,Mostrador,Americano,1,5000,Tarjeta,
5355,2026-09-10,17:03,Nübe Altico,Mostrador,Croissant,1,6000,Tarjeta,
5356,2026-09-10,14:52,Nübe Altico,Mostrador,Capuchino,2,8500,Nequi,
5357,2026-09-10,18:35,Nübe Altico,Mostrador,Capuchino,1,8500,Tarjeta,
5357,2026-09-10,18:35,Nübe Altico,Mostrador,Chocolate caliente,1,7500,Tarjeta,
5358,2026-09-10,15:59,Nübe Altico,Domicilio,Latte,1,9000,Sin dato,C198
5359,2026-09-10,20:40,Nübe Altico,Mostrador,Croissant,1,6000,Tarjeta,
5360,2026-09-10,10:41,Nübe Altico,Domicilio,Chocolate caliente,2,7500,Tarjeta,
5360,2026-09-10,10:41,Nübe Altico,Domicilio,Croissant,1,6000,Tarjeta,
5360,2026-09-10,10:41,Nübe Altico,Domicilio,Frappé de café,1,11000,Tarjeta,
5361,2026-09-10,13:28,Nübe Altico,Domicilio,Latte,2,9000,Efectivo,
5362,2026-09-10,07:14,Nübe Altico,Mostrador,Capuchino,1,8500,Efectivo,
5362,2026-09-10,07:14,Nübe Altico,Mostrador,Croissant,1,6000,Efectivo,
5362,2026-09-10,07:14,Nübe Altico,Mostrador,Tinto,1,3000,Efectivo,
5363,2026-09-10,08:07,Nübe Altico,Domicilio,Capuchino,1,8500,Nequi,
5364,2026-09-10,09:02,Nübe Altico,Mostrador,Capuchino,3,8500,Tarjeta,
5364,2026-09-10,09:02,Nübe Altico,Mostrador,Croissant de almendras,1,8000,Tarjeta,
5365,2026-09-10,19:54,Nübe Altico,Domicilio,Chocolate caliente,1,7500,Tarjeta,
5365,2026-09-10,19:54,Nübe Altico,Domicilio,Croissant de almendras,2,8000,Tarjeta,
5366,2026-09-10,11:05,Nübe Altico,Mostrador,Americano,1,5000,Nequi,C225
5367,2026-09-10,11:08,Nübe Altico,Mostrador,Capuchino,2,8500,Nequi,
5367,2026-09-10,11:08,Nübe Altico,Mostrador,Latte,1,9000,Nequi,
5367,2026-09-10,11:08,Nübe Altico,Mostrador,Tinto,1,3000,Nequi,
5368,2026-09-10,08:05,Nübe Altico,Mostrador,Americano,1,5000,Sin dato,
5369,2026-09-10,08:00,Nübe Altico,Domicilio,Americano,1,5000,Efectivo,
5369,2026-09-10,08:00,Nübe Altico,Domicilio,Capuchino,2,8500,Efectivo,
5370,2026-09-10,10:58,Nübe Altico,Domicilio,Tinto,1,3000,Nequi,
5371,2026-09-10,08:43,Nübe Altico,Domicilio,Tinto,1,3000,Tarjeta,C163
5372,2026-09-10,10:41,Nübe Altico,Mostrador,Latte,1,9000,Tarjeta,C199
5373,2026-09-10,13:18,Nübe Altico,Domicilio,Latte,1,9000,Efectivo,
5374,2026-09-10,08:51,Nübe Altico,Domicilio,Tinto,3,3000,Nequi,C136
5375,2026-09-10,14:20,Nübe Altico,Domicilio,Croissant,2,6000,Tarjeta,
5375,2026-09-10,14:20,Nübe Altico,Domicilio,Latte,2,9000,Tarjeta,
5376,2026-09-10,09:47,Nübe Altico,Domicilio,Capuchino,1,8500,Efectivo,
5376,2026-09-10,09:47,Nübe Altico,Domicilio,Croissant,1,6000,Efectivo,
5376,2026-09-10,09:47,Nübe Altico,Domicilio,Latte,1,9000,Efectivo,
5377,2026-09-10,09:02,Nübe Altico,Domicilio,Croissant,2,6000,Efectivo,
5378,2026-09-10,17:37,Nübe Altico,Mostrador,Latte,2,9000,Nequi,
5379,2026-09-10,13:43,Nübe Altico,Mostrador,Americano,1,5000,Efectivo,C016
5379,2026-09-10,13:43,Nübe Altico,Mostrador,Croissant,1,6000,Efectivo,C016
5380,2026-09-10,20:20,Nübe Altico,Mostrador,Latte,1,9000,Tarjeta,
5381,2026-09-10,07:24,Nübe Altico,Mostrador,Americano,1,5000,Nequi,C151
5381,2026-09-10,07:24,Nübe Altico,Mostrador,Croissant,1,6000,Nequi,C151
5381,2026-09-10,07:24,Nübe Altico,Mostrador,Tinto,3,3000,Nequi,C151
5382,2026-09-10,16:43,Nübe Altico,Domicilio,Capuchino,1,8500,Nequi,
5383,2026-09-10,16:06,Nübe Altico,Mostrador,Capuchino,2,8500,Nequi,C115
5383,2026-09-10,16:06,Nübe Altico,Mostrador,Chocolate caliente,2,7500,Nequi,C115
5383,2026-09-10,16:06,Nübe Altico,Mostrador,Croissant,1,6000,Nequi,C115
5384,2026-09-10,20:02,Nübe Altico,Domicilio,Chocolate caliente,1,7500,Nequi,
5385,2026-09-10,13:06,Nübe Altico,Domicilio,Americano,2,5000,Nequi,C200
5385,2026-09-10,13:06,Nübe Altico,Domicilio,Latte,1,9000,Nequi,C200
5386,2026-09-10,16:00,Nübe Altico,Mostrador,Capuchino,1,8500,Efectivo,
5386,2026-09-10,16:00,Nübe Altico,Mostrador,Croissant,2,6000,Efectivo,
5387,2026-09-10,11:13,Nübe Altico,Mostrador,Croissant,1,6000,Tarjeta,
5388,2026-09-10,12:20,Nübe Altico,Mostrador,Capuchino,1,8500,Nequi,
5388,2026-09-10,12:20,Nübe Altico,Mostrador,Croissant de almendras,1,8000,Nequi,
5388,2026-09-10,12:20,Nübe Altico,Mostrador,Tinto,1,3000,Nequi,
5389,2026-09-10,13:27,Nübe Altico,Mostrador,Capuchino,2,8500,Efectivo,
5389,2026-09-10,13:27,Nübe Altico,Mostrador,Chocolate caliente,3,7500,Efectivo,
5390,2026-09-10,10:59,Nübe Altico,Mostrador,Americano,1,5000,Efectivo,
5391,2026-09-10,13:51,Nübe Altico,Mostrador,Tinto,1,3000,Tarjeta,C180
5392,2026-09-10,07:01,Nübe Altico,Mostrador,Capuchino,1,8500,Nequi,
5393,2026-09-10,17:09,Nübe Altico,Domicilio,Capuchino,1,8500,Efectivo,C048
5393,2026-09-10,17:09,Nübe Altico,Domicilio,Croissant de almendras,1,8000,Efectivo,C048
5394,2026-09-10,16:04,Nübe Altico,Domicilio,Capuchino,3,8500,Nequi,
5395,2026-09-10,18:30,Nübe Altico,Mostrador,Croissant,1,6000,Tarjeta,C214
5396,2026-09-10,19:08,Nübe Altico,Mostrador,Croissant de almendras,1,8000,Tarjeta,
5396,2026-09-10,19:08,Nübe Altico,Mostrador,Latte,1,9000,Tarjeta,
5396,2026-09-10,19:08,Nübe Altico,Mostrador,Tinto,1,3000,Sin dato,
5397,2026-09-10,19:17,Nübe Altico,Mostrador,Capuchino,1,8500,Tarjeta,C147
5397,2026-09-10,19:17,Nübe Altico,Mostrador,Croissant de almendras,1,8000,Tarjeta,C147
5397,2026-09-10,19:17,Nübe Altico,Mostrador,Latte,1,9000,Tarjeta,C147
5398,2026-09-11,17:56,Nübe Centro,Mostrador,Americano,1,5000,Nequi,C248
5399,2026-09-11,16:35,Nübe Centro,Mostrador,Tinto,1,3000,Tarjeta,
5400,2026-09-11,14:17,Nübe Centro,Mostrador,Americano,1,5000,Efectivo,C273
5400,2026-09-11,14:17,Nübe Centro,Mostrador,Croissant,1,6000,Efectivo,C273
5400,2026-09-11,14:17,Nübe Centro,Mostrador,Latte,2,9000,Efectivo,C273
5401,2026-09-11,09:45,Nübe Centro,Mostrador,Chocolate caliente,2,7500,Efectivo,
5401,2026-09-11,09:45,Nübe Centro,Mostrador,Tinto,1,3000,Efectivo,
5402,2026-09-11,10:08,Nübe Centro,Mostrador,Croissant,2,6000,Efectivo,
5403,2026-09-11,14:58,Nübe Centro,Domicilio,Croissant,2,6000,Tarjeta,
5404,2026-09-11,09:36,Nübe Centro,Mostrador,Americano,1,5000,Efectivo,C185
5404,2026-09-11,09:36,Nübe Centro,Mostrador,Croissant,1,6000,Efectivo,C185
5405,2026-09-11,16:11,Nübe Centro,Mostrador,Croissant de almendras,2,8000,Tarjeta,
5405,2026-09-11,16:11,Nübe Centro,Mostrador,Tinto,1,3000,Tarjeta,
5406,2026-09-11,16:27,Nübe Centro,Mostrador,Chocolate caliente,1,7500,Nequi,C028
5406,2026-09-11,16:27,Nübe Centro,Mostrador,Tinto,1,3000,Nequi,C028
5407,2026-09-11,19:55,Nübe Centro,Mostrador,Tinto,1,3000,Tarjeta,
5408,2026-09-11,20:10,Nübe Centro,Mostrador,Tinto,1,3000,Nequi,
5409,2026-09-11,08:50,Nübe Centro,Mostrador,Chocolate caliente,1,7500,Nequi,C080
5410,2026-09-11,11:41,Nübe Centro,Mostrador,Capuchino,1,8500,Efectivo,C170
5410,2026-09-11,11:41,Nübe Centro,Mostrador,Frappé de café,2,11000,Efectivo,C170
5411,2026-09-11,11:10,Nübe Centro,Mostrador,Americano,1,5000,Nequi,
5411,2026-09-11,11:10,Nübe Centro,Mostrador,Tinto,1,3000,Nequi,
5412,2026-09-11,15:35,Nübe Centro,Domicilio,Croissant de almendras,1,8000,Efectivo,C050
5413,2026-09-11,08:21,Nübe Centro,Mostrador,Capuchino,2,8500,Tarjeta,C273
5414,2026-09-11,15:44,Nübe Centro,Mostrador,Capuchino,1,8500,Efectivo,
5415,2026-09-11,15:40,Nübe Centro,Mostrador,Frappé de café,1,11000,Tarjeta,C075
5416,2026-09-11,15:07,Nübe Centro,Mostrador,Capuchino,1,8500,Nequi,C204
5417,2026-09-11,09:01,Nübe Centro,Mostrador,Capuchino,2,8500,Tarjeta,
5417,2026-09-11,09:01,Nübe Centro,Mostrador,Croissant de almendras,2,8000,Tarjeta,
5417,2026-09-11,09:01,Nübe Centro,Mostrador,Latte,1,9000,Tarjeta,
5418,2026-09-11,07:21,Nübe Centro,Mostrador,Americano,1,5000,Tarjeta,
5418,2026-09-11,07:21,Nübe Centro,Mostrador,Tinto,2,3000,Tarjeta,
5419,2026-09-11,13:43,Nübe Centro,Domicilio,Croissant de almendras,1,8000,Efectivo,C217
5420,2026-09-11,14:11,Nübe Centro,Mostrador,Capuchino,1,8500,Tarjeta,
5420,2026-09-11,14:11,Nübe Centro,Mostrador,Tinto,2,3000,Tarjeta,
5421,2026-09-11,15:41,Nübe Centro,Mostrador,Croissant,1,6000,Nequi,
5422,2026-09-11,09:29,Nübe Centro,Mostrador,Capuchino,1,8500,Nequi,
5422,2026-09-11,09:29,Nübe Centro,Mostrador,Tinto,1,3000,Nequi,
5423,2026-09-11,20:56,Nübe Centro,Mostrador,Capuchino,1,8500,Efectivo,C127
5424,2026-09-11,09:26,Nübe Centro,Mostrador,Capuchino,2,8500,Nequi,
5425,2026-09-11,15:44,Nübe Centro,Mostrador,Croissant,1,6000,Nequi,
5426,2026-09-11,11:44,Nübe Centro,Mostrador,Americano,1,5000,Efectivo,
5427,2026-09-11,10:17,Nübe Centro,Mostrador,Americano,1,5000,Efectivo,C229
5427,2026-09-11,10:17,Nübe Centro,Mostrador,Croissant,1,6000,Efectivo,C229
5428,2026-09-11,09:44,Nübe Centro,Mostrador,Americano,3,5000,Efectivo,C225
5429,2026-09-11,11:35,Nübe Centro,Mostrador,Frappé de café,2,11000,Tarjeta,
5430,2026-09-11,10:37,Nübe Centro,Mostrador,Croissant,3,6000,Tarjeta,C195
5430,2026-09-11,10:37,Nübe Centro,Mostrador,Tinto,1,3000,Tarjeta,C195
5431,2026-09-11,15:38,Nübe Centro,Domicilio,Americano,1,5000,Nequi,C161
5431,2026-09-11,15:38,Nübe Centro,Domicilio,Croissant de almendras,1,8000,Sin dato,C161
5432,2026-09-11,16:09,Nübe Centro,Mostrador,Chocolate caliente,1,7500,Tarjeta,
5433,2026-09-11,11:30,Nübe Centro,Mostrador,Latte,1,9000,Nequi,
5434,2026-09-11,06:59,Nübe Centro,Domicilio,Croissant,2,6000,Nequi,
5434,2026-09-11,06:59,Nübe Centro,Domicilio,Latte,1,9000,Nequi,
5435,2026-09-11,08:32,Nübe Centro,Mostrador,Croissant,1,6000,Efectivo,
5436,2026-09-11,17:02,Nübe Centro,Mostrador,Capuchino,1,8500,Efectivo,C176
5436,2026-09-11,17:02,Nübe Centro,Mostrador,Croissant,1,6000,Efectivo,C176
5437,2026-09-11,11:56,Nübe Centro,Mostrador,Croissant de almendras,1,8000,Efectivo,
5438,2026-09-11,09:01,Nübe Centro,Mostrador,Capuchino,1,8500,Tarjeta,
5438,2026-09-11,09:01,Nübe Centro,Mostrador,Croissant,2,6000,Tarjeta,
5439,2026-09-11,08:12,Nübe Centro,Mostrador,Croissant de almendras,1,8000,Nequi,
5440,2026-09-11,15:18,Nübe Centro,Mostrador,Croissant,1,6000,Tarjeta,
5440,2026-09-11,15:18,Nübe Centro,Mostrador,Frappé de café,2,11000,Tarjeta,
5441,2026-09-11,08:33,Nübe Centro,Mostrador,Croissant,1,6000,Tarjeta,
5442,2026-09-11,08:53,Nübe Centro,Mostrador,Croissant,1,6000,Tarjeta,
5443,2026-09-11,12:54,Nübe Centro,Mostrador,Latte,1,9000,Efectivo,C119
5444,2026-09-11,14:16,Nübe Centro,Mostrador,Croissant de almendras,1,8000,Nequi,
5445,2026-09-11,06:32,Nübe Centro,Mostrador,Croissant,1,6000,Efectivo,C142
5445,2026-09-11,06:32,Nübe Centro,Mostrador,Frappé de café,1,11000,Efectivo,C142
5445,2026-09-11,06:32,Nübe Centro,Mostrador,Tinto,1,3000,Efectivo,C142
5446,2026-09-11,14:49,Nübe Centro,Mostrador,Croissant,1,6000,Efectivo,C106
5446,2026-09-11,14:49,Nübe Centro,Mostrador,Tinto,3,3000,Efectivo,C106
5447,2026-09-11,08:45,Nübe Centro,Domicilio,Americano,2,5000,Efectivo,
5447,2026-09-11,08:45,Nübe Centro,Domicilio,Croissant de almendras,1,8000,Efectivo,
5448,2026-09-11,09:45,Nübe Centro,Mostrador,Croissant,1,6000,Nequi,
5449,2026-09-11,08:27,Nübe Centro,Mostrador,Tinto,3,3000,Tarjeta,
5450,2026-09-11,14:41,Nübe Centro,Mostrador,Croissant de almendras,1,8000,Tarjeta,C110
5451,2026-09-11,08:02,Nübe Centro,Mostrador,Chocolate caliente,1,7500,Nequi,
5451,2026-09-11,08:02,Nübe Centro,Mostrador,Croissant,1,6000,Nequi,
5452,2026-09-11,10:51,Nübe Centro,Mostrador,Latte,1,9000,Nequi,
5453,2026-09-11,06:03,Nübe Centro,Mostrador,Americano,1,5000,Nequi,
5454,2026-09-11,13:04,Nübe Centro,Domicilio,Croissant,1,6000,Tarjeta,
5455,2026-09-11,18:17,Nübe Centro,Mostrador,Capuchino,1,8500,Efectivo,
5456,2026-09-11,08:27,Nübe Centro,Mostrador,Capuchino,1,8500,Tarjeta,
5456,2026-09-11,08:27,Nübe Centro,Mostrador,Croissant de almendras,1,8000,Tarjeta,
5457,2026-09-11,19:43,Nübe Centro,Mostrador,Capuchino,1,8500,Efectivo,
5457,2026-09-11,19:43,Nübe Centro,Mostrador,Croissant de almendras,1,8000,Efectivo,
5458,2026-09-11,07:00,Nübe Centro,Mostrador,Chocolate caliente,2,7500,Tarjeta,
5459,2026-09-11,09:24,Nübe Centro,Mostrador,Americano,1,5000,Efectivo,
5460,2026-09-11,15:57,Nübe Centro,Mostrador,Croissant de almendras,1,8000,Tarjeta,
5461,2026-09-11,18:15,Nübe Centro,Mostrador,Capuchino,1,8500,Tarjeta,
5461,2026-09-11,18:15,Nübe Centro,Mostrador,Croissant,2,6000,Tarjeta,
5462,2026-09-11,08:16,Nübe Centro,Mostrador,Chocolate caliente,1,7500,Tarjeta,C157
5463,2026-09-11,09:01,Nübe Centro,Mostrador,Americano,1,5000,Nequi,
5463,2026-09-11,09:01,Nübe Centro,Mostrador,Croissant,1,6000,Nequi,
5464,2026-09-11,08:30,Nübe Centro,Mostrador,Croissant,1,6000,Sin dato,
5465,2026-09-11,07:43,Nübe Centro,Mostrador,Croissant,1,6000,Nequi,C096
5466,2026-09-11,09:22,Nübe Centro,Mostrador,Capuchino,1,8500,Nequi,C135
5466,2026-09-11,09:22,Nübe Centro,Mostrador,Croissant,1,6000,Nequi,C135
5466,2026-09-11,09:22,Nübe Centro,Mostrador,Tinto,1,3000,Nequi,C135
5467,2026-09-11,11:21,Nübe Centro,Mostrador,Croissant,1,6000,Efectivo,
5468,2026-09-11,09:36,Nübe Centro,Domicilio,Croissant,1,6000,Efectivo,C178
5468,2026-09-11,09:36,Nübe Centro,Domicilio,Latte,1,9000,Sin dato,C178
5469,2026-09-11,09:26,Nübe Altico,Mostrador,Croissant,1,6000,Tarjeta,C117
5469,2026-09-11,09:26,Nübe Altico,Mostrador,Tinto,1,3000,Tarjeta,C117
5470,2026-09-11,08:26,Nübe Altico,Mostrador,Croissant,1,6000,Efectivo,C152
5471,2026-09-11,15:43,Nübe Altico,Mostrador,Tinto,1,3000,Efectivo,
5472,2026-09-11,20:58,Nübe Altico,Mostrador,Americano,1,5000,Nequi,
5473,2026-09-11,13:51,Nübe Altico,Mostrador,Latte,2,9000,Tarjeta,C145
5474,2026-09-11,09:03,Nübe Altico,Mostrador,Tinto,3,3000,Efectivo,C265
5475,2026-09-11,10:09,Nübe Altico,Mostrador,Croissant,1,6000,Efectivo,C176
5476,2026-09-11,17:12,Nübe Altico,Domicilio,Latte,1,9000,Efectivo,C166
5477,2026-09-11,11:35,Nübe Altico,Mostrador,Chocolate caliente,1,7500,Nequi,
5477,2026-09-11,11:35,Nübe Altico,Mostrador,Latte,1,9000,Nequi,
5477,2026-09-11,11:35,Nübe Altico,Mostrador,Tinto,1,3000,Nequi,
5478,2026-09-11,07:35,Nübe Altico,Mostrador,Croissant de almendras,1,8000,Tarjeta,C242
5478,2026-09-11,07:35,Nübe Altico,Mostrador,Tinto,3,3000,Tarjeta,C242
5479,2026-09-11,17:35,Nübe Altico,Mostrador,Capuchino,1,8500,Sin dato,
5479,2026-09-11,17:35,Nübe Altico,Mostrador,Croissant de almendras,1,8000,Efectivo,
5480,2026-09-11,14:25,Nübe Altico,Mostrador,Americano,1,5000,Nequi,
5481,2026-09-11,18:12,Nübe Altico,Mostrador,Capuchino,1,8500,Tarjeta,
5481,2026-09-11,18:12,Nübe Altico,Mostrador,Croissant,2,6000,Tarjeta,
5482,2026-09-11,09:03,Nübe Altico,Domicilio,Capuchino,1,8500,Efectivo,
5483,2026-09-11,17:02,Nübe Altico,Mostrador,Chocolate caliente,1,7500,Tarjeta,
5483,2026-09-11,17:02,Nübe Altico,Mostrador,Frappé de café,1,11000,Tarjeta,
5483,2026-09-11,17:02,Nübe Altico,Mostrador,Tinto,1,3000,Tarjeta,
5484,2026-09-11,12:34,Nübe Altico,Domicilio,Capuchino,1,8500,Efectivo,
5485,2026-09-11,17:26,Nübe Altico,Mostrador,Capuchino,1,8500,Nequi,C153
5486,2026-09-11,09:23,Nübe Altico,Mostrador,Americano,3,5000,Tarjeta,C247
5487,2026-09-11,19:17,Nübe Altico,Mostrador,Croissant,1,6000,Efectivo,
5488,2026-09-11,08:40,Nübe Altico,Mostrador,Capuchino,2,8500,Tarjeta,
5488,2026-09-11,08:40,Nübe Altico,Mostrador,Latte,1,9000,Tarjeta,
5489,2026-09-11,16:35,Nübe Altico,Mostrador,Tinto,2,3000,Efectivo,
5490,2026-09-11,12:26,Nübe Altico,Mostrador,Croissant,1,6000,Efectivo,
5490,2026-09-11,12:26,Nübe Altico,Mostrador,Frappé de café,1,11000,Efectivo,
5491,2026-09-11,17:56,Nübe Altico,Mostrador,Croissant,1,6000,Efectivo,C004
5491,2026-09-11,17:56,Nübe Altico,Mostrador,Frappé de café,2,11000,Efectivo,C004
5492,2026-09-11,16:21,Nübe Altico,Mostrador,Latte,1,9000,Efectivo,C124
5493,2026-09-11,15:37,Nübe Altico,Mostrador,Croissant,2,6000,Nequi,
5493,2026-09-11,15:37,Nübe Altico,Mostrador,Latte,1,9000,Nequi,
5494,2026-09-11,09:47,Nübe Altico,Mostrador,Chocolate caliente,2,7500,Nequi,
5495,2026-09-11,14:22,Nübe Altico,Mostrador,Chocolate caliente,1,7500,Efectivo,C089
5495,2026-09-11,14:22,Nübe Altico,Mostrador,Frappé de café,1,11000,Efectivo,C089
5496,2026-09-11,16:46,Nübe Altico,Mostrador,Tinto,1,3000,Sin dato,
5497,2026-09-11,13:39,Nübe Altico,Mostrador,Frappé de café,1,11000,Tarjeta,
5498,2026-09-11,10:21,Nübe Altico,Mostrador,Frappé de café,1,11000,Efectivo,
5499,2026-09-11,08:19,Nübe Altico,Mostrador,Americano,2,5000,Efectivo,C151
5499,2026-09-11,08:19,Nübe Altico,Mostrador,Croissant de almendras,1,8000,Efectivo,C151
5500,2026-09-11,12:51,Nübe Altico,Mostrador,Capuchino,1,8500,Efectivo,
5500,2026-09-11,12:51,Nübe Altico,Mostrador,Frappé de café,1,11000,Efectivo,
5501,2026-09-11,14:08,Nübe Altico,Domicilio,Croissant,1,6000,Efectivo,C245
5502,2026-09-11,19:30,Nübe Altico,Domicilio,Americano,2,5000,Efectivo,C171
5502,2026-09-11,19:30,Nübe Altico,Domicilio,Croissant,2,6000,Efectivo,C171
5502,2026-09-11,19:30,Nübe Altico,Domicilio,Croissant de almendras,1,8000,Efectivo,C171
5503,2026-09-11,11:10,Nübe Altico,Mostrador,Capuchino,2,8500,Efectivo,C207
5503,2026-09-11,11:10,Nübe Altico,Mostrador,Croissant,1,6000,Efectivo,C207
5504,2026-09-11,17:50,Nübe Altico,Mostrador,Tinto,1,3000,Tarjeta,
5505,2026-09-11,08:22,Nübe Altico,Mostrador,Croissant,1,6000,Tarjeta,C258
5506,2026-09-11,07:21,Nübe Altico,Mostrador,Latte,3,9000,Nequi,C126
5507,2026-09-11,16:28,Nübe Altico,Mostrador,Capuchino,1,8500,Efectivo,
5507,2026-09-11,16:28,Nübe Altico,Mostrador,Croissant,2,6000,Efectivo,
5507,2026-09-11,16:28,Nübe Altico,Mostrador,Latte,1,9000,Efectivo,
5508,2026-09-11,11:26,Nübe Altico,Domicilio,Croissant,2,6000,Tarjeta,
5508,2026-09-11,11:26,Nübe Altico,Domicilio,Tinto,1,3000,Tarjeta,
5509,2026-09-11,15:46,Nübe Altico,Domicilio,Tinto,1,3000,Tarjeta,
5510,2026-09-11,09:42,Nübe Altico,Mostrador,Tinto,1,3000,Efectivo,C219
5511,2026-09-11,16:15,Nübe Altico,Mostrador,Capuchino,1,8500,Tarjeta,
5511,2026-09-11,16:15,Nübe Altico,Mostrador,Croissant,1,6000,Tarjeta,
5511,2026-09-11,16:15,Nübe Altico,Mostrador,Latte,1,9000,Tarjeta,
5512,2026-09-11,10:03,Nübe Altico,Mostrador,Americano,1,5000,Tarjeta,C229
5513,2026-09-11,11:52,Nübe Altico,Mostrador,Americano,3,5000,Efectivo,
5514,2026-09-11,10:57,Nübe Altico,Mostrador,Chocolate caliente,1,7500,Nequi,C185
5514,2026-09-11,10:57,Nübe Altico,Mostrador,Croissant,1,6000,Nequi,C185
5515,2026-09-11,07:36,Nübe Altico,Mostrador,Americano,1,5000,Tarjeta,C296
5515,2026-09-11,07:36,Nübe Altico,Mostrador,Tinto,1,3000,Tarjeta,C296
5516,2026-09-11,17:59,Nübe Altico,Mostrador,Capuchino,1,8500,Efectivo,C049
5516,2026-09-11,17:59,Nübe Altico,Mostrador,Tinto,1,3000,Efectivo,C049
5517,2026-09-11,08:12,Nübe Altico,Mostrador,Chocolate caliente,2,7500,Tarjeta,C215
5518,2026-09-11,16:44,Nübe Altico,Mostrador,Capuchino,1,8500,Efectivo,
5518,2026-09-11,16:44,Nübe Altico,Mostrador,Chocolate caliente,1,7500,Efectivo,
5518,2026-09-11,16:44,Nübe Altico,Mostrador,Frappé de café,1,11000,Efectivo,
5519,2026-09-11,09:15,Nübe Altico,Domicilio,Croissant de almendras,1,8000,Efectivo,
5520,2026-09-11,12:10,Nübe Altico,Domicilio,Latte,3,9000,Nequi,
5521,2026-09-11,07:28,Nübe Altico,Mostrador,Latte,1,9000,Tarjeta,C144
5522,2026-09-11,10:27,Nübe Altico,Domicilio,Capuchino,1,8500,Nequi,
5523,2026-09-11,17:44,Nübe Altico,Mostrador,Tinto,2,3000,Efectivo,
5524,2026-09-11,08:55,Nübe Altico,Mostrador,Capuchino,3,8500,Tarjeta,C150
5524,2026-09-11,08:55,Nübe Altico,Mostrador,Tinto,1,3000,Tarjeta,C150
5525,2026-09-11,08:31,Nübe Altico,Mostrador,Tinto,1,3000,Nequi,C028
5526,2026-09-11,07:47,Nübe Altico,Domicilio,Americano,1,5000,Tarjeta,
5526,2026-09-11,07:47,Nübe Altico,Domicilio,Latte,2,9000,Tarjeta,
5527,2026-09-12,08:11,Nübe Centro,Domicilio,Capuchino,3,8500,Efectivo,
5528,2026-09-12,11:43,Nübe Centro,Domicilio,Croissant de almendras,1,8000,Tarjeta,C213
5528,2026-09-12,11:43,Nübe Centro,Domicilio,Tinto,1,3000,Tarjeta,C213
5529,2026-09-12,20:01,Nübe Centro,Mostrador,Croissant,1,6000,Nequi,
5529,2026-09-12,20:01,Nübe Centro,Mostrador,Tinto,1,3000,Nequi,
5530,2026-09-12,09:37,Nübe Centro,Mostrador,Capuchino,2,8500,Efectivo,
5530,2026-09-12,09:37,Nübe Centro,Mostrador,Croissant de almendras,1,8000,Efectivo,
5531,2026-09-12,16:24,Nübe Centro,Mostrador,Chocolate caliente,2,7500,Nequi,C078
5531,2026-09-12,16:24,Nübe Centro,Mostrador,Croissant,1,6000,Nequi,C078
5531,2026-09-12,16:24,Nübe Centro,Mostrador,Croissant de almendras,1,8000,Nequi,C078
5532,2026-09-12,17:14,Nübe Centro,Mostrador,Capuchino,1,8500,Efectivo,C119
5533,2026-09-12,10:24,Nübe Centro,Mostrador,Capuchino,1,8500,Nequi,
5533,2026-09-12,10:24,Nübe Centro,Mostrador,Croissant,1,6000,Nequi,
5533,2026-09-12,10:24,Nübe Centro,Mostrador,Tinto,1,3000,Nequi,
5534,2026-09-12,09:01,Nübe Centro,Mostrador,Chocolate caliente,2,7500,Nequi,
5534,2026-09-12,09:01,Nübe Centro,Mostrador,Croissant de almendras,1,8000,Nequi,
5535,2026-09-12,09:38,Nübe Centro,Mostrador,Tinto,1,3000,Efectivo,
5536,2026-09-12,08:54,Nübe Centro,Domicilio,Croissant,1,6000,Tarjeta,C176
5537,2026-09-12,06:18,Nübe Centro,Domicilio,Tinto,2,3000,Nequi,
5538,2026-09-12,14:01,Nübe Centro,Domicilio,Croissant,3,6000,Tarjeta,
5538,2026-09-12,14:01,Nübe Centro,Domicilio,Croissant de almendras,1,8000,Sin dato,
5539,2026-09-12,07:15,Nübe Centro,Domicilio,Capuchino,1,8500,Efectivo,C294
5540,2026-09-12,08:15,Nübe Centro,Mostrador,Capuchino,1,8500,Nequi,
5540,2026-09-12,08:15,Nübe Centro,Mostrador,Croissant,1,6000,Nequi,
5541,2026-09-12,09:30,Nübe Centro,Domicilio,Capuchino,1,8500,Nequi,
5542,2026-09-12,10:33,Nübe Centro,Mostrador,Chocolate caliente,1,7500,Tarjeta,
5542,2026-09-12,10:33,Nübe Centro,Mostrador,Croissant,1,6000,Tarjeta,
5543,2026-09-12,08:25,Nübe Centro,Mostrador,Croissant,1,6000,Tarjeta,C154
5544,2026-09-12,09:39,Nübe Centro,Domicilio,Americano,1,5000,Nequi,
5545,2026-09-12,06:53,Nübe Centro,Domicilio,Tinto,1,3000,Tarjeta,
5546,2026-09-12,17:17,Nübe Centro,Mostrador,Capuchino,1,8500,Nequi,
5547,2026-09-12,07:11,Nübe Centro,Mostrador,Americano,1,5000,Nequi,
5548,2026-09-12,10:44,Nübe Centro,Mostrador,Capuchino,1,8500,Tarjeta,C116
5548,2026-09-12,10:44,Nübe Centro,Mostrador,Croissant,1,6000,Tarjeta,C116
5549,2026-09-12,15:18,Nübe Centro,Mostrador,Croissant de almendras,2,8000,Efectivo,
5549,2026-09-12,15:18,Nübe Centro,Mostrador,Frappé de café,1,11000,Efectivo,
5550,2026-09-12,15:29,Nübe Centro,Domicilio,Americano,1,5000,Nequi,C124
5550,2026-09-12,15:29,Nübe Centro,Domicilio,Latte,1,9000,Nequi,C124
5550,2026-09-12,15:29,Nübe Centro,Domicilio,Tinto,1,3000,Nequi,C124
5551,2026-09-12,19:51,Nübe Centro,Domicilio,Tinto,1,3000,Nequi,
5552,2026-09-12,08:36,Nübe Centro,Mostrador,Tinto,1,3000,Tarjeta,
5553,2026-09-12,16:03,Nübe Centro,Domicilio,Croissant,1,6000,Tarjeta,
5553,2026-09-12,16:03,Nübe Centro,Domicilio,Frappé de café,2,11000,Tarjeta,
5554,2026-09-12,10:28,Nübe Centro,Mostrador,Americano,2,5000,Nequi,
5554,2026-09-12,10:28,Nübe Centro,Mostrador,Croissant de almendras,2,8000,Nequi,
5555,2026-09-12,17:21,Nübe Centro,Domicilio,Americano,1,5000,Efectivo,
5555,2026-09-12,17:21,Nübe Centro,Domicilio,Croissant de almendras,1,8000,Efectivo,
5556,2026-09-12,13:45,Nübe Centro,Domicilio,Americano,1,5000,Efectivo,
5556,2026-09-12,13:45,Nübe Centro,Domicilio,Capuchino,1,8500,Efectivo,
5557,2026-09-12,11:38,Nübe Centro,Mostrador,Latte,1,9000,Tarjeta,C216
5558,2026-09-12,10:50,Nübe Centro,Mostrador,Croissant de almendras,1,8000,Tarjeta,
5558,2026-09-12,10:50,Nübe Centro,Mostrador,Latte,2,9000,Tarjeta,
5559,2026-09-12,15:34,Nübe Centro,Mostrador,Americano,2,5000,Efectivo,C113
5559,2026-09-12,15:34,Nübe Centro,Mostrador,Chocolate caliente,1,7500,Efectivo,C113
5559,2026-09-12,15:34,Nübe Centro,Mostrador,Tinto,1,3000,Efectivo,C113
5560,2026-09-12,16:40,Nübe Centro,Mostrador,Tinto,2,3000,Nequi,
5561,2026-09-12,09:36,Nübe Centro,Mostrador,Tinto,1,3000,Sin dato,C030
5562,2026-09-12,09:42,Nübe Centro,Mostrador,Americano,1,5000,Tarjeta,
5562,2026-09-12,09:42,Nübe Centro,Mostrador,Latte,2,9000,Tarjeta,
5563,2026-09-12,07:24,Nübe Centro,Mostrador,Croissant,1,6000,Nequi,C085
5564,2026-09-12,14:51,Nübe Centro,Mostrador,Latte,1,9000,Tarjeta,
5565,2026-09-12,10:08,Nübe Centro,Domicilio,Croissant de almendras,1,8000,Efectivo,C248
5566,2026-09-12,10:14,Nübe Centro,Mostrador,Chocolate caliente,1,7500,Efectivo,
5567,2026-09-12,15:12,Nübe Centro,Domicilio,Croissant,2,6000,Nequi,
5568,2026-09-12,18:18,Nübe Centro,Mostrador,Chocolate caliente,1,7500,Nequi,C280
5569,2026-09-12,10:51,Nübe Centro,Domicilio,Croissant,1,6000,Nequi,
5570,2026-09-12,10:28,Nübe Centro,Mostrador,Americano,2,5000,Tarjeta,
5570,2026-09-12,10:28,Nübe Centro,Mostrador,Latte,3,9000,Tarjeta,
5570,2026-09-12,10:28,Nübe Centro,Mostrador,Tinto,1,3000,Tarjeta,
5571,2026-09-12,20:34,Nübe Centro,Mostrador,Latte,2,9000,Tarjeta,
5572,2026-09-12,17:44,Nübe Centro,Mostrador,Americano,1,5000,Efectivo,C030
5573,2026-09-12,08:32,Nübe Centro,Mostrador,Croissant,1,6000,Nequi,
5573,2026-09-12,08:32,Nübe Centro,Mostrador,Latte,2,9000,Nequi,
5573,2026-09-12,08:32,Nübe Centro,Mostrador,Tinto,1,3000,Nequi,
5574,2026-09-12,08:03,Nübe Centro,Domicilio,Croissant,1,6000,Tarjeta,
5574,2026-09-12,08:03,Nübe Centro,Domicilio,Latte,1,9000,Tarjeta,
5575,2026-09-12,10:08,Nübe Centro,Domicilio,Capuchino,1,8500,Tarjeta,C179
5576,2026-09-12,06:51,Nübe Centro,Mostrador,Croissant,1,6000,Tarjeta,
5577,2026-09-12,10:05,Nübe Centro,Mostrador,Americano,2,5000,Tarjeta,C041
5577,2026-09-12,10:05,Nübe Centro,Mostrador,Latte,1,9000,Tarjeta,C041
5578,2026-09-12,09:40,Nübe Centro,Mostrador,Capuchino,1,8500,Tarjeta,
5579,2026-09-12,08:56,Nübe Centro,Mostrador,Croissant,1,6000,Efectivo,C280
5580,2026-09-12,16:20,Nübe Centro,Mostrador,Tinto,1,3000,Tarjeta,
5581,2026-09-12,13:49,Nübe Centro,Domicilio,Croissant,1,6000,Tarjeta,C050
5582,2026-09-12,18:43,Nübe Centro,Mostrador,Capuchino,1,8500,Efectivo,C050
5582,2026-09-12,18:43,Nübe Centro,Mostrador,Croissant de almendras,1,8000,Efectivo,C050
5583,2026-09-12,12:26,Nübe Centro,Mostrador,Chocolate caliente,1,7500,Efectivo,
5583,2026-09-12,12:26,Nübe Centro,Mostrador,Croissant,1,6000,Efectivo,
5584,2026-09-12,06:52,Nübe Centro,Mostrador,Americano,1,5000,Tarjeta,
5585,2026-09-12,09:08,Nübe Centro,Domicilio,Latte,1,9000,Nequi,
5586,2026-09-12,18:48,Nübe Centro,Mostrador,Latte,2,9000,Nequi,
5587,2026-09-12,18:08,Nübe Centro,Mostrador,Capuchino,1,8500,Nequi,
5587,2026-09-12,18:08,Nübe Centro,Mostrador,Croissant de almendras,1,8000,Nequi,
5587,2026-09-12,18:08,Nübe Centro,Mostrador,Tinto,2,3000,Nequi,
5588,2026-09-12,08:10,Nübe Centro,Mostrador,Americano,1,5000,Efectivo,C232
5588,2026-09-12,08:10,Nübe Centro,Mostrador,Latte,1,9000,Sin dato,C232
5589,2026-09-12,08:11,Nübe Centro,Mostrador,Croissant de almendras,2,8000,Nequi,C151
5590,2026-09-12,18:40,Nübe Centro,Domicilio,Chocolate caliente,1,7500,Tarjeta,
5591,2026-09-12,08:48,Nübe Centro,Domicilio,Latte,1,9000,Nequi,C171
5591,2026-09-12,08:48,Nübe Centro,Domicilio,Tinto,1,3000,Nequi,C171
5592,2026-09-12,09:59,Nübe Centro,Domicilio,Croissant de almendras,1,8000,Tarjeta,
5593,2026-09-12,08:12,Nübe Centro,Domicilio,Americano,1,5000,Tarjeta,C067
5594,2026-09-12,15:18,Nübe Centro,Domicilio,Chocolate caliente,1,7500,Tarjeta,
5595,2026-09-12,16:47,Nübe Centro,Mostrador,Latte,2,9000,Tarjeta,C227
5596,2026-09-12,17:49,Nübe Centro,Domicilio,Capuchino,1,8500,Nequi,
5596,2026-09-12,17:49,Nübe Centro,Domicilio,Croissant,1,6000,Nequi,
5596,2026-09-12,17:49,Nübe Centro,Domicilio,Frappé de café,1,11000,Nequi,
5597,2026-09-12,16:02,Nübe Centro,Mostrador,Croissant,1,6000,Tarjeta,C280
5597,2026-09-12,16:02,Nübe Centro,Mostrador,Latte,1,9000,Tarjeta,C280
5598,2026-09-12,09:48,Nübe Centro,Mostrador,Capuchino,2,8500,Tarjeta,
5598,2026-09-12,09:48,Nübe Centro,Mostrador,Tinto,1,3000,Tarjeta,
5599,2026-09-12,16:03,Nübe Centro,Domicilio,Americano,3,5000,Efectivo,C009
5599,2026-09-12,16:03,Nübe Centro,Domicilio,Capuchino,1,8500,Efectivo,C009
5600,2026-09-12,19:50,Nübe Centro,Mostrador,Capuchino,1,8500,Nequi,
5600,2026-09-12,19:50,Nübe Centro,Mostrador,Croissant,2,6000,Nequi,
5600,2026-09-12,19:50,Nübe Centro,Mostrador,Latte,1,9000,Nequi,
5601,2026-09-12,13:13,Nübe Centro,Mostrador,Chocolate caliente,1,7500,Sin dato,C189
5601,2026-09-12,13:13,Nübe Centro,Mostrador,Tinto,1,3000,Nequi,C189
5602,2026-09-12,07:30,Nübe Centro,Domicilio,Croissant de almendras,1,8000,Tarjeta,C027
5603,2026-09-12,16:10,Nübe Centro,Domicilio,Capuchino,2,8500,Efectivo,
5603,2026-09-12,16:10,Nübe Centro,Domicilio,Latte,1,9000,Efectivo,
5604,2026-09-12,10:47,Nübe Centro,Mostrador,Capuchino,1,8500,Efectivo,
5605,2026-09-12,08:34,Nübe Altico,Domicilio,Croissant,1,6000,Nequi,
5605,2026-09-12,08:34,Nübe Altico,Domicilio,Latte,1,9000,Nequi,
5606,2026-09-12,11:35,Nübe Altico,Mostrador,Frappé de café,1,11000,Tarjeta,C049
5606,2026-09-12,11:35,Nübe Altico,Mostrador,Latte,1,9000,Tarjeta,C049
5607,2026-09-12,07:09,Nübe Altico,Mostrador,Capuchino,1,8500,Efectivo,
5608,2026-09-12,10:42,Nübe Altico,Mostrador,Latte,1,9000,Efectivo,C003
5609,2026-09-12,16:39,Nübe Altico,Domicilio,Tinto,2,3000,Nequi,
5610,2026-09-12,09:54,Nübe Altico,Domicilio,Americano,1,5000,Nequi,C251
5611,2026-09-12,10:33,Nübe Altico,Domicilio,Americano,1,5000,Nequi,
5611,2026-09-12,10:33,Nübe Altico,Domicilio,Capuchino,1,8500,Nequi,
5611,2026-09-12,10:33,Nübe Altico,Domicilio,Tinto,1,3000,Nequi,
5612,2026-09-12,09:15,Nübe Altico,Mostrador,Croissant,2,6000,Tarjeta,
5612,2026-09-12,09:15,Nübe Altico,Mostrador,Tinto,1,3000,Tarjeta,
5613,2026-09-12,08:10,Nübe Altico,Domicilio,Croissant de almendras,3,8000,Efectivo,C207
5614,2026-09-12,13:19,Nübe Altico,Mostrador,Tinto,1,3000,Nequi,
5615,2026-09-12,11:54,Nübe Altico,Mostrador,Croissant,1,6000,Efectivo,C210
5615,2026-09-12,11:54,Nübe Altico,Mostrador,Latte,2,9000,Efectivo,C210
5616,2026-09-12,09:52,Nübe Altico,Mostrador,Croissant de almendras,1,8000,Efectivo,C167
5617,2026-09-12,10:23,Nübe Altico,Mostrador,Chocolate caliente,1,7500,Efectivo,C174
5617,2026-09-12,10:23,Nübe Altico,Mostrador,Croissant de almendras,1,8000,Efectivo,C174
5618,2026-09-12,19:43,Nübe Altico,Mostrador,Americano,1,5000,Nequi,
5618,2026-09-12,19:43,Nübe Altico,Mostrador,Capuchino,1,8500,Nequi,
5618,2026-09-12,19:43,Nübe Altico,Mostrador,Latte,1,9000,Nequi,
5619,2026-09-12,10:25,Nübe Altico,Mostrador,Capuchino,2,8500,Efectivo,
5619,2026-09-12,10:25,Nübe Altico,Mostrador,Croissant,1,6000,Efectivo,
5620,2026-09-12,10:20,Nübe Altico,Domicilio,Tinto,2,3000,Sin dato,
5621,2026-09-12,11:06,Nübe Altico,Mostrador,Croissant,2,6000,Nequi,C124
5621,2026-09-12,11:06,Nübe Altico,Mostrador,Latte,1,9000,Nequi,C124
5622,2026-09-12,08:39,Nübe Altico,Domicilio,Americano,2,5000,Nequi,C284
5623,2026-09-12,09:16,Nübe Altico,Domicilio,Americano,1,5000,Tarjeta,C179
5624,2026-09-12,17:03,Nübe Altico,Mostrador,Chocolate caliente,1,7500,Nequi,C093
5624,2026-09-12,17:03,Nübe Altico,Mostrador,Tinto,2,3000,Nequi,C093
5625,2026-09-12,12:00,Nübe Altico,Mostrador,Tinto,2,3000,Efectivo,
5626,2026-09-12,11:06,Nübe Altico,Mostrador,Croissant de almendras,1,8000,Nequi,C300
5627,2026-09-12,08:31,Nübe Altico,Mostrador,Croissant,1,6000,Tarjeta,
5627,2026-09-12,08:31,Nübe Altico,Mostrador,Tinto,1,3000,Tarjeta,
5628,2026-09-12,15:20,Nübe Altico,Domicilio,Capuchino,2,8500,Nequi,
5628,2026-09-12,15:20,Nübe Altico,Domicilio,Croissant,1,6000,Nequi,
5629,2026-09-12,14:55,Nübe Altico,Mostrador,Capuchino,1,8500,Efectivo,
5630,2026-09-12,14:19,Nübe Altico,Domicilio,Croissant de almendras,1,8000,Tarjeta,
5631,2026-09-12,13:08,Nübe Altico,Domicilio,Americano,1,5000,Nequi,
5631,2026-09-12,13:08,Nübe Altico,Domicilio,Croissant,1,6000,Nequi,
5632,2026-09-12,08:43,Nübe Altico,Mostrador,Capuchino,1,8500,Tarjeta,
5632,2026-09-12,08:43,Nübe Altico,Mostrador,Latte,1,9000,Tarjeta,
5632,2026-09-12,08:43,Nübe Altico,Mostrador,Tinto,2,3000,Tarjeta,
5633,2026-09-12,15:59,Nübe Altico,Domicilio,Capuchino,1,8500,Efectivo,
5633,2026-09-12,15:59,Nübe Altico,Domicilio,Chocolate caliente,1,7500,Efectivo,
5634,2026-09-12,08:15,Nübe Altico,Domicilio,Croissant,1,6000,Tarjeta,
5635,2026-09-12,12:17,Nübe Altico,Mostrador,Capuchino,1,8500,Nequi,C172
5636,2026-09-12,10:28,Nübe Altico,Mostrador,Croissant,1,6000,Efectivo,C224
5637,2026-09-12,10:05,Nübe Altico,Domicilio,Capuchino,1,8500,Nequi,C065
5637,2026-09-12,10:05,Nübe Altico,Domicilio,Chocolate caliente,3,7500,Nequi,C065
5638,2026-09-12,08:06,Nübe Altico,Mostrador,Tinto,1,3000,Nequi,
5639,2026-09-12,15:05,Nübe Altico,Domicilio,Croissant,1,6000,Efectivo,
5640,2026-09-12,10:08,Nübe Altico,Domicilio,Croissant de almendras,1,8000,Efectivo,C294
5641,2026-09-12,16:25,Nübe Altico,Domicilio,Chocolate caliente,1,7500,Tarjeta,C250
5642,2026-09-12,09:05,Nübe Altico,Mostrador,Americano,1,5000,Efectivo,C274
5643,2026-09-12,06:40,Nübe Altico,Mostrador,Latte,1,9000,Efectivo,
5644,2026-09-12,09:15,Nübe Altico,Domicilio,Croissant de almendras,3,8000,Tarjeta,
5645,2026-09-12,11:58,Nübe Altico,Mostrador,Chocolate caliente,1,7500,Nequi,
5646,2026-09-12,06:48,Nübe Altico,Mostrador,Croissant,1,6000,Efectivo,C148
5647,2026-09-12,17:30,Nübe Altico,Domicilio,Capuchino,1,8500,Tarjeta,C296
5647,2026-09-12,17:30,Nübe Altico,Domicilio,Latte,2,9000,Tarjeta,C296
5648,2026-09-12,10:37,Nübe Altico,Mostrador,Croissant,1,6000,Nequi,
5649,2026-09-12,07:19,Nübe Altico,Mostrador,Tinto,2,3000,Nequi,
5650,2026-09-12,13:07,Nübe Altico,Mostrador,Croissant,1,6000,Nequi,
5650,2026-09-12,13:07,Nübe Altico,Mostrador,Frappé de café,1,11000,Nequi,
5651,2026-09-12,08:55,Nübe Altico,Mostrador,Croissant,1,6000,Nequi,C016
5651,2026-09-12,08:55,Nübe Altico,Mostrador,Tinto,1,3000,Nequi,C016
5652,2026-09-12,07:14,Nübe Altico,Mostrador,Capuchino,1,8500,Tarjeta,C216
5652,2026-09-12,07:14,Nübe Altico,Mostrador,Chocolate caliente,1,7500,Tarjeta,C216
5653,2026-09-12,07:29,Nübe Altico,Mostrador,Americano,2,5000,Nequi,
5653,2026-09-12,07:29,Nübe Altico,Mostrador,Latte,2,9000,Nequi,
5654,2026-09-12,10:37,Nübe Altico,Mostrador,Croissant de almendras,1,8000,Efectivo,C109
5655,2026-09-13,10:14,Nübe Centro,Mostrador,Capuchino,1,8500,Efectivo,C262
5656,2026-09-13,09:46,Nübe Centro,Mostrador,Capuchino,1,8500,Efectivo,
5656,2026-09-13,09:46,Nübe Centro,Mostrador,Croissant,1,6000,Efectivo,
5656,2026-09-13,09:46,Nübe Centro,Mostrador,Latte,2,9000,Efectivo,
5657,2026-09-13,14:28,Nübe Centro,Mostrador,Americano,1,5000,Nequi,
5657,2026-09-13,14:28,Nübe Centro,Mostrador,Croissant,1,6000,Nequi,
5658,2026-09-13,11:13,Nübe Centro,Domicilio,Capuchino,1,8500,Nequi,
5658,2026-09-13,11:13,Nübe Centro,Domicilio,Croissant,1,6000,Nequi,
5659,2026-09-13,09:27,Nübe Centro,Mostrador,Croissant,2,6000,Tarjeta,C228
5659,2026-09-13,09:27,Nübe Centro,Mostrador,Latte,2,9000,Tarjeta,C228
5660,2026-09-13,14:10,Nübe Centro,Mostrador,Capuchino,1,8500,Nequi,C202
5661,2026-09-13,12:47,Nübe Centro,Domicilio,Croissant de almendras,2,8000,Nequi,C095
5662,2026-09-13,17:08,Nübe Centro,Mostrador,Americano,1,5000,Efectivo,C055
5662,2026-09-13,17:08,Nübe Centro,Mostrador,Tinto,2,3000,Efectivo,C055
5663,2026-09-13,08:38,Nübe Centro,Mostrador,Croissant,1,6000,Nequi,C222
5664,2026-09-13,10:58,Nübe Centro,Mostrador,Chocolate caliente,1,7500,Tarjeta,
5664,2026-09-13,10:58,Nübe Centro,Mostrador,Latte,2,9000,Tarjeta,
5665,2026-09-13,17:19,Nübe Centro,Mostrador,Americano,1,5000,Efectivo,C225
5666,2026-09-13,10:48,Nübe Centro,Mostrador,Chocolate caliente,1,7500,Tarjeta,
5667,2026-09-13,12:30,Nübe Centro,Mostrador,Capuchino,1,8500,Tarjeta,
5667,2026-09-13,12:30,Nübe Centro,Mostrador,Tinto,1,3000,Tarjeta,
5668,2026-09-13,18:40,Nübe Centro,Mostrador,Latte,1,9000,Nequi,
5669,2026-09-13,16:01,Nübe Centro,Domicilio,Tinto,2,3000,Efectivo,C007
5670,2026-09-13,09:26,Nübe Centro,Mostrador,Capuchino,1,8500,Nequi,
5671,2026-09-13,11:49,Nübe Centro,Mostrador,Chocolate caliente,1,7500,Nequi,
5671,2026-09-13,11:49,Nübe Centro,Mostrador,Croissant de almendras,1,8000,Nequi,
5672,2026-09-13,09:21,Nübe Centro,Mostrador,Tinto,1,3000,Efectivo,C202
5673,2026-09-13,14:14,Nübe Centro,Mostrador,Capuchino,1,8500,Nequi,C004
5673,2026-09-13,14:14,Nübe Centro,Mostrador,Latte,1,9000,Nequi,C004
5674,2026-09-13,10:40,Nübe Centro,Mostrador,Croissant,1,6000,Nequi,
5674,2026-09-13,10:40,Nübe Centro,Mostrador,Croissant de almendras,3,8000,Nequi,
5675,2026-09-13,07:57,Nübe Centro,Mostrador,Croissant,3,6000,Nequi,C300
5675,2026-09-13,07:57,Nübe Centro,Mostrador,Latte,1,9000,Nequi,C300
5676,2026-09-13,17:05,Nübe Centro,Mostrador,Capuchino,1,8500,Efectivo,C175
5676,2026-09-13,17:05,Nübe Centro,Mostrador,Croissant,3,6000,Efectivo,C175
5677,2026-09-13,20:16,Nübe Centro,Mostrador,Croissant,1,6000,Tarjeta,
5677,2026-09-13,20:16,Nübe Centro,Mostrador,Tinto,1,3000,Tarjeta,
5678,2026-09-13,15:29,Nübe Centro,Domicilio,Capuchino,2,8500,Nequi,
5678,2026-09-13,15:29,Nübe Centro,Domicilio,Frappé de café,1,11000,Nequi,
5679,2026-09-13,16:13,Nübe Centro,Mostrador,Croissant de almendras,1,8000,Nequi,C157
5679,2026-09-13,16:13,Nübe Centro,Mostrador,Frappé de café,1,11000,Nequi,C157
5680,2026-09-13,07:44,Nübe Centro,Mostrador,Croissant de almendras,1,8000,Tarjeta,
5680,2026-09-13,07:44,Nübe Centro,Mostrador,Tinto,3,3000,Tarjeta,
5681,2026-09-13,13:21,Nübe Centro,Mostrador,Chocolate caliente,1,7500,Nequi,C214
5681,2026-09-13,13:21,Nübe Centro,Mostrador,Croissant de almendras,3,8000,Nequi,C214
5681,2026-09-13,13:21,Nübe Centro,Mostrador,Tinto,1,3000,Nequi,C214
5682,2026-09-13,16:16,Nübe Centro,Mostrador,Americano,1,5000,Efectivo,
5682,2026-09-13,16:16,Nübe Centro,Mostrador,Capuchino,1,8500,Efectivo,
5682,2026-09-13,16:16,Nübe Centro,Mostrador,Tinto,1,3000,Efectivo,
5683,2026-09-13,07:51,Nübe Centro,Mostrador,Frappé de café,1,11000,Efectivo,
5684,2026-09-13,16:59,Nübe Centro,Mostrador,Latte,1,9000,Nequi,
5685,2026-09-13,09:52,Nübe Centro,Mostrador,Tinto,1,3000,Tarjeta,C086
5686,2026-09-13,10:50,Nübe Centro,Mostrador,Croissant de almendras,1,8000,Tarjeta,
5686,2026-09-13,10:50,Nübe Centro,Mostrador,Latte,2,9000,Tarjeta,
5687,2026-09-13,17:37,Nübe Centro,Domicilio,Americano,1,5000,Tarjeta,
5687,2026-09-13,17:37,Nübe Centro,Domicilio,Capuchino,1,8500,Tarjeta,
5688,2026-09-13,19:27,Nübe Centro,Mostrador,Chocolate caliente,2,7500,Tarjeta,
5688,2026-09-13,19:27,Nübe Centro,Mostrador,Tinto,1,3000,Tarjeta,
5689,2026-09-13,16:42,Nübe Centro,Mostrador,Croissant de almendras,2,8000,Efectivo,C097
5690,2026-09-13,16:45,Nübe Centro,Mostrador,Croissant,1,6000,Nequi,
5691,2026-09-13,15:13,Nübe Centro,Mostrador,Croissant de almendras,1,8000,Nequi,C112
5692,2026-09-13,14:22,Nübe Centro,Mostrador,Croissant,2,6000,Tarjeta,C204
5693,2026-09-13,15:31,Nübe Centro,Mostrador,Capuchino,1,8500,Nequi,C109
5694,2026-09-13,08:24,Nübe Centro,Mostrador,Capuchino,3,8500,Nequi,
5694,2026-09-13,08:24,Nübe Centro,Mostrador,Croissant,1,6000,Nequi,
5694,2026-09-13,08:24,Nübe Centro,Mostrador,Croissant de almendras,1,8000,Nequi,
5695,2026-09-13,07:34,Nübe Centro,Mostrador,Frappé de café,1,11000,Nequi,
5696,2026-09-13,07:00,Nübe Centro,Mostrador,Capuchino,2,8500,Efectivo,
5696,2026-09-13,07:00,Nübe Centro,Mostrador,Latte,2,9000,Efectivo,
5697,2026-09-13,10:54,Nübe Centro,Mostrador,Capuchino,1,8500,Tarjeta,
5697,2026-09-13,10:54,Nübe Centro,Mostrador,Frappé de café,3,11000,Tarjeta,
5697,2026-09-13,10:54,Nübe Centro,Mostrador,Tinto,2,3000,Tarjeta,
5698,2026-09-13,16:10,Nübe Centro,Mostrador,Latte,1,9000,Nequi,
5699,2026-09-13,10:57,Nübe Centro,Mostrador,Croissant,1,6000,Efectivo,
5699,2026-09-13,10:57,Nübe Centro,Mostrador,Croissant de almendras,1,8000,Efectivo,
5700,2026-09-13,13:28,Nübe Centro,Mostrador,Frappé de café,1,11000,Nequi,
5701,2026-09-13,16:54,Nübe Centro,Mostrador,Croissant,1,6000,Efectivo,
5702,2026-09-13,07:02,Nübe Centro,Mostrador,Capuchino,2,8500,Tarjeta,
5703,2026-09-13,08:03,Nübe Centro,Mostrador,Capuchino,1,8500,Tarjeta,
5703,2026-09-13,08:03,Nübe Centro,Mostrador,Croissant,1,6000,Tarjeta,
5704,2026-09-13,06:46,Nübe Centro,Mostrador,Capuchino,1,8500,Nequi,
5705,2026-09-13,11:06,Nübe Centro,Domicilio,Americano,1,5000,Efectivo,C295
5706,2026-09-13,12:12,Nübe Centro,Mostrador,Croissant,2,6000,Tarjeta,C253
5706,2026-09-13,12:12,Nübe Centro,Mostrador,Tinto,1,3000,Tarjeta,C253
5707,2026-09-13,10:02,Nübe Centro,Mostrador,Capuchino,1,8500,Nequi,
5707,2026-09-13,10:02,Nübe Centro,Mostrador,Frappé de café,1,11000,Nequi,
5708,2026-09-13,06:19,Nübe Centro,Domicilio,Croissant de almendras,1,8000,Nequi,C082
5708,2026-09-13,06:19,Nübe Centro,Domicilio,Tinto,2,3000,Nequi,C082
5709,2026-09-13,19:40,Nübe Centro,Mostrador,Croissant,1,6000,Nequi,
5710,2026-09-13,16:31,Nübe Centro,Mostrador,Chocolate caliente,1,7500,Efectivo,
5711,2026-09-13,08:32,Nübe Centro,Mostrador,Capuchino,1,8500,Nequi,
5711,2026-09-13,08:32,Nübe Centro,Mostrador,Tinto,2,3000,Nequi,
5712,2026-09-13,16:45,Nübe Centro,Mostrador,Croissant,1,6000,Tarjeta,C280
5713,2026-09-13,07:46,Nübe Centro,Mostrador,Croissant,3,6000,Tarjeta,
5714,2026-09-13,06:31,Nübe Centro,Mostrador,Tinto,1,3000,Efectivo,C185
5715,2026-09-13,16:27,Nübe Centro,Mostrador,Capuchino,1,8500,Efectivo,
5716,2026-09-13,07:19,Nübe Centro,Mostrador,Capuchino,1,8500,Efectivo,
5716,2026-09-13,07:19,Nübe Centro,Mostrador,Tinto,2,3000,Efectivo,
5717,2026-09-13,08:24,Nübe Centro,Mostrador,Tinto,1,3000,Tarjeta,
5718,2026-09-13,14:29,Nübe Centro,Mostrador,Americano,1,5000,Tarjeta,C081
5718,2026-09-13,14:29,Nübe Centro,Mostrador,Capuchino,1,8500,Tarjeta,C081
5718,2026-09-13,14:29,Nübe Centro,Mostrador,Croissant,1,6000,Tarjeta,C081
5719,2026-09-13,12:38,Nübe Centro,Domicilio,Frappé de café,2,11000,Efectivo,C188
5720,2026-09-13,09:06,Nübe Centro,Domicilio,Croissant,1,6000,Tarjeta,C090
5721,2026-09-13,09:51,Nübe Centro,Mostrador,Americano,1,5000,Nequi,
5721,2026-09-13,09:51,Nübe Centro,Mostrador,Croissant,1,6000,Nequi,
5722,2026-09-13,17:46,Nübe Centro,Mostrador,Capuchino,1,8500,Tarjeta,C024
5722,2026-09-13,17:46,Nübe Centro,Mostrador,Frappé de café,1,11000,Tarjeta,C024
5723,2026-09-13,08:42,Nübe Centro,Mostrador,Americano,1,5000,Efectivo,
5723,2026-09-13,08:42,Nübe Centro,Mostrador,Tinto,1,3000,Efectivo,
5724,2026-09-13,07:58,Nübe Centro,Mostrador,Chocolate caliente,1,7500,Efectivo,
5724,2026-09-13,07:58,Nübe Centro,Mostrador,Tinto,1,3000,Efectivo,
5725,2026-09-13,07:01,Nübe Centro,Mostrador,Capuchino,1,8500,Nequi,
5726,2026-09-13,11:24,Nübe Centro,Mostrador,Capuchino,1,8500,Efectivo,C183
5726,2026-09-13,11:24,Nübe Centro,Mostrador,Frappé de café,1,11000,Efectivo,C183
5727,2026-09-13,18:59,Nübe Centro,Mostrador,Tinto,2,3000,Nequi,
5728,2026-09-13,09:57,Nübe Centro,Mostrador,Croissant,3,6000,Efectivo,
5729,2026-09-13,16:31,Nübe Centro,Domicilio,Americano,1,5000,Efectivo,C279
5729,2026-09-13,16:31,Nübe Centro,Domicilio,Frappé de café,2,11000,Sin dato,C279
5729,2026-09-13,16:31,Nübe Centro,Domicilio,Tinto,1,3000,Sin dato,C279
5730,2026-09-13,11:36,Nübe Centro,Mostrador,Croissant,1,6000,Tarjeta,C026
5730,2026-09-13,11:36,Nübe Centro,Mostrador,Frappé de café,1,11000,Tarjeta,C026
5731,2026-09-13,10:42,Nübe Centro,Mostrador,Croissant de almendras,3,8000,Efectivo,
5732,2026-09-13,17:12,Nübe Centro,Domicilio,Chocolate caliente,3,7500,Efectivo,
5732,2026-09-13,17:12,Nübe Centro,Domicilio,Frappé de café,2,11000,Efectivo,
5733,2026-09-13,10:42,Nübe Centro,Mostrador,Croissant,1,6000,Nequi,
5734,2026-09-13,10:07,Nübe Centro,Mostrador,Tinto,1,3000,Tarjeta,
5735,2026-09-13,12:55,Nübe Centro,Mostrador,Capuchino,1,8500,Efectivo,
5735,2026-09-13,12:55,Nübe Centro,Mostrador,Tinto,1,3000,Efectivo,
5736,2026-09-13,09:50,Nübe Centro,Mostrador,Americano,1,5000,Efectivo,
5737,2026-09-13,18:06,Nübe Centro,Mostrador,Capuchino,2,8500,Efectivo,
5738,2026-09-13,08:32,Nübe Centro,Mostrador,Capuchino,2,8500,Efectivo,C189
5739,2026-09-13,09:24,Nübe Centro,Mostrador,Chocolate caliente,1,7500,Efectivo,C231
5739,2026-09-13,09:24,Nübe Centro,Mostrador,Croissant,2,6000,Efectivo,C231
5739,2026-09-13,09:24,Nübe Centro,Mostrador,Tinto,1,3000,Efectivo,C231
5740,2026-09-13,16:05,Nübe Centro,Mostrador,Croissant,1,6000,Efectivo,C099
5741,2026-09-13,09:10,Nübe Centro,Mostrador,Capuchino,1,8500,Efectivo,
5741,2026-09-13,09:10,Nübe Centro,Mostrador,Tinto,1,3000,Efectivo,
5742,2026-09-13,15:55,Nübe Centro,Domicilio,Frappé de café,2,11000,Efectivo,
5743,2026-09-13,13:58,Nübe Centro,Domicilio,Frappé de café,1,11000,Efectivo,
5743,2026-09-13,13:58,Nübe Centro,Domicilio,Tinto,1,3000,Efectivo,
5744,2026-09-13,14:07,Nübe Centro,Mostrador,Capuchino,1,8500,Nequi,
5744,2026-09-13,14:07,Nübe Centro,Mostrador,Croissant,1,6000,Nequi,
5745,2026-09-13,16:45,Nübe Centro,Domicilio,Croissant de almendras,1,8000,Efectivo,
5746,2026-09-13,09:07,Nübe Altico,Mostrador,Capuchino,1,8500,Nequi,
5747,2026-09-13,09:12,Nübe Altico,Mostrador,Croissant de almendras,2,8000,Nequi,
5747,2026-09-13,09:12,Nübe Altico,Mostrador,Latte,1,9000,Nequi,
5748,2026-09-13,16:25,Nübe Altico,Mostrador,Capuchino,1,8500,Nequi,
5749,2026-09-13,10:31,Nübe Altico,Mostrador,Americano,1,5000,Nequi,
5749,2026-09-13,10:31,Nübe Altico,Mostrador,Croissant,1,6000,Nequi,
5750,2026-09-13,07:48,Nübe Altico,Mostrador,Latte,1,9000,Tarjeta,C140
5751,2026-09-13,11:07,Nübe Altico,Domicilio,Latte,1,9000,Efectivo,C269
5752,2026-09-13,09:06,Nübe Altico,Mostrador,Americano,2,5000,Efectivo,C058
5752,2026-09-13,09:06,Nübe Altico,Mostrador,Tinto,1,3000,Efectivo,C058
5753,2026-09-13,11:11,Nübe Altico,Mostrador,Capuchino,1,8500,Nequi,
5753,2026-09-13,11:11,Nübe Altico,Mostrador,Croissant,1,6000,Nequi,
5753,2026-09-13,11:11,Nübe Altico,Mostrador,Latte,1,9000,Nequi,
5754,2026-09-13,14:52,Nübe Altico,Mostrador,Chocolate caliente,1,7500,Efectivo,C264
5754,2026-09-13,14:52,Nübe Altico,Mostrador,Frappé de café,2,11000,Efectivo,C264
5755,2026-09-13,16:43,Nübe Altico,Mostrador,Frappé de café,1,11000,Nequi,
5756,2026-09-13,17:37,Nübe Altico,Mostrador,Frappé de café,1,11000,Efectivo,
5757,2026-09-13,06:18,Nübe Altico,Mostrador,Croissant de almendras,1,8000,Sin dato,
5758,2026-09-13,13:31,Nübe Altico,Mostrador,Croissant de almendras,1,8000,Nequi,
5758,2026-09-13,13:31,Nübe Altico,Mostrador,Tinto,1,3000,Nequi,
5759,2026-09-13,08:28,Nübe Altico,Domicilio,Chocolate caliente,2,7500,Efectivo,
5760,2026-09-13,13:23,Nübe Altico,Mostrador,Capuchino,1,8500,Sin dato,C208
5761,2026-09-13,15:33,Nübe Altico,Mostrador,Capuchino,1,8500,Tarjeta,
5761,2026-09-13,15:33,Nübe Altico,Mostrador,Chocolate caliente,1,7500,Tarjeta,
5762,2026-09-13,11:55,Nübe Altico,Domicilio,Capuchino,1,8500,Nequi,
5762,2026-09-13,11:55,Nübe Altico,Domicilio,Croissant de almendras,2,8000,Nequi,
5763,2026-09-13,18:38,Nübe Altico,Mostrador,Frappé de café,1,11000,Sin dato,
5764,2026-09-13,09:01,Nübe Altico,Domicilio,Latte,1,9000,Nequi,C129
5765,2026-09-13,09:33,Nübe Altico,Mostrador,Capuchino,2,8500,Nequi,C078
5765,2026-09-13,09:33,Nübe Altico,Mostrador,Tinto,3,3000,Nequi,C078
5766,2026-09-13,09:43,Nübe Altico,Mostrador,Americano,1,5000,Tarjeta,
5766,2026-09-13,09:43,Nübe Altico,Mostrador,Tinto,1,3000,Tarjeta,
5767,2026-09-13,13:47,Nübe Altico,Mostrador,Tinto,1,3000,Nequi,C183
5768,2026-09-13,07:54,Nübe Altico,Mostrador,Croissant,1,6000,Tarjeta,C014
5768,2026-09-13,07:54,Nübe Altico,Mostrador,Tinto,1,3000,Tarjeta,C014
5769,2026-09-13,07:39,Nübe Altico,Mostrador,Capuchino,1,8500,Tarjeta,
5769,2026-09-13,07:39,Nübe Altico,Mostrador,Croissant,2,6000,Tarjeta,
5770,2026-09-13,08:12,Nübe Altico,Domicilio,Croissant,1,6000,Tarjeta,
5771,2026-09-13,08:34,Nübe Altico,Mostrador,Chocolate caliente,1,7500,Efectivo,C188
5771,2026-09-13,08:34,Nübe Altico,Mostrador,Tinto,1,3000,Efectivo,C188
5772,2026-09-13,10:53,Nübe Altico,Mostrador,Americano,1,5000,Efectivo,C151
5772,2026-09-13,10:53,Nübe Altico,Mostrador,Tinto,2,3000,Efectivo,C151
5773,2026-09-13,07:47,Nübe Altico,Mostrador,Latte,1,9000,Efectivo,
5774,2026-09-13,16:35,Nübe Altico,Mostrador,Americano,1,5000,Tarjeta,C223
5774,2026-09-13,16:35,Nübe Altico,Mostrador,Croissant,1,6000,Tarjeta,C223
5775,2026-09-13,15:29,Nübe Altico,Domicilio,Croissant,1,6000,Nequi,
5776,2026-09-13,17:56,Nübe Altico,Mostrador,Frappé de café,2,11000,Efectivo,
5777,2026-09-13,09:04,Nübe Altico,Mostrador,Capuchino,1,8500,Efectivo,
5778,2026-09-13,16:37,Nübe Altico,Domicilio,Americano,1,5000,Efectivo,
5778,2026-09-13,16:37,Nübe Altico,Domicilio,Capuchino,2,8500,Efectivo,
5779,2026-09-13,14:27,Nübe Altico,Mostrador,Capuchino,1,8500,Tarjeta,
5780,2026-09-13,09:38,Nübe Altico,Domicilio,Chocolate caliente,2,7500,Nequi,C122
5781,2026-09-13,16:12,Nübe Altico,Mostrador,Tinto,1,3000,Nequi,C166
5782,2026-09-13,16:03,Nübe Altico,Mostrador,Latte,1,9000,Nequi,
5782,2026-09-13,16:03,Nübe Altico,Mostrador,Tinto,1,3000,Nequi,
5783,2026-09-13,09:08,Nübe Altico,Mostrador,Americano,1,5000,Tarjeta,
5784,2026-09-13,19:18,Nübe Altico,Mostrador,Croissant,1,6000,Nequi,C300
5784,2026-09-13,19:18,Nübe Altico,Mostrador,Croissant de almendras,1,8000,Nequi,C300
5785,2026-09-13,09:05,Nübe Altico,Mostrador,Americano,1,5000,Tarjeta,
5786,2026-09-13,09:24,Nübe Altico,Mostrador,Capuchino,2,8500,Nequi,C203
5787,2026-09-13,06:25,Nübe Altico,Mostrador,Capuchino,1,8500,Efectivo,C294
5787,2026-09-13,06:25,Nübe Altico,Mostrador,Tinto,1,3000,Efectivo,C294
5788,2026-09-13,11:16,Nübe Altico,Domicilio,Chocolate caliente,1,7500,Tarjeta,C091
5788,2026-09-13,11:16,Nübe Altico,Domicilio,Latte,1,9000,Tarjeta,C091
5789,2026-09-13,18:08,Nübe Altico,Mostrador,Americano,1,5000,Tarjeta,
5789,2026-09-13,18:08,Nübe Altico,Mostrador,Chocolate caliente,1,7500,Tarjeta,
5789,2026-09-13,18:08,Nübe Altico,Mostrador,Tinto,2,3000,Tarjeta,
5790,2026-09-13,16:02,Nübe Altico,Mostrador,Americano,1,5000,Nequi,
5791,2026-09-13,09:20,Nübe Altico,Mostrador,Croissant,1,6000,Efectivo,
5792,2026-09-13,09:45,Nübe Altico,Mostrador,Capuchino,1,8500,Nequi,
5793,2026-09-13,10:09,Nübe Altico,Mostrador,Tinto,1,3000,Sin dato,
5794,2026-09-13,13:41,Nübe Altico,Mostrador,Chocolate caliente,1,7500,Nequi,
5794,2026-09-13,13:41,Nübe Altico,Mostrador,Frappé de café,1,11000,Nequi,
5795,2026-09-13,16:44,Nübe Altico,Domicilio,Americano,1,5000,Efectivo,C279
5796,2026-09-13,16:23,Nübe Altico,Domicilio,Capuchino,1,8500,Efectivo,
5796,2026-09-13,16:23,Nübe Altico,Domicilio,Chocolate caliente,1,7500,Efectivo,
5797,2026-09-13,09:07,Nübe Altico,Mostrador,Americano,1,5000,Nequi,
5797,2026-09-13,09:07,Nübe Altico,Mostrador,Croissant,1,6000,Nequi,
5798,2026-09-13,16:12,Nübe Altico,Mostrador,Capuchino,2,8500,Efectivo,C059
5798,2026-09-13,16:12,Nübe Altico,Mostrador,Tinto,1,3000,Efectivo,C059
5799,2026-09-13,13:18,Nübe Altico,Domicilio,Capuchino,1,8500,Tarjeta,
5799,2026-09-13,13:18,Nübe Altico,Domicilio,Latte,3,9000,Tarjeta,
5800,2026-09-13,09:39,Nübe Altico,Mostrador,Americano,1,5000,Nequi,C197
5800,2026-09-13,09:39,Nübe Altico,Mostrador,Chocolate caliente,1,7500,Nequi,C197
5801,2026-09-13,10:06,Nübe Altico,Mostrador,Croissant,2,6000,Tarjeta,
5802,2026-09-13,15:23,Nübe Altico,Mostrador,Croissant de almendras,1,8000,Tarjeta,
5803,2026-09-13,14:34,Nübe Altico,Mostrador,Croissant,1,6000,Efectivo,
5804,2026-09-13,08:38,Nübe Altico,Mostrador,Latte,2,9000,Efectivo,
5805,2026-09-13,13:32,Nübe Altico,Domicilio,Capuchino,2,8500,Nequi,
5806,2026-09-13,19:21,Nübe Altico,Mostrador,Capuchino,1,8500,Nequi,C017
5806,2026-09-13,19:21,Nübe Altico,Mostrador,Croissant de almendras,1,8000,Nequi,C017
5807,2026-09-13,07:02,Nübe Altico,Mostrador,Croissant de almendras,1,8000,Nequi,
5807,2026-09-13,07:02,Nübe Altico,Mostrador,Tinto,1,3000,Nequi,
5808,2026-09-13,09:56,Nübe Altico,Domicilio,Chocolate caliente,3,7500,Tarjeta,
5809,2026-09-13,07:13,Nübe Altico,Mostrador,Tinto,1,3000,Nequi,
5810,2026-09-14,08:36,Nübe Centro,Domicilio,Americano,1,5000,Efectivo,
5811,2026-09-14,10:53,Nübe Centro,Mostrador,Americano,1,5000,Nequi,
5811,2026-09-14,10:53,Nübe Centro,Mostrador,Frappé de café,1,11000,Nequi,
5812,2026-09-14,07:38,Nübe Centro,Mostrador,Capuchino,2,8500,Nequi,
5812,2026-09-14,07:38,Nübe Centro,Mostrador,Croissant de almendras,1,8000,Nequi,
5812,2026-09-14,07:38,Nübe Centro,Mostrador,Latte,3,9000,Nequi,
5813,2026-09-14,08:45,Nübe Centro,Mostrador,Croissant,2,6000,Tarjeta,C166
5814,2026-09-14,16:41,Nübe Centro,Mostrador,Americano,1,5000,Nequi,
5815,2026-09-14,09:11,Nübe Centro,Domicilio,Americano,2,5000,Nequi,C056
5815,2026-09-14,09:11,Nübe Centro,Domicilio,Latte,1,9000,Nequi,C056
5816,2026-09-14,07:44,Nübe Centro,Domicilio,Americano,1,5000,Efectivo,C170
5817,2026-09-14,12:48,Nübe Centro,Mostrador,Americano,1,5000,Nequi,C042
5817,2026-09-14,12:48,Nübe Centro,Mostrador,Chocolate caliente,1,7500,Nequi,C042
5817,2026-09-14,12:48,Nübe Centro,Mostrador,Croissant,1,6000,Nequi,C042
5818,2026-09-14,08:36,Nübe Centro,Mostrador,Capuchino,1,8500,Nequi,C262
5818,2026-09-14,08:36,Nübe Centro,Mostrador,Latte,3,9000,Nequi,C262
5819,2026-09-14,11:06,Nübe Centro,Mostrador,Frappé de café,1,11000,Nequi,
5820,2026-09-14,15:39,Nübe Centro,Mostrador,Croissant,1,6000,Efectivo,C291
5820,2026-09-14,15:39,Nübe Centro,Mostrador,Tinto,1,3000,Efectivo,C291
5821,2026-09-14,09:52,Nübe Centro,Mostrador,Latte,1,9000,Efectivo,
5822,2026-09-14,09:16,Nübe Centro,Mostrador,Croissant,1,6000,Efectivo,C230
5822,2026-09-14,09:16,Nübe Centro,Mostrador,Tinto,1,3000,Efectivo,C230
5823,2026-09-14,10:24,Nübe Centro,Mostrador,Frappé de café,1,11000,Tarjeta,
5824,2026-09-14,17:49,Nübe Centro,Domicilio,Latte,2,9000,Efectivo,C291
5825,2026-09-14,07:04,Nübe Centro,Mostrador,Croissant de almendras,1,8000,Efectivo,C115
5825,2026-09-14,07:04,Nübe Centro,Mostrador,Latte,1,9000,Efectivo,C115
5826,2026-09-14,10:10,Nübe Centro,Mostrador,Chocolate caliente,1,7500,Efectivo,
5826,2026-09-14,10:10,Nübe Centro,Mostrador,Croissant de almendras,1,8000,Efectivo,
5827,2026-09-14,14:24,Nübe Centro,Domicilio,Latte,1,9000,Tarjeta,
5828,2026-09-14,14:53,Nübe Centro,Mostrador,Tinto,1,3000,Nequi,
5829,2026-09-14,17:57,Nübe Centro,Mostrador,Croissant,2,6000,Efectivo,
5830,2026-09-14,17:53,Nübe Centro,Domicilio,Tinto,1,3000,Nequi,
5831,2026-09-14,14:34,Nübe Centro,Mostrador,Capuchino,1,8500,Tarjeta,C244
5832,2026-09-14,13:33,Nübe Centro,Mostrador,Tinto,1,3000,Nequi,C163
5833,2026-09-14,07:03,Nübe Centro,Mostrador,Croissant de almendras,1,8000,Nequi,
5834,2026-09-14,15:45,Nübe Centro,Mostrador,Tinto,1,3000,Efectivo,
5835,2026-09-14,11:14,Nübe Centro,Domicilio,Croissant de almendras,1,8000,Nequi,C151
5835,2026-09-14,11:14,Nübe Centro,Domicilio,Frappé de café,2,11000,Nequi,C151
5836,2026-09-14,12:15,Nübe Centro,Domicilio,Croissant de almendras,1,8000,Efectivo,
5836,2026-09-14,12:15,Nübe Centro,Domicilio,Frappé de café,1,11000,Efectivo,
5837,2026-09-14,19:26,Nübe Centro,Mostrador,Croissant,1,6000,Nequi,C229
5837,2026-09-14,19:26,Nübe Centro,Mostrador,Latte,1,9000,Nequi,C229
5837,2026-09-14,19:26,Nübe Centro,Mostrador,Tinto,3,3000,Nequi,C229
5838,2026-09-14,19:43,Nübe Centro,Domicilio,Americano,1,5000,Efectivo,C230
5838,2026-09-14,19:43,Nübe Centro,Domicilio,Croissant,1,6000,Efectivo,C230
5839,2026-09-14,08:06,Nübe Centro,Mostrador,Capuchino,1,8500,Efectivo,C131
5839,2026-09-14,08:06,Nübe Centro,Mostrador,Croissant de almendras,1,8000,Efectivo,C131
5839,2026-09-14,08:06,Nübe Centro,Mostrador,Latte,1,9000,Efectivo,C131
5840,2026-09-14,13:48,Nübe Centro,Mostrador,Latte,1,9000,Nequi,C279
5841,2026-09-14,08:35,Nübe Centro,Mostrador,Americano,1,5000,Tarjeta,C256
5842,2026-09-14,14:50,Nübe Centro,Mostrador,Americano,2,5000,Nequi,
5842,2026-09-14,14:50,Nübe Centro,Mostrador,Tinto,1,3000,Nequi,
5843,2026-09-14,13:17,Nübe Centro,Mostrador,Americano,1,5000,Efectivo,
5843,2026-09-14,13:17,Nübe Centro,Mostrador,Tinto,1,3000,Efectivo,
5844,2026-09-14,15:39,Nübe Centro,Mostrador,Americano,1,5000,Nequi,
5844,2026-09-14,15:39,Nübe Centro,Mostrador,Capuchino,1,8500,Nequi,
5844,2026-09-14,15:39,Nübe Centro,Mostrador,Croissant de almendras,1,8000,Nequi,
5845,2026-09-14,19:48,Nübe Centro,Mostrador,Croissant,1,6000,Tarjeta,
5845,2026-09-14,19:48,Nübe Centro,Mostrador,Frappé de café,1,11000,Tarjeta,
5846,2026-09-14,13:47,Nübe Centro,Mostrador,Capuchino,1,8500,Efectivo,C069
5846,2026-09-14,13:47,Nübe Centro,Mostrador,Croissant,1,6000,Efectivo,C069
5847,2026-09-14,08:34,Nübe Centro,Mostrador,Americano,1,5000,Nequi,
5848,2026-09-14,09:13,Nübe Centro,Mostrador,Tinto,3,3000,Efectivo,
5849,2026-09-14,09:09,Nübe Centro,Mostrador,Capuchino,1,8500,Tarjeta,
5850,2026-09-14,09:42,Nübe Centro,Mostrador,Tinto,2,3000,Nequi,
5851,2026-09-14,07:16,Nübe Centro,Mostrador,Capuchino,2,8500,Efectivo,C051
5852,2026-09-14,07:17,Nübe Centro,Mostrador,Americano,1,5000,Nequi,
5852,2026-09-14,07:17,Nübe Centro,Mostrador,Tinto,1,3000,Nequi,
5853,2026-09-14,09:39,Nübe Centro,Mostrador,Croissant,1,6000,Nequi,C041
5853,2026-09-14,09:39,Nübe Centro,Mostrador,Croissant de almendras,1,8000,Nequi,C041
5853,2026-09-14,09:39,Nübe Centro,Mostrador,Tinto,1,3000,Nequi,C041
5854,2026-09-14,15:00,Nübe Centro,Domicilio,Croissant,2,6000,Tarjeta,C136
5855,2026-09-14,08:46,Nübe Centro,Mostrador,Capuchino,1,8500,Efectivo,
5855,2026-09-14,08:46,Nübe Centro,Mostrador,Chocolate caliente,2,7500,Efectivo,
5856,2026-09-14,16:21,Nübe Centro,Mostrador,Americano,2,5000,Nequi,
5857,2026-09-14,16:52,Nübe Centro,Mostrador,Chocolate caliente,1,7500,Tarjeta,C202
5857,2026-09-14,16:52,Nübe Centro,Mostrador,Croissant,1,6000,Tarjeta,C202
5857,2026-09-14,16:52,Nübe Centro,Mostrador,Tinto,1,3000,Tarjeta,C202
5858,2026-09-14,11:41,Nübe Centro,Mostrador,Americano,1,5000,Tarjeta,C004
5858,2026-09-14,11:41,Nübe Centro,Mostrador,Croissant de almendras,1,8000,Tarjeta,C004
5858,2026-09-14,11:41,Nübe Centro,Mostrador,Tinto,1,3000,Tarjeta,C004
5859,2026-09-14,17:38,Nübe Centro,Domicilio,Croissant,2,6000,Nequi,
5859,2026-09-14,17:38,Nübe Centro,Domicilio,Latte,2,9000,Nequi,
5860,2026-09-14,07:02,Nübe Centro,Domicilio,Croissant,1,6000,Efectivo,C194
5860,2026-09-14,07:02,Nübe Centro,Domicilio,Tinto,1,3000,Efectivo,C194
5861,2026-09-14,08:18,Nübe Centro,Mostrador,Americano,1,5000,Efectivo,C242
5861,2026-09-14,08:18,Nübe Centro,Mostrador,Croissant,1,6000,Efectivo,C242
5862,2026-09-14,10:38,Nübe Centro,Mostrador,Capuchino,1,8500,Efectivo,C299
5862,2026-09-14,10:38,Nübe Centro,Mostrador,Frappé de café,2,11000,Efectivo,C299
5862,2026-09-14,10:38,Nübe Centro,Mostrador,Tinto,1,3000,Efectivo,C299
5863,2026-09-14,12:46,Nübe Centro,Domicilio,Latte,1,9000,Nequi,C100
5864,2026-09-14,20:41,Nübe Centro,Mostrador,Croissant,1,6000,Nequi,
5865,2026-09-14,08:29,Nübe Centro,Domicilio,Frappé de café,1,11000,Nequi,C264
5865,2026-09-14,08:29,Nübe Centro,Domicilio,Tinto,1,3000,Nequi,C264
5866,2026-09-14,19:31,Nübe Centro,Mostrador,Chocolate caliente,2,7500,Tarjeta,C159
5866,2026-09-14,19:31,Nübe Centro,Mostrador,Croissant de almendras,1,8000,Tarjeta,C159
5867,2026-09-14,07:36,Nübe Centro,Mostrador,Capuchino,1,8500,Nequi,
5868,2026-09-14,16:51,Nübe Centro,Mostrador,Croissant,1,6000,Nequi,C097
5868,2026-09-14,16:51,Nübe Centro,Mostrador,Frappé de café,1,11000,Nequi,C097
5868,2026-09-14,16:51,Nübe Centro,Mostrador,Latte,3,9000,Nequi,C097
5869,2026-09-14,10:10,Nübe Centro,Mostrador,Croissant,1,6000,Nequi,
5870,2026-09-14,16:16,Nübe Centro,Mostrador,Latte,1,9000,Efectivo,
5871,2026-09-14,19:37,Nübe Centro,Mostrador,Capuchino,1,8500,Efectivo,C186
5872,2026-09-14,09:43,Nübe Centro,Mostrador,Tinto,1,3000,Nequi,
5873,2026-09-14,08:07,Nübe Centro,Mostrador,Latte,1,9000,Efectivo,
5874,2026-09-14,10:22,Nübe Centro,Mostrador,Croissant,1,6000,Efectivo,C155
5874,2026-09-14,10:22,Nübe Centro,Mostrador,Tinto,2,3000,Efectivo,C155
5875,2026-09-14,15:00,Nübe Centro,Mostrador,Americano,1,5000,Efectivo,C004
5876,2026-09-14,08:24,Nübe Centro,Domicilio,Capuchino,1,8500,Tarjeta,
5877,2026-09-14,11:31,Nübe Centro,Mostrador,Capuchino,3,8500,Tarjeta,
5877,2026-09-14,11:31,Nübe Centro,Mostrador,Latte,2,9000,Tarjeta,
5878,2026-09-14,10:56,Nübe Centro,Domicilio,Americano,1,5000,Tarjeta,
5878,2026-09-14,10:56,Nübe Centro,Domicilio,Capuchino,1,8500,Tarjeta,
5878,2026-09-14,10:56,Nübe Centro,Domicilio,Tinto,3,3000,Tarjeta,
5879,2026-09-14,14:09,Nübe Centro,Mostrador,Chocolate caliente,1,7500,Efectivo,
5880,2026-09-14,19:15,Nübe Centro,Mostrador,Croissant de almendras,1,8000,Efectivo,C276
5880,2026-09-14,19:15,Nübe Centro,Mostrador,Latte,1,9000,Efectivo,C276
5881,2026-09-14,09:02,Nübe Centro,Mostrador,Americano,1,5000,Nequi,C221
5881,2026-09-14,09:02,Nübe Centro,Mostrador,Latte,1,9000,Nequi,C221
5882,2026-09-14,17:21,Nübe Centro,Mostrador,Chocolate caliente,1,7500,Nequi,C073
5883,2026-09-14,18:08,Nübe Centro,Mostrador,Capuchino,1,8500,Tarjeta,C259
5883,2026-09-14,18:08,Nübe Centro,Mostrador,Croissant,1,6000,Tarjeta,C259
5884,2026-09-14,11:10,Nübe Centro,Domicilio,Capuchino,1,8500,Efectivo,C036
5884,2026-09-14,11:10,Nübe Centro,Domicilio,Croissant,1,6000,Efectivo,C036
5885,2026-09-14,18:06,Nübe Centro,Domicilio,Croissant de almendras,1,8000,Tarjeta,
5886,2026-09-14,08:35,Nübe Centro,Mostrador,Capuchino,1,8500,Nequi,C081
5887,2026-09-14,12:26,Nübe Centro,Mostrador,Croissant de almendras,1,8000,Efectivo,
5888,2026-09-14,11:02,Nübe Centro,Mostrador,Capuchino,1,8500,Nequi,C017
5888,2026-09-14,11:02,Nübe Centro,Mostrador,Croissant,3,6000,Nequi,C017
5889,2026-09-14,08:04,Nübe Centro,Mostrador,Chocolate caliente,1,7500,Efectivo,
5890,2026-09-14,16:49,Nübe Altico,Mostrador,Frappé de café,2,11000,Nequi,
5891,2026-09-14,16:05,Nübe Altico,Mostrador,Croissant de almendras,1,8000,Tarjeta,C112
5891,2026-09-14,16:05,Nübe Altico,Mostrador,Tinto,1,3000,Tarjeta,C112
5892,2026-09-14,09:39,Nübe Altico,Domicilio,Tinto,1,3000,Sin dato,
5893,2026-09-14,09:30,Nübe Altico,Mostrador,Americano,1,5000,Efectivo,C286
5894,2026-09-14,11:40,Nübe Altico,Mostrador,Croissant de almendras,2,8000,Efectivo,C135
5894,2026-09-14,11:40,Nübe Altico,Mostrador,Tinto,1,3000,Efectivo,C135
5895,2026-09-14,13:39,Nübe Altico,Mostrador,Chocolate caliente,1,7500,Efectivo,
5895,2026-09-14,13:39,Nübe Altico,Mostrador,Tinto,1,3000,Efectivo,
5896,2026-09-14,17:23,Nübe Altico,Mostrador,Americano,1,5000,Tarjeta,
5896,2026-09-14,17:23,Nübe Altico,Mostrador,Latte,1,9000,Tarjeta,
5897,2026-09-14,13:37,Nübe Altico,Mostrador,Latte,2,9000,Efectivo,
5897,2026-09-14,13:37,Nübe Altico,Mostrador,Tinto,1,3000,Efectivo,
5898,2026-09-14,14:58,Nübe Altico,Mostrador,Croissant de almendras,2,8000,Tarjeta,C150
5899,2026-09-14,16:20,Nübe Altico,Mostrador,Croissant,1,6000,Tarjeta,
5900,2026-09-14,09:24,Nübe Altico,Mostrador,Capuchino,1,8500,Tarjeta,C065
5900,2026-09-14,09:24,Nübe Altico,Mostrador,Latte,2,9000,Tarjeta,C065
5901,2026-09-14,08:53,Nübe Altico,Mostrador,Croissant,1,6000,Tarjeta,
5902,2026-09-14,14:51,Nübe Altico,Mostrador,Latte,1,9000,Tarjeta,C190
5903,2026-09-14,06:04,Nübe Altico,Mostrador,Capuchino,1,8500,Nequi,
5903,2026-09-14,06:04,Nübe Altico,Mostrador,Latte,1,9000,Nequi,
5903,2026-09-14,06:04,Nübe Altico,Mostrador,Tinto,1,3000,Nequi,
5904,2026-09-14,19:23,Nübe Altico,Domicilio,Frappé de café,1,11000,Efectivo,
5904,2026-09-14,19:23,Nübe Altico,Domicilio,Tinto,1,3000,Efectivo,
5905,2026-09-14,08:05,Nübe Altico,Mostrador,Capuchino,1,8500,Nequi,C234
5906,2026-09-14,17:17,Nübe Altico,Domicilio,Americano,1,5000,Nequi,
5906,2026-09-14,17:17,Nübe Altico,Domicilio,Croissant,1,6000,Nequi,
5907,2026-09-14,08:31,Nübe Altico,Mostrador,Croissant,1,6000,Efectivo,
5907,2026-09-14,08:31,Nübe Altico,Mostrador,Latte,1,9000,Efectivo,
5908,2026-09-14,19:23,Nübe Altico,Mostrador,Capuchino,1,8500,Efectivo,
5908,2026-09-14,19:23,Nübe Altico,Mostrador,Croissant,1,6000,Efectivo,
5909,2026-09-14,09:52,Nübe Altico,Mostrador,Americano,1,5000,Efectivo,C263
5910,2026-09-14,16:15,Nübe Altico,Domicilio,Croissant de almendras,1,8000,Efectivo,
5910,2026-09-14,16:15,Nübe Altico,Domicilio,Frappé de café,1,11000,Efectivo,
5911,2026-09-14,10:19,Nübe Altico,Domicilio,Croissant,1,6000,Efectivo,
5911,2026-09-14,10:19,Nübe Altico,Domicilio,Croissant de almendras,1,8000,Efectivo,
5912,2026-09-14,09:47,Nübe Altico,Mostrador,Croissant,1,6000,Nequi,C093
5913,2026-09-14,08:37,Nübe Altico,Mostrador,Croissant,1,6000,Nequi,
5914,2026-09-14,16:25,Nübe Altico,Mostrador,Americano,1,5000,Tarjeta,C172
5914,2026-09-14,16:25,Nübe Altico,Mostrador,Croissant,1,6000,Tarjeta,C172
5914,2026-09-14,16:25,Nübe Altico,Mostrador,Croissant de almendras,1,8000,Tarjeta,C172
5915,2026-09-14,11:04,Nübe Altico,Domicilio,Americano,2,5000,Nequi,C116
5915,2026-09-14,11:04,Nübe Altico,Domicilio,Croissant,1,6000,Nequi,C116
5916,2026-09-14,18:31,Nübe Altico,Mostrador,Croissant,1,6000,Tarjeta,
5917,2026-09-14,08:57,Nübe Altico,Mostrador,Americano,1,5000,Tarjeta,C223
5917,2026-09-14,08:57,Nübe Altico,Mostrador,Chocolate caliente,1,7500,Tarjeta,C223
5918,2026-09-14,07:57,Nübe Altico,Mostrador,Croissant,1,6000,Efectivo,
5918,2026-09-14,07:57,Nübe Altico,Mostrador,Tinto,1,3000,Efectivo,
5919,2026-09-14,11:02,Nübe Altico,Mostrador,Croissant de almendras,1,8000,Efectivo,
5919,2026-09-14,11:02,Nübe Altico,Mostrador,Latte,1,9000,Efectivo,
5920,2026-09-14,08:10,Nübe Altico,Mostrador,Croissant,1,6000,Efectivo,
5921,2026-09-14,09:53,Nübe Altico,Domicilio,Frappé de café,1,11000,Efectivo,C025
5922,2026-09-14,07:19,Nübe Altico,Mostrador,Latte,1,9000,Efectivo,
5923,2026-09-14,08:43,Nübe Altico,Mostrador,Latte,1,9000,Efectivo,
5924,2026-09-14,13:49,Nübe Altico,Mostrador,Croissant de almendras,2,8000,Nequi,
5924,2026-09-14,13:49,Nübe Altico,Mostrador,Frappé de café,3,11000,Nequi,
5925,2026-09-14,18:32,Nübe Altico,Domicilio,Americano,1,5000,Nequi,
5925,2026-09-14,18:32,Nübe Altico,Domicilio,Croissant,3,6000,Nequi,
5926,2026-09-14,07:59,Nübe Altico,Mostrador,Croissant,1,6000,Efectivo,
5926,2026-09-14,07:59,Nübe Altico,Mostrador,Latte,1,9000,Efectivo,
5927,2026-09-14,07:36,Nübe Altico,Mostrador,Croissant,2,6000,Nequi,
5928,2026-09-14,17:39,Nübe Altico,Mostrador,Croissant de almendras,1,8000,Nequi,
5929,2026-09-14,08:34,Nübe Altico,Mostrador,Americano,1,5000,Efectivo,
5929,2026-09-14,08:34,Nübe Altico,Mostrador,Capuchino,1,8500,Efectivo,
5930,2026-09-14,18:47,Nübe Altico,Domicilio,Croissant,1,6000,Nequi,C270
5931,2026-09-14,16:46,Nübe Altico,Domicilio,Croissant,1,6000,Nequi,
5932,2026-09-14,15:01,Nübe Altico,Mostrador,Croissant,2,6000,Tarjeta,C256
5932,2026-09-14,15:01,Nübe Altico,Mostrador,Latte,1,9000,Tarjeta,C256
5933,2026-09-14,09:24,Nübe Altico,Domicilio,Americano,1,5000,Efectivo,
5934,2026-09-14,11:49,Nübe Altico,Mostrador,Americano,1,5000,Nequi,C275
5934,2026-09-14,11:49,Nübe Altico,Mostrador,Capuchino,2,8500,Nequi,C275
5934,2026-09-14,11:49,Nübe Altico,Mostrador,Frappé de café,1,11000,Nequi,C275
5935,2026-09-14,06:33,Nübe Altico,Domicilio,Americano,3,5000,Tarjeta,C071
5936,2026-09-14,08:51,Nübe Altico,Mostrador,Latte,1,9000,Nequi,
5937,2026-09-14,17:09,Nübe Altico,Mostrador,Americano,1,5000,Efectivo,C034
5937,2026-09-14,17:09,Nübe Altico,Mostrador,Croissant,2,6000,Efectivo,C034
5938,2026-09-14,19:50,Nübe Altico,Mostrador,Tinto,1,3000,Nequi,
5939,2026-09-14,15:22,Nübe Altico,Mostrador,Croissant de almendras,1,8000,Efectivo,
5940,2026-09-14,09:48,Nübe Altico,Mostrador,Capuchino,3,8500,Nequi,
5941,2026-09-14,20:02,Nübe Altico,Mostrador,Chocolate caliente,1,7500,Nequi,
5942,2026-09-14,07:57,Nübe Altico,Mostrador,Frappé de café,1,11000,Efectivo,C161
5943,2026-09-14,10:29,Nübe Altico,Mostrador,Croissant,1,6000,Efectivo,
5944,2026-09-14,15:27,Nübe Altico,Mostrador,Latte,1,9000,Tarjeta,C149
5945,2026-09-14,14:08,Nübe Altico,Mostrador,Croissant,1,6000,Tarjeta,
5945,2026-09-14,14:08,Nübe Altico,Mostrador,Croissant de almendras,1,8000,Tarjeta,
5946,2026-09-14,16:58,Nübe Altico,Mostrador,Chocolate caliente,1,7500,Nequi,C217
5946,2026-09-14,16:58,Nübe Altico,Mostrador,Latte,1,9000,Nequi,C217
5946,2026-09-14,16:58,Nübe Altico,Mostrador,Tinto,1,3000,Nequi,C217
5947,2026-09-14,09:56,Nübe Altico,Mostrador,Americano,1,5000,Efectivo,
5948,2026-09-14,16:59,Nübe Altico,Mostrador,Capuchino,1,8500,Efectivo,
5948,2026-09-14,16:59,Nübe Altico,Mostrador,Tinto,1,3000,Efectivo,
5949,2026-09-15,08:47,Nübe Centro,Mostrador,Chocolate caliente,2,7500,Sin dato,
5950,2026-09-15,20:37,Nübe Centro,Mostrador,Croissant,1,6000,Nequi,
5951,2026-09-15,17:50,Nübe Centro,Domicilio,Americano,1,5000,Tarjeta,C173
5952,2026-09-15,16:55,Nübe Centro,Mostrador,Croissant de almendras,1,8000,Nequi,C191
5953,2026-09-15,10:33,Nübe Centro,Domicilio,Tinto,1,3000,Tarjeta,C298
5954,2026-09-15,06:01,Nübe Centro,Mostrador,Croissant,1,6000,Efectivo,
5956,2026-09-15,08:07,Nübe Centro,Mostrador,Capuchino,1,8500,Nequi,
5957,2026-09-15,09:49,Nübe Centro,Mostrador,Croissant,1,6000,Nequi,
5957,2026-09-15,09:49,Nübe Centro,Mostrador,Tinto,1,3000,Nequi,
5958,2026-09-15,09:59,Nübe Centro,Domicilio,Tinto,1,3000,Efectivo,
5959,2026-09-15,09:02,Nübe Centro,Mostrador,Americano,1,5000,Nequi,
5960,2026-09-15,15:00,Nübe Centro,Domicilio,Tinto,1,3000,Nequi,C126
5961,2026-09-15,08:16,Nübe Centro,Mostrador,Capuchino,1,8500,Nequi,C084
5961,2026-09-15,08:16,Nübe Centro,Mostrador,Croissant,1,6000,Nequi,C084
5962,2026-09-15,09:45,Nübe Centro,Mostrador,Capuchino,1,8500,Nequi,
5962,2026-09-15,09:45,Nübe Centro,Mostrador,Croissant de almendras,1,8000,Nequi,
5963,2026-09-15,14:58,Nübe Centro,Mostrador,Chocolate caliente,1,7500,Efectivo,
5964,2026-09-15,11:18,Nübe Centro,Mostrador,Chocolate caliente,1,7500,Tarjeta,C283
5965,2026-09-15,17:13,Nübe Centro,Mostrador,Capuchino,3,8500,Nequi,C019
5965,2026-09-15,17:13,Nübe Centro,Mostrador,Frappé de café,1,11000,Nequi,C019
5965,2026-09-15,17:13,Nübe Centro,Mostrador,Tinto,1,3000,Nequi,C019
5966,2026-09-15,14:16,Nübe Centro,Domicilio,Americano,1,5000,Efectivo,
5967,2026-09-15,11:29,Nübe Centro,Domicilio,Capuchino,1,8500,Tarjeta,
5968,2026-09-15,10:46,Nübe Centro,Mostrador,Croissant de almendras,1,8000,Nequi,C007
5969,2026-09-15,16:14,Nübe Centro,Mostrador,Tinto,1,3000,Nequi,
5970,2026-09-15,07:10,Nübe Centro,Mostrador,Frappé de café,1,11000,Efectivo,C110
5970,2026-09-15,07:10,Nübe Centro,Mostrador,Latte,2,9000,Efectivo,C110
5970,2026-09-15,07:10,Nübe Centro,Mostrador,Tinto,2,3000,Efectivo,C110
5971,2026-09-15,16:43,Nübe Centro,Mostrador,Latte,1,9000,Efectivo,C129
5972,2026-09-15,17:20,Nübe Centro,Domicilio,Latte,1,9000,Efectivo,
5973,2026-09-15,16:13,Nübe Centro,Domicilio,Croissant,1,6000,Tarjeta,
5974,2026-09-15,07:36,Nübe Centro,Mostrador,Capuchino,1,8500,Nequi,
5974,2026-09-15,07:36,Nübe Centro,Mostrador,Chocolate caliente,1,7500,Nequi,
5975,2026-09-15,13:58,Nübe Centro,Mostrador,Croissant de almendras,1,8000,Efectivo,
5976,2026-09-15,07:52,Nübe Centro,Mostrador,Capuchino,1,8500,Nequi,C097
5977,2026-09-15,15:06,Nübe Centro,Mostrador,Capuchino,2,8500,Nequi,C248
5977,2026-09-15,15:06,Nübe Centro,Mostrador,Croissant,1,6000,Nequi,C248
5977,2026-09-15,15:06,Nübe Centro,Mostrador,Latte,1,9000,Nequi,C248
5978,2026-09-15,07:46,Nübe Centro,Domicilio,Latte,1,9000,Efectivo,C296
5979,2026-09-15,09:20,Nübe Centro,Mostrador,Capuchino,1,8500,Efectivo,
5979,2026-09-15,09:20,Nübe Centro,Mostrador,Latte,1,9000,Efectivo,
5979,2026-09-15,09:20,Nübe Centro,Mostrador,Tinto,1,3000,Efectivo,
5980,2026-09-15,20:42,Nübe Centro,Mostrador,Chocolate caliente,1,7500,Tarjeta,
5980,2026-09-15,20:42,Nübe Centro,Mostrador,Croissant de almendras,1,8000,Tarjeta,
5981,2026-09-15,10:03,Nübe Centro,Mostrador,Capuchino,1,8500,Sin dato,
5982,2026-09-15,08:32,Nübe Centro,Mostrador,Americano,1,5000,Efectivo,
5983,2026-09-15,11:28,Nübe Centro,Domicilio,Croissant,2,6000,Tarjeta,
5984,2026-09-15,09:46,Nübe Centro,Mostrador,Capuchino,1,8500,Nequi,
5985,2026-09-15,20:03,Nübe Centro,Mostrador,Capuchino,2,8500,Nequi,
5985,2026-09-15,20:03,Nübe Centro,Mostrador,Chocolate caliente,3,7500,Nequi,
5986,2026-09-15,08:04,Nübe Centro,Domicilio,Capuchino,1,8500,Nequi,
5986,2026-09-15,08:04,Nübe Centro,Domicilio,Croissant,3,6000,Nequi,
5986,2026-09-15,08:04,Nübe Centro,Domicilio,Tinto,2,3000,Nequi,
5987,2026-09-15,10:41,Nübe Centro,Domicilio,Chocolate caliente,1,7500,Nequi,
5987,2026-09-15,10:41,Nübe Centro,Domicilio,Latte,1,9000,Nequi,
5987,2026-09-15,10:41,Nübe Centro,Domicilio,Tinto,1,3000,Nequi,
5988,2026-09-15,08:09,Nübe Centro,Domicilio,Capuchino,1,8500,Nequi,C085
5988,2026-09-15,08:09,Nübe Centro,Domicilio,Croissant,1,6000,Nequi,C085
5988,2026-09-15,08:09,Nübe Centro,Domicilio,Tinto,2,3000,Nequi,C085
5989,2026-09-15,08:45,Nübe Centro,Domicilio,Capuchino,1,8500,Tarjeta,C042
5989,2026-09-15,08:45,Nübe Centro,Domicilio,Chocolate caliente,3,7500,Tarjeta,C042
5990,2026-09-15,18:42,Nübe Centro,Mostrador,Latte,1,9000,Nequi,
5991,2026-09-15,09:21,Nübe Centro,Mostrador,Croissant,1,6000,Tarjeta,
5991,2026-09-15,09:21,Nübe Centro,Mostrador,Croissant de almendras,1,8000,Tarjeta,
5991,2026-09-15,09:21,Nübe Centro,Mostrador,Tinto,1,3000,Tarjeta,
5992,2026-09-15,12:05,Nübe Centro,Mostrador,Latte,1,9000,Nequi,
5992,2026-09-15,12:05,Nübe Centro,Mostrador,Tinto,1,3000,Nequi,
5993,2026-09-15,11:24,Nübe Centro,Domicilio,Croissant,1,6000,Tarjeta,
5994,2026-09-15,08:04,Nübe Centro,Mostrador,Croissant de almendras,1,8000,Nequi,
5995,2026-09-15,08:38,Nübe Centro,Mostrador,Tinto,1,3000,Nequi,C022
5996,2026-09-15,18:16,Nübe Centro,Mostrador,Americano,1,5000,Tarjeta,
5997,2026-09-15,07:10,Nübe Centro,Mostrador,Croissant,1,6000,Nequi,C272
5997,2026-09-15,07:10,Nübe Centro,Mostrador,Tinto,1,3000,Sin dato,C272
5998,2026-09-15,17:05,Nübe Centro,Mostrador,Capuchino,1,8500,Nequi,C222
5998,2026-09-15,17:05,Nübe Centro,Mostrador,Tinto,1,3000,Nequi,C222
5999,2026-09-15,15:26,Nübe Centro,Mostrador,Capuchino,1,8500,Nequi,C291
5999,2026-09-15,15:26,Nübe Centro,Mostrador,Frappé de café,1,11000,Nequi,C291
6000,2026-09-15,07:56,Nübe Centro,Mostrador,Croissant,1,6000,Efectivo,
6000,2026-09-15,07:56,Nübe Centro,Mostrador,Latte,2,9000,Sin dato,
6001,2026-09-15,17:10,Nübe Altico,Mostrador,Capuchino,1,8500,Efectivo,
6002,2026-09-15,19:53,Nübe Altico,Mostrador,Americano,1,5000,Tarjeta,
6002,2026-09-15,19:53,Nübe Altico,Mostrador,Tinto,1,3000,Tarjeta,
6003,2026-09-15,06:29,Nübe Altico,Mostrador,Chocolate caliente,1,7500,Efectivo,C212
6003,2026-09-15,06:29,Nübe Altico,Mostrador,Croissant,1,6000,Efectivo,C212
6003,2026-09-15,06:29,Nübe Altico,Mostrador,Latte,1,9000,Efectivo,C212
6004,2026-09-15,12:35,Nübe Altico,Mostrador,Chocolate caliente,1,7500,Tarjeta,C248
6004,2026-09-15,12:35,Nübe Altico,Mostrador,Croissant,2,6000,Tarjeta,C248
6004,2026-09-15,12:35,Nübe Altico,Mostrador,Tinto,1,3000,Tarjeta,C248
6005,2026-09-15,11:26,Nübe Altico,Mostrador,Croissant,1,6000,Efectivo,C121
6005,2026-09-15,11:26,Nübe Altico,Mostrador,Tinto,1,3000,Efectivo,C121
6006,2026-09-15,10:58,Nübe Altico,Mostrador,Capuchino,1,8500,Tarjeta,C155
6007,2026-09-15,11:02,Nübe Altico,Domicilio,Americano,1,5000,Nequi,
6007,2026-09-15,11:02,Nübe Altico,Domicilio,Tinto,1,3000,Nequi,
6008,2026-09-15,16:09,Nübe Altico,Domicilio,Chocolate caliente,2,7500,Efectivo,C237
6008,2026-09-15,16:09,Nübe Altico,Domicilio,Tinto,1,3000,Efectivo,C237
6009,2026-09-15,08:38,Nübe Altico,Domicilio,Chocolate caliente,2,7500,Efectivo,C289
6009,2026-09-15,08:38,Nübe Altico,Domicilio,Tinto,2,3000,Efectivo,C289
6010,2026-09-15,12:38,Nübe Altico,Mostrador,Capuchino,2,8500,Tarjeta,
6010,2026-09-15,12:38,Nübe Altico,Mostrador,Croissant de almendras,1,8000,Tarjeta,
6011,2026-09-15,09:31,Nübe Altico,Mostrador,Americano,2,5000,Efectivo,C255
6012,2026-09-15,09:27,Nübe Altico,Mostrador,Croissant de almendras,1,8000,Tarjeta,
6013,2026-09-15,08:03,Nübe Altico,Mostrador,Chocolate caliente,1,7500,Tarjeta,C245
6014,2026-09-15,12:40,Nübe Altico,Domicilio,Capuchino,1,8500,Tarjeta,
6015,2026-09-15,10:33,Nübe Altico,Mostrador,Capuchino,1,8500,Efectivo,
6016,2026-09-15,08:14,Nübe Altico,Domicilio,Capuchino,1,8500,Efectivo,
6016,2026-09-15,08:14,Nübe Altico,Domicilio,Tinto,1,3000,Efectivo,
6017,2026-09-15,12:06,Nübe Altico,Domicilio,Tinto,1,3000,Nequi,C077
6018,2026-09-15,12:56,Nübe Altico,Mostrador,Capuchino,2,8500,Tarjeta,C291
6018,2026-09-15,12:56,Nübe Altico,Mostrador,Croissant,1,6000,Tarjeta,C291
6019,2026-09-15,07:17,Nübe Altico,Domicilio,Croissant de almendras,1,8000,Tarjeta,C255
6020,2026-09-15,19:06,Nübe Altico,Domicilio,Tinto,1,3000,Nequi,
6021,2026-09-15,14:46,Nübe Altico,Mostrador,Croissant,1,6000,Tarjeta,C239
6022,2026-09-15,17:54,Nübe Altico,Domicilio,Capuchino,2,8500,Efectivo,C079
6023,2026-09-15,07:41,Nübe Altico,Mostrador,Chocolate caliente,1,7500,Efectivo,C050
6024,2026-09-15,10:15,Nübe Altico,Mostrador,Croissant de almendras,1,8000,Efectivo,C266
6025,2026-09-15,10:59,Nübe Altico,Mostrador,Americano,2,5000,Efectivo,
6025,2026-09-15,10:59,Nübe Altico,Mostrador,Chocolate caliente,1,7500,Efectivo,
6026,2026-09-15,08:35,Nübe Altico,Mostrador,Croissant de almendras,1,8000,Nequi,C261
6027,2026-09-15,08:59,Nübe Altico,Mostrador,Croissant,1,6000,Efectivo,
6029,2026-09-15,19:13,Nübe Altico,Mostrador,Latte,1,9000,Nequi,
6030,2026-09-15,07:19,Nübe Altico,Domicilio,Tinto,2,3000,Tarjeta,
6031,2026-09-15,14:55,Nübe Altico,Mostrador,Americano,1,5000,Efectivo,
6032,2026-09-15,07:51,Nübe Altico,Domicilio,Latte,1,9000,Efectivo,
6033,2026-09-15,14:41,Nübe Altico,Mostrador,Chocolate caliente,1,7500,Nequi,C091
6033,2026-09-15,14:41,Nübe Altico,Mostrador,Croissant,1,6000,Nequi,C091
6034,2026-09-15,12:18,Nübe Altico,Domicilio,Americano,3,5000,Nequi,C003
6034,2026-09-15,12:18,Nübe Altico,Domicilio,Croissant,1,6000,Nequi,C003
6035,2026-09-15,12:18,Nübe Altico,Mostrador,Capuchino,1,8500,Tarjeta,
6035,2026-09-15,12:18,Nübe Altico,Mostrador,Croissant,1,6000,Tarjeta,
6035,2026-09-15,12:18,Nübe Altico,Mostrador,Tinto,1,3000,Tarjeta,
6036,2026-09-15,13:18,Nübe Altico,Mostrador,Capuchino,1,8500,Tarjeta,
6037,2026-09-15,16:18,Nübe Altico,Mostrador,Tinto,1,3000,Nequi,C232
6038,2026-09-15,11:14,Nübe Altico,Domicilio,Croissant de almendras,1,8000,Efectivo,
6038,2026-09-15,11:14,Nübe Altico,Domicilio,Tinto,1,3000,Efectivo,
6039,2026-09-15,18:46,Nübe Altico,Domicilio,Americano,1,5000,Tarjeta,
6040,2026-09-15,11:28,Nübe Altico,Mostrador,Croissant,1,6000,Tarjeta,
6040,2026-09-15,11:28,Nübe Altico,Mostrador,Croissant de almendras,1,8000,Tarjeta,
6041,2026-09-15,09:20,Nübe Altico,Mostrador,Chocolate caliente,2,7500,Tarjeta,C011
6042,2026-09-15,08:30,Nübe Altico,Mostrador,Tinto,1,3000,Tarjeta,
6043,2026-09-15,09:24,Nübe Altico,Mostrador,Croissant de almendras,1,8000,Efectivo,C244
6044,2026-09-15,15:53,Nübe Altico,Mostrador,Croissant,2,6000,Tarjeta,C033
6045,2026-09-15,16:04,Nübe Altico,Mostrador,Tinto,1,3000,Nequi,C203
6046,2026-09-15,14:28,Nübe Altico,Mostrador,Capuchino,1,8500,Efectivo,
6046,2026-09-15,14:28,Nübe Altico,Mostrador,Croissant,1,6000,Efectivo,
6047,2026-09-16,16:35,Nübe Centro,Domicilio,Croissant,1,6000,Tarjeta,
6047,2026-09-16,16:35,Nübe Centro,Domicilio,Tinto,1,3000,Tarjeta,
6048,2026-09-16,09:07,Nübe Centro,Mostrador,Croissant de almendras,1,8000,Nequi,C043
6049,2026-09-16,16:30,Nübe Centro,Mostrador,Chocolate caliente,1,7500,Tarjeta,C205
6050,2026-09-16,10:41,Nübe Centro,Mostrador,Chocolate caliente,1,7500,Nequi,C004
6050,2026-09-16,10:41,Nübe Centro,Mostrador,Croissant,1,6000,Nequi,C004
6051,2026-09-16,10:16,Nübe Centro,Mostrador,Latte,1,9000,Nequi,
6052,2026-09-16,09:43,Nübe Centro,Mostrador,Tinto,1,3000,Nequi,
6053,2026-09-16,09:03,Nübe Centro,Domicilio,Tinto,2,3000,Efectivo,
6054,2026-09-16,09:43,Nübe Centro,Mostrador,Tinto,1,3000,Tarjeta,C151
6055,2026-09-16,07:14,Nübe Centro,Domicilio,Frappé de café,1,11000,Nequi,C141
6056,2026-09-16,10:57,Nübe Centro,Mostrador,Capuchino,1,8500,Efectivo,C091
6056,2026-09-16,10:57,Nübe Centro,Mostrador,Tinto,1,3000,Efectivo,C091
6057,2026-09-16,16:26,Nübe Centro,Mostrador,Latte,1,9000,Efectivo,
6057,2026-09-16,16:26,Nübe Centro,Mostrador,Tinto,1,3000,Efectivo,
6058,2026-09-16,06:32,Nübe Centro,Mostrador,Americano,1,5000,Efectivo,C207
6059,2026-09-16,14:55,Nübe Centro,Mostrador,Capuchino,1,8500,Tarjeta,C269
6059,2026-09-16,14:55,Nübe Centro,Mostrador,Croissant,1,6000,Tarjeta,C269
6059,2026-09-16,14:55,Nübe Centro,Mostrador,Frappé de café,1,11000,Tarjeta,C269
6060,2026-09-16,10:40,Nübe Centro,Mostrador,Croissant,1,6000,Efectivo,C157
6061,2026-09-16,08:11,Nübe Centro,Mostrador,Croissant de almendras,2,8000,Efectivo,
6062,2026-09-16,10:28,Nübe Centro,Mostrador,Croissant,1,6000,Efectivo,C075
6063,2026-09-16,08:52,Nübe Centro,Mostrador,Americano,2,5000,Efectivo,
6064,2026-09-16,19:52,Nübe Centro,Mostrador,Capuchino,1,8500,Tarjeta,
6064,2026-09-16,19:52,Nübe Centro,Mostrador,Frappé de café,1,11000,Tarjeta,
6065,2026-09-16,08:37,Nübe Centro,Mostrador,Americano,2,5000,Nequi,C069
6066,2026-09-16,16:19,Nübe Centro,Mostrador,Chocolate caliente,1,7500,Nequi,
6067,2026-09-16,10:03,Nübe Centro,Mostrador,Croissant,1,6000,Tarjeta,
6067,2026-09-16,10:03,Nübe Centro,Mostrador,Croissant de almendras,1,8000,Tarjeta,
6068,2026-09-16,19:30,Nübe Centro,Mostrador,Americano,1,5000,Tarjeta,C172
6068,2026-09-16,19:30,Nübe Centro,Mostrador,Croissant de almendras,1,8000,Tarjeta,C172
6069,2026-09-16,09:03,Nübe Centro,Domicilio,Croissant,1,6000,Efectivo,
6069,2026-09-16,09:03,Nübe Centro,Domicilio,Croissant de almendras,1,8000,Efectivo,
6070,2026-09-16,06:48,Nübe Centro,Mostrador,Americano,2,5000,Efectivo,
6070,2026-09-16,06:48,Nübe Centro,Mostrador,Croissant de almendras,1,8000,Efectivo,
6071,2026-09-16,08:06,Nübe Centro,Mostrador,Croissant de almendras,1,8000,Efectivo,C209
6072,2026-09-16,08:17,Nübe Centro,Mostrador,Capuchino,1,8500,Tarjeta,C073
6072,2026-09-16,08:17,Nübe Centro,Mostrador,Chocolate caliente,3,7500,Tarjeta,C073
6073,2026-09-16,07:50,Nübe Centro,Mostrador,Croissant de almendras,1,8000,Nequi,
6074,2026-09-16,07:35,Nübe Centro,Mostrador,Croissant de almendras,2,8000,Tarjeta,
6075,2026-09-16,15:23,Nübe Centro,Mostrador,Capuchino,2,8500,Efectivo,
6076,2026-09-16,15:48,Nübe Centro,Mostrador,Croissant,1,6000,Nequi,
6077,2026-09-16,15:46,Nübe Centro,Mostrador,Capuchino,1,8500,Tarjeta,
6077,2026-09-16,15:46,Nübe Centro,Mostrador,Frappé de café,2,11000,Tarjeta,
6078,2026-09-16,18:08,Nübe Centro,Mostrador,Capuchino,1,8500,Tarjeta,
6079,2026-09-16,09:03,Nübe Centro,Mostrador,Frappé de café,1,11000,Efectivo,
6080,2026-09-16,16:30,Nübe Centro,Mostrador,Capuchino,1,8500,Efectivo,C159
6080,2026-09-16,16:30,Nübe Centro,Mostrador,Croissant de almendras,1,8000,Efectivo,C159
6081,2026-09-16,07:19,Nübe Centro,Mostrador,Croissant,1,6000,Tarjeta,
6082,2026-09-16,07:11,Nübe Centro,Mostrador,Croissant,1,6000,Nequi,
6082,2026-09-16,07:11,Nübe Centro,Mostrador,Frappé de café,1,11000,Nequi,
6083,2026-09-16,16:17,Nübe Centro,Domicilio,Croissant de almendras,1,8000,Sin dato,
6084,2026-09-16,07:05,Nübe Centro,Mostrador,Tinto,2,3000,Tarjeta,C233
6085,2026-09-16,09:40,Nübe Centro,Domicilio,Croissant,1,6000,Tarjeta,
6086,2026-09-16,10:41,Nübe Centro,Mostrador,Capuchino,1,8500,Nequi,C147
6087,2026-09-16,09:34,Nübe Centro,Mostrador,Capuchino,1,8500,Efectivo,
6088,2026-09-16,09:22,Nübe Centro,Mostrador,Tinto,3,3000,Efectivo,
6089,2026-09-16,17:26,Nübe Centro,Mostrador,Americano,2,5000,Tarjeta,
6089,2026-09-16,17:26,Nübe Centro,Mostrador,Croissant de almendras,1,8000,Tarjeta,
6090,2026-09-16,13:15,Nübe Centro,Mostrador,Frappé de café,1,11000,Tarjeta,C014
6091,2026-09-16,16:40,Nübe Centro,Mostrador,Croissant de almendras,2,8000,Tarjeta,
6092,2026-09-16,11:27,Nübe Centro,Domicilio,Americano,1,5000,Nequi,C047
6092,2026-09-16,11:27,Nübe Centro,Domicilio,Tinto,1,3000,Nequi,C047
6093,2026-09-16,07:14,Nübe Centro,Mostrador,Croissant,1,6000,Tarjeta,C027
6093,2026-09-16,07:14,Nübe Centro,Mostrador,Frappé de café,1,11000,Tarjeta,C027
6093,2026-09-16,07:14,Nübe Centro,Mostrador,Tinto,1,3000,Tarjeta,C027
6094,2026-09-16,07:05,Nübe Centro,Domicilio,Tinto,1,3000,Tarjeta,
6095,2026-09-16,19:24,Nübe Centro,Mostrador,Capuchino,1,8500,Tarjeta,
6095,2026-09-16,19:24,Nübe Centro,Mostrador,Latte,2,9000,Tarjeta,
6095,2026-09-16,19:24,Nübe Centro,Mostrador,Tinto,1,3000,Tarjeta,
6096,2026-09-16,07:24,Nübe Centro,Mostrador,Capuchino,1,8500,Sin dato,C076
6096,2026-09-16,07:24,Nübe Centro,Mostrador,Tinto,1,3000,Tarjeta,C076
6097,2026-09-16,11:07,Nübe Centro,Mostrador,Croissant,1,6000,Efectivo,C235
6098,2026-09-16,06:12,Nübe Centro,Mostrador,Tinto,1,3000,Nequi,
6099,2026-09-16,08:00,Nübe Centro,Mostrador,Latte,2,9000,Efectivo,C197
6100,2026-09-16,10:59,Nübe Centro,Mostrador,Latte,3,9000,Nequi,
6101,2026-09-16,16:11,Nübe Centro,Mostrador,Capuchino,1,8500,Tarjeta,C015
6101,2026-09-16,16:11,Nübe Centro,Mostrador,Croissant de almendras,1,8000,Tarjeta,C015
6101,2026-09-16,16:11,Nübe Centro,Mostrador,Frappé de café,1,11000,Tarjeta,C015
6102,2026-09-16,07:51,Nübe Centro,Mostrador,Croissant,1,6000,Nequi,C275
6103,2026-09-16,14:12,Nübe Centro,Mostrador,Americano,1,5000,Nequi,C164
6103,2026-09-16,14:12,Nübe Centro,Mostrador,Capuchino,2,8500,Nequi,C164
6104,2026-09-16,08:30,Nübe Centro,Mostrador,Capuchino,3,8500,Tarjeta,
6105,2026-09-16,09:35,Nübe Centro,Mostrador,Croissant,1,6000,Efectivo,
6105,2026-09-16,09:35,Nübe Centro,Mostrador,Tinto,1,3000,Efectivo,
6106,2026-09-16,06:33,Nübe Centro,Mostrador,Croissant de almendras,2,8000,Tarjeta,C274
6107,2026-09-16,17:28,Nübe Centro,Mostrador,Latte,1,9000,Tarjeta,
6107,2026-09-16,17:28,Nübe Centro,Mostrador,Tinto,2,3000,Tarjeta,
6108,2026-09-16,09:58,Nübe Centro,Mostrador,Croissant,1,6000,Nequi,
6108,2026-09-16,09:58,Nübe Centro,Mostrador,Tinto,1,3000,Nequi,
6109,2026-09-16,12:02,Nübe Centro,Mostrador,Capuchino,1,8500,Nequi,C186
6109,2026-09-16,12:02,Nübe Centro,Mostrador,Croissant,2,6000,Nequi,C186
6110,2026-09-16,08:58,Nübe Centro,Mostrador,Croissant,2,6000,Efectivo,C228
6111,2026-09-16,09:06,Nübe Centro,Domicilio,Latte,1,9000,Nequi,
6112,2026-09-16,20:19,Nübe Centro,Mostrador,Croissant de almendras,1,8000,Tarjeta,
6113,2026-09-16,12:56,Nübe Centro,Mostrador,Croissant,1,6000,Tarjeta,
6113,2026-09-16,12:56,Nübe Centro,Mostrador,Tinto,1,3000,Tarjeta,
6114,2026-09-16,11:04,Nübe Altico,Mostrador,Frappé de café,2,11000,Tarjeta,
6115,2026-09-16,18:47,Nübe Altico,Mostrador,Croissant,1,6000,Efectivo,
6116,2026-09-16,15:49,Nübe Altico,Domicilio,Capuchino,2,8500,Efectivo,
6116,2026-09-16,15:49,Nübe Altico,Domicilio,Chocolate caliente,1,7500,Efectivo,
6117,2026-09-16,17:18,Nübe Altico,Mostrador,Americano,1,5000,Efectivo,C024
6117,2026-09-16,17:18,Nübe Altico,Mostrador,Latte,1,9000,Efectivo,C024
6118,2026-09-16,16:47,Nübe Altico,Mostrador,Americano,1,5000,Efectivo,
6118,2026-09-16,16:47,Nübe Altico,Mostrador,Latte,1,9000,Efectivo,
6119,2026-09-16,08:57,Nübe Altico,Mostrador,Capuchino,1,8500,Nequi,C224
6120,2026-09-16,08:43,Nübe Altico,Mostrador,Croissant de almendras,1,8000,Efectivo,C140
6121,2026-09-16,16:39,Nübe Altico,Mostrador,Capuchino,1,8500,Nequi,C155
6121,2026-09-16,16:39,Nübe Altico,Mostrador,Tinto,3,3000,Nequi,C155
6122,2026-09-16,10:56,Nübe Altico,Mostrador,Americano,1,5000,Efectivo,
6123,2026-09-16,09:49,Nübe Altico,Domicilio,Americano,1,5000,Tarjeta,C140
6123,2026-09-16,09:49,Nübe Altico,Domicilio,Latte,2,9000,Tarjeta,C140
6124,2026-09-16,16:13,Nübe Altico,Domicilio,Americano,2,5000,Tarjeta,
6124,2026-09-16,16:13,Nübe Altico,Domicilio,Frappé de café,1,11000,Tarjeta,
6125,2026-09-16,12:15,Nübe Altico,Mostrador,Americano,1,5000,Efectivo,C048
6125,2026-09-16,12:15,Nübe Altico,Mostrador,Latte,1,9000,Efectivo,C048
6125,2026-09-16,12:15,Nübe Altico,Mostrador,Tinto,1,3000,Efectivo,C048
6126,2026-09-16,15:55,Nübe Altico,Mostrador,Americano,1,5000,Tarjeta,
6126,2026-09-16,15:55,Nübe Altico,Mostrador,Capuchino,2,8500,Tarjeta,
6126,2026-09-16,15:55,Nübe Altico,Mostrador,Frappé de café,1,11000,Tarjeta,
6127,2026-09-16,11:56,Nübe Altico,Mostrador,Tinto,1,3000,Tarjeta,
6128,2026-09-16,14:29,Nübe Altico,Mostrador,Americano,1,5000,Tarjeta,C054
6129,2026-09-16,09:23,Nübe Altico,Domicilio,Americano,1,5000,Tarjeta,
6130,2026-09-16,12:26,Nübe Altico,Mostrador,Capuchino,1,8500,Tarjeta,
6131,2026-09-16,15:40,Nübe Altico,Domicilio,Americano,1,5000,Nequi,C289
6132,2026-09-16,16:18,Nübe Altico,Domicilio,Americano,1,5000,Nequi,
6133,2026-09-16,14:08,Nübe Altico,Mostrador,Frappé de café,1,11000,Tarjeta,
6133,2026-09-16,14:08,Nübe Altico,Mostrador,Tinto,1,3000,Tarjeta,
6134,2026-09-16,08:21,Nübe Altico,Mostrador,Chocolate caliente,1,7500,Nequi,
6134,2026-09-16,08:21,Nübe Altico,Mostrador,Croissant,1,6000,Nequi,
6135,2026-09-16,09:24,Nübe Altico,Mostrador,Tinto,1,3000,Efectivo,C206
6136,2026-09-16,09:17,Nübe Altico,Mostrador,Capuchino,1,8500,Tarjeta,
6136,2026-09-16,09:17,Nübe Altico,Mostrador,Tinto,1,3000,Tarjeta,
6137,2026-09-16,07:06,Nübe Altico,Mostrador,Latte,1,9000,Tarjeta,
6138,2026-09-16,09:03,Nübe Altico,Domicilio,Latte,1,9000,Tarjeta,C177
6139,2026-09-16,08:03,Nübe Altico,Domicilio,Croissant,1,6000,Nequi,
6139,2026-09-16,08:03,Nübe Altico,Domicilio,Croissant de almendras,1,8000,Nequi,
6140,2026-09-16,10:39,Nübe Altico,Domicilio,Capuchino,1,8500,Tarjeta,
6140,2026-09-16,10:39,Nübe Altico,Domicilio,Frappé de café,2,11000,Tarjeta,
6141,2026-09-16,17:37,Nübe Altico,Mostrador,Americano,1,5000,Nequi,
6141,2026-09-16,17:37,Nübe Altico,Mostrador,Tinto,3,3000,Nequi,
6142,2026-09-16,11:01,Nübe Altico,Mostrador,Croissant de almendras,1,8000,Tarjeta,C023
6142,2026-09-16,11:01,Nübe Altico,Mostrador,Frappé de café,2,11000,Tarjeta,C023
6143,2026-09-16,09:06,Nübe Altico,Domicilio,Americano,1,5000,Nequi,
6143,2026-09-16,09:06,Nübe Altico,Domicilio,Capuchino,1,8500,Nequi,
6144,2026-09-16,10:41,Nübe Altico,Domicilio,Croissant de almendras,1,8000,Tarjeta,
6145,2026-09-16,08:15,Nübe Altico,Mostrador,Chocolate caliente,1,7500,Efectivo,C209
6146,2026-09-16,16:34,Nübe Altico,Domicilio,Latte,1,9000,Tarjeta,C264
6146,2026-09-16,16:34,Nübe Altico,Domicilio,Tinto,2,3000,Tarjeta,C264
6147,2026-09-16,11:41,Nübe Altico,Mostrador,Capuchino,3,8500,Tarjeta,C263
6147,2026-09-16,11:41,Nübe Altico,Mostrador,Croissant,2,6000,Tarjeta,C263
6148,2026-09-16,17:13,Nübe Altico,Mostrador,Tinto,3,3000,Efectivo,C065
6149,2026-09-16,18:32,Nübe Altico,Mostrador,Americano,1,5000,Nequi,C026
6150,2026-09-16,12:54,Nübe Altico,Domicilio,Chocolate caliente,1,7500,Efectivo,
6150,2026-09-16,12:54,Nübe Altico,Domicilio,Croissant,1,6000,Efectivo,
6150,2026-09-16,12:54,Nübe Altico,Domicilio,Frappé de café,1,11000,Efectivo,
6151,2026-09-16,20:49,Nübe Altico,Mostrador,Croissant de almendras,1,8000,Efectivo,C233
6152,2026-09-16,06:18,Nübe Altico,Mostrador,Capuchino,1,8500,Nequi,
6153,2026-09-16,17:41,Nübe Altico,Mostrador,Latte,1,9000,Efectivo,C289
6154,2026-09-16,08:43,Nübe Altico,Mostrador,Croissant,1,6000,Tarjeta,C227
6155,2026-09-16,16:43,Nübe Altico,Mostrador,Americano,1,5000,Efectivo,
6156,2026-09-16,20:05,Nübe Altico,Mostrador,Croissant de almendras,2,8000,Efectivo,C111
6156,2026-09-16,20:05,Nübe Altico,Mostrador,Tinto,3,3000,Efectivo,C111
6157,2026-09-16,09:08,Nübe Altico,Mostrador,Croissant,1,6000,Efectivo,
6157,2026-09-16,09:08,Nübe Altico,Mostrador,Tinto,1,3000,Efectivo,
6158,2026-09-16,12:11,Nübe Altico,Mostrador,Tinto,3,3000,Efectivo,
6159,2026-09-16,18:20,Nübe Altico,Domicilio,Americano,1,5000,Efectivo,
6159,2026-09-16,18:20,Nübe Altico,Domicilio,Croissant,1,6000,Efectivo,
6160,2026-09-16,08:26,Nübe Altico,Mostrador,Americano,1,5000,Nequi,C279
6161,2026-09-16,08:14,Nübe Altico,Domicilio,Croissant,1,6000,Efectivo,
6162,2026-09-16,18:30,Nübe Altico,Mostrador,Americano,1,5000,Nequi,
6162,2026-09-16,18:30,Nübe Altico,Mostrador,Tinto,1,3000,Nequi,
6163,2026-09-16,17:31,Nübe Altico,Mostrador,Capuchino,1,8500,Tarjeta,
6163,2026-09-16,17:31,Nübe Altico,Mostrador,Tinto,1,3000,Tarjeta,
6164,2026-09-16,08:57,Nübe Altico,Mostrador,Croissant,1,6000,Tarjeta,C269
6164,2026-09-16,08:57,Nübe Altico,Mostrador,Tinto,1,3000,Tarjeta,C269
6165,2026-09-17,08:38,Nübe Centro,Mostrador,Croissant de almendras,1,8000,Efectivo,C107
6166,2026-09-17,18:51,Nübe Centro,Domicilio,Chocolate caliente,1,7500,Nequi,
6166,2026-09-17,18:51,Nübe Centro,Domicilio,Frappé de café,1,11000,Nequi,
6167,2026-09-17,11:02,Nübe Centro,Mostrador,Capuchino,1,8500,Tarjeta,
6168,2026-09-17,11:16,Nübe Centro,Mostrador,Tinto,1,3000,Nequi,
6169,2026-09-17,11:21,Nübe Centro,Mostrador,Frappé de café,1,11000,Nequi,C252
6169,2026-09-17,11:21,Nübe Centro,Mostrador,Latte,1,9000,Nequi,C252
6170,2026-09-17,08:57,Nübe Centro,Mostrador,Capuchino,1,8500,Efectivo,
6170,2026-09-17,08:57,Nübe Centro,Mostrador,Croissant de almendras,1,8000,Efectivo,
6170,2026-09-17,08:57,Nübe Centro,Mostrador,Latte,3,9000,Efectivo,
6171,2026-09-17,08:34,Nübe Centro,Mostrador,Croissant de almendras,1,8000,Efectivo,
6171,2026-09-17,08:34,Nübe Centro,Mostrador,Tinto,1,3000,Efectivo,
6172,2026-09-17,16:46,Nübe Centro,Mostrador,Latte,1,9000,Nequi,
6173,2026-09-17,13:44,Nübe Centro,Mostrador,Frappé de café,1,11000,Nequi,
6174,2026-09-17,17:10,Nübe Centro,Mostrador,Frappé de café,1,11000,Efectivo,
6174,2026-09-17,17:10,Nübe Centro,Mostrador,Tinto,1,3000,Efectivo,
6175,2026-09-17,09:41,Nübe Centro,Domicilio,Capuchino,1,8500,Tarjeta,
6176,2026-09-17,11:36,Nübe Centro,Domicilio,Frappé de café,1,11000,Efectivo,
6177,2026-09-17,08:05,Nübe Centro,Mostrador,Capuchino,1,8500,Nequi,
6178,2026-09-17,11:16,Nübe Centro,Mostrador,Croissant,1,6000,Sin dato,C237
6178,2026-09-17,11:16,Nübe Centro,Mostrador,Croissant de almendras,2,8000,Tarjeta,C237
6179,2026-09-17,10:33,Nübe Centro,Mostrador,Latte,3,9000,Efectivo,C136
6180,2026-09-17,16:50,Nübe Centro,Domicilio,Croissant de almendras,1,8000,Nequi,
6181,2026-09-17,06:46,Nübe Centro,Mostrador,Croissant de almendras,1,8000,Nequi,
6182,2026-09-17,20:19,Nübe Centro,Mostrador,Tinto,1,3000,Nequi,C228
6183,2026-09-17,11:46,Nübe Centro,Domicilio,Latte,1,9000,Efectivo,
6184,2026-09-17,08:42,Nübe Centro,Mostrador,Latte,1,9000,Efectivo,C271
6185,2026-09-17,11:12,Nübe Centro,Mostrador,Capuchino,1,8500,Tarjeta,C053
6185,2026-09-17,11:12,Nübe Centro,Mostrador,Frappé de café,1,11000,Tarjeta,C053
6186,2026-09-17,16:27,Nübe Centro,Domicilio,Capuchino,2,8500,Nequi,C287
6186,2026-09-17,16:27,Nübe Centro,Domicilio,Frappé de café,2,11000,Nequi,C287
6187,2026-09-17,09:54,Nübe Centro,Mostrador,Capuchino,1,8500,Efectivo,C071
6187,2026-09-17,09:54,Nübe Centro,Mostrador,Latte,1,9000,Efectivo,C071
6188,2026-09-17,08:33,Nübe Centro,Mostrador,Capuchino,1,8500,Efectivo,C269
6188,2026-09-17,08:33,Nübe Centro,Mostrador,Tinto,1,3000,Efectivo,C269
6189,2026-09-17,07:40,Nübe Centro,Mostrador,Croissant,1,6000,Efectivo,
6190,2026-09-17,07:30,Nübe Centro,Mostrador,Capuchino,2,8500,Tarjeta,
6190,2026-09-17,07:30,Nübe Centro,Mostrador,Frappé de café,2,11000,Tarjeta,
6191,2026-09-17,12:32,Nübe Centro,Mostrador,Capuchino,1,8500,Nequi,
6192,2026-09-17,13:06,Nübe Centro,Domicilio,Croissant,1,6000,Tarjeta,C057
6193,2026-09-17,13:09,Nübe Centro,Mostrador,Americano,1,5000,Efectivo,C157
6194,2026-09-17,11:14,Nübe Centro,Mostrador,Tinto,1,3000,Tarjeta,
6195,2026-09-17,10:21,Nübe Centro,Mostrador,Tinto,1,3000,Nequi,
6196,2026-09-17,16:30,Nübe Centro,Domicilio,Chocolate caliente,1,7500,Efectivo,
6196,2026-09-17,16:30,Nübe Centro,Domicilio,Tinto,1,3000,Efectivo,
6197,2026-09-17,15:16,Nübe Centro,Mostrador,Tinto,1,3000,Efectivo,
6198,2026-09-17,07:42,Nübe Centro,Mostrador,Americano,1,5000,Nequi,
6198,2026-09-17,07:42,Nübe Centro,Mostrador,Capuchino,2,8500,Nequi,
6198,2026-09-17,07:42,Nübe Centro,Mostrador,Croissant,1,6000,Nequi,
6199,2026-09-17,12:14,Nübe Centro,Mostrador,Americano,1,5000,Nequi,C266
6199,2026-09-17,12:14,Nübe Centro,Mostrador,Latte,1,9000,Nequi,C266
6200,2026-09-17,09:16,Nübe Centro,Mostrador,Croissant de almendras,2,8000,Tarjeta,C297
6201,2026-09-17,08:08,Nübe Centro,Mostrador,Americano,1,5000,Nequi,
6202,2026-09-17,09:11,Nübe Centro,Mostrador,Chocolate caliente,1,7500,Nequi,C270
6203,2026-09-17,09:34,Nübe Centro,Mostrador,Capuchino,2,8500,Nequi,
6204,2026-09-17,16:50,Nübe Centro,Mostrador,Capuchino,2,8500,Efectivo,
6205,2026-09-17,07:47,Nübe Centro,Mostrador,Americano,1,5000,Tarjeta,
6205,2026-09-17,07:47,Nübe Centro,Mostrador,Latte,1,9000,Tarjeta,
6206,2026-09-17,17:54,Nübe Centro,Domicilio,Capuchino,1,8500,Efectivo,
6206,2026-09-17,17:54,Nübe Centro,Domicilio,Frappé de café,1,11000,Efectivo,
6207,2026-09-17,12:54,Nübe Centro,Mostrador,Americano,1,5000,Efectivo,C169
6207,2026-09-17,12:54,Nübe Centro,Mostrador,Tinto,1,3000,Efectivo,C169
6208,2026-09-17,08:37,Nübe Centro,Mostrador,Croissant,1,6000,Nequi,C013
6209,2026-09-17,08:56,Nübe Centro,Mostrador,Chocolate caliente,1,7500,Tarjeta,
6209,2026-09-17,08:56,Nübe Centro,Mostrador,Tinto,1,3000,Tarjeta,
6210,2026-09-17,08:20,Nübe Centro,Mostrador,Latte,1,9000,Tarjeta,
6211,2026-09-17,11:49,Nübe Centro,Mostrador,Capuchino,1,8500,Nequi,
6211,2026-09-17,11:49,Nübe Centro,Mostrador,Croissant,2,6000,Nequi,
6212,2026-09-17,09:35,Nübe Centro,Mostrador,Croissant,3,6000,Tarjeta,C221
6212,2026-09-17,09:35,Nübe Centro,Mostrador,Frappé de café,1,11000,Tarjeta,C221
6213,2026-09-17,16:47,Nübe Centro,Mostrador,Croissant,2,6000,Efectivo,
6214,2026-09-17,16:15,Nübe Centro,Domicilio,Croissant de almendras,2,8000,Efectivo,
6214,2026-09-17,16:15,Nübe Centro,Domicilio,Latte,2,9000,Efectivo,
6215,2026-09-17,16:33,Nübe Centro,Mostrador,Croissant,1,6000,Nequi,C211
6216,2026-09-17,07:02,Nübe Centro,Mostrador,Latte,1,9000,Nequi,C239
6216,2026-09-17,07:02,Nübe Centro,Mostrador,Tinto,1,3000,Nequi,C239
6217,2026-09-17,09:03,Nübe Centro,Mostrador,Croissant de almendras,1,8000,Nequi,C250
6217,2026-09-17,09:03,Nübe Centro,Mostrador,Latte,1,9000,Nequi,C250
6218,2026-09-17,15:47,Nübe Centro,Mostrador,Capuchino,2,8500,Nequi,
6219,2026-09-17,16:11,Nübe Centro,Domicilio,Capuchino,2,8500,Nequi,C086
6219,2026-09-17,16:11,Nübe Centro,Domicilio,Tinto,2,3000,Nequi,C086
6220,2026-09-17,09:59,Nübe Centro,Mostrador,Chocolate caliente,2,7500,Tarjeta,C161
6220,2026-09-17,09:59,Nübe Centro,Mostrador,Croissant,1,6000,Tarjeta,C161
6220,2026-09-17,09:59,Nübe Centro,Mostrador,Tinto,1,3000,Tarjeta,C161
6221,2026-09-17,13:38,Nübe Centro,Mostrador,Americano,1,5000,Efectivo,
6221,2026-09-17,13:38,Nübe Centro,Mostrador,Croissant,2,6000,Efectivo,
6222,2026-09-17,15:33,Nübe Centro,Mostrador,Capuchino,1,8500,Nequi,
6223,2026-09-17,08:36,Nübe Centro,Mostrador,Latte,1,9000,Tarjeta,C257
6224,2026-09-17,07:27,Nübe Centro,Mostrador,Croissant de almendras,3,8000,Nequi,
6225,2026-09-17,07:28,Nübe Centro,Mostrador,Croissant de almendras,1,8000,Nequi,C129
6226,2026-09-17,13:52,Nübe Centro,Domicilio,Capuchino,2,8500,Efectivo,
6227,2026-09-17,08:20,Nübe Centro,Mostrador,Chocolate caliente,1,7500,Efectivo,
6227,2026-09-17,08:20,Nübe Centro,Mostrador,Croissant,1,6000,Efectivo,
6228,2026-09-17,08:34,Nübe Centro,Mostrador,Frappé de café,2,11000,Efectivo,C151
6228,2026-09-17,08:34,Nübe Centro,Mostrador,Tinto,1,3000,Efectivo,C151
6229,2026-09-17,07:40,Nübe Centro,Mostrador,Tinto,1,3000,Nequi,C007
6230,2026-09-17,11:18,Nübe Centro,Domicilio,Tinto,2,3000,Tarjeta,
6231,2026-09-17,07:02,Nübe Centro,Mostrador,Chocolate caliente,1,7500,Efectivo,C064
6231,2026-09-17,07:02,Nübe Centro,Mostrador,Frappé de café,1,11000,Efectivo,C064
6231,2026-09-17,07:02,Nübe Centro,Mostrador,Tinto,1,3000,Efectivo,C064
6232,2026-09-17,14:33,Nübe Centro,Mostrador,Croissant,2,6000,Nequi,
6232,2026-09-17,14:33,Nübe Centro,Mostrador,Latte,1,9000,Nequi,
6233,2026-09-17,16:51,Nübe Centro,Mostrador,Americano,2,5000,Tarjeta,
6234,2026-09-17,09:06,Nübe Centro,Mostrador,Croissant,1,6000,Tarjeta,C300
6235,2026-09-17,08:24,Nübe Centro,Mostrador,Croissant,1,6000,Tarjeta,
6235,2026-09-17,08:24,Nübe Centro,Mostrador,Frappé de café,1,11000,Tarjeta,
6235,2026-09-17,08:24,Nübe Centro,Mostrador,Tinto,1,3000,Tarjeta,
6236,2026-09-17,07:55,Nübe Centro,Mostrador,Chocolate caliente,1,7500,Tarjeta,C294
6236,2026-09-17,07:55,Nübe Centro,Mostrador,Croissant,1,6000,Tarjeta,C294
6237,2026-09-17,10:39,Nübe Centro,Mostrador,Croissant,1,6000,Efectivo,
6238,2026-09-17,10:00,Nübe Centro,Mostrador,Latte,2,9000,Efectivo,C096
6239,2026-09-17,08:13,Nübe Centro,Mostrador,Latte,2,9000,Efectivo,C042
6240,2026-09-17,06:08,Nübe Centro,Mostrador,Latte,1,9000,Nequi,
6240,2026-09-17,06:08,Nübe Centro,Mostrador,Tinto,1,3000,Nequi,
6241,2026-09-17,16:53,Nübe Centro,Mostrador,Americano,2,5000,Efectivo,
6241,2026-09-17,16:53,Nübe Centro,Mostrador,Tinto,1,3000,Efectivo,
6242,2026-09-17,07:23,Nübe Centro,Mostrador,Croissant,1,6000,Tarjeta,
6243,2026-09-17,14:04,Nübe Altico,Domicilio,Croissant,1,6000,Efectivo,
6243,2026-09-17,14:04,Nübe Altico,Domicilio,Tinto,1,3000,Efectivo,
6244,2026-09-17,09:30,Nübe Altico,Mostrador,Americano,1,5000,Nequi,
6245,2026-09-17,12:22,Nübe Altico,Mostrador,Latte,1,9000,Nequi,
6246,2026-09-17,09:31,Nübe Altico,Domicilio,Croissant de almendras,1,8000,Tarjeta,
6247,2026-09-17,08:19,Nübe Altico,Mostrador,Capuchino,1,8500,Tarjeta,C125
6247,2026-09-17,08:19,Nübe Altico,Mostrador,Croissant,1,6000,Tarjeta,C125
6247,2026-09-17,08:19,Nübe Altico,Mostrador,Tinto,1,3000,Tarjeta,C125
6248,2026-09-17,08:10,Nübe Altico,Mostrador,Tinto,1,3000,Efectivo,
6249,2026-09-17,09:00,Nübe Altico,Mostrador,Frappé de café,1,11000,Efectivo,
6249,2026-09-17,09:00,Nübe Altico,Mostrador,Tinto,1,3000,Efectivo,
6250,2026-09-17,15:51,Nübe Altico,Mostrador,Tinto,1,3000,Nequi,C243
6251,2026-09-17,13:13,Nübe Altico,Domicilio,Capuchino,1,8500,Efectivo,
6252,2026-09-17,16:42,Nübe Altico,Domicilio,Croissant,1,6000,Efectivo,
6252,2026-09-17,16:42,Nübe Altico,Domicilio,Croissant de almendras,1,8000,Efectivo,
6253,2026-09-17,14:49,Nübe Altico,Mostrador,Frappé de café,1,11000,Nequi,C220
6254,2026-09-17,20:36,Nübe Altico,Mostrador,Americano,2,5000,Efectivo,
6254,2026-09-17,20:36,Nübe Altico,Mostrador,Capuchino,1,8500,Efectivo,
6254,2026-09-17,20:36,Nübe Altico,Mostrador,Tinto,1,3000,Efectivo,
6255,2026-09-17,12:19,Nübe Altico,Mostrador,Capuchino,1,8500,Efectivo,
6255,2026-09-17,12:19,Nübe Altico,Mostrador,Frappé de café,1,11000,Efectivo,
6256,2026-09-17,11:07,Nübe Altico,Domicilio,Chocolate caliente,1,7500,Nequi,C052
6257,2026-09-17,09:41,Nübe Altico,Mostrador,Capuchino,1,8500,Nequi,
6258,2026-09-17,09:25,Nübe Altico,Mostrador,Chocolate caliente,2,7500,Efectivo,
6258,2026-09-17,09:25,Nübe Altico,Mostrador,Croissant de almendras,1,8000,Efectivo,
6259,2026-09-17,16:47,Nübe Altico,Mostrador,Chocolate caliente,1,7500,Nequi,
6259,2026-09-17,16:47,Nübe Altico,Mostrador,Tinto,1,3000,Nequi,
6260,2026-09-17,09:16,Nübe Altico,Mostrador,Capuchino,1,8500,Tarjeta,C187
6260,2026-09-17,09:16,Nübe Altico,Mostrador,Chocolate caliente,1,7500,Tarjeta,C187
6261,2026-09-17,18:29,Nübe Altico,Domicilio,Frappé de café,2,11000,Tarjeta,
6262,2026-09-17,18:45,Nübe Altico,Mostrador,Croissant,2,6000,Efectivo,
6263,2026-09-17,10:00,Nübe Altico,Mostrador,Croissant,1,6000,Tarjeta,C155
6263,2026-09-17,10:00,Nübe Altico,Mostrador,Tinto,2,3000,Tarjeta,C155
6264,2026-09-17,18:52,Nübe Altico,Mostrador,Frappé de café,2,11000,Efectivo,
6265,2026-09-17,06:34,Nübe Altico,Domicilio,Croissant,1,6000,Tarjeta,
6266,2026-09-17,08:42,Nübe Altico,Mostrador,Croissant,1,6000,Tarjeta,
6266,2026-09-17,08:42,Nübe Altico,Mostrador,Croissant de almendras,1,8000,Tarjeta,
6267,2026-09-17,07:38,Nübe Altico,Mostrador,Capuchino,2,8500,Nequi,
6267,2026-09-17,07:38,Nübe Altico,Mostrador,Croissant,1,6000,Nequi,
6268,2026-09-17,10:25,Nübe Altico,Mostrador,Americano,1,5000,Efectivo,
6268,2026-09-17,10:25,Nübe Altico,Mostrador,Tinto,1,3000,Efectivo,
6269,2026-09-17,11:51,Nübe Altico,Mostrador,Tinto,1,3000,Tarjeta,
6270,2026-09-17,14:50,Nübe Altico,Mostrador,Croissant,1,6000,Nequi,
6271,2026-09-17,07:48,Nübe Altico,Mostrador,Croissant de almendras,1,8000,Nequi,C080
6272,2026-09-17,19:56,Nübe Altico,Domicilio,Capuchino,1,8500,Nequi,C093
6273,2026-09-17,17:19,Nübe Altico,Mostrador,Capuchino,1,8500,Tarjeta,C065
6273,2026-09-17,17:19,Nübe Altico,Mostrador,Tinto,2,3000,Tarjeta,C065
6274,2026-09-17,08:35,Nübe Altico,Mostrador,Americano,1,5000,Tarjeta,C161
6274,2026-09-17,08:35,Nübe Altico,Mostrador,Tinto,2,3000,Tarjeta,C161
6275,2026-09-17,07:52,Nübe Altico,Mostrador,Croissant,1,6000,Nequi,
6275,2026-09-17,07:52,Nübe Altico,Mostrador,Tinto,1,3000,Nequi,
6276,2026-09-17,09:01,Nübe Altico,Mostrador,Tinto,1,3000,Tarjeta,
6277,2026-09-17,15:51,Nübe Altico,Mostrador,Capuchino,1,8500,Nequi,C121
6278,2026-09-17,07:44,Nübe Altico,Mostrador,Capuchino,1,8500,Nequi,C116
6278,2026-09-17,07:44,Nübe Altico,Mostrador,Croissant,1,6000,Nequi,C116
6278,2026-09-17,07:44,Nübe Altico,Mostrador,Tinto,1,3000,Nequi,C116
6279,2026-09-17,13:36,Nübe Altico,Mostrador,Croissant,2,6000,Efectivo,
6280,2026-09-17,18:37,Nübe Altico,Mostrador,Americano,1,5000,Efectivo,
6280,2026-09-17,18:37,Nübe Altico,Mostrador,Capuchino,2,8500,Efectivo,
6281,2026-09-17,18:16,Nübe Altico,Mostrador,Capuchino,1,8500,Efectivo,
6281,2026-09-17,18:16,Nübe Altico,Mostrador,Tinto,1,3000,Efectivo,
6282,2026-09-17,17:01,Nübe Altico,Domicilio,Americano,1,5000,Efectivo,
6283,2026-09-17,09:32,Nübe Altico,Mostrador,Americano,1,5000,Nequi,
6283,2026-09-17,09:32,Nübe Altico,Mostrador,Latte,1,9000,Nequi,
6283,2026-09-17,09:32,Nübe Altico,Mostrador,Tinto,1,3000,Nequi,
6284,2026-09-17,09:45,Nübe Altico,Mostrador,Croissant,1,6000,Nequi,
6284,2026-09-17,09:45,Nübe Altico,Mostrador,Tinto,2,3000,Nequi,
6285,2026-09-17,13:19,Nübe Altico,Mostrador,Tinto,3,3000,Efectivo,
6286,2026-09-17,09:34,Nübe Altico,Mostrador,Tinto,1,3000,Efectivo,
6287,2026-09-17,07:49,Nübe Altico,Mostrador,Capuchino,1,8500,Efectivo,
6288,2026-09-18,18:59,Nübe Centro,Mostrador,Frappé de café,3,11000,Nequi,
6289,2026-09-18,16:11,Nübe Centro,Mostrador,Capuchino,1,8500,Nequi,C286
6290,2026-09-18,16:56,Nübe Centro,Mostrador,Frappé de café,1,11000,Efectivo,
6291,2026-09-18,17:03,Nübe Centro,Mostrador,Americano,1,5000,Nequi,
6291,2026-09-18,17:03,Nübe Centro,Mostrador,Croissant,2,6000,Nequi,
6292,2026-09-18,07:53,Nübe Centro,Domicilio,Capuchino,1,8500,Tarjeta,
6292,2026-09-18,07:53,Nübe Centro,Domicilio,Croissant de almendras,1,8000,Tarjeta,
6293,2026-09-18,08:07,Nübe Centro,Mostrador,Capuchino,1,8500,Nequi,
6293,2026-09-18,08:07,Nübe Centro,Mostrador,Croissant,1,6000,Nequi,
6294,2026-09-18,09:31,Nübe Centro,Domicilio,Americano,1,5000,Nequi,
6295,2026-09-18,10:39,Nübe Centro,Mostrador,Americano,2,5000,Nequi,
6296,2026-09-18,18:41,Nübe Centro,Mostrador,Tinto,1,3000,Tarjeta,
6297,2026-09-18,12:46,Nübe Centro,Domicilio,Chocolate caliente,1,7500,Efectivo,
6297,2026-09-18,12:46,Nübe Centro,Domicilio,Frappé de café,1,11000,Efectivo,
6297,2026-09-18,12:46,Nübe Centro,Domicilio,Latte,1,9000,Efectivo,
6298,2026-09-18,18:30,Nübe Centro,Mostrador,Croissant,1,6000,Nequi,
6298,2026-09-18,18:30,Nübe Centro,Mostrador,Frappé de café,2,11000,Nequi,
6299,2026-09-18,06:17,Nübe Centro,Mostrador,Croissant de almendras,1,8000,Tarjeta,
6300,2026-09-18,07:23,Nübe Centro,Mostrador,Croissant,2,6000,Tarjeta,
6301,2026-09-18,08:53,Nübe Centro,Domicilio,Latte,1,9000,Efectivo,
6302,2026-09-18,16:12,Nübe Centro,Mostrador,Croissant,1,6000,Nequi,
6302,2026-09-18,16:12,Nübe Centro,Mostrador,Latte,1,9000,Nequi,
6303,2026-09-18,08:08,Nübe Centro,Mostrador,Capuchino,1,8500,Tarjeta,
6303,2026-09-18,08:08,Nübe Centro,Mostrador,Croissant de almendras,1,8000,Tarjeta,
6304,2026-09-18,18:16,Nübe Centro,Mostrador,Americano,3,5000,Efectivo,
6305,2026-09-18,17:08,Nübe Centro,Mostrador,Capuchino,1,8500,Efectivo,
6306,2026-09-18,08:58,Nübe Centro,Mostrador,Croissant de almendras,1,8000,Efectivo,
6307,2026-09-18,09:09,Nübe Centro,Mostrador,Croissant,2,6000,Efectivo,C202
6307,2026-09-18,09:09,Nübe Centro,Mostrador,Frappé de café,3,11000,Sin dato,C202
6308,2026-09-18,07:58,Nübe Centro,Mostrador,Americano,1,5000,Tarjeta,C221
6308,2026-09-18,07:58,Nübe Centro,Mostrador,Tinto,1,3000,Tarjeta,C221
6309,2026-09-18,16:43,Nübe Centro,Mostrador,Croissant de almendras,1,8000,Efectivo,C212
6310,2026-09-18,14:10,Nübe Centro,Mostrador,Croissant de almendras,1,8000,Tarjeta,
6311,2026-09-18,14:21,Nübe Centro,Mostrador,Capuchino,1,8500,Efectivo,
6311,2026-09-18,14:21,Nübe Centro,Mostrador,Croissant,1,6000,Efectivo,
6312,2026-09-18,08:24,Nübe Centro,Mostrador,Croissant,1,6000,Efectivo,
6313,2026-09-18,12:01,Nübe Centro,Domicilio,Latte,1,9000,Tarjeta,C112
6314,2026-09-18,08:00,Nübe Centro,Mostrador,Croissant,1,6000,Efectivo,
6315,2026-09-18,08:34,Nübe Centro,Mostrador,Croissant,1,6000,Nequi,C201
6315,2026-09-18,08:34,Nübe Centro,Mostrador,Latte,2,9000,Nequi,C201
6316,2026-09-18,20:43,Nübe Centro,Mostrador,Tinto,1,3000,Nequi,C206
6317,2026-09-18,17:11,Nübe Centro,Mostrador,Tinto,1,3000,Tarjeta,C085
6318,2026-09-18,08:40,Nübe Centro,Mostrador,Croissant,1,6000,Efectivo,C089
6318,2026-09-18,08:40,Nübe Centro,Mostrador,Tinto,1,3000,Efectivo,C089
6319,2026-09-18,15:18,Nübe Centro,Mostrador,Croissant,1,6000,Tarjeta,C086
6320,2026-09-18,12:45,Nübe Centro,Mostrador,Croissant de almendras,2,8000,Efectivo,
6321,2026-09-18,07:41,Nübe Centro,Mostrador,Capuchino,1,8500,Nequi,
6322,2026-09-18,08:30,Nübe Centro,Mostrador,Capuchino,1,8500,Tarjeta,C292
6322,2026-09-18,08:30,Nübe Centro,Mostrador,Croissant,1,6000,Tarjeta,C292
6322,2026-09-18,08:30,Nübe Centro,Mostrador,Latte,2,9000,Tarjeta,C292
6323,2026-09-18,16:15,Nübe Centro,Domicilio,Croissant de almendras,1,8000,Tarjeta,
6323,2026-09-18,16:15,Nübe Centro,Domicilio,Latte,1,9000,Tarjeta,
6324,2026-09-18,13:52,Nübe Centro,Mostrador,Chocolate caliente,1,7500,Tarjeta,C092
6325,2026-09-18,07:18,Nübe Centro,Mostrador,Americano,1,5000,Tarjeta,C128
6326,2026-09-18,15:14,Nübe Centro,Mostrador,Capuchino,1,8500,Tarjeta,C254
6326,2026-09-18,15:14,Nübe Centro,Mostrador,Croissant de almendras,2,8000,Tarjeta,C254
6327,2026-09-18,10:11,Nübe Centro,Mostrador,Croissant de almendras,1,8000,Tarjeta,
6328,2026-09-18,20:34,Nübe Centro,Mostrador,Chocolate caliente,1,7500,Nequi,
6328,2026-09-18,20:34,Nübe Centro,Mostrador,Croissant,1,6000,Nequi,
6328,2026-09-18,20:34,Nübe Centro,Mostrador,Croissant de almendras,1,8000,Nequi,
6329,2026-09-18,16:50,Nübe Centro,Domicilio,Croissant de almendras,1,8000,Tarjeta,
6330,2026-09-18,09:02,Nübe Centro,Mostrador,Capuchino,2,8500,Efectivo,
6330,2026-09-18,09:02,Nübe Centro,Mostrador,Croissant,1,6000,Efectivo,
6330,2026-09-18,09:02,Nübe Centro,Mostrador,Tinto,1,3000,Efectivo,
6331,2026-09-18,09:24,Nübe Centro,Domicilio,Capuchino,1,8500,Efectivo,C295
6331,2026-09-18,09:24,Nübe Centro,Domicilio,Frappé de café,2,11000,Efectivo,C295
6331,2026-09-18,09:24,Nübe Centro,Domicilio,Tinto,1,3000,Efectivo,C295
6332,2026-09-18,16:14,Nübe Centro,Mostrador,Croissant,2,6000,Nequi,
6332,2026-09-18,16:14,Nübe Centro,Mostrador,Frappé de café,1,11000,Nequi,
6333,2026-09-18,10:26,Nübe Centro,Mostrador,Croissant,2,6000,Tarjeta,C161
6334,2026-09-18,09:28,Nübe Centro,Mostrador,Americano,1,5000,Efectivo,
6334,2026-09-18,09:28,Nübe Centro,Mostrador,Capuchino,1,8500,Efectivo,
6334,2026-09-18,09:28,Nübe Centro,Mostrador,Latte,1,9000,Efectivo,
6335,2026-09-18,08:14,Nübe Centro,Mostrador,Americano,1,5000,Efectivo,
6335,2026-09-18,08:14,Nübe Centro,Mostrador,Capuchino,2,8500,Efectivo,
6336,2026-09-18,20:24,Nübe Centro,Domicilio,Capuchino,1,8500,Efectivo,C254
6337,2026-09-18,15:52,Nübe Centro,Mostrador,Capuchino,1,8500,Nequi,C083
6338,2026-09-18,08:28,Nübe Centro,Domicilio,Capuchino,1,8500,Efectivo,
6338,2026-09-18,08:28,Nübe Centro,Domicilio,Latte,1,9000,Efectivo,
6339,2026-09-18,14:21,Nübe Centro,Domicilio,Croissant de almendras,2,8000,Tarjeta,C273
6339,2026-09-18,14:21,Nübe Centro,Domicilio,Tinto,1,3000,Tarjeta,C273
6340,2026-09-18,12:21,Nübe Centro,Mostrador,Americano,3,5000,Efectivo,
6341,2026-09-18,07:05,Nübe Centro,Mostrador,Croissant,2,6000,Nequi,C246
6342,2026-09-18,11:14,Nübe Centro,Mostrador,Croissant,1,6000,Tarjeta,C265
6343,2026-09-18,14:46,Nübe Centro,Mostrador,Croissant,1,6000,Tarjeta,
6344,2026-09-18,10:56,Nübe Centro,Mostrador,Croissant,1,6000,Nequi,
6345,2026-09-18,19:44,Nübe Centro,Mostrador,Americano,2,5000,Nequi,
6345,2026-09-18,19:44,Nübe Centro,Mostrador,Croissant,1,6000,Nequi,
6345,2026-09-18,19:44,Nübe Centro,Mostrador,Frappé de café,1,11000,Nequi,
6346,2026-09-18,20:31,Nübe Centro,Mostrador,Croissant,1,6000,Efectivo,
6346,2026-09-18,20:31,Nübe Centro,Mostrador,Frappé de café,1,11000,Efectivo,
6346,2026-09-18,20:31,Nübe Centro,Mostrador,Tinto,1,3000,Efectivo,
6347,2026-09-18,09:45,Nübe Centro,Mostrador,Chocolate caliente,1,7500,Efectivo,C259
6347,2026-09-18,09:45,Nübe Centro,Mostrador,Tinto,1,3000,Efectivo,C259
6348,2026-09-18,19:46,Nübe Centro,Mostrador,Latte,1,9000,Efectivo,C269
6349,2026-09-18,08:13,Nübe Centro,Mostrador,Americano,2,5000,Efectivo,C046
6349,2026-09-18,08:13,Nübe Centro,Mostrador,Croissant,1,6000,Sin dato,C046
6349,2026-09-18,08:13,Nübe Centro,Mostrador,Tinto,1,3000,Efectivo,C046
6350,2026-09-18,16:33,Nübe Centro,Mostrador,Capuchino,1,8500,Efectivo,
6350,2026-09-18,16:33,Nübe Centro,Mostrador,Tinto,1,3000,Efectivo,
6351,2026-09-18,18:12,Nübe Centro,Mostrador,Latte,2,9000,Tarjeta,
6351,2026-09-18,18:12,Nübe Centro,Mostrador,Tinto,2,3000,Tarjeta,
6352,2026-09-18,10:33,Nübe Centro,Mostrador,Americano,1,5000,Nequi,
6352,2026-09-18,10:33,Nübe Centro,Mostrador,Latte,1,9000,Nequi,
6353,2026-09-18,07:49,Nübe Centro,Mostrador,Chocolate caliente,1,7500,Sin dato,C088
6353,2026-09-18,07:49,Nübe Centro,Mostrador,Croissant,1,6000,Efectivo,C088
6354,2026-09-18,06:34,Nübe Centro,Mostrador,Latte,1,9000,Efectivo,C286
6354,2026-09-18,06:34,Nübe Centro,Mostrador,Tinto,1,3000,Efectivo,C286
6355,2026-09-18,11:39,Nübe Centro,Mostrador,Croissant de almendras,1,8000,Tarjeta,C058
6355,2026-09-18,11:39,Nübe Centro,Mostrador,Frappé de café,1,11000,Tarjeta,C058
6356,2026-09-18,12:38,Nübe Centro,Mostrador,Americano,1,5000,Tarjeta,C176
6356,2026-09-18,12:38,Nübe Centro,Mostrador,Capuchino,1,8500,Tarjeta,C176
6357,2026-09-18,08:30,Nübe Centro,Mostrador,Frappé de café,2,11000,Tarjeta,C166
6358,2026-09-18,14:05,Nübe Centro,Mostrador,Croissant de almendras,1,8000,Tarjeta,
6359,2026-09-18,10:50,Nübe Centro,Domicilio,Croissant,1,6000,Efectivo,
6359,2026-09-18,10:50,Nübe Centro,Domicilio,Tinto,1,3000,Efectivo,
6360,2026-09-18,10:12,Nübe Centro,Mostrador,Tinto,1,3000,Efectivo,C175
6361,2026-09-18,08:59,Nübe Centro,Mostrador,Americano,3,5000,Tarjeta,
6361,2026-09-18,08:59,Nübe Centro,Mostrador,Croissant,1,6000,Tarjeta,
6362,2026-09-18,10:01,Nübe Centro,Mostrador,Americano,1,5000,Nequi,C097
6362,2026-09-18,10:01,Nübe Centro,Mostrador,Croissant,1,6000,Nequi,C097
6362,2026-09-18,10:01,Nübe Centro,Mostrador,Latte,1,9000,Nequi,C097
6363,2026-09-18,12:50,Nübe Centro,Mostrador,Capuchino,1,8500,Efectivo,
6363,2026-09-18,12:50,Nübe Centro,Mostrador,Latte,1,9000,Efectivo,
6364,2026-09-18,13:25,Nübe Centro,Domicilio,Croissant de almendras,1,8000,Nequi,
6364,2026-09-18,13:25,Nübe Centro,Domicilio,Tinto,1,3000,Nequi,
6365,2026-09-18,13:07,Nübe Centro,Mostrador,Tinto,1,3000,Nequi,
6366,2026-09-18,17:25,Nübe Centro,Mostrador,Tinto,1,3000,Nequi,C148
6367,2026-09-18,17:19,Nübe Centro,Mostrador,Capuchino,1,8500,Tarjeta,
6367,2026-09-18,17:19,Nübe Centro,Mostrador,Croissant de almendras,1,8000,Tarjeta,
6368,2026-09-18,13:38,Nübe Centro,Mostrador,Capuchino,1,8500,Nequi,
6368,2026-09-18,13:38,Nübe Centro,Mostrador,Frappé de café,1,11000,Nequi,
6369,2026-09-18,06:34,Nübe Centro,Mostrador,Capuchino,1,8500,Tarjeta,
6370,2026-09-18,17:28,Nübe Centro,Mostrador,Latte,1,9000,Efectivo,
6371,2026-09-18,17:10,Nübe Centro,Mostrador,Capuchino,1,8500,Tarjeta,
6372,2026-09-18,11:45,Nübe Centro,Mostrador,Croissant,2,6000,Tarjeta,C017
6372,2026-09-18,11:45,Nübe Centro,Mostrador,Latte,1,9000,Tarjeta,C017
6373,2026-09-18,16:27,Nübe Centro,Mostrador,Frappé de café,3,11000,Nequi,C207
6374,2026-09-18,07:00,Nübe Centro,Mostrador,Latte,1,9000,Nequi,
6375,2026-09-18,08:19,Nübe Centro,Mostrador,Latte,1,9000,Tarjeta,
6376,2026-09-18,09:46,Nübe Altico,Mostrador,Latte,1,9000,Tarjeta,
6376,2026-09-18,09:46,Nübe Altico,Mostrador,Tinto,3,3000,Tarjeta,
6377,2026-09-18,15:41,Nübe Altico,Mostrador,Tinto,1,3000,Tarjeta,
6378,2026-09-18,07:32,Nübe Altico,Mostrador,Capuchino,2,8500,Efectivo,
6378,2026-09-18,07:32,Nübe Altico,Mostrador,Chocolate caliente,1,7500,Efectivo,
6378,2026-09-18,07:32,Nübe Altico,Mostrador,Frappé de café,1,11000,Efectivo,
6379,2026-09-18,11:11,Nübe Altico,Mostrador,Croissant,1,6000,Tarjeta,
6380,2026-09-18,15:48,Nübe Altico,Mostrador,Latte,1,9000,Efectivo,
6380,2026-09-18,15:48,Nübe Altico,Mostrador,Tinto,1,3000,Efectivo,
6381,2026-09-18,12:00,Nübe Altico,Mostrador,Croissant de almendras,1,8000,Efectivo,
6382,2026-09-18,16:10,Nübe Altico,Mostrador,Latte,1,9000,Nequi,
6383,2026-09-18,09:10,Nübe Altico,Mostrador,Latte,1,9000,Nequi,
6384,2026-09-18,10:47,Nübe Altico,Mostrador,Capuchino,1,8500,Nequi,
6385,2026-09-18,15:48,Nübe Altico,Domicilio,Croissant de almendras,1,8000,Tarjeta,C220
6386,2026-09-18,06:23,Nübe Altico,Mostrador,Americano,1,5000,Efectivo,
6386,2026-09-18,06:23,Nübe Altico,Mostrador,Capuchino,1,8500,Efectivo,
6387,2026-09-18,07:51,Nübe Altico,Domicilio,Croissant,1,6000,Efectivo,
6387,2026-09-18,07:51,Nübe Altico,Domicilio,Croissant de almendras,1,8000,Efectivo,
6388,2026-09-18,16:45,Nübe Altico,Domicilio,Latte,1,9000,Tarjeta,
6389,2026-09-18,16:00,Nübe Altico,Mostrador,Capuchino,1,8500,Tarjeta,
6390,2026-09-18,07:30,Nübe Altico,Mostrador,Croissant,1,6000,Nequi,
6391,2026-09-18,10:29,Nübe Altico,Domicilio,Chocolate caliente,2,7500,Tarjeta,
6391,2026-09-18,10:29,Nübe Altico,Domicilio,Tinto,2,3000,Tarjeta,
6392,2026-09-18,14:14,Nübe Altico,Mostrador,Chocolate caliente,2,7500,Nequi,C187
6392,2026-09-18,14:14,Nübe Altico,Mostrador,Croissant,1,6000,Nequi,C187
6392,2026-09-18,14:14,Nübe Altico,Mostrador,Tinto,2,3000,Nequi,C187
6393,2026-09-18,15:53,Nübe Altico,Mostrador,Americano,2,5000,Nequi,C014
6394,2026-09-18,06:48,Nübe Altico,Mostrador,Croissant de almendras,1,8000,Nequi,
6395,2026-09-18,09:24,Nübe Altico,Domicilio,Americano,1,5000,Tarjeta,
6395,2026-09-18,09:24,Nübe Altico,Domicilio,Capuchino,1,8500,Tarjeta,
6395,2026-09-18,09:24,Nübe Altico,Domicilio,Latte,1,9000,Tarjeta,
6396,2026-09-18,08:33,Nübe Altico,Mostrador,Latte,1,9000,Efectivo,
6397,2026-09-18,18:01,Nübe Altico,Mostrador,Croissant,1,6000,Tarjeta,C042
6397,2026-09-18,18:01,Nübe Altico,Mostrador,Tinto,1,3000,Tarjeta,C042
6398,2026-09-18,15:47,Nübe Altico,Mostrador,Latte,1,9000,Efectivo,C125
6399,2026-09-18,17:40,Nübe Altico,Mostrador,Americano,2,5000,Nequi,
6399,2026-09-18,17:40,Nübe Altico,Mostrador,Tinto,1,3000,Nequi,
6400,2026-09-18,18:19,Nübe Altico,Mostrador,Tinto,2,3000,Tarjeta,C035
6401,2026-09-18,13:30,Nübe Altico,Mostrador,Americano,1,5000,Tarjeta,C221
6402,2026-09-18,08:23,Nübe Altico,Mostrador,Capuchino,1,8500,Tarjeta,C119
6402,2026-09-18,08:23,Nübe Altico,Mostrador,Croissant,1,6000,Tarjeta,C119
6402,2026-09-18,08:23,Nübe Altico,Mostrador,Tinto,2,3000,Tarjeta,C119
6403,2026-09-18,15:20,Nübe Altico,Mostrador,Americano,1,5000,Tarjeta,C234
6403,2026-09-18,15:20,Nübe Altico,Mostrador,Croissant de almendras,1,8000,Tarjeta,C234
6403,2026-09-18,15:20,Nübe Altico,Mostrador,Tinto,1,3000,Tarjeta,C234
6404,2026-09-18,08:47,Nübe Altico,Mostrador,Americano,1,5000,Nequi,C037
6405,2026-09-18,16:14,Nübe Altico,Mostrador,Latte,1,9000,Efectivo,C149
6406,2026-09-18,07:30,Nübe Altico,Mostrador,Croissant de almendras,1,8000,Tarjeta,
6407,2026-09-18,07:04,Nübe Altico,Mostrador,Croissant,1,6000,Nequi,
6408,2026-09-18,10:52,Nübe Altico,Mostrador,Americano,1,5000,Tarjeta,C184
6408,2026-09-18,10:52,Nübe Altico,Mostrador,Tinto,2,3000,Tarjeta,C184
6409,2026-09-18,08:18,Nübe Altico,Mostrador,Croissant de almendras,1,8000,Nequi,C226
6409,2026-09-18,08:18,Nübe Altico,Mostrador,Tinto,2,3000,Nequi,C226
6410,2026-09-18,07:46,Nübe Altico,Mostrador,Croissant de almendras,3,8000,Tarjeta,
6410,2026-09-18,07:46,Nübe Altico,Mostrador,Latte,1,9000,Tarjeta,
6411,2026-09-18,11:31,Nübe Altico,Mostrador,Croissant,1,6000,Efectivo,
6411,2026-09-18,11:31,Nübe Altico,Mostrador,Tinto,1,3000,Efectivo,
6412,2026-09-18,07:38,Nübe Altico,Mostrador,Chocolate caliente,2,7500,Nequi,C233
6413,2026-09-18,09:00,Nübe Altico,Mostrador,Frappé de café,1,11000,Nequi,
6414,2026-09-18,07:51,Nübe Altico,Mostrador,Americano,1,5000,Efectivo,
6414,2026-09-18,07:51,Nübe Altico,Mostrador,Croissant,1,6000,Efectivo,
6415,2026-09-18,09:09,Nübe Altico,Mostrador,Croissant de almendras,1,8000,Efectivo,C011
6416,2026-09-18,16:24,Nübe Altico,Mostrador,Americano,1,5000,Nequi,C073
6416,2026-09-18,16:24,Nübe Altico,Mostrador,Capuchino,1,8500,Nequi,C073
6417,2026-09-18,14:05,Nübe Altico,Domicilio,Capuchino,1,8500,Efectivo,C263
6418,2026-09-18,15:29,Nübe Altico,Domicilio,Americano,1,5000,Efectivo,
6419,2026-09-18,16:20,Nübe Altico,Mostrador,Croissant de almendras,1,8000,Nequi,
6420,2026-09-18,17:02,Nübe Altico,Mostrador,Capuchino,2,8500,Nequi,
6421,2026-09-18,09:10,Nübe Altico,Mostrador,Tinto,1,3000,Efectivo,C279
6422,2026-09-18,07:54,Nübe Altico,Mostrador,Americano,1,5000,Efectivo,
6422,2026-09-18,07:54,Nübe Altico,Mostrador,Tinto,2,3000,Efectivo,
6423,2026-09-18,17:46,Nübe Altico,Mostrador,Croissant,1,6000,Nequi,C013
6423,2026-09-18,17:46,Nübe Altico,Mostrador,Frappé de café,1,11000,Nequi,C013
6423,2026-09-18,17:46,Nübe Altico,Mostrador,Latte,1,9000,Nequi,C013
6424,2026-09-18,17:48,Nübe Altico,Mostrador,Chocolate caliente,1,7500,Tarjeta,
6425,2026-09-18,07:55,Nübe Altico,Domicilio,Croissant,1,6000,Tarjeta,C294
6426,2026-09-18,07:09,Nübe Altico,Mostrador,Croissant,1,6000,Efectivo,C031
6427,2026-09-18,20:16,Nübe Altico,Domicilio,Tinto,1,3000,Tarjeta,C003
6428,2026-09-18,16:22,Nübe Altico,Mostrador,Chocolate caliente,1,7500,Efectivo,
6429,2026-09-18,17:21,Nübe Altico,Mostrador,Capuchino,1,8500,Nequi,
6429,2026-09-18,17:21,Nübe Altico,Mostrador,Frappé de café,1,11000,Nequi,
6430,2026-09-18,07:27,Nübe Altico,Mostrador,Capuchino,1,8500,Nequi,C030
6431,2026-09-18,19:21,Nübe Altico,Domicilio,Croissant de almendras,1,8000,Efectivo,
6432,2026-09-18,20:42,Nübe Altico,Mostrador,Americano,1,5000,Tarjeta,
6432,2026-09-18,20:42,Nübe Altico,Mostrador,Croissant,1,6000,Tarjeta,
6432,2026-09-18,20:42,Nübe Altico,Mostrador,Latte,1,9000,Tarjeta,
6433,2026-09-18,12:06,Nübe Altico,Domicilio,Frappé de café,1,11000,Tarjeta,
6433,2026-09-18,12:06,Nübe Altico,Domicilio,Tinto,1,3000,Tarjeta,
6434,2026-09-18,16:48,Nübe Altico,Mostrador,Croissant,1,6000,Tarjeta,C194
6435,2026-09-18,10:37,Nübe Altico,Mostrador,Croissant,1,6000,Nequi,C085
6435,2026-09-18,10:37,Nübe Altico,Mostrador,Tinto,2,3000,Nequi,C085
6436,2026-09-18,18:43,Nübe Altico,Domicilio,Capuchino,1,8500,Tarjeta,C232
6436,2026-09-18,18:43,Nübe Altico,Domicilio,Tinto,1,3000,Tarjeta,C232
6437,2026-09-18,15:19,Nübe Altico,Domicilio,Capuchino,1,8500,Tarjeta,
6437,2026-09-18,15:19,Nübe Altico,Domicilio,Latte,1,9000,Tarjeta,
6438,2026-09-18,20:43,Nübe Altico,Domicilio,Croissant,3,6000,Nequi,
6439,2026-09-18,06:35,Nübe Altico,Mostrador,Croissant de almendras,1,8000,Efectivo,C049
6440,2026-09-18,08:41,Nübe Altico,Mostrador,Capuchino,1,8500,Tarjeta,C016
6440,2026-09-18,08:41,Nübe Altico,Mostrador,Tinto,1,3000,Tarjeta,C016
6441,2026-09-18,12:52,Nübe Altico,Mostrador,Capuchino,1,8500,Nequi,
6442,2026-09-18,08:18,Nübe Altico,Mostrador,Croissant,2,6000,Efectivo,
6443,2026-09-18,09:54,Nübe Altico,Mostrador,Tinto,1,3000,Tarjeta,
6444,2026-09-18,08:36,Nübe Altico,Mostrador,Americano,1,5000,Nequi,
6445,2026-09-18,08:37,Nübe Altico,Mostrador,Croissant,1,6000,Efectivo,
6446,2026-09-18,08:34,Nübe Altico,Domicilio,Capuchino,2,8500,Tarjeta,
6446,2026-09-18,08:34,Nübe Altico,Domicilio,Croissant de almendras,2,8000,Tarjeta,
6447,2026-09-19,06:51,Nübe Centro,Mostrador,Capuchino,1,8500,Tarjeta,
6448,2026-09-19,20:23,Nübe Centro,Domicilio,Capuchino,1,8500,Tarjeta,C053
6448,2026-09-19,20:23,Nübe Centro,Domicilio,Chocolate caliente,1,7500,Tarjeta,C053
6449,2026-09-19,07:42,Nübe Centro,Mostrador,Americano,1,5000,Tarjeta,C217
6450,2026-09-19,15:48,Nübe Centro,Mostrador,Croissant,2,6000,Efectivo,
6451,2026-09-19,12:45,Nübe Centro,Domicilio,Chocolate caliente,1,7500,Tarjeta,
6451,2026-09-19,12:45,Nübe Centro,Domicilio,Croissant,1,6000,Tarjeta,
6451,2026-09-19,12:45,Nübe Centro,Domicilio,Frappé de café,1,11000,Tarjeta,
6452,2026-09-19,12:13,Nübe Centro,Domicilio,Croissant,1,6000,Nequi,C050
6453,2026-09-19,08:43,Nübe Centro,Domicilio,Latte,1,9000,Efectivo,
6454,2026-09-19,12:01,Nübe Centro,Mostrador,Tinto,1,3000,Tarjeta,
6455,2026-09-19,19:38,Nübe Centro,Mostrador,Capuchino,1,8500,Tarjeta,C262
6455,2026-09-19,19:38,Nübe Centro,Mostrador,Latte,1,9000,Tarjeta,C262
6456,2026-09-19,10:17,Nübe Centro,Mostrador,Americano,1,5000,Efectivo,
6456,2026-09-19,10:17,Nübe Centro,Mostrador,Capuchino,2,8500,Efectivo,
6456,2026-09-19,10:17,Nübe Centro,Mostrador,Tinto,2,3000,Efectivo,
6457,2026-09-19,10:09,Nübe Centro,Mostrador,Croissant,1,6000,Nequi,C046
6457,2026-09-19,10:09,Nübe Centro,Mostrador,Croissant de almendras,2,8000,Nequi,C046
6458,2026-09-19,15:26,Nübe Centro,Mostrador,Latte,1,9000,Tarjeta,
6458,2026-09-19,15:26,Nübe Centro,Mostrador,Tinto,1,3000,Tarjeta,
6459,2026-09-19,13:05,Nübe Centro,Mostrador,Croissant,1,6000,Efectivo,
6459,2026-09-19,13:05,Nübe Centro,Mostrador,Latte,1,9000,Efectivo,
6460,2026-09-19,18:07,Nübe Centro,Domicilio,Tinto,2,3000,Tarjeta,
6461,2026-09-19,17:42,Nübe Centro,Mostrador,Capuchino,1,8500,Efectivo,
6462,2026-09-19,18:48,Nübe Centro,Mostrador,Frappé de café,1,11000,Efectivo,
6463,2026-09-19,13:21,Nübe Centro,Mostrador,Tinto,1,3000,Tarjeta,C153
6464,2026-09-19,10:20,Nübe Centro,Mostrador,Americano,1,5000,Nequi,
6464,2026-09-19,10:20,Nübe Centro,Mostrador,Chocolate caliente,1,7500,Nequi,
6464,2026-09-19,10:20,Nübe Centro,Mostrador,Tinto,1,3000,Nequi,
6465,2026-09-19,08:46,Nübe Centro,Mostrador,Croissant,1,6000,Tarjeta,
6465,2026-09-19,08:46,Nübe Centro,Mostrador,Croissant de almendras,1,8000,Tarjeta,
6466,2026-09-19,12:42,Nübe Centro,Domicilio,Croissant de almendras,1,8000,Efectivo,
6466,2026-09-19,12:42,Nübe Centro,Domicilio,Frappé de café,1,11000,Efectivo,
6467,2026-09-19,06:30,Nübe Centro,Mostrador,Croissant de almendras,1,8000,Efectivo,C005
6467,2026-09-19,06:30,Nübe Centro,Mostrador,Tinto,1,3000,Efectivo,C005
6468,2026-09-19,17:55,Nübe Centro,Mostrador,Frappé de café,1,11000,Tarjeta,
6469,2026-09-19,08:57,Nübe Centro,Mostrador,Americano,1,5000,Tarjeta,C268
6470,2026-09-19,14:56,Nübe Centro,Mostrador,Croissant de almendras,1,8000,Tarjeta,
6470,2026-09-19,14:56,Nübe Centro,Mostrador,Latte,1,9000,Tarjeta,
6471,2026-09-19,20:33,Nübe Centro,Mostrador,Croissant,3,6000,Nequi,
6472,2026-09-19,07:52,Nübe Centro,Domicilio,Capuchino,1,8500,Efectivo,C005
6472,2026-09-19,07:52,Nübe Centro,Domicilio,Chocolate caliente,1,7500,Efectivo,C005
6472,2026-09-19,07:52,Nübe Centro,Domicilio,Tinto,1,3000,Efectivo,C005
6473,2026-09-19,12:47,Nübe Centro,Mostrador,Capuchino,1,8500,Efectivo,C250
6474,2026-09-19,06:08,Nübe Centro,Mostrador,Frappé de café,1,11000,Nequi,C177
6475,2026-09-19,19:13,Nübe Centro,Mostrador,Capuchino,1,8500,Tarjeta,C179
6475,2026-09-19,19:13,Nübe Centro,Mostrador,Croissant,2,6000,Tarjeta,C179
6476,2026-09-19,15:13,Nübe Centro,Mostrador,Croissant de almendras,1,8000,Nequi,C106
6476,2026-09-19,15:13,Nübe Centro,Mostrador,Tinto,1,3000,Nequi,C106
6477,2026-09-19,13:25,Nübe Centro,Mostrador,Capuchino,1,8500,Efectivo,
6478,2026-09-19,20:00,Nübe Centro,Mostrador,Americano,1,5000,Nequi,C212
6478,2026-09-19,20:00,Nübe Centro,Mostrador,Frappé de café,1,11000,Nequi,C212
6478,2026-09-19,20:00,Nübe Centro,Mostrador,Tinto,1,3000,Nequi,C212
6479,2026-09-19,07:45,Nübe Centro,Mostrador,Capuchino,3,8500,Efectivo,C245
6480,2026-09-19,17:51,Nübe Centro,Mostrador,Croissant de almendras,1,8000,Efectivo,C247
6480,2026-09-19,17:51,Nübe Centro,Mostrador,Tinto,1,3000,Efectivo,C247
6481,2026-09-19,08:27,Nübe Centro,Domicilio,Croissant,1,6000,Nequi,
6482,2026-09-19,12:34,Nübe Centro,Mostrador,Tinto,1,3000,Efectivo,
6483,2026-09-19,11:37,Nübe Centro,Mostrador,Frappé de café,1,11000,Nequi,C183
6484,2026-09-19,07:15,Nübe Centro,Mostrador,Croissant de almendras,2,8000,Efectivo,
6485,2026-09-19,11:58,Nübe Centro,Mostrador,Croissant de almendras,1,8000,Nequi,C230
6485,2026-09-19,11:58,Nübe Centro,Mostrador,Latte,1,9000,Nequi,C230
6486,2026-09-19,14:42,Nübe Centro,Mostrador,Latte,1,9000,Nequi,
6487,2026-09-19,06:15,Nübe Centro,Domicilio,Americano,1,5000,Tarjeta,
6487,2026-09-19,06:15,Nübe Centro,Domicilio,Croissant,1,6000,Tarjeta,
6488,2026-09-19,13:12,Nübe Centro,Mostrador,Chocolate caliente,1,7500,Tarjeta,
6488,2026-09-19,13:12,Nübe Centro,Mostrador,Latte,1,9000,Tarjeta,
6489,2026-09-19,12:39,Nübe Centro,Mostrador,Tinto,1,3000,Efectivo,C179
6490,2026-09-19,20:34,Nübe Centro,Domicilio,Frappé de café,1,11000,Tarjeta,
6491,2026-09-19,13:42,Nübe Centro,Domicilio,Tinto,1,3000,Tarjeta,
6492,2026-09-19,09:47,Nübe Centro,Mostrador,Croissant,1,6000,Efectivo,
6492,2026-09-19,09:47,Nübe Centro,Mostrador,Latte,1,9000,Efectivo,
6493,2026-09-19,16:38,Nübe Centro,Mostrador,Americano,1,5000,Efectivo,C118
6493,2026-09-19,16:38,Nübe Centro,Mostrador,Capuchino,1,8500,Efectivo,C118
6494,2026-09-19,16:25,Nübe Centro,Mostrador,Latte,1,9000,Nequi,
6495,2026-09-19,15:10,Nübe Centro,Mostrador,Croissant,1,6000,Efectivo,
6496,2026-09-19,09:52,Nübe Centro,Mostrador,Chocolate caliente,1,7500,Nequi,
6497,2026-09-19,09:56,Nübe Centro,Mostrador,Croissant de almendras,1,8000,Efectivo,
6497,2026-09-19,09:56,Nübe Centro,Mostrador,Frappé de café,1,11000,Efectivo,
6498,2026-09-19,08:08,Nübe Centro,Mostrador,Chocolate caliente,2,7500,Nequi,
6498,2026-09-19,08:08,Nübe Centro,Mostrador,Croissant,1,6000,Nequi,
6499,2026-09-19,14:52,Nübe Centro,Domicilio,Tinto,1,3000,Tarjeta,C188
6500,2026-09-19,19:08,Nübe Centro,Mostrador,Capuchino,1,8500,Nequi,C212
6500,2026-09-19,19:08,Nübe Centro,Mostrador,Croissant,2,6000,Nequi,C212
6501,2026-09-19,08:28,Nübe Centro,Domicilio,Croissant,1,6000,Efectivo,
6501,2026-09-19,08:28,Nübe Centro,Domicilio,Latte,2,9000,Efectivo,
6502,2026-09-19,16:31,Nübe Centro,Domicilio,Capuchino,1,8500,Efectivo,
6503,2026-09-19,08:17,Nübe Centro,Domicilio,Latte,1,9000,Nequi,C223
6503,2026-09-19,08:17,Nübe Centro,Domicilio,Tinto,1,3000,Nequi,C223
6504,2026-09-19,15:56,Nübe Centro,Mostrador,Croissant,1,6000,Tarjeta,
6504,2026-09-19,15:56,Nübe Centro,Mostrador,Croissant de almendras,1,8000,Tarjeta,
6505,2026-09-19,07:48,Nübe Centro,Mostrador,Frappé de café,1,11000,Nequi,C193
6505,2026-09-19,07:48,Nübe Centro,Mostrador,Tinto,1,3000,Nequi,C193
6506,2026-09-19,12:08,Nübe Centro,Domicilio,Latte,1,9000,Efectivo,
6507,2026-09-19,10:50,Nübe Centro,Mostrador,Americano,1,5000,Efectivo,
6507,2026-09-19,10:50,Nübe Centro,Mostrador,Capuchino,2,8500,Efectivo,
6508,2026-09-19,10:31,Nübe Centro,Mostrador,Croissant de almendras,2,8000,Efectivo,
6509,2026-09-19,19:01,Nübe Centro,Mostrador,Latte,1,9000,Tarjeta,
6509,2026-09-19,19:01,Nübe Centro,Mostrador,Tinto,2,3000,Tarjeta,
6510,2026-09-19,14:34,Nübe Centro,Mostrador,Capuchino,1,8500,Nequi,C066
6511,2026-09-19,15:13,Nübe Centro,Domicilio,Chocolate caliente,1,7500,Tarjeta,
6511,2026-09-19,15:13,Nübe Centro,Domicilio,Frappé de café,1,11000,Tarjeta,
6512,2026-09-19,08:27,Nübe Centro,Mostrador,Chocolate caliente,1,7500,Tarjeta,
6512,2026-09-19,08:27,Nübe Centro,Mostrador,Croissant,1,6000,Tarjeta,
6513,2026-09-19,10:13,Nübe Centro,Mostrador,Americano,1,5000,Efectivo,
6513,2026-09-19,10:13,Nübe Centro,Mostrador,Croissant,1,6000,Efectivo,
6513,2026-09-19,10:13,Nübe Centro,Mostrador,Croissant de almendras,1,8000,Efectivo,
6514,2026-09-19,08:19,Nübe Centro,Mostrador,Croissant de almendras,1,8000,Efectivo,C201
6515,2026-09-19,13:04,Nübe Centro,Mostrador,Capuchino,1,8500,Nequi,C285
6516,2026-09-19,13:17,Nübe Centro,Domicilio,Croissant,2,6000,Tarjeta,
6517,2026-09-19,07:52,Nübe Centro,Domicilio,Americano,1,5000,Nequi,
6518,2026-09-19,06:36,Nübe Centro,Mostrador,Croissant,1,6000,Tarjeta,C003
6519,2026-09-19,16:54,Nübe Centro,Mostrador,Americano,1,5000,Nequi,
6520,2026-09-19,17:27,Nübe Centro,Mostrador,Tinto,1,3000,Nequi,
6521,2026-09-19,17:27,Nübe Centro,Mostrador,Croissant,1,6000,Tarjeta,
6522,2026-09-19,10:21,Nübe Centro,Mostrador,Croissant,1,6000,Nequi,C065
6522,2026-09-19,10:21,Nübe Centro,Mostrador,Tinto,1,3000,Nequi,C065
6523,2026-09-19,08:18,Nübe Centro,Mostrador,Capuchino,1,8500,Nequi,
6523,2026-09-19,08:18,Nübe Centro,Mostrador,Tinto,1,3000,Nequi,
6524,2026-09-19,12:28,Nübe Centro,Mostrador,Americano,1,5000,Tarjeta,C183
6525,2026-09-19,16:25,Nübe Centro,Mostrador,Chocolate caliente,1,7500,Nequi,
6526,2026-09-19,12:15,Nübe Centro,Mostrador,Croissant,1,6000,Nequi,
6527,2026-09-19,14:20,Nübe Centro,Mostrador,Croissant,1,6000,Efectivo,
6527,2026-09-19,14:20,Nübe Centro,Mostrador,Croissant de almendras,2,8000,Efectivo,
6528,2026-09-19,12:36,Nübe Centro,Mostrador,Americano,1,5000,Nequi,C256
6529,2026-09-19,07:43,Nübe Centro,Mostrador,Americano,1,5000,Tarjeta,
6529,2026-09-19,07:43,Nübe Centro,Mostrador,Capuchino,1,8500,Tarjeta,
6529,2026-09-19,07:43,Nübe Centro,Mostrador,Tinto,2,3000,Tarjeta,
6530,2026-09-19,09:32,Nübe Centro,Mostrador,Americano,1,5000,Nequi,C188
6530,2026-09-19,09:32,Nübe Centro,Mostrador,Croissant de almendras,1,8000,Nequi,C188
6531,2026-09-19,08:40,Nübe Centro,Mostrador,Croissant,1,6000,Nequi,
6532,2026-09-19,06:32,Nübe Centro,Mostrador,Americano,1,5000,Nequi,
6532,2026-09-19,06:32,Nübe Centro,Mostrador,Croissant,1,6000,Nequi,
6532,2026-09-19,06:32,Nübe Centro,Mostrador,Tinto,1,3000,Nequi,
6533,2026-09-19,09:37,Nübe Centro,Mostrador,Capuchino,1,8500,Tarjeta,
6534,2026-09-19,10:16,Nübe Centro,Mostrador,Americano,1,5000,Efectivo,C167
6535,2026-09-19,19:59,Nübe Centro,Mostrador,Croissant,1,6000,Nequi,
6536,2026-09-19,08:30,Nübe Centro,Mostrador,Croissant,1,6000,Tarjeta,C221
6536,2026-09-19,08:30,Nübe Centro,Mostrador,Croissant de almendras,3,8000,Tarjeta,C221
6536,2026-09-19,08:30,Nübe Centro,Mostrador,Tinto,3,3000,Tarjeta,C221
6537,2026-09-19,16:44,Nübe Centro,Domicilio,Chocolate caliente,1,7500,Nequi,
6538,2026-09-19,15:53,Nübe Centro,Mostrador,Capuchino,1,8500,Efectivo,C161
6539,2026-09-19,16:31,Nübe Centro,Mostrador,Frappé de café,1,11000,Efectivo,
6540,2026-09-19,16:37,Nübe Centro,Mostrador,Latte,1,9000,Nequi,C108
6540,2026-09-19,16:37,Nübe Centro,Mostrador,Tinto,1,3000,Nequi,C108
6541,2026-09-19,17:09,Nübe Altico,Domicilio,Tinto,1,3000,Nequi,C261
6542,2026-09-19,16:38,Nübe Altico,Mostrador,Capuchino,1,8500,Tarjeta,
6543,2026-09-19,10:15,Nübe Altico,Mostrador,Chocolate caliente,1,7500,Nequi,
6544,2026-09-19,19:27,Nübe Altico,Mostrador,Capuchino,2,8500,Tarjeta,
6545,2026-09-19,11:21,Nübe Altico,Mostrador,Americano,1,5000,Efectivo,
6546,2026-09-19,11:54,Nübe Altico,Mostrador,Tinto,1,3000,Nequi,C205
6547,2026-09-19,07:36,Nübe Altico,Mostrador,Croissant,1,6000,Tarjeta,C138
6548,2026-09-19,15:29,Nübe Altico,Mostrador,Latte,1,9000,Nequi,
6549,2026-09-19,07:57,Nübe Altico,Domicilio,Latte,1,9000,Nequi,C026
6550,2026-09-19,09:53,Nübe Altico,Mostrador,Chocolate caliente,1,7500,Nequi,
6550,2026-09-19,09:53,Nübe Altico,Mostrador,Latte,1,9000,Nequi,
6551,2026-09-19,07:20,Nübe Altico,Mostrador,Croissant,1,6000,Efectivo,C185
6552,2026-09-19,06:44,Nübe Altico,Mostrador,Croissant,2,6000,Tarjeta,
6552,2026-09-19,06:44,Nübe Altico,Mostrador,Croissant de almendras,1,8000,Tarjeta,
6553,2026-09-19,07:02,Nübe Altico,Mostrador,Americano,1,5000,Tarjeta,
6553,2026-09-19,07:02,Nübe Altico,Mostrador,Chocolate caliente,1,7500,Tarjeta,
6554,2026-09-19,09:16,Nübe Altico,Domicilio,Frappé de café,1,11000,Efectivo,
6555,2026-09-19,07:03,Nübe Altico,Mostrador,Croissant,1,6000,Nequi,
6555,2026-09-19,07:03,Nübe Altico,Mostrador,Frappé de café,1,11000,Nequi,
6556,2026-09-19,17:08,Nübe Altico,Mostrador,Tinto,1,3000,Nequi,
6557,2026-09-19,09:08,Nübe Altico,Mostrador,Latte,1,9000,Nequi,C269
6558,2026-09-19,12:21,Nübe Altico,Mostrador,Americano,1,5000,Efectivo,C031
6558,2026-09-19,12:21,Nübe Altico,Mostrador,Capuchino,1,8500,Efectivo,C031
6559,2026-09-19,08:33,Nübe Altico,Mostrador,Americano,1,5000,Sin dato,
6559,2026-09-19,08:33,Nübe Altico,Mostrador,Tinto,1,3000,Efectivo,
6560,2026-09-19,10:29,Nübe Altico,Mostrador,Tinto,1,3000,Nequi,C106
6561,2026-09-19,19:13,Nübe Altico,Mostrador,Americano,3,5000,Nequi,C206
6562,2026-09-19,13:59,Nübe Altico,Mostrador,Americano,1,5000,Nequi,C197
6563,2026-09-19,10:48,Nübe Altico,Mostrador,Capuchino,1,8500,Efectivo,C144
6564,2026-09-19,11:30,Nübe Altico,Mostrador,Latte,1,9000,Tarjeta,C126
6565,2026-09-19,06:52,Nübe Altico,Domicilio,Americano,1,5000,Nequi,C021
6565,2026-09-19,06:52,Nübe Altico,Domicilio,Croissant,1,6000,Nequi,C021
6566,2026-09-19,09:39,Nübe Altico,Domicilio,Capuchino,1,8500,Efectivo,
6567,2026-09-19,09:08,Nübe Altico,Mostrador,Tinto,1,3000,Tarjeta,C299
6568,2026-09-19,13:35,Nübe Altico,Mostrador,Americano,1,5000,Efectivo,C181
6568,2026-09-19,13:35,Nübe Altico,Mostrador,Capuchino,1,8500,Efectivo,C181
6569,2026-09-19,07:20,Nübe Altico,Mostrador,Americano,1,5000,Efectivo,
6569,2026-09-19,07:20,Nübe Altico,Mostrador,Capuchino,1,8500,Efectivo,
6570,2026-09-19,11:46,Nübe Altico,Mostrador,Capuchino,1,8500,Tarjeta,
6571,2026-09-19,18:56,Nübe Altico,Mostrador,Capuchino,2,8500,Nequi,
6572,2026-09-19,06:38,Nübe Altico,Mostrador,Americano,3,5000,Nequi,C281
6572,2026-09-19,06:38,Nübe Altico,Mostrador,Chocolate caliente,1,7500,Nequi,C281
6572,2026-09-19,06:38,Nübe Altico,Mostrador,Croissant,1,6000,Nequi,C281
6573,2026-09-19,11:48,Nübe Altico,Mostrador,Croissant de almendras,1,8000,Tarjeta,C105
6573,2026-09-19,11:48,Nübe Altico,Mostrador,Latte,1,9000,Tarjeta,C105
6574,2026-09-19,07:49,Nübe Altico,Mostrador,Frappé de café,2,11000,Nequi,
6575,2026-09-19,16:16,Nübe Altico,Mostrador,Croissant de almendras,1,8000,Efectivo,
6575,2026-09-19,16:16,Nübe Altico,Mostrador,Tinto,1,3000,Efectivo,
6576,2026-09-19,09:42,Nübe Altico,Mostrador,Croissant,2,6000,Tarjeta,
6577,2026-09-19,14:37,Nübe Altico,Mostrador,Americano,1,5000,Efectivo,
6578,2026-09-19,12:36,Nübe Altico,Mostrador,Frappé de café,1,11000,Efectivo,
6578,2026-09-19,12:36,Nübe Altico,Mostrador,Latte,1,9000,Efectivo,
6579,2026-09-19,09:32,Nübe Altico,Mostrador,Tinto,2,3000,Efectivo,C087
6580,2026-09-19,12:04,Nübe Altico,Domicilio,Croissant,1,6000,Nequi,
6580,2026-09-19,12:04,Nübe Altico,Domicilio,Latte,1,9000,Nequi,
6581,2026-09-19,13:41,Nübe Altico,Mostrador,Croissant de almendras,1,8000,Efectivo,C063
6581,2026-09-19,13:41,Nübe Altico,Mostrador,Latte,2,9000,Sin dato,C063
6582,2026-09-19,07:05,Nübe Altico,Mostrador,Chocolate caliente,1,7500,Tarjeta,
6583,2026-09-19,13:51,Nübe Altico,Mostrador,Croissant,1,6000,Nequi,
6584,2026-09-19,07:22,Nübe Altico,Mostrador,Americano,1,5000,Efectivo,C229
6585,2026-09-19,11:22,Nübe Altico,Mostrador,Capuchino,1,8500,Nequi,C054
6586,2026-09-19,15:49,Nübe Altico,Domicilio,Capuchino,1,8500,Efectivo,C053
6587,2026-09-19,10:31,Nübe Altico,Mostrador,Croissant,1,6000,Efectivo,
6587,2026-09-19,10:31,Nübe Altico,Mostrador,Croissant de almendras,1,8000,Efectivo,
6588,2026-09-19,07:13,Nübe Altico,Domicilio,Croissant,1,6000,Nequi,
6588,2026-09-19,07:13,Nübe Altico,Domicilio,Tinto,1,3000,Nequi,
6589,2026-09-19,10:19,Nübe Altico,Domicilio,Tinto,1,3000,Nequi,
6590,2026-09-19,08:15,Nübe Altico,Mostrador,Americano,1,5000,Nequi,C194
6590,2026-09-19,08:15,Nübe Altico,Mostrador,Tinto,1,3000,Nequi,C194
6591,2026-09-19,10:19,Nübe Altico,Mostrador,Capuchino,1,8500,Efectivo,C260
6592,2026-09-19,12:49,Nübe Altico,Mostrador,Capuchino,1,8500,Nequi,
6593,2026-09-19,15:33,Nübe Altico,Domicilio,Croissant,1,6000,Efectivo,C061
6594,2026-09-19,08:47,Nübe Altico,Mostrador,Latte,2,9000,Tarjeta,
6595,2026-09-19,18:34,Nübe Altico,Mostrador,Frappé de café,1,11000,Nequi,C068
6595,2026-09-19,18:34,Nübe Altico,Mostrador,Tinto,1,3000,Nequi,C068
6596,2026-09-19,09:21,Nübe Altico,Mostrador,Croissant,1,6000,Efectivo,
6597,2026-09-19,17:58,Nübe Altico,Mostrador,Croissant de almendras,1,8000,Nequi,C152
6597,2026-09-19,17:58,Nübe Altico,Mostrador,Frappé de café,1,11000,Nequi,C152
6598,2026-09-19,07:11,Nübe Altico,Mostrador,Croissant,1,6000,Efectivo,
6599,2026-09-19,16:29,Nübe Altico,Domicilio,Croissant de almendras,1,8000,Efectivo,
6600,2026-09-19,15:04,Nübe Altico,Mostrador,Tinto,1,3000,Efectivo,C035
6601,2026-09-19,07:16,Nübe Altico,Mostrador,Croissant,1,6000,Nequi,C171
6602,2026-09-19,18:17,Nübe Altico,Mostrador,Americano,1,5000,Efectivo,
6603,2026-09-19,09:51,Nübe Altico,Mostrador,Croissant,1,6000,Efectivo,C186
6603,2026-09-19,09:51,Nübe Altico,Mostrador,Croissant de almendras,2,8000,Efectivo,C186
6604,2026-09-19,16:55,Nübe Altico,Mostrador,Croissant,2,6000,Nequi,
6605,2026-09-19,12:03,Nübe Altico,Mostrador,Americano,1,5000,Tarjeta,C243
6605,2026-09-19,12:03,Nübe Altico,Mostrador,Frappé de café,2,11000,Tarjeta,C243
6605,2026-09-19,12:03,Nübe Altico,Mostrador,Tinto,1,3000,Tarjeta,C243
6606,2026-09-19,10:53,Nübe Altico,Mostrador,Capuchino,1,8500,Tarjeta,C127
6606,2026-09-19,10:53,Nübe Altico,Mostrador,Croissant,1,6000,Tarjeta,C127
6607,2026-09-19,16:21,Nübe Altico,Domicilio,Chocolate caliente,1,7500,Nequi,
6607,2026-09-19,16:21,Nübe Altico,Domicilio,Croissant,1,6000,Nequi,
6608,2026-09-19,07:05,Nübe Altico,Mostrador,Americano,2,5000,Efectivo,
6608,2026-09-19,07:05,Nübe Altico,Mostrador,Croissant,1,6000,Efectivo,
6609,2026-09-19,10:30,Nübe Altico,Mostrador,Croissant,1,6000,Efectivo,
6610,2026-09-19,15:09,Nübe Altico,Mostrador,Chocolate caliente,2,7500,Nequi,C289
6610,2026-09-19,15:09,Nübe Altico,Mostrador,Croissant de almendras,1,8000,Nequi,C289
6611,2026-09-19,09:04,Nübe Altico,Mostrador,Capuchino,1,8500,Tarjeta,C276
6612,2026-09-19,15:19,Nübe Altico,Domicilio,Capuchino,1,8500,Efectivo,
6613,2026-09-19,08:19,Nübe Altico,Mostrador,Capuchino,1,8500,Tarjeta,C249
6613,2026-09-19,08:19,Nübe Altico,Mostrador,Croissant,1,6000,Tarjeta,C249
6613,2026-09-19,08:19,Nübe Altico,Mostrador,Croissant de almendras,1,8000,Tarjeta,C249
6614,2026-09-19,08:55,Nübe Altico,Mostrador,Capuchino,1,8500,Efectivo,
6614,2026-09-19,08:55,Nübe Altico,Mostrador,Chocolate caliente,3,7500,Efectivo,
6614,2026-09-19,08:55,Nübe Altico,Mostrador,Tinto,1,3000,Efectivo,
6615,2026-09-19,16:21,Nübe Altico,Mostrador,Capuchino,1,8500,Nequi,C158
6616,2026-09-19,14:02,Nübe Altico,Mostrador,Americano,1,5000,Nequi,
6616,2026-09-19,14:02,Nübe Altico,Mostrador,Croissant,1,6000,Nequi,
6617,2026-09-19,07:38,Nübe Altico,Mostrador,Americano,1,5000,Nequi,C199
6618,2026-09-19,17:48,Nübe Altico,Mostrador,Americano,1,5000,Nequi,
6619,2026-09-19,07:52,Nübe Altico,Mostrador,Americano,1,5000,Efectivo,C220
6619,2026-09-19,07:52,Nübe Altico,Mostrador,Croissant,1,6000,Efectivo,C220
6619,2026-09-19,07:52,Nübe Altico,Mostrador,Tinto,1,3000,Efectivo,C220
6620,2026-09-19,08:42,Nübe Altico,Mostrador,Latte,1,9000,Tarjeta,
6621,2026-09-19,07:38,Nübe Altico,Mostrador,Tinto,1,3000,Efectivo,
6622,2026-09-19,17:59,Nübe Altico,Mostrador,Latte,1,9000,Efectivo,
6623,2026-09-19,19:28,Nübe Altico,Mostrador,Latte,2,9000,Nequi,
6624,2026-09-19,06:26,Nübe Altico,Mostrador,Croissant,1,6000,Tarjeta,
6625,2026-09-19,13:52,Nübe Altico,Mostrador,Croissant,1,6000,Tarjeta,C204
6625,2026-09-19,13:52,Nübe Altico,Mostrador,Tinto,1,3000,Tarjeta,C204
6626,2026-09-20,13:52,Nübe Centro,Mostrador,Frappé de café,1,11000,Tarjeta,
6627,2026-09-20,14:36,Nübe Centro,Domicilio,Capuchino,2,8500,Tarjeta,C259
6628,2026-09-20,16:04,Nübe Centro,Mostrador,Chocolate caliente,1,7500,Efectivo,
6629,2026-09-20,08:25,Nübe Centro,Mostrador,Latte,1,9000,Tarjeta,
6629,2026-09-20,08:25,Nübe Centro,Mostrador,Tinto,3,3000,Tarjeta,
6630,2026-09-20,07:01,Nübe Centro,Mostrador,Chocolate caliente,1,7500,Nequi,
6631,2026-09-20,17:18,Nübe Centro,Mostrador,Chocolate caliente,1,7500,Tarjeta,C151
6632,2026-09-20,08:54,Nübe Centro,Mostrador,Latte,3,9000,Efectivo,
6632,2026-09-20,08:54,Nübe Centro,Mostrador,Tinto,1,3000,Efectivo,
6633,2026-09-20,11:43,Nübe Centro,Domicilio,Frappé de café,1,11000,Nequi,
6634,2026-09-20,17:54,Nübe Centro,Mostrador,Americano,1,5000,Nequi,
6634,2026-09-20,17:54,Nübe Centro,Mostrador,Capuchino,1,8500,Nequi,
6634,2026-09-20,17:54,Nübe Centro,Mostrador,Frappé de café,1,11000,Nequi,
6635,2026-09-20,12:59,Nübe Centro,Mostrador,Croissant,1,6000,Nequi,
6635,2026-09-20,12:59,Nübe Centro,Mostrador,Latte,1,9000,Nequi,
6635,2026-09-20,12:59,Nübe Centro,Mostrador,Tinto,1,3000,Nequi,
6636,2026-09-20,14:50,Nübe Centro,Mostrador,Croissant,2,6000,Nequi,C252
6636,2026-09-20,14:50,Nübe Centro,Mostrador,Tinto,2,3000,Nequi,C252
6637,2026-09-20,17:23,Nübe Centro,Domicilio,Croissant,2,6000,Tarjeta,
6638,2026-09-20,15:31,Nübe Centro,Mostrador,Croissant de almendras,1,8000,Nequi,C181
6639,2026-09-20,19:00,Nübe Centro,Mostrador,Frappé de café,1,11000,Sin dato,
6639,2026-09-20,19:00,Nübe Centro,Mostrador,Latte,2,9000,Efectivo,
6640,2026-09-20,19:13,Nübe Centro,Mostrador,Tinto,1,3000,Efectivo,
6641,2026-09-20,17:13,Nübe Centro,Mostrador,Capuchino,1,8500,Efectivo,C141
6641,2026-09-20,17:13,Nübe Centro,Mostrador,Croissant,1,6000,Efectivo,C141
6641,2026-09-20,17:13,Nübe Centro,Mostrador,Latte,3,9000,Efectivo,C141
6642,2026-09-20,16:47,Nübe Centro,Mostrador,Croissant,1,6000,Tarjeta,C180
6643,2026-09-20,09:03,Nübe Centro,Mostrador,Chocolate caliente,1,7500,Nequi,
6643,2026-09-20,09:03,Nübe Centro,Mostrador,Croissant,1,6000,Nequi,
6643,2026-09-20,09:03,Nübe Centro,Mostrador,Croissant de almendras,3,8000,Nequi,
6644,2026-09-20,18:07,Nübe Centro,Domicilio,Capuchino,1,8500,Efectivo,
6644,2026-09-20,18:07,Nübe Centro,Domicilio,Tinto,1,3000,Efectivo,
6645,2026-09-20,19:51,Nübe Centro,Domicilio,Capuchino,1,8500,Tarjeta,
6645,2026-09-20,19:51,Nübe Centro,Domicilio,Latte,1,9000,Tarjeta,
6646,2026-09-20,09:13,Nübe Centro,Mostrador,Chocolate caliente,2,7500,Nequi,
6646,2026-09-20,09:13,Nübe Centro,Mostrador,Croissant,1,6000,Nequi,
6647,2026-09-20,15:28,Nübe Centro,Mostrador,Capuchino,1,8500,Efectivo,
6648,2026-09-20,19:04,Nübe Centro,Domicilio,Croissant,1,6000,Efectivo,
6648,2026-09-20,19:04,Nübe Centro,Domicilio,Frappé de café,1,11000,Efectivo,
6649,2026-09-20,14:38,Nübe Centro,Mostrador,Croissant,1,6000,Sin dato,
6649,2026-09-20,14:38,Nübe Centro,Mostrador,Croissant de almendras,1,8000,Efectivo,
6649,2026-09-20,14:38,Nübe Centro,Mostrador,Tinto,2,3000,Efectivo,
6650,2026-09-20,08:15,Nübe Centro,Mostrador,Capuchino,1,8500,Nequi,
6650,2026-09-20,08:15,Nübe Centro,Mostrador,Latte,1,9000,Nequi,
6651,2026-09-20,08:24,Nübe Centro,Mostrador,Tinto,1,3000,Tarjeta,
6652,2026-09-20,17:38,Nübe Centro,Mostrador,Americano,1,5000,Nequi,
6652,2026-09-20,17:38,Nübe Centro,Mostrador,Capuchino,2,8500,Nequi,
6653,2026-09-20,20:29,Nübe Centro,Mostrador,Tinto,1,3000,Efectivo,
6654,2026-09-20,10:35,Nübe Centro,Mostrador,Latte,1,9000,Nequi,
6655,2026-09-20,16:37,Nübe Centro,Domicilio,Capuchino,3,8500,Efectivo,
6655,2026-09-20,16:37,Nübe Centro,Domicilio,Chocolate caliente,1,7500,Efectivo,
6655,2026-09-20,16:37,Nübe Centro,Domicilio,Croissant,1,6000,Efectivo,
6656,2026-09-20,16:23,Nübe Centro,Mostrador,Frappé de café,1,11000,Nequi,
6657,2026-09-20,10:39,Nübe Centro,Domicilio,Croissant,1,6000,Tarjeta,
6658,2026-09-20,16:58,Nübe Centro,Mostrador,Frappé de café,1,11000,Nequi,
6658,2026-09-20,16:58,Nübe Centro,Mostrador,Latte,1,9000,Nequi,
6659,2026-09-20,08:44,Nübe Centro,Mostrador,Americano,2,5000,Efectivo,
6659,2026-09-20,08:44,Nübe Centro,Mostrador,Croissant,1,6000,Efectivo,
6659,2026-09-20,08:44,Nübe Centro,Mostrador,Tinto,2,3000,Efectivo,
6660,2026-09-20,06:56,Nübe Centro,Mostrador,Americano,1,5000,Efectivo,C257
6660,2026-09-20,06:56,Nübe Centro,Mostrador,Capuchino,1,8500,Efectivo,C257
6661,2026-09-20,11:38,Nübe Centro,Mostrador,Croissant de almendras,1,8000,Efectivo,
6661,2026-09-20,11:38,Nübe Centro,Mostrador,Frappé de café,1,11000,Efectivo,
6662,2026-09-20,10:32,Nübe Centro,Mostrador,Croissant,1,6000,Nequi,C171
6662,2026-09-20,10:32,Nübe Centro,Mostrador,Latte,1,9000,Nequi,C171
6663,2026-09-20,13:30,Nübe Centro,Mostrador,Croissant,1,6000,Tarjeta,
6663,2026-09-20,13:30,Nübe Centro,Mostrador,Tinto,3,3000,Tarjeta,
6664,2026-09-20,09:17,Nübe Centro,Domicilio,Croissant,1,6000,Nequi,
6665,2026-09-20,14:49,Nübe Centro,Mostrador,Croissant de almendras,1,8000,Nequi,
6666,2026-09-20,06:39,Nübe Centro,Mostrador,Americano,2,5000,Nequi,
6666,2026-09-20,06:39,Nübe Centro,Mostrador,Croissant de almendras,2,8000,Nequi,
6667,2026-09-20,07:27,Nübe Centro,Mostrador,Tinto,1,3000,Efectivo,
6668,2026-09-20,11:04,Nübe Centro,Mostrador,Frappé de café,1,11000,Tarjeta,
6669,2026-09-20,14:50,Nübe Centro,Mostrador,Croissant de almendras,1,8000,Tarjeta,
6670,2026-09-20,11:30,Nübe Centro,Domicilio,Croissant de almendras,1,8000,Efectivo,C220
6671,2026-09-20,09:06,Nübe Centro,Mostrador,Americano,1,5000,Tarjeta,
6671,2026-09-20,09:06,Nübe Centro,Mostrador,Tinto,1,3000,Tarjeta,
6672,2026-09-20,11:49,Nübe Centro,Mostrador,Frappé de café,1,11000,Efectivo,C139
6672,2026-09-20,11:49,Nübe Centro,Mostrador,Tinto,1,3000,Efectivo,C139
6673,2026-09-20,19:20,Nübe Centro,Mostrador,Americano,1,5000,Efectivo,C172
6673,2026-09-20,19:20,Nübe Centro,Mostrador,Latte,1,9000,Efectivo,C172
6673,2026-09-20,19:20,Nübe Centro,Mostrador,Tinto,3,3000,Efectivo,C172
6674,2026-09-20,09:30,Nübe Centro,Mostrador,Croissant,1,6000,Tarjeta,
6674,2026-09-20,09:30,Nübe Centro,Mostrador,Tinto,2,3000,Tarjeta,
6675,2026-09-20,17:14,Nübe Centro,Domicilio,Croissant,1,6000,Efectivo,
6675,2026-09-20,17:14,Nübe Centro,Domicilio,Frappé de café,1,11000,Efectivo,
6675,2026-09-20,17:14,Nübe Centro,Domicilio,Tinto,1,3000,Sin dato,
6676,2026-09-20,19:42,Nübe Centro,Mostrador,Tinto,1,3000,Tarjeta,
6677,2026-09-20,06:11,Nübe Centro,Mostrador,Tinto,2,3000,Nequi,
6678,2026-09-20,17:02,Nübe Centro,Mostrador,Croissant,1,6000,Sin dato,
6679,2026-09-20,11:44,Nübe Centro,Domicilio,Croissant,1,6000,Efectivo,
6679,2026-09-20,11:44,Nübe Centro,Domicilio,Tinto,2,3000,Sin dato,
6680,2026-09-20,20:02,Nübe Centro,Mostrador,Capuchino,1,8500,Efectivo,
6681,2026-09-20,13:16,Nübe Centro,Domicilio,Croissant,1,6000,Nequi,
6681,2026-09-20,13:16,Nübe Centro,Domicilio,Frappé de café,2,11000,Nequi,
6682,2026-09-20,07:24,Nübe Centro,Mostrador,Capuchino,1,8500,Tarjeta,
6683,2026-09-20,09:12,Nübe Centro,Mostrador,Croissant de almendras,2,8000,Efectivo,
6683,2026-09-20,09:12,Nübe Centro,Mostrador,Tinto,1,3000,Efectivo,
6684,2026-09-20,12:11,Nübe Centro,Mostrador,Capuchino,1,8500,Tarjeta,
6685,2026-09-20,20:33,Nübe Centro,Domicilio,Chocolate caliente,2,7500,Efectivo,
6686,2026-09-20,16:13,Nübe Centro,Mostrador,Americano,3,5000,Nequi,
6687,2026-09-20,09:02,Nübe Centro,Domicilio,Capuchino,2,8500,Nequi,
6687,2026-09-20,09:02,Nübe Centro,Domicilio,Croissant,2,6000,Nequi,
6688,2026-09-20,10:57,Nübe Centro,Mostrador,Capuchino,1,8500,Tarjeta,
6689,2026-09-20,07:21,Nübe Centro,Mostrador,Americano,1,5000,Nequi,
6690,2026-09-20,13:34,Nübe Centro,Mostrador,Capuchino,1,8500,Nequi,C005
6691,2026-09-20,09:31,Nübe Centro,Domicilio,Capuchino,2,8500,Efectivo,C273
6691,2026-09-20,09:31,Nübe Centro,Domicilio,Tinto,3,3000,Efectivo,C273
6692,2026-09-20,10:04,Nübe Centro,Mostrador,Croissant de almendras,2,8000,Efectivo,C168
6693,2026-09-20,08:27,Nübe Centro,Domicilio,Americano,1,5000,Tarjeta,
6693,2026-09-20,08:27,Nübe Centro,Domicilio,Croissant,1,6000,Tarjeta,
6693,2026-09-20,08:27,Nübe Centro,Domicilio,Tinto,1,3000,Tarjeta,
6694,2026-09-20,08:45,Nübe Centro,Mostrador,Capuchino,1,8500,Efectivo,C286
6695,2026-09-20,07:56,Nübe Centro,Mostrador,Chocolate caliente,1,7500,Nequi,
6695,2026-09-20,07:56,Nübe Centro,Mostrador,Croissant,1,6000,Nequi,
6696,2026-09-20,12:45,Nübe Centro,Mostrador,Croissant,2,6000,Efectivo,C024
6697,2026-09-20,15:56,Nübe Centro,Mostrador,Croissant de almendras,1,8000,Nequi,
6697,2026-09-20,15:56,Nübe Centro,Mostrador,Tinto,1,3000,Nequi,
6698,2026-09-20,13:38,Nübe Centro,Domicilio,Chocolate caliente,1,7500,Nequi,C003
6698,2026-09-20,13:38,Nübe Centro,Domicilio,Croissant,1,6000,Nequi,C003
6698,2026-09-20,13:38,Nübe Centro,Domicilio,Frappé de café,1,11000,Nequi,C003
6699,2026-09-20,09:56,Nübe Centro,Mostrador,Capuchino,1,8500,Efectivo,
6699,2026-09-20,09:56,Nübe Centro,Mostrador,Latte,1,9000,Efectivo,
6700,2026-09-20,08:21,Nübe Centro,Domicilio,Capuchino,1,8500,Sin dato,
6700,2026-09-20,08:21,Nübe Centro,Domicilio,Frappé de café,1,11000,Efectivo,
6700,2026-09-20,08:21,Nübe Centro,Domicilio,Tinto,1,3000,Efectivo,
6701,2026-09-20,08:25,Nübe Centro,Domicilio,Croissant,1,6000,Nequi,C122
6701,2026-09-20,08:25,Nübe Centro,Domicilio,Tinto,1,3000,Nequi,C122
6702,2026-09-20,14:27,Nübe Centro,Mostrador,Capuchino,1,8500,Efectivo,C200
6703,2026-09-20,15:20,Nübe Centro,Mostrador,Americano,1,5000,Tarjeta,
6704,2026-09-20,19:55,Nübe Centro,Mostrador,Chocolate caliente,1,7500,Efectivo,C065
6704,2026-09-20,19:55,Nübe Centro,Mostrador,Croissant,1,6000,Efectivo,C065
6704,2026-09-20,19:55,Nübe Centro,Mostrador,Latte,1,9000,Efectivo,C065
6705,2026-09-20,09:58,Nübe Centro,Mostrador,Tinto,1,3000,Efectivo,
6706,2026-09-20,20:27,Nübe Centro,Mostrador,Croissant de almendras,2,8000,Tarjeta,C183
6706,2026-09-20,20:27,Nübe Centro,Mostrador,Tinto,2,3000,Tarjeta,C183
6707,2026-09-20,07:52,Nübe Altico,Mostrador,Americano,2,5000,Tarjeta,C252
6707,2026-09-20,07:52,Nübe Altico,Mostrador,Croissant,1,6000,Tarjeta,C252
6707,2026-09-20,07:52,Nübe Altico,Mostrador,Croissant de almendras,1,8000,Tarjeta,C252
6708,2026-09-20,09:17,Nübe Altico,Mostrador,Americano,1,5000,Efectivo,
6708,2026-09-20,09:17,Nübe Altico,Mostrador,Tinto,1,3000,Efectivo,
6709,2026-09-20,07:35,Nübe Altico,Mostrador,Capuchino,2,8500,Efectivo,C092
6710,2026-09-20,13:10,Nübe Altico,Mostrador,Tinto,1,3000,Tarjeta,C175
6711,2026-09-20,16:33,Nübe Altico,Mostrador,Americano,1,5000,Efectivo,C129
6712,2026-09-20,13:31,Nübe Altico,Mostrador,Americano,1,5000,Tarjeta,C049
6713,2026-09-20,08:13,Nübe Altico,Mostrador,Americano,3,5000,Tarjeta,C050
6714,2026-09-20,10:13,Nübe Altico,Mostrador,Croissant,1,6000,Efectivo,
6714,2026-09-20,10:13,Nübe Altico,Mostrador,Tinto,1,3000,Efectivo,
6715,2026-09-20,16:22,Nübe Altico,Mostrador,Chocolate caliente,2,7500,Efectivo,C213
6716,2026-09-20,10:13,Nübe Altico,Domicilio,Croissant,1,6000,Tarjeta,
6716,2026-09-20,10:13,Nübe Altico,Domicilio,Tinto,2,3000,Tarjeta,
6717,2026-09-20,10:24,Nübe Altico,Domicilio,Tinto,1,3000,Tarjeta,
6718,2026-09-20,13:31,Nübe Altico,Mostrador,Americano,1,5000,Nequi,
6719,2026-09-20,16:31,Nübe Altico,Mostrador,Americano,1,5000,Efectivo,
6719,2026-09-20,16:31,Nübe Altico,Mostrador,Tinto,1,3000,Efectivo,
6720,2026-09-20,07:22,Nübe Altico,Mostrador,Capuchino,1,8500,Nequi,C291
6720,2026-09-20,07:22,Nübe Altico,Mostrador,Tinto,1,3000,Nequi,C291
6721,2026-09-20,08:50,Nübe Altico,Mostrador,Chocolate caliente,1,7500,Nequi,C187
6722,2026-09-20,10:50,Nübe Altico,Mostrador,Tinto,1,3000,Sin dato,
6723,2026-09-20,14:33,Nübe Altico,Mostrador,Croissant de almendras,1,8000,Efectivo,
6723,2026-09-20,14:33,Nübe Altico,Mostrador,Tinto,1,3000,Efectivo,
6724,2026-09-20,06:30,Nübe Altico,Mostrador,Tinto,1,3000,Nequi,C212
6725,2026-09-20,09:16,Nübe Altico,Mostrador,Capuchino,1,8500,Nequi,C140
6726,2026-09-20,08:41,Nübe Altico,Domicilio,Capuchino,1,8500,Nequi,C277
6727,2026-09-20,13:00,Nübe Altico,Domicilio,Americano,1,5000,Nequi,
6728,2026-09-20,12:21,Nübe Altico,Domicilio,Croissant de almendras,2,8000,Tarjeta,C237
6729,2026-09-20,09:18,Nübe Altico,Mostrador,Latte,1,9000,Tarjeta,
6730,2026-09-20,19:03,Nübe Altico,Mostrador,Chocolate caliente,1,7500,Nequi,
6731,2026-09-20,15:38,Nübe Altico,Mostrador,Capuchino,1,8500,Efectivo,
6732,2026-09-20,08:53,Nübe Altico,Domicilio,Capuchino,2,8500,Tarjeta,C271
6732,2026-09-20,08:53,Nübe Altico,Domicilio,Croissant,2,6000,Tarjeta,C271
6733,2026-09-20,12:24,Nübe Altico,Mostrador,Croissant,1,6000,Tarjeta,
6733,2026-09-20,12:24,Nübe Altico,Mostrador,Tinto,1,3000,Tarjeta,
6734,2026-09-20,07:50,Nübe Altico,Domicilio,Chocolate caliente,1,7500,Efectivo,
6735,2026-09-20,08:16,Nübe Altico,Mostrador,Capuchino,1,8500,Efectivo,
6735,2026-09-20,08:16,Nübe Altico,Mostrador,Tinto,1,3000,Efectivo,
6736,2026-09-20,14:47,Nübe Altico,Mostrador,Tinto,1,3000,Efectivo,
6737,2026-09-20,14:41,Nübe Altico,Mostrador,Croissant,1,6000,Tarjeta,
6737,2026-09-20,14:41,Nübe Altico,Mostrador,Latte,1,9000,Tarjeta,
6738,2026-09-20,09:30,Nübe Altico,Domicilio,Latte,1,9000,Tarjeta,
6739,2026-09-20,14:12,Nübe Altico,Mostrador,Latte,1,9000,Efectivo,C060
6740,2026-09-20,10:07,Nübe Altico,Mostrador,Capuchino,1,8500,Tarjeta,
6740,2026-09-20,10:07,Nübe Altico,Mostrador,Croissant,2,6000,Tarjeta,
6740,2026-09-20,10:07,Nübe Altico,Mostrador,Croissant de almendras,1,8000,Tarjeta,
6741,2026-09-20,11:28,Nübe Altico,Mostrador,Capuchino,2,8500,Nequi,
6742,2026-09-20,16:28,Nübe Altico,Domicilio,Croissant de almendras,2,8000,Efectivo,C280
6743,2026-09-20,19:34,Nübe Altico,Mostrador,Chocolate caliente,1,7500,Efectivo,
6744,2026-09-20,16:30,Nübe Altico,Domicilio,Capuchino,2,8500,Efectivo,
6745,2026-09-20,09:14,Nübe Altico,Mostrador,Croissant,1,6000,Efectivo,C039
6746,2026-09-20,08:15,Nübe Altico,Domicilio,Croissant,1,6000,Nequi,
6746,2026-09-20,08:15,Nübe Altico,Domicilio,Tinto,1,3000,Nequi,
6747,2026-09-20,10:48,Nübe Altico,Mostrador,Latte,3,9000,Efectivo,
6748,2026-09-20,06:51,Nübe Altico,Mostrador,Tinto,1,3000,Tarjeta,
6749,2026-09-20,10:10,Nübe Altico,Mostrador,Americano,1,5000,Efectivo,C239
6749,2026-09-20,10:10,Nübe Altico,Mostrador,Croissant,1,6000,Efectivo,C239
6750,2026-09-20,07:13,Nübe Altico,Mostrador,Tinto,1,3000,Nequi,C293
6751,2026-09-20,11:31,Nübe Altico,Mostrador,Croissant de almendras,1,8000,Tarjeta,C186
6751,2026-09-20,11:31,Nübe Altico,Mostrador,Tinto,1,3000,Tarjeta,C186
6752,2026-09-20,06:05,Nübe Altico,Mostrador,Latte,1,9000,Nequi,
6753,2026-09-20,08:15,Nübe Altico,Mostrador,Croissant,1,6000,Tarjeta,
6754,2026-09-20,07:48,Nübe Altico,Mostrador,Croissant,3,6000,Tarjeta,C097
6755,2026-09-20,07:09,Nübe Altico,Mostrador,Latte,1,9000,Tarjeta,
6756,2026-09-20,15:37,Nübe Altico,Domicilio,Croissant de almendras,1,8000,Nequi,
6758,2026-09-20,17:23,Nübe Altico,Domicilio,Americano,1,5000,Efectivo,C031
6759,2026-09-20,18:44,Nübe Altico,Mostrador,Croissant de almendras,1,8000,Sin dato,
6760,2026-09-20,17:54,Nübe Altico,Domicilio,Tinto,1,3000,Tarjeta,
6761,2026-09-20,15:41,Nübe Altico,Mostrador,Capuchino,1,8500,Nequi,
6761,2026-09-20,15:41,Nübe Altico,Mostrador,Chocolate caliente,2,7500,Nequi,
6762,2026-09-20,07:04,Nübe Altico,Mostrador,Croissant,2,6000,Efectivo,
6762,2026-09-20,07:04,Nübe Altico,Mostrador,Tinto,1,3000,Efectivo,
6763,2026-09-20,12:34,Nübe Altico,Mostrador,Chocolate caliente,1,7500,Efectivo,
6763,2026-09-20,12:34,Nübe Altico,Mostrador,Croissant,1,6000,Efectivo,
6764,2026-09-21,15:02,Nübe Centro,Mostrador,Capuchino,1,8500,Efectivo,C153
6765,2026-09-21,17:56,Nübe Centro,Domicilio,Capuchino,1,8500,Tarjeta,C299
6766,2026-09-21,07:30,Nübe Centro,Mostrador,Capuchino,2,8500,Nequi,C264
6766,2026-09-21,07:30,Nübe Centro,Mostrador,Latte,1,9000,Nequi,C264
6766,2026-09-21,07:30,Nübe Centro,Mostrador,Tinto,1,3000,Nequi,C264
6767,2026-09-21,15:47,Nübe Centro,Mostrador,Capuchino,1,8500,Tarjeta,
6767,2026-09-21,15:47,Nübe Centro,Mostrador,Croissant,2,6000,Tarjeta,
6768,2026-09-21,06:30,Nübe Centro,Mostrador,Croissant,1,6000,Efectivo,
6769,2026-09-21,07:37,Nübe Centro,Mostrador,Capuchino,2,8500,Nequi,C184
6769,2026-09-21,07:37,Nübe Centro,Mostrador,Croissant,1,6000,Nequi,C184
6770,2026-09-21,11:39,Nübe Centro,Domicilio,Croissant de almendras,1,8000,Tarjeta,
6771,2026-09-21,09:57,Nübe Centro,Mostrador,Tinto,1,3000,Efectivo,C157
6772,2026-09-21,18:34,Nübe Centro,Mostrador,Capuchino,1,8500,Tarjeta,
6773,2026-09-21,09:07,Nübe Centro,Domicilio,Capuchino,1,8500,Tarjeta,C204
6773,2026-09-21,09:07,Nübe Centro,Domicilio,Croissant,1,6000,Tarjeta,C204
6774,2026-09-21,14:43,Nübe Centro,Mostrador,Latte,1,9000,Efectivo,C228
6775,2026-09-21,06:39,Nübe Centro,Mostrador,Croissant de almendras,1,8000,Efectivo,C165
6775,2026-09-21,06:39,Nübe Centro,Mostrador,Frappé de café,1,11000,Efectivo,C165
6776,2026-09-21,11:04,Nübe Centro,Mostrador,Americano,1,5000,Tarjeta,
6776,2026-09-21,11:04,Nübe Centro,Mostrador,Capuchino,2,8500,Tarjeta,
6777,2026-09-21,10:29,Nübe Centro,Mostrador,Chocolate caliente,3,7500,Nequi,
6777,2026-09-21,10:29,Nübe Centro,Mostrador,Tinto,2,3000,Nequi,
6778,2026-09-21,15:03,Nübe Centro,Mostrador,Tinto,1,3000,Nequi,C034
6779,2026-09-21,09:08,Nübe Centro,Domicilio,Americano,1,5000,Tarjeta,C083
6779,2026-09-21,09:08,Nübe Centro,Domicilio,Croissant,1,6000,Tarjeta,C083
6780,2026-09-21,07:32,Nübe Centro,Domicilio,Capuchino,1,8500,Nequi,
6780,2026-09-21,07:32,Nübe Centro,Domicilio,Croissant,2,6000,Nequi,
6781,2026-09-21,10:20,Nübe Centro,Mostrador,Croissant de almendras,1,8000,Efectivo,
6782,2026-09-21,07:30,Nübe Centro,Mostrador,Capuchino,1,8500,Efectivo,
6782,2026-09-21,07:30,Nübe Centro,Mostrador,Latte,1,9000,Efectivo,
6783,2026-09-21,08:35,Nübe Centro,Mostrador,Croissant,2,6000,Tarjeta,
6783,2026-09-21,08:35,Nübe Centro,Mostrador,Croissant de almendras,1,8000,Tarjeta,
6784,2026-09-21,08:08,Nübe Centro,Mostrador,Croissant,1,6000,Nequi,
6785,2026-09-21,09:34,Nübe Centro,Mostrador,Capuchino,1,8500,Tarjeta,
6785,2026-09-21,09:34,Nübe Centro,Mostrador,Croissant,1,6000,Tarjeta,
6785,2026-09-21,09:34,Nübe Centro,Mostrador,Tinto,1,3000,Tarjeta,
6786,2026-09-21,13:22,Nübe Centro,Mostrador,Croissant,1,6000,Tarjeta,C253
6786,2026-09-21,13:22,Nübe Centro,Mostrador,Croissant de almendras,2,8000,Tarjeta,C253
6786,2026-09-21,13:22,Nübe Centro,Mostrador,Latte,2,9000,Tarjeta,C253
6787,2026-09-21,08:07,Nübe Centro,Mostrador,Croissant,1,6000,Nequi,C272
6788,2026-09-21,10:20,Nübe Centro,Mostrador,Croissant de almendras,2,8000,Nequi,
6788,2026-09-21,10:20,Nübe Centro,Mostrador,Tinto,1,3000,Nequi,
6789,2026-09-21,07:57,Nübe Centro,Mostrador,Capuchino,1,8500,Tarjeta,
6790,2026-09-21,18:04,Nübe Centro,Mostrador,Americano,1,5000,Nequi,C157
6791,2026-09-21,07:15,Nübe Centro,Mostrador,Chocolate caliente,1,7500,Efectivo,
6791,2026-09-21,07:15,Nübe Centro,Mostrador,Tinto,1,3000,Efectivo,
6792,2026-09-21,07:49,Nübe Centro,Domicilio,Capuchino,1,8500,Efectivo,C284
6792,2026-09-21,07:49,Nübe Centro,Domicilio,Croissant de almendras,1,8000,Efectivo,C284
6793,2026-09-21,08:09,Nübe Centro,Mostrador,Capuchino,2,8500,Tarjeta,C099
6794,2026-09-21,08:37,Nübe Centro,Mostrador,Capuchino,2,8500,Nequi,
6795,2026-09-21,10:49,Nübe Centro,Mostrador,Croissant,1,6000,Tarjeta,
6796,2026-09-21,08:01,Nübe Centro,Mostrador,Americano,1,5000,Nequi,
6796,2026-09-21,08:01,Nübe Centro,Mostrador,Croissant,1,6000,Nequi,
6797,2026-09-21,12:47,Nübe Centro,Mostrador,Croissant de almendras,1,8000,Efectivo,
6798,2026-09-21,17:29,Nübe Centro,Mostrador,Chocolate caliente,1,7500,Nequi,C274
6798,2026-09-21,17:29,Nübe Centro,Mostrador,Croissant,1,6000,Nequi,C274
6798,2026-09-21,17:29,Nübe Centro,Mostrador,Frappé de café,1,11000,Nequi,C274
6799,2026-09-21,17:52,Nübe Centro,Mostrador,Frappé de café,1,11000,Efectivo,C062
6800,2026-09-21,17:30,Nübe Centro,Domicilio,Americano,1,5000,Efectivo,
6800,2026-09-21,17:30,Nübe Centro,Domicilio,Croissant de almendras,1,8000,Efectivo,
6801,2026-09-21,20:06,Nübe Centro,Mostrador,Americano,1,5000,Tarjeta,
6802,2026-09-21,15:43,Nübe Centro,Mostrador,Croissant,1,6000,Efectivo,
6803,2026-09-21,09:16,Nübe Centro,Mostrador,Americano,2,5000,Tarjeta,C030
6804,2026-09-21,10:48,Nübe Centro,Mostrador,Americano,1,5000,Nequi,
6804,2026-09-21,10:48,Nübe Centro,Mostrador,Latte,1,9000,Nequi,
6805,2026-09-21,16:36,Nübe Centro,Mostrador,Croissant de almendras,1,8000,Tarjeta,C099
6806,2026-09-21,20:01,Nübe Centro,Mostrador,Capuchino,2,8500,Tarjeta,
6806,2026-09-21,20:01,Nübe Centro,Mostrador,Chocolate caliente,1,7500,Tarjeta,
6807,2026-09-21,06:34,Nübe Centro,Mostrador,Chocolate caliente,2,7500,Efectivo,C213
6808,2026-09-21,18:36,Nübe Centro,Domicilio,Capuchino,1,8500,Nequi,
6808,2026-09-21,18:36,Nübe Centro,Domicilio,Tinto,1,3000,Nequi,
6809,2026-09-21,10:53,Nübe Centro,Mostrador,Capuchino,1,8500,Nequi,
6809,2026-09-21,10:53,Nübe Centro,Mostrador,Latte,1,9000,Nequi,
6810,2026-09-21,06:06,Nübe Centro,Mostrador,Croissant,3,6000,Tarjeta,
6810,2026-09-21,06:06,Nübe Centro,Mostrador,Latte,1,9000,Tarjeta,
6811,2026-09-21,06:01,Nübe Centro,Mostrador,Americano,1,5000,Sin dato,C202
6812,2026-09-21,08:52,Nübe Centro,Mostrador,Capuchino,1,8500,Tarjeta,C045
6812,2026-09-21,08:52,Nübe Centro,Mostrador,Croissant,2,6000,Sin dato,C045
6812,2026-09-21,08:52,Nübe Centro,Mostrador,Latte,1,9000,Tarjeta,C045
6813,2026-09-21,09:02,Nübe Centro,Mostrador,Tinto,2,3000,Nequi,C069
6814,2026-09-21,11:05,Nübe Centro,Mostrador,Capuchino,1,8500,Efectivo,
6815,2026-09-21,09:26,Nübe Centro,Domicilio,Latte,1,9000,Nequi,
6815,2026-09-21,09:26,Nübe Centro,Domicilio,Tinto,1,3000,Nequi,
6816,2026-09-21,12:41,Nübe Centro,Mostrador,Capuchino,1,8500,Nequi,C071
6816,2026-09-21,12:41,Nübe Centro,Mostrador,Chocolate caliente,1,7500,Nequi,C071
6816,2026-09-21,12:41,Nübe Centro,Mostrador,Tinto,1,3000,Nequi,C071
6817,2026-09-21,10:15,Nübe Centro,Mostrador,Chocolate caliente,1,7500,Efectivo,
6817,2026-09-21,10:15,Nübe Centro,Mostrador,Croissant,1,6000,Efectivo,
6818,2026-09-21,07:56,Nübe Centro,Mostrador,Americano,1,5000,Efectivo,
6819,2026-09-21,08:11,Nübe Centro,Mostrador,Americano,1,5000,Efectivo,
6820,2026-09-21,19:46,Nübe Centro,Mostrador,Capuchino,1,8500,Efectivo,C009
6820,2026-09-21,19:46,Nübe Centro,Mostrador,Chocolate caliente,1,7500,Sin dato,C009
6821,2026-09-21,17:32,Nübe Centro,Mostrador,Croissant,1,6000,Nequi,
6821,2026-09-21,17:32,Nübe Centro,Mostrador,Tinto,2,3000,Nequi,
6822,2026-09-21,17:07,Nübe Centro,Mostrador,Latte,1,9000,Nequi,
6823,2026-09-21,10:12,Nübe Centro,Mostrador,Americano,1,5000,Tarjeta,C052
6823,2026-09-21,10:12,Nübe Centro,Mostrador,Croissant,1,6000,Tarjeta,C052
6823,2026-09-21,10:12,Nübe Centro,Mostrador,Croissant de almendras,2,8000,Tarjeta,C052
6824,2026-09-21,08:27,Nübe Centro,Domicilio,Americano,1,5000,Nequi,
6825,2026-09-21,07:27,Nübe Centro,Mostrador,Latte,1,9000,Efectivo,
6826,2026-09-21,09:05,Nübe Centro,Mostrador,Tinto,1,3000,Nequi,C075
6827,2026-09-21,09:52,Nübe Centro,Mostrador,Frappé de café,2,11000,Nequi,
6828,2026-09-21,08:51,Nübe Centro,Domicilio,Americano,1,5000,Efectivo,C079
6829,2026-09-21,10:16,Nübe Centro,Mostrador,Capuchino,1,8500,Efectivo,C034
6830,2026-09-21,06:56,Nübe Centro,Domicilio,Latte,1,9000,Nequi,
6831,2026-09-21,07:35,Nübe Centro,Mostrador,Capuchino,1,8500,Tarjeta,
6831,2026-09-21,07:35,Nübe Centro,Mostrador,Latte,2,9000,Tarjeta,
6832,2026-09-21,08:04,Nübe Centro,Domicilio,Croissant de almendras,1,8000,Nequi,
6833,2026-09-21,18:50,Nübe Centro,Mostrador,Frappé de café,1,11000,Nequi,
6834,2026-09-21,16:32,Nübe Centro,Domicilio,Tinto,1,3000,Nequi,
6835,2026-09-21,10:09,Nübe Centro,Mostrador,Capuchino,1,8500,Efectivo,
6835,2026-09-21,10:09,Nübe Centro,Mostrador,Frappé de café,1,11000,Efectivo,
6836,2026-09-21,09:45,Nübe Centro,Mostrador,Capuchino,1,8500,Tarjeta,
6836,2026-09-21,09:45,Nübe Centro,Mostrador,Croissant,1,6000,Sin dato,
6837,2026-09-21,08:50,Nübe Centro,Mostrador,Croissant de almendras,1,8000,Efectivo,C009
6837,2026-09-21,08:50,Nübe Centro,Mostrador,Latte,1,9000,Efectivo,C009
6838,2026-09-21,15:05,Nübe Centro,Mostrador,Tinto,1,3000,Tarjeta,
6839,2026-09-21,12:00,Nübe Centro,Mostrador,Tinto,1,3000,Nequi,
6840,2026-09-21,16:05,Nübe Centro,Domicilio,Capuchino,2,8500,Tarjeta,C145
6840,2026-09-21,16:05,Nübe Centro,Domicilio,Chocolate caliente,3,7500,Tarjeta,C145
6841,2026-09-21,15:21,Nübe Altico,Mostrador,Frappé de café,1,11000,Efectivo,
6842,2026-09-21,09:04,Nübe Altico,Mostrador,Capuchino,1,8500,Efectivo,
6843,2026-09-21,08:16,Nübe Altico,Domicilio,Americano,2,5000,Tarjeta,
6843,2026-09-21,08:16,Nübe Altico,Domicilio,Capuchino,1,8500,Tarjeta,
6844,2026-09-21,13:27,Nübe Altico,Domicilio,Croissant de almendras,1,8000,Tarjeta,C136
6845,2026-09-21,07:14,Nübe Altico,Mostrador,Americano,1,5000,Efectivo,C282
6846,2026-09-21,14:00,Nübe Altico,Mostrador,Croissant,1,6000,Tarjeta,
6846,2026-09-21,14:00,Nübe Altico,Mostrador,Latte,1,9000,Tarjeta,
6847,2026-09-21,13:12,Nübe Altico,Mostrador,Americano,1,5000,Efectivo,C287
6847,2026-09-21,13:12,Nübe Altico,Mostrador,Croissant,1,6000,Efectivo,C287
6847,2026-09-21,13:12,Nübe Altico,Mostrador,Latte,1,9000,Efectivo,C287
6848,2026-09-21,09:49,Nübe Altico,Mostrador,Capuchino,1,8500,Efectivo,C073
6848,2026-09-21,09:49,Nübe Altico,Mostrador,Tinto,1,3000,Efectivo,C073
6849,2026-09-21,07:03,Nübe Altico,Mostrador,Americano,1,5000,Efectivo,
6849,2026-09-21,07:03,Nübe Altico,Mostrador,Croissant de almendras,1,8000,Efectivo,
6850,2026-09-21,16:57,Nübe Altico,Mostrador,Chocolate caliente,3,7500,Efectivo,C251
6851,2026-09-21,10:16,Nübe Altico,Mostrador,Croissant,1,6000,Tarjeta,
6851,2026-09-21,10:16,Nübe Altico,Mostrador,Tinto,1,3000,Tarjeta,
6852,2026-09-21,17:04,Nübe Altico,Mostrador,Croissant,2,6000,Nequi,C036
6852,2026-09-21,17:04,Nübe Altico,Mostrador,Frappé de café,1,11000,Nequi,C036
6852,2026-09-21,17:04,Nübe Altico,Mostrador,Latte,1,9000,Nequi,C036
6853,2026-09-21,15:24,Nübe Altico,Mostrador,Americano,2,5000,Sin dato,
6854,2026-09-21,11:23,Nübe Altico,Domicilio,Americano,1,5000,Tarjeta,C171
6854,2026-09-21,11:23,Nübe Altico,Domicilio,Latte,1,9000,Tarjeta,C171
6855,2026-09-21,06:14,Nübe Altico,Mostrador,Croissant de almendras,2,8000,Efectivo,
6856,2026-09-21,11:08,Nübe Altico,Mostrador,Croissant,1,6000,Tarjeta,C184
6857,2026-09-21,08:18,Nübe Altico,Mostrador,Americano,1,5000,Efectivo,
6857,2026-09-21,08:18,Nübe Altico,Mostrador,Croissant,1,6000,Efectivo,
6858,2026-09-21,14:09,Nübe Altico,Mostrador,Frappé de café,1,11000,Tarjeta,
6859,2026-09-21,10:59,Nübe Altico,Mostrador,Americano,3,5000,Efectivo,C211
6859,2026-09-21,10:59,Nübe Altico,Mostrador,Chocolate caliente,1,7500,Efectivo,C211
6860,2026-09-21,18:55,Nübe Altico,Mostrador,Capuchino,1,8500,Tarjeta,C233
6860,2026-09-21,18:55,Nübe Altico,Mostrador,Croissant,3,6000,Tarjeta,C233
6860,2026-09-21,18:55,Nübe Altico,Mostrador,Tinto,1,3000,Tarjeta,C233
6861,2026-09-21,08:46,Nübe Altico,Mostrador,Capuchino,1,8500,Efectivo,
6861,2026-09-21,08:46,Nübe Altico,Mostrador,Croissant,1,6000,Efectivo,
6861,2026-09-21,08:46,Nübe Altico,Mostrador,Tinto,1,3000,Efectivo,
6862,2026-09-21,15:44,Nübe Altico,Mostrador,Chocolate caliente,2,7500,Tarjeta,
6862,2026-09-21,15:44,Nübe Altico,Mostrador,Tinto,1,3000,Tarjeta,
6863,2026-09-21,08:17,Nübe Altico,Mostrador,Capuchino,1,8500,Tarjeta,
6863,2026-09-21,08:17,Nübe Altico,Mostrador,Tinto,1,3000,Tarjeta,
6864,2026-09-21,07:47,Nübe Altico,Domicilio,Capuchino,1,8500,Nequi,
6864,2026-09-21,07:47,Nübe Altico,Domicilio,Croissant,1,6000,Sin dato,
6865,2026-09-21,11:43,Nübe Altico,Mostrador,Croissant,1,6000,Nequi,
6866,2026-09-21,09:20,Nübe Altico,Domicilio,Capuchino,1,8500,Tarjeta,
6867,2026-09-21,15:10,Nübe Altico,Mostrador,Latte,1,9000,Tarjeta,C297
6868,2026-09-21,07:03,Nübe Altico,Mostrador,Latte,1,9000,Efectivo,C173
6869,2026-09-21,09:15,Nübe Altico,Mostrador,Americano,1,5000,Nequi,C251
6869,2026-09-21,09:15,Nübe Altico,Mostrador,Tinto,1,3000,Nequi,C251
6870,2026-09-21,06:00,Nübe Altico,Mostrador,Americano,1,5000,Nequi,
6870,2026-09-21,06:00,Nübe Altico,Mostrador,Capuchino,1,8500,Nequi,
6871,2026-09-21,14:52,Nübe Altico,Mostrador,Croissant,1,6000,Tarjeta,
6872,2026-09-21,19:38,Nübe Altico,Mostrador,Capuchino,1,8500,Nequi,C135
6872,2026-09-21,19:38,Nübe Altico,Mostrador,Croissant,2,6000,Nequi,C135
6873,2026-09-21,17:03,Nübe Altico,Mostrador,Croissant de almendras,1,8000,Tarjeta,C105
6873,2026-09-21,17:03,Nübe Altico,Mostrador,Latte,3,9000,Tarjeta,C105
6874,2026-09-21,15:07,Nübe Altico,Mostrador,Croissant,1,6000,Tarjeta,
6874,2026-09-21,15:07,Nübe Altico,Mostrador,Croissant de almendras,1,8000,Tarjeta,
6875,2026-09-21,07:42,Nübe Altico,Mostrador,Croissant,1,6000,Efectivo,
6876,2026-09-21,17:13,Nübe Altico,Mostrador,Chocolate caliente,1,7500,Efectivo,
6877,2026-09-21,15:41,Nübe Altico,Mostrador,Americano,1,5000,Efectivo,
6877,2026-09-21,15:41,Nübe Altico,Mostrador,Croissant de almendras,1,8000,Efectivo,
6878,2026-09-21,12:39,Nübe Altico,Mostrador,Chocolate caliente,1,7500,Nequi,C241
6879,2026-09-21,06:29,Nübe Altico,Mostrador,Croissant,2,6000,Tarjeta,
6880,2026-09-21,11:37,Nübe Altico,Domicilio,Tinto,1,3000,Tarjeta,
6881,2026-09-21,12:24,Nübe Altico,Mostrador,Americano,1,5000,Efectivo,
6881,2026-09-21,12:24,Nübe Altico,Mostrador,Tinto,1,3000,Efectivo,
6882,2026-09-21,10:19,Nübe Altico,Mostrador,Americano,1,5000,Efectivo,
6882,2026-09-21,10:19,Nübe Altico,Mostrador,Latte,2,9000,Efectivo,
6883,2026-09-21,08:06,Nübe Altico,Domicilio,Croissant,1,6000,Nequi,C232
6884,2026-09-21,08:09,Nübe Altico,Mostrador,Americano,1,5000,Efectivo,
6884,2026-09-21,08:09,Nübe Altico,Mostrador,Croissant,2,6000,Efectivo,
6885,2026-09-21,07:16,Nübe Altico,Mostrador,Croissant de almendras,1,8000,Nequi,
6885,2026-09-21,07:16,Nübe Altico,Mostrador,Tinto,1,3000,Nequi,
6886,2026-09-21,14:30,Nübe Altico,Mostrador,Tinto,1,3000,Efectivo,
6887,2026-09-21,15:05,Nübe Altico,Mostrador,Capuchino,1,8500,Sin dato,C009
6888,2026-09-21,10:07,Nübe Altico,Mostrador,Tinto,1,3000,Tarjeta,
6889,2026-09-21,10:30,Nübe Altico,Mostrador,Croissant,1,6000,Efectivo,
6890,2026-09-21,13:42,Nübe Altico,Mostrador,Latte,1,9000,Nequi,C282
6891,2026-09-22,09:01,Nübe Centro,Mostrador,Croissant,3,6000,Efectivo,
6892,2026-09-22,17:44,Nübe Centro,Mostrador,Americano,1,5000,Efectivo,C213
6892,2026-09-22,17:44,Nübe Centro,Mostrador,Croissant,2,6000,Sin dato,C213
6893,2026-09-22,15:10,Nübe Centro,Mostrador,Americano,1,5000,Efectivo,
6893,2026-09-22,15:10,Nübe Centro,Mostrador,Capuchino,1,8500,Efectivo,
6894,2026-09-22,09:57,Nübe Centro,Mostrador,Americano,1,5000,Tarjeta,
6894,2026-09-22,09:57,Nübe Centro,Mostrador,Capuchino,1,8500,Tarjeta,
6895,2026-09-22,08:30,Nübe Centro,Mostrador,Croissant,1,6000,Nequi,C071
6896,2026-09-22,07:39,Nübe Centro,Mostrador,Americano,1,5000,Efectivo,
6896,2026-09-22,07:39,Nübe Centro,Mostrador,Latte,3,9000,Efectivo,
6897,2026-09-22,13:54,Nübe Centro,Domicilio,Capuchino,1,8500,Efectivo,
6897,2026-09-22,13:54,Nübe Centro,Domicilio,Frappé de café,1,11000,Efectivo,
6898,2026-09-22,14:17,Nübe Centro,Mostrador,Americano,2,5000,Tarjeta,
6899,2026-09-22,10:33,Nübe Centro,Domicilio,Croissant,2,6000,Tarjeta,C116
6899,2026-09-22,10:33,Nübe Centro,Domicilio,Tinto,1,3000,Tarjeta,C116
6900,2026-09-22,12:39,Nübe Centro,Mostrador,Capuchino,2,8500,Efectivo,
6901,2026-09-22,17:19,Nübe Centro,Domicilio,Croissant,1,6000,Nequi,C071
6902,2026-09-22,10:19,Nübe Centro,Mostrador,Capuchino,2,8500,Nequi,
6902,2026-09-22,10:19,Nübe Centro,Mostrador,Croissant,1,6000,Nequi,
6902,2026-09-22,10:19,Nübe Centro,Mostrador,Tinto,1,3000,Nequi,
6903,2026-09-22,08:53,Nübe Centro,Mostrador,Frappé de café,2,11000,Nequi,
6903,2026-09-22,08:53,Nübe Centro,Mostrador,Latte,1,9000,Nequi,
6903,2026-09-22,08:53,Nübe Centro,Mostrador,Tinto,1,3000,Nequi,
6904,2026-09-22,19:57,Nübe Centro,Mostrador,Americano,1,5000,Nequi,
6904,2026-09-22,19:57,Nübe Centro,Mostrador,Capuchino,1,8500,Nequi,
6904,2026-09-22,19:57,Nübe Centro,Mostrador,Latte,1,9000,Nequi,
6905,2026-09-22,13:32,Nübe Centro,Mostrador,Frappé de café,1,11000,Efectivo,
6906,2026-09-22,17:54,Nübe Centro,Mostrador,Croissant,2,6000,Tarjeta,
6907,2026-09-22,08:24,Nübe Centro,Mostrador,Capuchino,3,8500,Efectivo,
6907,2026-09-22,08:24,Nübe Centro,Mostrador,Croissant,1,6000,Efectivo,
6908,2026-09-22,10:31,Nübe Centro,Mostrador,Croissant,1,6000,Nequi,C264
6909,2026-09-22,17:00,Nübe Centro,Mostrador,Capuchino,1,8500,Nequi,
6911,2026-09-22,17:20,Nübe Centro,Mostrador,Tinto,2,3000,Nequi,
6912,2026-09-22,11:49,Nübe Centro,Mostrador,Capuchino,1,8500,Efectivo,
6912,2026-09-22,11:49,Nübe Centro,Mostrador,Croissant,1,6000,Efectivo,
6912,2026-09-22,11:49,Nübe Centro,Mostrador,Croissant de almendras,1,8000,Efectivo,
6913,2026-09-22,09:12,Nübe Centro,Domicilio,Americano,1,5000,Tarjeta,
6913,2026-09-22,09:12,Nübe Centro,Domicilio,Tinto,2,3000,Tarjeta,
6914,2026-09-22,09:11,Nübe Centro,Mostrador,Croissant,3,6000,Efectivo,C262
6915,2026-09-22,11:00,Nübe Centro,Domicilio,Croissant de almendras,2,8000,Tarjeta,
6915,2026-09-22,11:00,Nübe Centro,Domicilio,Tinto,1,3000,Tarjeta,
6916,2026-09-22,09:12,Nübe Centro,Mostrador,Americano,1,5000,Nequi,
6917,2026-09-22,18:14,Nübe Centro,Mostrador,Frappé de café,3,11000,Tarjeta,
6918,2026-09-22,11:57,Nübe Centro,Mostrador,Croissant,2,6000,Tarjeta,
6919,2026-09-22,18:29,Nübe Centro,Mostrador,Latte,1,9000,Efectivo,C274
6919,2026-09-22,18:29,Nübe Centro,Mostrador,Tinto,1,3000,Efectivo,C274
6920,2026-09-22,16:48,Nübe Centro,Mostrador,Croissant de almendras,1,8000,Tarjeta,
6920,2026-09-22,16:48,Nübe Centro,Mostrador,Latte,1,9000,Tarjeta,
6921,2026-09-22,08:06,Nübe Centro,Mostrador,Capuchino,1,8500,Tarjeta,C111
6922,2026-09-22,19:56,Nübe Centro,Mostrador,Tinto,1,3000,Efectivo,
6923,2026-09-22,14:48,Nübe Centro,Domicilio,Croissant,2,6000,Tarjeta,C215
6923,2026-09-22,14:48,Nübe Centro,Domicilio,Latte,1,9000,Tarjeta,C215
6924,2026-09-22,17:46,Nübe Centro,Domicilio,Chocolate caliente,1,7500,Tarjeta,C281
6925,2026-09-22,07:33,Nübe Centro,Mostrador,Capuchino,3,8500,Nequi,C060
6926,2026-09-22,10:02,Nübe Centro,Domicilio,Americano,2,5000,Nequi,C265
6926,2026-09-22,10:02,Nübe Centro,Domicilio,Tinto,1,3000,Nequi,C265
6927,2026-09-22,10:20,Nübe Centro,Mostrador,Americano,2,5000,Tarjeta,C151
6928,2026-09-22,12:10,Nübe Centro,Mostrador,Latte,1,9000,Efectivo,
6929,2026-09-22,11:50,Nübe Centro,Mostrador,Croissant de almendras,2,8000,Nequi,
6929,2026-09-22,11:50,Nübe Centro,Mostrador,Frappé de café,1,11000,Nequi,
6930,2026-09-22,07:03,Nübe Centro,Mostrador,Croissant,1,6000,Efectivo,
6931,2026-09-22,09:47,Nübe Centro,Mostrador,Americano,1,5000,Nequi,
6932,2026-09-22,08:23,Nübe Centro,Mostrador,Croissant,1,6000,Nequi,
6932,2026-09-22,08:23,Nübe Centro,Mostrador,Tinto,3,3000,Nequi,
6933,2026-09-22,08:19,Nübe Centro,Domicilio,Latte,2,9000,Tarjeta,
6934,2026-09-22,09:42,Nübe Centro,Mostrador,Americano,1,5000,Nequi,
6935,2026-09-22,07:42,Nübe Centro,Mostrador,Croissant,1,6000,Nequi,
6936,2026-09-22,11:42,Nübe Centro,Mostrador,Tinto,1,3000,Nequi,C160
6937,2026-09-22,09:38,Nübe Centro,Mostrador,Chocolate caliente,1,7500,Tarjeta,C197
6938,2026-09-22,09:06,Nübe Centro,Mostrador,Americano,2,5000,Nequi,C028
6938,2026-09-22,09:06,Nübe Centro,Mostrador,Tinto,1,3000,Nequi,C028
6939,2026-09-22,20:42,Nübe Centro,Mostrador,Croissant,1,6000,Tarjeta,
6939,2026-09-22,20:42,Nübe Centro,Mostrador,Frappé de café,1,11000,Tarjeta,
6940,2026-09-22,06:18,Nübe Centro,Mostrador,Latte,1,9000,Nequi,C152
6940,2026-09-22,06:18,Nübe Centro,Mostrador,Tinto,1,3000,Nequi,C152
6941,2026-09-22,15:15,Nübe Centro,Mostrador,Americano,1,5000,Efectivo,
6941,2026-09-22,15:15,Nübe Centro,Mostrador,Capuchino,2,8500,Efectivo,
6942,2026-09-22,07:37,Nübe Centro,Mostrador,Croissant,1,6000,Tarjeta,
6943,2026-09-22,13:55,Nübe Centro,Mostrador,Croissant de almendras,1,8000,Tarjeta,C197
6944,2026-09-22,11:29,Nübe Centro,Mostrador,Tinto,3,3000,Sin dato,
6945,2026-09-22,10:34,Nübe Centro,Mostrador,Croissant,1,6000,Tarjeta,C280
6946,2026-09-22,08:09,Nübe Centro,Mostrador,Capuchino,1,8500,Efectivo,C096
6946,2026-09-22,08:09,Nübe Centro,Mostrador,Latte,1,9000,Efectivo,C096
6947,2026-09-22,09:12,Nübe Centro,Mostrador,Chocolate caliente,1,7500,Nequi,
6947,2026-09-22,09:12,Nübe Centro,Mostrador,Latte,1,9000,Nequi,
6948,2026-09-22,11:53,Nübe Centro,Mostrador,Tinto,1,3000,Tarjeta,C167
6949,2026-09-22,14:12,Nübe Centro,Domicilio,Latte,1,9000,Efectivo,
6950,2026-09-22,14:18,Nübe Centro,Domicilio,Latte,1,9000,Tarjeta,C141
6951,2026-09-22,13:28,Nübe Centro,Mostrador,Croissant,2,6000,Efectivo,C081
6951,2026-09-22,13:28,Nübe Centro,Mostrador,Tinto,1,3000,Efectivo,C081
6952,2026-09-22,10:48,Nübe Altico,Mostrador,Capuchino,1,8500,Tarjeta,C111
6952,2026-09-22,10:48,Nübe Altico,Mostrador,Croissant de almendras,1,8000,Tarjeta,C111
6953,2026-09-22,09:05,Nübe Altico,Mostrador,Americano,1,5000,Tarjeta,
6954,2026-09-22,13:34,Nübe Altico,Mostrador,Capuchino,2,8500,Nequi,
6954,2026-09-22,13:34,Nübe Altico,Mostrador,Croissant,1,6000,Nequi,
6954,2026-09-22,13:34,Nübe Altico,Mostrador,Tinto,1,3000,Nequi,
6955,2026-09-22,16:20,Nübe Altico,Mostrador,Chocolate caliente,1,7500,Nequi,
6955,2026-09-22,16:20,Nübe Altico,Mostrador,Croissant,1,6000,Nequi,
6956,2026-09-22,09:58,Nübe Altico,Mostrador,Croissant,1,6000,Nequi,C211
6957,2026-09-22,08:02,Nübe Altico,Mostrador,Latte,2,9000,Tarjeta,C011
6958,2026-09-22,20:03,Nübe Altico,Mostrador,Croissant,1,6000,Tarjeta,C116
6959,2026-09-22,07:22,Nübe Altico,Mostrador,Americano,1,5000,Nequi,C004
6959,2026-09-22,07:22,Nübe Altico,Mostrador,Croissant,1,6000,Nequi,C004
6959,2026-09-22,07:22,Nübe Altico,Mostrador,Tinto,3,3000,Nequi,C004
6960,2026-09-22,11:23,Nübe Altico,Domicilio,Croissant,1,6000,Efectivo,
6961,2026-09-22,20:12,Nübe Altico,Mostrador,Tinto,1,3000,Nequi,
6962,2026-09-22,17:29,Nübe Altico,Mostrador,Croissant,2,6000,Sin dato,C039
6963,2026-09-22,16:38,Nübe Altico,Mostrador,Capuchino,1,8500,Nequi,
6963,2026-09-22,16:38,Nübe Altico,Mostrador,Croissant de almendras,1,8000,Nequi,
6964,2026-09-22,09:27,Nübe Altico,Mostrador,Croissant,1,6000,Nequi,
6964,2026-09-22,09:27,Nübe Altico,Mostrador,Latte,2,9000,Nequi,
6965,2026-09-22,16:20,Nübe Altico,Mostrador,Croissant,1,6000,Nequi,C030
6965,2026-09-22,16:20,Nübe Altico,Mostrador,Croissant de almendras,1,8000,Nequi,C030
6966,2026-09-22,08:41,Nübe Altico,Mostrador,Chocolate caliente,1,7500,Nequi,
6967,2026-09-22,13:41,Nübe Altico,Mostrador,Croissant,1,6000,Nequi,C123
6968,2026-09-22,14:12,Nübe Altico,Mostrador,Americano,1,5000,Efectivo,
6969,2026-09-22,19:38,Nübe Altico,Mostrador,Frappé de café,1,11000,Nequi,
6970,2026-09-22,12:49,Nübe Altico,Mostrador,Latte,2,9000,Tarjeta,
6971,2026-09-22,07:30,Nübe Altico,Mostrador,Capuchino,1,8500,Nequi,
6971,2026-09-22,07:30,Nübe Altico,Mostrador,Tinto,1,3000,Sin dato,
6972,2026-09-22,13:56,Nübe Altico,Mostrador,Americano,1,5000,Tarjeta,
6973,2026-09-22,12:46,Nübe Altico,Mostrador,Chocolate caliente,1,7500,Efectivo,C049
6973,2026-09-22,12:46,Nübe Altico,Mostrador,Tinto,1,3000,Efectivo,C049
6974,2026-09-22,09:55,Nübe Altico,Mostrador,Croissant de almendras,1,8000,Efectivo,C214
6975,2026-09-22,08:43,Nübe Altico,Mostrador,Croissant,1,6000,Nequi,C008
6976,2026-09-22,16:57,Nübe Altico,Domicilio,Capuchino,1,8500,Nequi,
6976,2026-09-22,16:57,Nübe Altico,Domicilio,Croissant,1,6000,Nequi,
6977,2026-09-22,07:36,Nübe Altico,Mostrador,Capuchino,1,8500,Nequi,
6977,2026-09-22,07:36,Nübe Altico,Mostrador,Latte,1,9000,Nequi,
6978,2026-09-22,13:06,Nübe Altico,Mostrador,Croissant,1,6000,Efectivo,C069
6979,2026-09-22,14:07,Nübe Altico,Mostrador,Frappé de café,1,11000,Efectivo,
6979,2026-09-22,14:07,Nübe Altico,Mostrador,Latte,1,9000,Efectivo,
6980,2026-09-22,13:01,Nübe Altico,Mostrador,Americano,1,5000,Efectivo,C182
6981,2026-09-22,08:04,Nübe Altico,Mostrador,Chocolate caliente,1,7500,Efectivo,C131
6981,2026-09-22,08:04,Nübe Altico,Mostrador,Croissant de almendras,2,8000,Efectivo,C131
6982,2026-09-22,15:12,Nübe Altico,Mostrador,Tinto,2,3000,Efectivo,
6983,2026-09-22,11:34,Nübe Altico,Mostrador,Tinto,1,3000,Nequi,
6984,2026-09-22,10:44,Nübe Altico,Mostrador,Latte,2,9000,Efectivo,
6985,2026-09-22,10:44,Nübe Altico,Mostrador,Croissant,2,6000,Efectivo,
6985,2026-09-22,10:44,Nübe Altico,Mostrador,Tinto,1,3000,Efectivo,
6986,2026-09-22,15:06,Nübe Altico,Mostrador,Latte,1,9000,Efectivo,
6987,2026-09-22,08:10,Nübe Altico,Mostrador,Capuchino,1,8500,Nequi,C233
6987,2026-09-22,08:10,Nübe Altico,Mostrador,Chocolate caliente,1,7500,Nequi,C233
6988,2026-09-22,07:32,Nübe Altico,Domicilio,Americano,2,5000,Tarjeta,C177
6988,2026-09-22,07:32,Nübe Altico,Domicilio,Croissant,1,6000,Tarjeta,C177
6989,2026-09-22,20:15,Nübe Altico,Mostrador,Americano,1,5000,Efectivo,C179
6989,2026-09-22,20:15,Nübe Altico,Mostrador,Frappé de café,1,11000,Efectivo,C179
6990,2026-09-22,06:00,Nübe Altico,Mostrador,Croissant de almendras,1,8000,Nequi,C043
6990,2026-09-22,06:00,Nübe Altico,Mostrador,Tinto,1,3000,Nequi,C043
6991,2026-09-22,16:38,Nübe Altico,Mostrador,Latte,1,9000,Tarjeta,
6991,2026-09-22,16:38,Nübe Altico,Mostrador,Tinto,1,3000,Tarjeta,
6992,2026-09-22,10:58,Nübe Altico,Mostrador,Tinto,1,3000,Nequi,
6993,2026-09-22,08:30,Nübe Altico,Mostrador,Croissant,1,6000,Nequi,C067
6993,2026-09-22,08:30,Nübe Altico,Mostrador,Frappé de café,2,11000,Nequi,C067
6993,2026-09-22,08:30,Nübe Altico,Mostrador,Tinto,1,3000,Sin dato,C067
6994,2026-09-22,18:32,Nübe Altico,Mostrador,Capuchino,1,8500,Tarjeta,C047
6994,2026-09-22,18:32,Nübe Altico,Mostrador,Tinto,1,3000,Tarjeta,C047
6995,2026-09-22,11:06,Nübe Altico,Domicilio,Americano,1,5000,Nequi,
6995,2026-09-22,11:06,Nübe Altico,Domicilio,Frappé de café,1,11000,Nequi,
6996,2026-09-23,07:03,Nübe Centro,Domicilio,Chocolate caliente,1,7500,Tarjeta,
6996,2026-09-23,07:03,Nübe Centro,Domicilio,Frappé de café,1,11000,Tarjeta,
6996,2026-09-23,07:03,Nübe Centro,Domicilio,Latte,1,9000,Tarjeta,
6997,2026-09-23,16:46,Nübe Centro,Mostrador,Chocolate caliente,1,7500,Nequi,
6998,2026-09-23,07:28,Nübe Centro,Mostrador,Croissant,1,6000,Nequi,C134
6998,2026-09-23,07:28,Nübe Centro,Mostrador,Latte,1,9000,Nequi,C134
6999,2026-09-23,07:49,Nübe Centro,Mostrador,Croissant,1,6000,Tarjeta,C033
7000,2026-09-23,13:20,Nübe Centro,Mostrador,Tinto,1,3000,Efectivo,C185
7001,2026-09-23,16:12,Nübe Centro,Domicilio,Capuchino,1,8500,Nequi,
7002,2026-09-23,06:51,Nübe Centro,Mostrador,Croissant,1,6000,Efectivo,C095
7002,2026-09-23,06:51,Nübe Centro,Mostrador,Latte,1,9000,Efectivo,C095
7002,2026-09-23,06:51,Nübe Centro,Mostrador,Tinto,1,3000,Efectivo,C095
7003,2026-09-23,08:41,Nübe Centro,Mostrador,Croissant de almendras,1,8000,Sin dato,
7003,2026-09-23,08:41,Nübe Centro,Mostrador,Latte,1,9000,Nequi,
7004,2026-09-23,10:45,Nübe Centro,Mostrador,Americano,1,5000,Tarjeta,C224
7004,2026-09-23,10:45,Nübe Centro,Mostrador,Tinto,1,3000,Tarjeta,C224
7005,2026-09-23,15:01,Nübe Centro,Mostrador,Capuchino,1,8500,Efectivo,
7005,2026-09-23,15:01,Nübe Centro,Mostrador,Croissant,1,6000,Sin dato,
7006,2026-09-23,09:20,Nübe Centro,Mostrador,Capuchino,1,8500,Efectivo,
7006,2026-09-23,09:20,Nübe Centro,Mostrador,Latte,1,9000,Efectivo,
7006,2026-09-23,09:20,Nübe Centro,Mostrador,Tinto,1,3000,Efectivo,
7007,2026-09-23,08:46,Nübe Centro,Mostrador,Croissant,1,6000,Nequi,C157
7007,2026-09-23,08:46,Nübe Centro,Mostrador,Latte,1,9000,Nequi,C157
7008,2026-09-23,11:29,Nübe Centro,Mostrador,Tinto,1,3000,Tarjeta,C083
7009,2026-09-23,08:33,Nübe Centro,Mostrador,Capuchino,1,8500,Efectivo,
7010,2026-09-23,11:59,Nübe Centro,Mostrador,Croissant,1,6000,Efectivo,
7010,2026-09-23,11:59,Nübe Centro,Mostrador,Tinto,1,3000,Efectivo,
7011,2026-09-23,08:25,Nübe Centro,Mostrador,Tinto,1,3000,Tarjeta,
7012,2026-09-23,07:41,Nübe Centro,Domicilio,Tinto,1,3000,Efectivo,
7013,2026-09-23,16:40,Nübe Centro,Mostrador,Frappé de café,1,11000,Nequi,
7014,2026-09-23,12:58,Nübe Centro,Domicilio,Chocolate caliente,1,7500,Efectivo,
7015,2026-09-23,11:02,Nübe Centro,Mostrador,Croissant,1,6000,Tarjeta,C017
7015,2026-09-23,11:02,Nübe Centro,Mostrador,Tinto,1,3000,Tarjeta,C017
7016,2026-09-23,09:03,Nübe Centro,Mostrador,Latte,1,9000,Nequi,C213
7017,2026-09-23,06:40,Nübe Centro,Mostrador,Frappé de café,2,11000,Efectivo,C175
7018,2026-09-23,14:07,Nübe Centro,Mostrador,Chocolate caliente,1,7500,Efectivo,
7018,2026-09-23,14:07,Nübe Centro,Mostrador,Croissant,1,6000,Efectivo,
7019,2026-09-23,09:01,Nübe Centro,Mostrador,Capuchino,2,8500,Efectivo,
7020,2026-09-23,09:16,Nübe Centro,Mostrador,Croissant,1,6000,Efectivo,C118
7021,2026-09-23,11:00,Nübe Centro,Mostrador,Capuchino,1,8500,Nequi,
7021,2026-09-23,11:00,Nübe Centro,Mostrador,Latte,2,9000,Nequi,
7022,2026-09-23,10:40,Nübe Centro,Mostrador,Croissant,2,6000,Nequi,
7022,2026-09-23,10:40,Nübe Centro,Mostrador,Frappé de café,1,11000,Nequi,
7023,2026-09-23,07:35,Nübe Centro,Domicilio,Croissant de almendras,1,8000,Nequi,
7024,2026-09-23,10:10,Nübe Centro,Domicilio,Americano,1,5000,Efectivo,
7024,2026-09-23,10:10,Nübe Centro,Domicilio,Frappé de café,3,11000,Efectivo,
7024,2026-09-23,10:10,Nübe Centro,Domicilio,Tinto,1,3000,Efectivo,
7025,2026-09-23,07:28,Nübe Centro,Mostrador,Chocolate caliente,1,7500,Nequi,
7025,2026-09-23,07:28,Nübe Centro,Mostrador,Croissant,1,6000,Nequi,
7026,2026-09-23,09:42,Nübe Centro,Mostrador,Capuchino,3,8500,Tarjeta,
7027,2026-09-23,14:39,Nübe Centro,Mostrador,Americano,1,5000,Nequi,
7028,2026-09-23,08:12,Nübe Centro,Domicilio,Croissant,1,6000,Nequi,C115
7028,2026-09-23,08:12,Nübe Centro,Domicilio,Latte,1,9000,Nequi,C115
7029,2026-09-23,10:03,Nübe Centro,Domicilio,Tinto,1,3000,Nequi,C021
7030,2026-09-23,12:33,Nübe Centro,Mostrador,Capuchino,1,8500,Nequi,C237
7031,2026-09-23,11:20,Nübe Centro,Mostrador,Tinto,1,3000,Nequi,
7032,2026-09-23,10:31,Nübe Centro,Mostrador,Capuchino,1,8500,Nequi,
7033,2026-09-23,07:23,Nübe Centro,Mostrador,Croissant de almendras,1,8000,Efectivo,
7034,2026-09-23,08:43,Nübe Centro,Mostrador,Capuchino,1,8500,Tarjeta,
7035,2026-09-23,11:21,Nübe Centro,Mostrador,Capuchino,1,8500,Nequi,C114
7035,2026-09-23,11:21,Nübe Centro,Mostrador,Tinto,1,3000,Nequi,C114
7036,2026-09-23,19:33,Nübe Centro,Mostrador,Croissant,1,6000,Tarjeta,C095
7036,2026-09-23,19:33,Nübe Centro,Mostrador,Tinto,1,3000,Tarjeta,C095
7037,2026-09-23,19:27,Nübe Centro,Mostrador,Capuchino,3,8500,Efectivo,C253
7038,2026-09-23,20:48,Nübe Centro,Mostrador,Capuchino,2,8500,Tarjeta,
7038,2026-09-23,20:48,Nübe Centro,Mostrador,Croissant,1,6000,Tarjeta,
7038,2026-09-23,20:48,Nübe Centro,Mostrador,Frappé de café,1,11000,Tarjeta,
7039,2026-09-23,08:42,Nübe Centro,Mostrador,Tinto,1,3000,Efectivo,
7040,2026-09-23,15:33,Nübe Centro,Mostrador,Croissant,1,6000,Nequi,
7041,2026-09-23,07:36,Nübe Centro,Domicilio,Capuchino,1,8500,Tarjeta,
7041,2026-09-23,07:36,Nübe Centro,Domicilio,Frappé de café,1,11000,Tarjeta,
7041,2026-09-23,07:36,Nübe Centro,Domicilio,Latte,2,9000,Tarjeta,
7042,2026-09-23,17:40,Nübe Centro,Domicilio,Tinto,1,3000,Efectivo,
7043,2026-09-23,17:24,Nübe Centro,Mostrador,Frappé de café,1,11000,Nequi,
7044,2026-09-23,07:02,Nübe Centro,Domicilio,Capuchino,1,8500,Efectivo,C271
7045,2026-09-23,08:21,Nübe Centro,Mostrador,Americano,1,5000,Tarjeta,
7046,2026-09-23,17:43,Nübe Centro,Domicilio,Croissant,1,6000,Tarjeta,
7046,2026-09-23,17:43,Nübe Centro,Domicilio,Latte,1,9000,Tarjeta,
7047,2026-09-23,11:05,Nübe Centro,Domicilio,Croissant,1,6000,Nequi,C291
7048,2026-09-23,10:55,Nübe Centro,Mostrador,Croissant,1,6000,Efectivo,C140
7049,2026-09-23,08:47,Nübe Centro,Domicilio,Americano,1,5000,Nequi,
7050,2026-09-23,15:44,Nübe Centro,Mostrador,Americano,1,5000,Nequi,
7051,2026-09-23,15:18,Nübe Centro,Domicilio,Croissant,1,6000,Nequi,
7051,2026-09-23,15:18,Nübe Centro,Domicilio,Tinto,1,3000,Nequi,
7052,2026-09-23,11:22,Nübe Centro,Domicilio,Capuchino,1,8500,Efectivo,
7053,2026-09-23,06:48,Nübe Centro,Mostrador,Tinto,1,3000,Nequi,
7054,2026-09-23,10:38,Nübe Centro,Mostrador,Chocolate caliente,1,7500,Tarjeta,
7054,2026-09-23,10:38,Nübe Centro,Mostrador,Frappé de café,2,11000,Tarjeta,
7054,2026-09-23,10:38,Nübe Centro,Mostrador,Tinto,1,3000,Tarjeta,
7055,2026-09-23,09:11,Nübe Centro,Mostrador,Croissant de almendras,1,8000,Efectivo,C194
7055,2026-09-23,09:11,Nübe Centro,Mostrador,Latte,1,9000,Efectivo,C194
7056,2026-09-23,08:16,Nübe Centro,Mostrador,Americano,1,5000,Nequi,
7057,2026-09-23,09:17,Nübe Centro,Mostrador,Capuchino,1,8500,Tarjeta,C275
7058,2026-09-23,08:04,Nübe Centro,Mostrador,Capuchino,1,8500,Nequi,
7058,2026-09-23,08:04,Nübe Centro,Mostrador,Croissant,2,6000,Nequi,
7058,2026-09-23,08:04,Nübe Centro,Mostrador,Tinto,1,3000,Nequi,
7059,2026-09-23,09:53,Nübe Centro,Mostrador,Croissant,1,6000,Efectivo,C292
7060,2026-09-23,19:35,Nübe Centro,Mostrador,Frappé de café,1,11000,Nequi,
7060,2026-09-23,19:35,Nübe Centro,Mostrador,Latte,1,9000,Nequi,
7061,2026-09-23,08:40,Nübe Altico,Mostrador,Capuchino,1,8500,Tarjeta,
7061,2026-09-23,08:40,Nübe Altico,Mostrador,Croissant,1,6000,Tarjeta,
7061,2026-09-23,08:40,Nübe Altico,Mostrador,Tinto,1,3000,Tarjeta,
7062,2026-09-23,09:06,Nübe Altico,Domicilio,Tinto,1,3000,Nequi,
7063,2026-09-23,16:50,Nübe Altico,Domicilio,Croissant,2,6000,Tarjeta,
7063,2026-09-23,16:50,Nübe Altico,Domicilio,Latte,1,9000,Tarjeta,
7064,2026-09-23,09:38,Nübe Altico,Mostrador,Capuchino,1,8500,Tarjeta,C215
7064,2026-09-23,09:38,Nübe Altico,Mostrador,Croissant,1,6000,Tarjeta,C215
7064,2026-09-23,09:38,Nübe Altico,Mostrador,Latte,1,9000,Tarjeta,C215
7065,2026-09-23,10:29,Nübe Altico,Mostrador,Americano,1,5000,Nequi,C111
7065,2026-09-23,10:29,Nübe Altico,Mostrador,Tinto,1,3000,Nequi,C111
7066,2026-09-23,08:52,Nübe Altico,Mostrador,Croissant de almendras,1,8000,Efectivo,
7067,2026-09-23,15:05,Nübe Altico,Mostrador,Croissant,1,6000,Tarjeta,C255
7068,2026-09-23,20:17,Nübe Altico,Mostrador,Latte,1,9000,Efectivo,
7069,2026-09-23,12:33,Nübe Altico,Mostrador,Capuchino,1,8500,Nequi,C107
7070,2026-09-23,08:54,Nübe Altico,Mostrador,Capuchino,1,8500,Efectivo,
7071,2026-09-23,18:49,Nübe Altico,Mostrador,Croissant,1,6000,Tarjeta,C139
7072,2026-09-23,09:35,Nübe Altico,Mostrador,Americano,2,5000,Sin dato,
7072,2026-09-23,09:35,Nübe Altico,Mostrador,Capuchino,2,8500,Tarjeta,
7073,2026-09-23,12:45,Nübe Altico,Domicilio,Capuchino,2,8500,Nequi,
7073,2026-09-23,12:45,Nübe Altico,Domicilio,Tinto,1,3000,Nequi,
7074,2026-09-23,08:37,Nübe Altico,Mostrador,Chocolate caliente,1,7500,Tarjeta,
7074,2026-09-23,08:37,Nübe Altico,Mostrador,Croissant,1,6000,Tarjeta,
7075,2026-09-23,17:22,Nübe Altico,Mostrador,Croissant,1,6000,Efectivo,C179
7076,2026-09-23,09:58,Nübe Altico,Mostrador,Croissant,1,6000,Efectivo,
7076,2026-09-23,09:58,Nübe Altico,Mostrador,Croissant de almendras,1,8000,Efectivo,
7077,2026-09-23,17:59,Nübe Altico,Domicilio,Croissant,1,6000,Efectivo,C167
7077,2026-09-23,17:59,Nübe Altico,Domicilio,Latte,1,9000,Sin dato,C167
7078,2026-09-23,13:03,Nübe Altico,Mostrador,Croissant de almendras,2,8000,Nequi,
7079,2026-09-23,09:39,Nübe Altico,Mostrador,Croissant de almendras,1,8000,Nequi,C057
7079,2026-09-23,09:39,Nübe Altico,Mostrador,Latte,1,9000,Nequi,C057
7080,2026-09-23,11:45,Nübe Altico,Mostrador,Capuchino,1,8500,Tarjeta,
7080,2026-09-23,11:45,Nübe Altico,Mostrador,Chocolate caliente,1,7500,Tarjeta,
7080,2026-09-23,11:45,Nübe Altico,Mostrador,Tinto,1,3000,Tarjeta,
7081,2026-09-23,12:05,Nübe Altico,Mostrador,Latte,1,9000,Efectivo,
7081,2026-09-23,12:05,Nübe Altico,Mostrador,Tinto,1,3000,Efectivo,
7082,2026-09-23,09:40,Nübe Altico,Domicilio,Capuchino,2,8500,Sin dato,
7082,2026-09-23,09:40,Nübe Altico,Domicilio,Croissant de almendras,2,8000,Nequi,
7083,2026-09-23,16:47,Nübe Altico,Domicilio,Capuchino,1,8500,Nequi,
7084,2026-09-23,14:39,Nübe Altico,Mostrador,Croissant,1,6000,Efectivo,C143
7084,2026-09-23,14:39,Nübe Altico,Mostrador,Tinto,1,3000,Efectivo,C143
7085,2026-09-23,07:43,Nübe Altico,Mostrador,Croissant,2,6000,Nequi,C187
7086,2026-09-23,17:59,Nübe Altico,Mostrador,Americano,1,5000,Efectivo,C261
7086,2026-09-23,17:59,Nübe Altico,Mostrador,Capuchino,1,8500,Efectivo,C261
7086,2026-09-23,17:59,Nübe Altico,Mostrador,Croissant,1,6000,Efectivo,C261
7087,2026-09-23,08:15,Nübe Altico,Mostrador,Chocolate caliente,2,7500,Efectivo,C150
7087,2026-09-23,08:15,Nübe Altico,Mostrador,Frappé de café,1,11000,Efectivo,C150
7088,2026-09-23,06:19,Nübe Altico,Domicilio,Latte,1,9000,Nequi,
7089,2026-09-23,09:05,Nübe Altico,Mostrador,Americano,1,5000,Tarjeta,C045
7089,2026-09-23,09:05,Nübe Altico,Mostrador,Capuchino,1,8500,Tarjeta,C045
7089,2026-09-23,09:05,Nübe Altico,Mostrador,Croissant,1,6000,Tarjeta,C045
7090,2026-09-23,09:56,Nübe Altico,Mostrador,Frappé de café,1,11000,Efectivo,
7091,2026-09-23,07:12,Nübe Altico,Mostrador,Croissant,1,6000,Tarjeta,
7091,2026-09-23,07:12,Nübe Altico,Mostrador,Latte,1,9000,Tarjeta,
7091,2026-09-23,07:12,Nübe Altico,Mostrador,Tinto,1,3000,Tarjeta,
7092,2026-09-23,14:29,Nübe Altico,Domicilio,Croissant,1,6000,Tarjeta,
7093,2026-09-23,08:48,Nübe Altico,Mostrador,Croissant de almendras,1,8000,Nequi,
7094,2026-09-23,08:35,Nübe Altico,Mostrador,Croissant,1,6000,Nequi,
7094,2026-09-23,08:35,Nübe Altico,Mostrador,Latte,1,9000,Sin dato,
7095,2026-09-23,16:40,Nübe Altico,Mostrador,Tinto,1,3000,Efectivo,C138
7096,2026-09-23,07:43,Nübe Altico,Mostrador,Chocolate caliente,1,7500,Nequi,C158
7096,2026-09-23,07:43,Nübe Altico,Mostrador,Latte,2,9000,Nequi,C158
7097,2026-09-23,19:20,Nübe Altico,Mostrador,Americano,1,5000,Tarjeta,
7097,2026-09-23,19:20,Nübe Altico,Mostrador,Latte,2,9000,Tarjeta,
7098,2026-09-23,08:42,Nübe Altico,Mostrador,Croissant,1,6000,Efectivo,C118
7098,2026-09-23,08:42,Nübe Altico,Mostrador,Croissant de almendras,1,8000,Efectivo,C118
7098,2026-09-23,08:42,Nübe Altico,Mostrador,Tinto,2,3000,Efectivo,C118
7099,2026-09-23,17:29,Nübe Altico,Mostrador,Capuchino,1,8500,Tarjeta,C292
7100,2026-09-23,15:43,Nübe Altico,Mostrador,Croissant,2,6000,Efectivo,C238
7101,2026-09-23,08:22,Nübe Altico,Mostrador,Latte,1,9000,Nequi,
7102,2026-09-23,09:56,Nübe Altico,Domicilio,Latte,1,9000,Nequi,C168
7103,2026-09-23,10:44,Nübe Altico,Domicilio,Croissant,1,6000,Nequi,
7103,2026-09-23,10:44,Nübe Altico,Domicilio,Tinto,1,3000,Nequi,
7104,2026-09-23,15:38,Nübe Altico,Mostrador,Croissant de almendras,1,8000,Nequi,C014
7104,2026-09-23,15:38,Nübe Altico,Mostrador,Latte,1,9000,Nequi,C014
7105,2026-09-23,06:05,Nübe Altico,Mostrador,Frappé de café,1,11000,Tarjeta,
7106,2026-09-23,19:40,Nübe Altico,Mostrador,Croissant de almendras,1,8000,Efectivo,C166
7106,2026-09-23,19:40,Nübe Altico,Mostrador,Tinto,1,3000,Efectivo,C166
7107,2026-09-23,17:22,Nübe Altico,Mostrador,Croissant de almendras,1,8000,Nequi,C047
7108,2026-09-24,13:22,Nübe Centro,Mostrador,Croissant,1,6000,Tarjeta,
7109,2026-09-24,07:30,Nübe Centro,Mostrador,Tinto,1,3000,Efectivo,C119
7110,2026-09-24,13:49,Nübe Centro,Mostrador,Capuchino,1,8500,Nequi,
7110,2026-09-24,13:49,Nübe Centro,Mostrador,Tinto,1,3000,Nequi,
7111,2026-09-24,09:20,Nübe Centro,Domicilio,Capuchino,1,8500,Efectivo,C185
7111,2026-09-24,09:20,Nübe Centro,Domicilio,Croissant de almendras,1,8000,Efectivo,C185
7112,2026-09-24,09:36,Nübe Centro,Mostrador,Croissant de almendras,1,8000,Efectivo,
7113,2026-09-24,12:32,Nübe Centro,Mostrador,Croissant,1,6000,Tarjeta,
7114,2026-09-24,11:45,Nübe Centro,Mostrador,Capuchino,1,8500,Efectivo,
7114,2026-09-24,11:45,Nübe Centro,Mostrador,Croissant,1,6000,Efectivo,
7115,2026-09-24,17:57,Nübe Centro,Mostrador,Capuchino,1,8500,Tarjeta,C009
7116,2026-09-24,16:17,Nübe Centro,Mostrador,Americano,2,5000,Efectivo,C289
7116,2026-09-24,16:17,Nübe Centro,Mostrador,Latte,2,9000,Efectivo,C289
7117,2026-09-24,13:16,Nübe Centro,Mostrador,Frappé de café,1,11000,Nequi,C113
7118,2026-09-24,11:20,Nübe Centro,Mostrador,Croissant,1,6000,Nequi,C069
7118,2026-09-24,11:20,Nübe Centro,Mostrador,Latte,1,9000,Nequi,C069
7119,2026-09-24,07:45,Nübe Centro,Mostrador,Americano,1,5000,Nequi,C053
7119,2026-09-24,07:45,Nübe Centro,Mostrador,Latte,1,9000,Nequi,C053
7120,2026-09-24,10:22,Nübe Centro,Mostrador,Frappé de café,1,11000,Efectivo,C102
7121,2026-09-24,17:54,Nübe Centro,Mostrador,Capuchino,1,8500,Efectivo,
7121,2026-09-24,17:54,Nübe Centro,Mostrador,Croissant de almendras,1,8000,Efectivo,
7121,2026-09-24,17:54,Nübe Centro,Mostrador,Frappé de café,1,11000,Efectivo,
7122,2026-09-24,09:18,Nübe Centro,Domicilio,Americano,2,5000,Nequi,
7122,2026-09-24,09:18,Nübe Centro,Domicilio,Capuchino,1,8500,Nequi,
7123,2026-09-24,13:19,Nübe Centro,Mostrador,Americano,1,5000,Efectivo,C159
7123,2026-09-24,13:19,Nübe Centro,Mostrador,Capuchino,1,8500,Efectivo,C159
7124,2026-09-24,18:21,Nübe Centro,Domicilio,Croissant,1,6000,Nequi,
7124,2026-09-24,18:21,Nübe Centro,Domicilio,Croissant de almendras,1,8000,Nequi,
7124,2026-09-24,18:21,Nübe Centro,Domicilio,Frappé de café,1,11000,Nequi,
7125,2026-09-24,19:07,Nübe Centro,Mostrador,Croissant,1,6000,Nequi,
7126,2026-09-24,15:00,Nübe Centro,Mostrador,Frappé de café,3,11000,Tarjeta,C141
7127,2026-09-24,07:49,Nübe Centro,Mostrador,Americano,1,5000,Efectivo,C021
7128,2026-09-24,15:24,Nübe Centro,Mostrador,Americano,1,5000,Efectivo,
7128,2026-09-24,15:24,Nübe Centro,Mostrador,Croissant,1,6000,Sin dato,
7128,2026-09-24,15:24,Nübe Centro,Mostrador,Tinto,1,3000,Efectivo,
7129,2026-09-24,18:21,Nübe Centro,Mostrador,Croissant de almendras,1,8000,Efectivo,
7130,2026-09-24,15:35,Nübe Centro,Mostrador,Americano,2,5000,Efectivo,C299
7131,2026-09-24,09:47,Nübe Centro,Domicilio,Tinto,1,3000,Nequi,
7132,2026-09-24,09:22,Nübe Centro,Mostrador,Americano,2,5000,Tarjeta,
7132,2026-09-24,09:22,Nübe Centro,Mostrador,Croissant de almendras,1,8000,Tarjeta,
7133,2026-09-24,18:23,Nübe Centro,Mostrador,Chocolate caliente,1,7500,Efectivo,
7134,2026-09-24,08:09,Nübe Centro,Mostrador,Chocolate caliente,1,7500,Tarjeta,C015
7134,2026-09-24,08:09,Nübe Centro,Mostrador,Croissant de almendras,1,8000,Tarjeta,C015
7135,2026-09-24,19:50,Nübe Centro,Domicilio,Croissant de almendras,1,8000,Nequi,
7136,2026-09-24,10:32,Nübe Centro,Mostrador,Americano,2,5000,Efectivo,
7137,2026-09-24,08:29,Nübe Centro,Mostrador,Americano,2,5000,Sin dato,
7137,2026-09-24,08:29,Nübe Centro,Mostrador,Croissant,1,6000,Nequi,
7137,2026-09-24,08:29,Nübe Centro,Mostrador,Frappé de café,1,11000,Nequi,
7138,2026-09-24,10:35,Nübe Centro,Mostrador,Capuchino,1,8500,Efectivo,C284
7139,2026-09-24,10:55,Nübe Centro,Mostrador,Americano,1,5000,Tarjeta,C197
7140,2026-09-24,09:21,Nübe Centro,Mostrador,Croissant de almendras,1,8000,Tarjeta,C239
7141,2026-09-24,07:40,Nübe Centro,Mostrador,Croissant de almendras,1,8000,Nequi,
7142,2026-09-24,14:22,Nübe Centro,Mostrador,Capuchino,1,8500,Nequi,C033
7142,2026-09-24,14:22,Nübe Centro,Mostrador,Frappé de café,1,11000,Nequi,C033
7143,2026-09-24,17:54,Nübe Centro,Mostrador,Capuchino,1,8500,Efectivo,C186
7143,2026-09-24,17:54,Nübe Centro,Mostrador,Tinto,1,3000,Efectivo,C186
7144,2026-09-24,16:06,Nübe Centro,Mostrador,Croissant,1,6000,Tarjeta,C083
7144,2026-09-24,16:06,Nübe Centro,Mostrador,Croissant de almendras,3,8000,Tarjeta,C083
7144,2026-09-24,16:06,Nübe Centro,Mostrador,Frappé de café,1,11000,Tarjeta,C083
7145,2026-09-24,12:58,Nübe Centro,Mostrador,Americano,1,5000,Nequi,
7145,2026-09-24,12:58,Nübe Centro,Mostrador,Croissant,1,6000,Nequi,
7145,2026-09-24,12:58,Nübe Centro,Mostrador,Frappé de café,2,11000,Nequi,
7146,2026-09-24,09:45,Nübe Centro,Domicilio,Capuchino,1,8500,Tarjeta,
7146,2026-09-24,09:45,Nübe Centro,Domicilio,Croissant de almendras,1,8000,Tarjeta,
7147,2026-09-24,07:45,Nübe Centro,Mostrador,Americano,2,5000,Tarjeta,C047
7148,2026-09-24,09:44,Nübe Centro,Mostrador,Latte,1,9000,Tarjeta,
7149,2026-09-24,16:44,Nübe Centro,Mostrador,Chocolate caliente,1,7500,Efectivo,C134
7150,2026-09-24,07:55,Nübe Centro,Mostrador,Americano,1,5000,Efectivo,C062
7150,2026-09-24,07:55,Nübe Centro,Mostrador,Capuchino,1,8500,Efectivo,C062
7151,2026-09-24,10:29,Nübe Centro,Mostrador,Croissant,1,6000,Nequi,C155
7151,2026-09-24,10:29,Nübe Centro,Mostrador,Tinto,1,3000,Nequi,C155
7152,2026-09-24,12:16,Nübe Centro,Mostrador,Capuchino,2,8500,Nequi,
7152,2026-09-24,12:16,Nübe Centro,Mostrador,Chocolate caliente,1,7500,Nequi,
7152,2026-09-24,12:16,Nübe Centro,Mostrador,Frappé de café,1,11000,Nequi,
7153,2026-09-24,12:44,Nübe Centro,Mostrador,Chocolate caliente,1,7500,Tarjeta,
7153,2026-09-24,12:44,Nübe Centro,Mostrador,Croissant,1,6000,Tarjeta,
7154,2026-09-24,11:19,Nübe Centro,Domicilio,Latte,1,9000,Efectivo,
7155,2026-09-24,09:46,Nübe Centro,Mostrador,Croissant,1,6000,Tarjeta,
7156,2026-09-24,13:12,Nübe Centro,Mostrador,Americano,1,5000,Nequi,C065
7156,2026-09-24,13:12,Nübe Centro,Mostrador,Latte,1,9000,Nequi,C065
7156,2026-09-24,13:12,Nübe Centro,Mostrador,Tinto,1,3000,Nequi,C065
7157,2026-09-24,15:49,Nübe Centro,Domicilio,Croissant,2,6000,Efectivo,C111
7157,2026-09-24,15:49,Nübe Centro,Domicilio,Frappé de café,2,11000,Efectivo,C111
7157,2026-09-24,15:49,Nübe Centro,Domicilio,Latte,1,9000,Efectivo,C111
7158,2026-09-24,10:00,Nübe Centro,Domicilio,Frappé de café,1,11000,Nequi,
7159,2026-09-24,08:19,Nübe Centro,Mostrador,Croissant de almendras,1,8000,Efectivo,
7160,2026-09-24,17:35,Nübe Centro,Mostrador,Americano,3,5000,Tarjeta,
7161,2026-09-24,13:46,Nübe Centro,Mostrador,Chocolate caliente,1,7500,Efectivo,C097
7162,2026-09-24,14:26,Nübe Centro,Mostrador,Croissant,1,6000,Tarjeta,
7163,2026-09-24,06:29,Nübe Centro,Mostrador,Croissant,1,6000,Tarjeta,
7164,2026-09-24,19:45,Nübe Centro,Domicilio,Capuchino,1,8500,Efectivo,
7165,2026-09-24,15:31,Nübe Centro,Mostrador,Latte,3,9000,Nequi,
7166,2026-09-24,16:38,Nübe Centro,Domicilio,Capuchino,3,8500,Tarjeta,
7166,2026-09-24,16:38,Nübe Centro,Domicilio,Tinto,1,3000,Tarjeta,
7167,2026-09-24,13:00,Nübe Centro,Mostrador,Croissant,1,6000,Efectivo,
7167,2026-09-24,13:00,Nübe Centro,Mostrador,Frappé de café,1,11000,Efectivo,
7168,2026-09-24,08:49,Nübe Centro,Mostrador,Capuchino,1,8500,Efectivo,
7168,2026-09-24,08:49,Nübe Centro,Mostrador,Croissant,1,6000,Efectivo,
7168,2026-09-24,08:49,Nübe Centro,Mostrador,Croissant de almendras,2,8000,Efectivo,
7169,2026-09-24,15:12,Nübe Centro,Mostrador,Americano,1,5000,Nequi,C042
7169,2026-09-24,15:12,Nübe Centro,Mostrador,Chocolate caliente,1,7500,Nequi,C042
7170,2026-09-24,18:44,Nübe Centro,Domicilio,Americano,1,5000,Efectivo,C060
7171,2026-09-24,10:29,Nübe Centro,Domicilio,Frappé de café,3,11000,Nequi,C184
7171,2026-09-24,10:29,Nübe Centro,Domicilio,Tinto,1,3000,Nequi,C184
7172,2026-09-24,09:27,Nübe Centro,Mostrador,Latte,1,9000,Nequi,
7173,2026-09-24,11:41,Nübe Centro,Mostrador,Capuchino,1,8500,Efectivo,
7173,2026-09-24,11:41,Nübe Centro,Mostrador,Frappé de café,1,11000,Efectivo,
7174,2026-09-24,17:59,Nübe Centro,Mostrador,Americano,1,5000,Efectivo,
7174,2026-09-24,17:59,Nübe Centro,Mostrador,Croissant,1,6000,Efectivo,
7175,2026-09-24,17:04,Nübe Centro,Mostrador,Capuchino,1,8500,Nequi,C179
7176,2026-09-24,16:56,Nübe Centro,Domicilio,Capuchino,1,8500,Efectivo,
7176,2026-09-24,16:56,Nübe Centro,Domicilio,Chocolate caliente,1,7500,Efectivo,
7177,2026-09-24,08:22,Nübe Altico,Mostrador,Tinto,1,3000,Nequi,C015
7178,2026-09-24,07:39,Nübe Altico,Mostrador,Americano,2,5000,Efectivo,
7179,2026-09-24,08:33,Nübe Altico,Domicilio,Croissant,1,6000,Nequi,C097
7180,2026-09-24,08:06,Nübe Altico,Mostrador,Croissant,1,6000,Nequi,C212
7181,2026-09-24,07:50,Nübe Altico,Domicilio,Americano,1,5000,Efectivo,
7182,2026-09-24,18:40,Nübe Altico,Mostrador,Americano,1,5000,Tarjeta,
7182,2026-09-24,18:40,Nübe Altico,Mostrador,Latte,1,9000,Tarjeta,
7183,2026-09-24,09:24,Nübe Altico,Mostrador,Latte,1,9000,Efectivo,C273
7183,2026-09-24,09:24,Nübe Altico,Mostrador,Tinto,1,3000,Efectivo,C273
7184,2026-09-24,13:40,Nübe Altico,Mostrador,Capuchino,1,8500,Tarjeta,
7184,2026-09-24,13:40,Nübe Altico,Mostrador,Croissant,1,6000,Tarjeta,
7185,2026-09-24,10:28,Nübe Altico,Mostrador,Croissant,1,6000,Tarjeta,
7186,2026-09-24,08:33,Nübe Altico,Mostrador,Capuchino,1,8500,Efectivo,C186
7186,2026-09-24,08:33,Nübe Altico,Mostrador,Croissant,1,6000,Efectivo,C186
7187,2026-09-24,08:54,Nübe Altico,Mostrador,Tinto,2,3000,Nequi,C038
7188,2026-09-24,16:04,Nübe Altico,Mostrador,Americano,1,5000,Nequi,
7189,2026-09-24,08:40,Nübe Altico,Mostrador,Croissant,1,6000,Efectivo,C129
7190,2026-09-24,07:56,Nübe Altico,Mostrador,Croissant de almendras,1,8000,Tarjeta,
7190,2026-09-24,07:56,Nübe Altico,Mostrador,Latte,1,9000,Tarjeta,
7191,2026-09-24,07:23,Nübe Altico,Mostrador,Capuchino,1,8500,Nequi,C003
7191,2026-09-24,07:23,Nübe Altico,Mostrador,Tinto,3,3000,Nequi,C003
7192,2026-09-24,18:09,Nübe Altico,Mostrador,Capuchino,2,8500,Efectivo,C247
7193,2026-09-24,16:39,Nübe Altico,Mostrador,Croissant,1,6000,Tarjeta,
7194,2026-09-24,13:23,Nübe Altico,Domicilio,Americano,1,5000,Tarjeta,
7194,2026-09-24,13:23,Nübe Altico,Domicilio,Frappé de café,1,11000,Tarjeta,
7195,2026-09-24,08:33,Nübe Altico,Mostrador,Latte,1,9000,Sin dato,C181
7196,2026-09-24,06:28,Nübe Altico,Mostrador,Tinto,1,3000,Nequi,
7197,2026-09-24,07:07,Nübe Altico,Mostrador,Americano,2,5000,Nequi,C033
7197,2026-09-24,07:07,Nübe Altico,Mostrador,Latte,1,9000,Nequi,C033
7198,2026-09-24,12:52,Nübe Altico,Mostrador,Capuchino,1,8500,Sin dato,
7198,2026-09-24,12:52,Nübe Altico,Mostrador,Frappé de café,1,11000,Nequi,
7199,2026-09-24,16:53,Nübe Altico,Mostrador,Frappé de café,1,11000,Tarjeta,C102
7200,2026-09-24,16:16,Nübe Altico,Mostrador,Americano,1,5000,Tarjeta,
7200,2026-09-24,16:16,Nübe Altico,Mostrador,Latte,1,9000,Tarjeta,
7201,2026-09-24,16:33,Nübe Altico,Mostrador,Tinto,1,3000,Efectivo,
7202,2026-09-24,07:55,Nübe Altico,Mostrador,Croissant,1,6000,Efectivo,
7203,2026-09-24,17:38,Nübe Altico,Mostrador,Tinto,2,3000,Nequi,C217
7204,2026-09-24,10:07,Nübe Altico,Mostrador,Croissant,1,6000,Efectivo,C096
7205,2026-09-24,07:53,Nübe Altico,Mostrador,Capuchino,1,8500,Tarjeta,
7205,2026-09-24,07:53,Nübe Altico,Mostrador,Croissant,1,6000,Tarjeta,
7206,2026-09-24,17:13,Nübe Altico,Mostrador,Capuchino,1,8500,Efectivo,C166
7206,2026-09-24,17:13,Nübe Altico,Mostrador,Croissant,1,6000,Efectivo,C166
7207,2026-09-24,09:12,Nübe Altico,Mostrador,Latte,2,9000,Efectivo,
7208,2026-09-24,14:19,Nübe Altico,Domicilio,Croissant de almendras,1,8000,Nequi,C058
7208,2026-09-24,14:19,Nübe Altico,Domicilio,Tinto,1,3000,Nequi,C058
7209,2026-09-24,07:06,Nübe Altico,Mostrador,Americano,1,5000,Nequi,C170
7210,2026-09-24,10:59,Nübe Altico,Domicilio,Latte,1,9000,Tarjeta,C145
7211,2026-09-24,16:48,Nübe Altico,Mostrador,Latte,1,9000,Tarjeta,C016
7212,2026-09-24,13:20,Nübe Altico,Mostrador,Latte,1,9000,Efectivo,C054
7213,2026-09-24,11:48,Nübe Altico,Mostrador,Capuchino,1,8500,Efectivo,C076
7213,2026-09-24,11:48,Nübe Altico,Mostrador,Tinto,1,3000,Efectivo,C076
7214,2026-09-24,14:24,Nübe Altico,Domicilio,Tinto,1,3000,Tarjeta,C167
7215,2026-09-24,08:44,Nübe Altico,Mostrador,Americano,1,5000,Nequi,
7215,2026-09-24,08:44,Nübe Altico,Mostrador,Croissant,1,6000,Nequi,
7216,2026-09-24,09:17,Nübe Altico,Mostrador,Capuchino,1,8500,Nequi,
7217,2026-09-24,10:07,Nübe Altico,Domicilio,Croissant,1,6000,Tarjeta,C135
7217,2026-09-24,10:07,Nübe Altico,Domicilio,Croissant de almendras,2,8000,Tarjeta,C135
7218,2026-09-24,16:03,Nübe Altico,Domicilio,Capuchino,3,8500,Nequi,C282
7219,2026-09-24,13:01,Nübe Altico,Mostrador,Capuchino,1,8500,Nequi,
7219,2026-09-24,13:01,Nübe Altico,Mostrador,Croissant,1,6000,Nequi,
7220,2026-09-24,10:25,Nübe Altico,Mostrador,Croissant,1,6000,Nequi,C290
7221,2026-09-24,15:59,Nübe Altico,Domicilio,Croissant,1,6000,Nequi,C197
7222,2026-09-24,19:55,Nübe Altico,Mostrador,Croissant de almendras,1,8000,Efectivo,
7222,2026-09-24,19:55,Nübe Altico,Mostrador,Tinto,1,3000,Efectivo,
7223,2026-09-24,10:30,Nübe Altico,Mostrador,Tinto,1,3000,Nequi,
7224,2026-09-24,08:21,Nübe Altico,Mostrador,Americano,1,5000,Tarjeta,
7225,2026-09-24,07:54,Nübe Altico,Mostrador,Capuchino,1,8500,Nequi,
7225,2026-09-24,07:54,Nübe Altico,Mostrador,Croissant,1,6000,Nequi,
7226,2026-09-24,10:25,Nübe Altico,Mostrador,Americano,1,5000,Efectivo,
7226,2026-09-24,10:25,Nübe Altico,Mostrador,Croissant,1,6000,Efectivo,
7226,2026-09-24,10:25,Nübe Altico,Mostrador,Croissant de almendras,1,8000,Efectivo,
7227,2026-09-24,18:05,Nübe Altico,Mostrador,Croissant,1,6000,Efectivo,
7228,2026-09-24,08:49,Nübe Altico,Mostrador,Croissant,1,6000,Nequi,C011
7228,2026-09-24,08:49,Nübe Altico,Mostrador,Croissant de almendras,1,8000,Nequi,C011
7228,2026-09-24,08:49,Nübe Altico,Mostrador,Frappé de café,2,11000,Nequi,C011
7229,2026-09-24,15:59,Nübe Altico,Domicilio,Capuchino,2,8500,Efectivo,C119
7229,2026-09-24,15:59,Nübe Altico,Domicilio,Chocolate caliente,1,7500,Efectivo,C119
7229,2026-09-24,15:59,Nübe Altico,Domicilio,Tinto,1,3000,Efectivo,C119
7230,2026-09-25,16:37,Nübe Centro,Mostrador,Tinto,1,3000,Efectivo,
7231,2026-09-25,12:13,Nübe Centro,Mostrador,Tinto,1,3000,Efectivo,
7232,2026-09-25,07:16,Nübe Centro,Mostrador,Croissant,3,6000,Tarjeta,
7233,2026-09-25,12:48,Nübe Centro,Domicilio,Latte,1,9000,Efectivo,C170
7234,2026-09-25,07:02,Nübe Centro,Mostrador,Americano,1,5000,Nequi,
7234,2026-09-25,07:02,Nübe Centro,Mostrador,Croissant,1,6000,Nequi,
7235,2026-09-25,07:22,Nübe Centro,Mostrador,Frappé de café,1,11000,Tarjeta,
7235,2026-09-25,07:22,Nübe Centro,Mostrador,Tinto,1,3000,Tarjeta,
7236,2026-09-25,11:50,Nübe Centro,Domicilio,Capuchino,2,8500,Nequi,
7236,2026-09-25,11:50,Nübe Centro,Domicilio,Croissant,2,6000,Nequi,
7236,2026-09-25,11:50,Nübe Centro,Domicilio,Tinto,1,3000,Nequi,
7237,2026-09-25,14:27,Nübe Centro,Mostrador,Frappé de café,1,11000,Efectivo,
7238,2026-09-25,10:12,Nübe Centro,Mostrador,Tinto,1,3000,Tarjeta,C045
7239,2026-09-25,08:36,Nübe Centro,Mostrador,Latte,1,9000,Efectivo,
7239,2026-09-25,08:36,Nübe Centro,Mostrador,Tinto,1,3000,Efectivo,
7240,2026-09-25,14:04,Nübe Centro,Mostrador,Capuchino,1,8500,Efectivo,
7241,2026-09-25,08:21,Nübe Centro,Mostrador,Capuchino,1,8500,Efectivo,
7241,2026-09-25,08:21,Nübe Centro,Mostrador,Croissant de almendras,1,8000,Efectivo,
7242,2026-09-25,08:33,Nübe Centro,Mostrador,Latte,1,9000,Tarjeta,C164
7243,2026-09-25,17:45,Nübe Centro,Domicilio,Capuchino,1,8500,Efectivo,
7244,2026-09-25,07:23,Nübe Centro,Mostrador,Tinto,1,3000,Tarjeta,
7245,2026-09-25,08:48,Nübe Centro,Mostrador,Capuchino,1,8500,Efectivo,
7245,2026-09-25,08:48,Nübe Centro,Mostrador,Croissant,1,6000,Efectivo,
7245,2026-09-25,08:48,Nübe Centro,Mostrador,Tinto,1,3000,Efectivo,
7246,2026-09-25,08:14,Nübe Centro,Mostrador,Croissant de almendras,2,8000,Nequi,C147
7247,2026-09-25,19:36,Nübe Centro,Mostrador,Frappé de café,2,11000,Nequi,
7248,2026-09-25,11:38,Nübe Centro,Mostrador,Croissant,1,6000,Efectivo,C142
7249,2026-09-25,10:55,Nübe Centro,Mostrador,Capuchino,2,8500,Nequi,
7250,2026-09-25,10:21,Nübe Centro,Mostrador,Capuchino,1,8500,Efectivo,
7250,2026-09-25,10:21,Nübe Centro,Mostrador,Croissant de almendras,1,8000,Efectivo,
7251,2026-09-25,11:08,Nübe Centro,Domicilio,Capuchino,2,8500,Efectivo,C202
7251,2026-09-25,11:08,Nübe Centro,Domicilio,Frappé de café,1,11000,Efectivo,C202
7252,2026-09-25,16:31,Nübe Centro,Mostrador,Croissant de almendras,1,8000,Tarjeta,C196
7253,2026-09-25,08:01,Nübe Centro,Mostrador,Croissant,1,6000,Nequi,C267
7254,2026-09-25,09:12,Nübe Centro,Mostrador,Americano,2,5000,Nequi,C121
7254,2026-09-25,09:12,Nübe Centro,Mostrador,Croissant,1,6000,Nequi,C121
7255,2026-09-25,09:43,Nübe Centro,Mostrador,Croissant de almendras,1,8000,Efectivo,C120
7255,2026-09-25,09:43,Nübe Centro,Mostrador,Frappé de café,1,11000,Efectivo,C120
7256,2026-09-25,08:03,Nübe Centro,Mostrador,Croissant de almendras,1,8000,Nequi,C141
7257,2026-09-25,18:12,Nübe Centro,Mostrador,Frappé de café,1,11000,Nequi,
7258,2026-09-25,10:15,Nübe Centro,Domicilio,Capuchino,2,8500,Tarjeta,
7258,2026-09-25,10:15,Nübe Centro,Domicilio,Croissant de almendras,1,8000,Tarjeta,
7259,2026-09-25,11:40,Nübe Centro,Mostrador,Americano,1,5000,Tarjeta,C138
7259,2026-09-25,11:40,Nübe Centro,Mostrador,Chocolate caliente,1,7500,Tarjeta,C138
7260,2026-09-25,08:49,Nübe Centro,Mostrador,Capuchino,2,8500,Efectivo,
7260,2026-09-25,08:49,Nübe Centro,Mostrador,Tinto,1,3000,Efectivo,
7261,2026-09-25,13:35,Nübe Centro,Mostrador,Chocolate caliente,1,7500,Efectivo,
7261,2026-09-25,13:35,Nübe Centro,Mostrador,Tinto,1,3000,Efectivo,
7262,2026-09-25,09:26,Nübe Centro,Mostrador,Croissant,1,6000,Efectivo,C260
7262,2026-09-25,09:26,Nübe Centro,Mostrador,Croissant de almendras,1,8000,Efectivo,C260
7263,2026-09-25,19:55,Nübe Centro,Mostrador,Croissant,1,6000,Nequi,
7264,2026-09-25,07:18,Nübe Centro,Domicilio,Capuchino,1,8500,Tarjeta,
7264,2026-09-25,07:18,Nübe Centro,Domicilio,Croissant,1,6000,Tarjeta,
7264,2026-09-25,07:18,Nübe Centro,Domicilio,Tinto,1,3000,Tarjeta,
7265,2026-09-25,18:22,Nübe Centro,Mostrador,Capuchino,1,8500,Nequi,
7265,2026-09-25,18:22,Nübe Centro,Mostrador,Croissant,1,6000,Nequi,
7265,2026-09-25,18:22,Nübe Centro,Mostrador,Tinto,1,3000,Nequi,
7266,2026-09-25,15:41,Nübe Centro,Mostrador,Americano,2,5000,Efectivo,C233
7267,2026-09-25,15:12,Nübe Centro,Mostrador,Frappé de café,1,11000,Efectivo,
7268,2026-09-25,08:37,Nübe Centro,Mostrador,Capuchino,1,8500,Tarjeta,
7269,2026-09-25,08:39,Nübe Centro,Mostrador,Capuchino,1,8500,Efectivo,C089
7270,2026-09-25,09:55,Nübe Centro,Mostrador,Capuchino,1,8500,Tarjeta,C083
7271,2026-09-25,08:30,Nübe Centro,Mostrador,Croissant,1,6000,Nequi,
7272,2026-09-25,07:20,Nübe Centro,Mostrador,Chocolate caliente,1,7500,Tarjeta,C152
7272,2026-09-25,07:20,Nübe Centro,Mostrador,Latte,1,9000,Tarjeta,C152
7273,2026-09-25,07:07,Nübe Centro,Mostrador,Americano,2,5000,Tarjeta,
7273,2026-09-25,07:07,Nübe Centro,Mostrador,Chocolate caliente,1,7500,Tarjeta,
7274,2026-09-25,08:47,Nübe Centro,Mostrador,Latte,1,9000,Nequi,C100
7275,2026-09-25,15:35,Nübe Centro,Mostrador,Americano,1,5000,Tarjeta,C109
7275,2026-09-25,15:35,Nübe Centro,Mostrador,Frappé de café,1,11000,Tarjeta,C109
7275,2026-09-25,15:35,Nübe Centro,Mostrador,Tinto,1,3000,Tarjeta,C109
7276,2026-09-25,16:27,Nübe Centro,Mostrador,Chocolate caliente,1,7500,Efectivo,C230
7276,2026-09-25,16:27,Nübe Centro,Mostrador,Tinto,1,3000,Efectivo,C230
7277,2026-09-25,08:57,Nübe Centro,Mostrador,Croissant,1,6000,Nequi,C022
7278,2026-09-25,16:37,Nübe Centro,Domicilio,Chocolate caliente,1,7500,Tarjeta,
7278,2026-09-25,16:37,Nübe Centro,Domicilio,Tinto,1,3000,Tarjeta,
7279,2026-09-25,10:16,Nübe Centro,Mostrador,Croissant,1,6000,Nequi,
7280,2026-09-25,07:12,Nübe Centro,Domicilio,Capuchino,1,8500,Nequi,C263
7280,2026-09-25,07:12,Nübe Centro,Domicilio,Tinto,1,3000,Nequi,C263
7281,2026-09-25,07:02,Nübe Centro,Mostrador,Tinto,1,3000,Tarjeta,
7282,2026-09-25,07:32,Nübe Centro,Mostrador,Capuchino,1,8500,Tarjeta,C159
7282,2026-09-25,07:32,Nübe Centro,Mostrador,Latte,1,9000,Tarjeta,C159
7283,2026-09-25,13:27,Nübe Centro,Mostrador,Latte,1,9000,Nequi,C242
7284,2026-09-25,08:57,Nübe Centro,Domicilio,Croissant,2,6000,Efectivo,C210
7284,2026-09-25,08:57,Nübe Centro,Domicilio,Croissant de almendras,2,8000,Efectivo,C210
7284,2026-09-25,08:57,Nübe Centro,Domicilio,Latte,1,9000,Efectivo,C210
7285,2026-09-25,08:29,Nübe Centro,Domicilio,Croissant,2,6000,Efectivo,
7286,2026-09-25,09:15,Nübe Centro,Mostrador,Capuchino,1,8500,Nequi,
7287,2026-09-25,07:12,Nübe Centro,Mostrador,Americano,1,5000,Efectivo,
7287,2026-09-25,07:12,Nübe Centro,Mostrador,Chocolate caliente,1,7500,Efectivo,
7288,2026-09-25,20:42,Nübe Centro,Mostrador,Croissant,1,6000,Nequi,
7289,2026-09-25,15:39,Nübe Centro,Mostrador,Croissant de almendras,1,8000,Efectivo,
7289,2026-09-25,15:39,Nübe Centro,Mostrador,Latte,1,9000,Efectivo,
7290,2026-09-25,09:24,Nübe Centro,Mostrador,Capuchino,1,8500,Nequi,
7290,2026-09-25,09:24,Nübe Centro,Mostrador,Tinto,1,3000,Nequi,
7291,2026-09-25,18:53,Nübe Centro,Domicilio,Americano,1,5000,Nequi,
7292,2026-09-25,14:55,Nübe Centro,Mostrador,Capuchino,1,8500,Nequi,
7292,2026-09-25,14:55,Nübe Centro,Mostrador,Croissant,1,6000,Nequi,
7293,2026-09-25,08:24,Nübe Centro,Mostrador,Chocolate caliente,1,7500,Nequi,C040
7293,2026-09-25,08:24,Nübe Centro,Mostrador,Croissant,1,6000,Nequi,C040
7293,2026-09-25,08:24,Nübe Centro,Mostrador,Croissant de almendras,1,8000,Nequi,C040
7294,2026-09-25,17:17,Nübe Centro,Mostrador,Capuchino,1,8500,Nequi,
7294,2026-09-25,17:17,Nübe Centro,Mostrador,Latte,2,9000,Nequi,
7295,2026-09-25,07:12,Nübe Centro,Mostrador,Chocolate caliente,1,7500,Nequi,
7295,2026-09-25,07:12,Nübe Centro,Mostrador,Croissant,1,6000,Nequi,
7296,2026-09-25,16:28,Nübe Centro,Mostrador,Tinto,1,3000,Tarjeta,
7297,2026-09-25,08:30,Nübe Centro,Mostrador,Chocolate caliente,2,7500,Efectivo,C103
7298,2026-09-25,09:34,Nübe Centro,Domicilio,Americano,1,5000,Efectivo,C260
7299,2026-09-25,11:21,Nübe Centro,Domicilio,Americano,2,5000,Nequi,
7299,2026-09-25,11:21,Nübe Centro,Domicilio,Croissant,1,6000,Nequi,
7300,2026-09-25,16:09,Nübe Centro,Mostrador,Tinto,1,3000,Tarjeta,C087
7301,2026-09-25,08:03,Nübe Centro,Mostrador,Croissant,2,6000,Tarjeta,
7301,2026-09-25,08:03,Nübe Centro,Mostrador,Tinto,1,3000,Tarjeta,
7302,2026-09-25,17:07,Nübe Centro,Mostrador,Frappé de café,1,11000,Tarjeta,C177
7303,2026-09-25,10:04,Nübe Centro,Mostrador,Tinto,1,3000,Tarjeta,
7304,2026-09-25,20:19,Nübe Centro,Mostrador,Croissant,2,6000,Nequi,
7304,2026-09-25,20:19,Nübe Centro,Mostrador,Frappé de café,1,11000,Nequi,
7305,2026-09-25,06:25,Nübe Centro,Mostrador,Capuchino,1,8500,Efectivo,C190
7306,2026-09-25,07:58,Nübe Centro,Domicilio,Capuchino,2,8500,Nequi,
7306,2026-09-25,07:58,Nübe Centro,Domicilio,Croissant,1,6000,Nequi,
7307,2026-09-25,09:19,Nübe Altico,Mostrador,Capuchino,2,8500,Tarjeta,
7308,2026-09-25,07:51,Nübe Altico,Domicilio,Latte,2,9000,Nequi,
7309,2026-09-25,11:39,Nübe Altico,Mostrador,Capuchino,1,8500,Efectivo,
7309,2026-09-25,11:39,Nübe Altico,Mostrador,Tinto,1,3000,Efectivo,
7310,2026-09-25,07:29,Nübe Altico,Domicilio,Americano,2,5000,Nequi,
7310,2026-09-25,07:29,Nübe Altico,Domicilio,Capuchino,1,8500,Nequi,
7310,2026-09-25,07:29,Nübe Altico,Domicilio,Tinto,1,3000,Nequi,
7311,2026-09-25,17:47,Nübe Altico,Mostrador,Capuchino,2,8500,Efectivo,C172
7312,2026-09-25,10:56,Nübe Altico,Mostrador,Croissant,1,6000,Efectivo,
7313,2026-09-25,15:01,Nübe Altico,Mostrador,Chocolate caliente,2,7500,Nequi,C299
7313,2026-09-25,15:01,Nübe Altico,Mostrador,Croissant de almendras,1,8000,Sin dato,C299
7314,2026-09-25,09:33,Nübe Altico,Mostrador,Frappé de café,1,11000,Nequi,C246
7315,2026-09-25,14:11,Nübe Altico,Mostrador,Tinto,1,3000,Nequi,
7316,2026-09-25,09:45,Nübe Altico,Mostrador,Capuchino,1,8500,Efectivo,
7317,2026-09-25,16:29,Nübe Altico,Mostrador,Croissant,3,6000,Tarjeta,C050
7318,2026-09-25,07:59,Nübe Altico,Mostrador,Tinto,1,3000,Efectivo,C235
7319,2026-09-25,12:47,Nübe Altico,Mostrador,Capuchino,1,8500,Tarjeta,
7319,2026-09-25,12:47,Nübe Altico,Mostrador,Croissant,1,6000,Tarjeta,
7320,2026-09-25,20:16,Nübe Altico,Mostrador,Capuchino,2,8500,Efectivo,
7320,2026-09-25,20:16,Nübe Altico,Mostrador,Croissant,1,6000,Efectivo,
7320,2026-09-25,20:16,Nübe Altico,Mostrador,Croissant de almendras,1,8000,Efectivo,
7321,2026-09-25,18:50,Nübe Altico,Domicilio,Frappé de café,1,11000,Tarjeta,C227
7322,2026-09-25,07:51,Nübe Altico,Mostrador,Croissant,1,6000,Tarjeta,C256
7323,2026-09-25,07:20,Nübe Altico,Domicilio,Frappé de café,1,11000,Tarjeta,C216
7323,2026-09-25,07:20,Nübe Altico,Domicilio,Tinto,1,3000,Tarjeta,C216
7324,2026-09-25,08:05,Nübe Altico,Mostrador,Croissant,2,6000,Efectivo,C001
7325,2026-09-25,07:38,Nübe Altico,Domicilio,Americano,3,5000,Tarjeta,C292
7325,2026-09-25,07:38,Nübe Altico,Domicilio,Croissant de almendras,2,8000,Tarjeta,C292
7326,2026-09-25,10:25,Nübe Altico,Mostrador,Capuchino,2,8500,Nequi,C177
7326,2026-09-25,10:25,Nübe Altico,Mostrador,Tinto,1,3000,Nequi,C177
7327,2026-09-25,15:52,Nübe Altico,Mostrador,Capuchino,2,8500,Efectivo,C272
7327,2026-09-25,15:52,Nübe Altico,Mostrador,Chocolate caliente,1,7500,Efectivo,C272
7327,2026-09-25,15:52,Nübe Altico,Mostrador,Tinto,1,3000,Efectivo,C272
7328,2026-09-25,17:40,Nübe Altico,Mostrador,Frappé de café,2,11000,Nequi,
7328,2026-09-25,17:40,Nübe Altico,Mostrador,Tinto,1,3000,Nequi,
7329,2026-09-25,20:19,Nübe Altico,Mostrador,Croissant,1,6000,Tarjeta,
7330,2026-09-25,08:04,Nübe Altico,Mostrador,Chocolate caliente,2,7500,Efectivo,C138
7330,2026-09-25,08:04,Nübe Altico,Mostrador,Croissant,1,6000,Efectivo,C138
7330,2026-09-25,08:04,Nübe Altico,Mostrador,Latte,3,9000,Efectivo,C138
7331,2026-09-25,17:44,Nübe Altico,Mostrador,Tinto,1,3000,Efectivo,C014
7332,2026-09-25,10:36,Nübe Altico,Domicilio,Capuchino,1,8500,Efectivo,
7332,2026-09-25,10:36,Nübe Altico,Domicilio,Latte,1,9000,Sin dato,
7333,2026-09-25,07:16,Nübe Altico,Mostrador,Frappé de café,1,11000,Nequi,C282
7334,2026-09-25,06:22,Nübe Altico,Mostrador,Croissant,1,6000,Efectivo,C083
7334,2026-09-25,06:22,Nübe Altico,Mostrador,Tinto,3,3000,Efectivo,C083
7335,2026-09-25,10:41,Nübe Altico,Mostrador,Latte,2,9000,Nequi,
7336,2026-09-25,09:07,Nübe Altico,Mostrador,Capuchino,1,8500,Efectivo,C005
7337,2026-09-25,08:29,Nübe Altico,Mostrador,Latte,1,9000,Nequi,
7338,2026-09-25,08:15,Nübe Altico,Mostrador,Croissant,1,6000,Efectivo,
7339,2026-09-25,19:58,Nübe Altico,Mostrador,Latte,2,9000,Efectivo,
7340,2026-09-25,11:37,Nübe Altico,Mostrador,Americano,1,5000,Nequi,
7340,2026-09-25,11:37,Nübe Altico,Mostrador,Capuchino,2,8500,Nequi,
7341,2026-09-25,10:55,Nübe Altico,Mostrador,Americano,1,5000,Nequi,C187
7341,2026-09-25,10:55,Nübe Altico,Mostrador,Tinto,1,3000,Nequi,C187
7342,2026-09-25,11:10,Nübe Altico,Mostrador,Capuchino,1,8500,Nequi,C077
7343,2026-09-25,11:48,Nübe Altico,Mostrador,Latte,2,9000,Nequi,
7343,2026-09-25,11:48,Nübe Altico,Mostrador,Tinto,1,3000,Nequi,
7344,2026-09-25,08:16,Nübe Altico,Mostrador,Capuchino,1,8500,Efectivo,
7345,2026-09-25,08:07,Nübe Altico,Mostrador,Croissant,1,6000,Efectivo,
7345,2026-09-25,08:07,Nübe Altico,Mostrador,Latte,1,9000,Efectivo,
7346,2026-09-25,16:05,Nübe Altico,Mostrador,Capuchino,1,8500,Efectivo,C107
7346,2026-09-25,16:05,Nübe Altico,Mostrador,Croissant,1,6000,Efectivo,C107
7347,2026-09-25,10:59,Nübe Altico,Domicilio,Chocolate caliente,1,7500,Tarjeta,
7347,2026-09-25,10:59,Nübe Altico,Domicilio,Latte,1,9000,Tarjeta,
7348,2026-09-25,10:08,Nübe Altico,Mostrador,Croissant,3,6000,Efectivo,
7348,2026-09-25,10:08,Nübe Altico,Mostrador,Tinto,1,3000,Efectivo,
7349,2026-09-25,16:36,Nübe Altico,Domicilio,Croissant,2,6000,Tarjeta,C118
7350,2026-09-25,07:45,Nübe Altico,Mostrador,Capuchino,1,8500,Efectivo,
7350,2026-09-25,07:45,Nübe Altico,Mostrador,Tinto,1,3000,Efectivo,
7351,2026-09-25,15:02,Nübe Altico,Mostrador,Chocolate caliente,1,7500,Tarjeta,
7351,2026-09-25,15:02,Nübe Altico,Mostrador,Croissant de almendras,1,8000,Tarjeta,
7352,2026-09-25,08:21,Nübe Altico,Mostrador,Croissant,1,6000,Efectivo,
7352,2026-09-25,08:21,Nübe Altico,Mostrador,Frappé de café,1,11000,Efectivo,
7353,2026-09-25,07:49,Nübe Altico,Mostrador,Croissant,1,6000,Efectivo,
7354,2026-09-25,08:23,Nübe Altico,Mostrador,Chocolate caliente,1,7500,Efectivo,C089
7355,2026-09-25,12:14,Nübe Altico,Mostrador,Chocolate caliente,2,7500,Efectivo,
7355,2026-09-25,12:14,Nübe Altico,Mostrador,Croissant,1,6000,Efectivo,
7356,2026-09-25,10:58,Nübe Altico,Mostrador,Croissant de almendras,1,8000,Tarjeta,C025
7356,2026-09-25,10:58,Nübe Altico,Mostrador,Latte,1,9000,Tarjeta,C025
7357,2026-09-25,11:07,Nübe Altico,Mostrador,Chocolate caliente,1,7500,Nequi,C275
7357,2026-09-25,11:07,Nübe Altico,Mostrador,Tinto,1,3000,Nequi,C275
7358,2026-09-25,19:30,Nübe Altico,Mostrador,Tinto,1,3000,Nequi,
7359,2026-09-25,14:15,Nübe Altico,Mostrador,Capuchino,1,8500,Nequi,C172
7360,2026-09-25,10:22,Nübe Altico,Mostrador,Croissant de almendras,1,8000,Tarjeta,
7361,2026-09-25,16:01,Nübe Altico,Mostrador,Croissant,1,6000,Nequi,
7361,2026-09-25,16:01,Nübe Altico,Mostrador,Tinto,1,3000,Nequi,
7362,2026-09-25,10:49,Nübe Altico,Mostrador,Americano,1,5000,Nequi,C027
7362,2026-09-25,10:49,Nübe Altico,Mostrador,Capuchino,1,8500,Nequi,C027
7363,2026-09-25,08:46,Nübe Altico,Mostrador,Capuchino,1,8500,Efectivo,
7364,2026-09-26,06:01,Nübe Centro,Mostrador,Latte,1,9000,Tarjeta,
7365,2026-09-26,14:51,Nübe Centro,Domicilio,Latte,3,9000,Efectivo,
7365,2026-09-26,14:51,Nübe Centro,Domicilio,Tinto,1,3000,Efectivo,
7366,2026-09-26,09:44,Nübe Centro,Domicilio,Latte,1,9000,Nequi,
7367,2026-09-26,13:34,Nübe Centro,Domicilio,Latte,1,9000,Efectivo,
7368,2026-09-26,19:38,Nübe Centro,Mostrador,Americano,1,5000,Efectivo,
7368,2026-09-26,19:38,Nübe Centro,Mostrador,Chocolate caliente,2,7500,Efectivo,
7368,2026-09-26,19:38,Nübe Centro,Mostrador,Tinto,1,3000,Efectivo,
7369,2026-09-26,15:43,Nübe Centro,Mostrador,Capuchino,1,8500,Efectivo,
7369,2026-09-26,15:43,Nübe Centro,Mostrador,Chocolate caliente,1,7500,Efectivo,
7370,2026-09-26,17:44,Nübe Centro,Domicilio,Capuchino,2,8500,Efectivo,
7370,2026-09-26,17:44,Nübe Centro,Domicilio,Tinto,3,3000,Efectivo,
7371,2026-09-26,19:42,Nübe Centro,Mostrador,Tinto,1,3000,Efectivo,
7372,2026-09-26,18:41,Nübe Centro,Domicilio,Capuchino,1,8500,Tarjeta,
7372,2026-09-26,18:41,Nübe Centro,Domicilio,Croissant,1,6000,Tarjeta,
7373,2026-09-26,12:48,Nübe Centro,Mostrador,Croissant de almendras,1,8000,Efectivo,
7374,2026-09-26,13:45,Nübe Centro,Mostrador,Chocolate caliente,1,7500,Nequi,C187
7375,2026-09-26,07:29,Nübe Centro,Mostrador,Tinto,1,3000,Tarjeta,C095
7376,2026-09-26,17:04,Nübe Centro,Domicilio,Croissant de almendras,2,8000,Tarjeta,C028
7377,2026-09-26,15:47,Nübe Centro,Mostrador,Tinto,1,3000,Efectivo,
7378,2026-09-26,09:05,Nübe Centro,Domicilio,Chocolate caliente,1,7500,Tarjeta,C213
7378,2026-09-26,09:05,Nübe Centro,Domicilio,Tinto,3,3000,Tarjeta,C213
7379,2026-09-26,11:52,Nübe Centro,Mostrador,Capuchino,1,8500,Nequi,C286
7380,2026-09-26,09:22,Nübe Centro,Mostrador,Americano,1,5000,Nequi,C111
7381,2026-09-26,07:00,Nübe Centro,Domicilio,Frappé de café,1,11000,Efectivo,C259
7382,2026-09-26,10:01,Nübe Centro,Domicilio,Americano,1,5000,Tarjeta,
7383,2026-09-26,08:45,Nübe Centro,Mostrador,Capuchino,1,8500,Nequi,C060
7383,2026-09-26,08:45,Nübe Centro,Mostrador,Croissant,1,6000,Nequi,C060
7384,2026-09-26,12:53,Nübe Centro,Domicilio,Croissant de almendras,1,8000,Nequi,
7385,2026-09-26,20:42,Nübe Centro,Mostrador,Croissant,1,6000,Nequi,
7386,2026-09-26,16:30,Nübe Centro,Mostrador,Frappé de café,1,11000,Tarjeta,C036
7386,2026-09-26,16:30,Nübe Centro,Mostrador,Latte,1,9000,Tarjeta,C036
7387,2026-09-26,10:55,Nübe Centro,Mostrador,Chocolate caliente,1,7500,Nequi,
7388,2026-09-26,11:31,Nübe Centro,Mostrador,Americano,3,5000,Nequi,
7389,2026-09-26,09:46,Nübe Centro,Domicilio,Latte,1,9000,Nequi,C024
7390,2026-09-26,17:58,Nübe Centro,Domicilio,Chocolate caliente,2,7500,Tarjeta,
7390,2026-09-26,17:58,Nübe Centro,Domicilio,Croissant,1,6000,Tarjeta,
7390,2026-09-26,17:58,Nübe Centro,Domicilio,Croissant de almendras,1,8000,Tarjeta,
7391,2026-09-26,06:57,Nübe Centro,Mostrador,Americano,1,5000,Efectivo,
7391,2026-09-26,06:57,Nübe Centro,Mostrador,Tinto,2,3000,Efectivo,
7392,2026-09-26,14:17,Nübe Centro,Mostrador,Americano,1,5000,Tarjeta,C277
7393,2026-09-26,16:56,Nübe Centro,Domicilio,Croissant,1,6000,Tarjeta,C109
7393,2026-09-26,16:56,Nübe Centro,Domicilio,Latte,1,9000,Tarjeta,C109
7394,2026-09-26,16:44,Nübe Centro,Mostrador,Capuchino,1,8500,Efectivo,
7394,2026-09-26,16:44,Nübe Centro,Mostrador,Tinto,1,3000,Efectivo,
7395,2026-09-26,17:09,Nübe Centro,Mostrador,Capuchino,1,8500,Tarjeta,
7396,2026-09-26,13:51,Nübe Centro,Mostrador,Latte,2,9000,Efectivo,
7397,2026-09-26,12:59,Nübe Centro,Domicilio,Capuchino,1,8500,Sin dato,
7397,2026-09-26,12:59,Nübe Centro,Domicilio,Tinto,1,3000,Nequi,
7398,2026-09-26,08:24,Nübe Centro,Domicilio,Capuchino,1,8500,Efectivo,C024
7398,2026-09-26,08:24,Nübe Centro,Domicilio,Croissant,1,6000,Efectivo,C024
7399,2026-09-26,20:24,Nübe Centro,Mostrador,Croissant,1,6000,Efectivo,
7400,2026-09-26,18:30,Nübe Centro,Domicilio,Chocolate caliente,1,7500,Tarjeta,C234
7401,2026-09-26,10:50,Nübe Centro,Mostrador,Capuchino,1,8500,Efectivo,
7401,2026-09-26,10:50,Nübe Centro,Mostrador,Latte,1,9000,Efectivo,
7402,2026-09-26,13:18,Nübe Centro,Mostrador,Capuchino,1,8500,Tarjeta,C173
7403,2026-09-26,10:55,Nübe Centro,Domicilio,Chocolate caliente,1,7500,Nequi,
7403,2026-09-26,10:55,Nübe Centro,Domicilio,Tinto,1,3000,Nequi,
7404,2026-09-26,12:58,Nübe Centro,Mostrador,Tinto,3,3000,Efectivo,C043
7405,2026-09-26,17:15,Nübe Centro,Mostrador,Chocolate caliente,1,7500,Efectivo,C236
7405,2026-09-26,17:15,Nübe Centro,Mostrador,Croissant,1,6000,Efectivo,C236
7406,2026-09-26,07:11,Nübe Centro,Mostrador,Croissant,1,6000,Efectivo,
7406,2026-09-26,07:11,Nübe Centro,Mostrador,Latte,1,9000,Efectivo,
7407,2026-09-26,17:08,Nübe Centro,Domicilio,Chocolate caliente,1,7500,Nequi,C200
7407,2026-09-26,17:08,Nübe Centro,Domicilio,Croissant,1,6000,Nequi,C200
7408,2026-09-26,08:23,Nübe Centro,Domicilio,Chocolate caliente,1,7500,Nequi,
7409,2026-09-26,09:37,Nübe Centro,Mostrador,Croissant,1,6000,Tarjeta,
7409,2026-09-26,09:37,Nübe Centro,Mostrador,Tinto,2,3000,Tarjeta,
7410,2026-09-26,10:03,Nübe Centro,Mostrador,Croissant de almendras,1,8000,Efectivo,
7410,2026-09-26,10:03,Nübe Centro,Mostrador,Tinto,1,3000,Efectivo,
7411,2026-09-26,13:24,Nübe Centro,Mostrador,Americano,2,5000,Nequi,
7411,2026-09-26,13:24,Nübe Centro,Mostrador,Frappé de café,3,11000,Nequi,
7411,2026-09-26,13:24,Nübe Centro,Mostrador,Tinto,1,3000,Nequi,
7412,2026-09-26,16:01,Nübe Centro,Mostrador,Capuchino,1,8500,Efectivo,C285
7413,2026-09-26,07:20,Nübe Centro,Mostrador,Croissant,1,6000,Nequi,C298
7414,2026-09-26,18:57,Nübe Centro,Domicilio,Americano,1,5000,Tarjeta,
7414,2026-09-26,18:57,Nübe Centro,Domicilio,Capuchino,1,8500,Tarjeta,
7414,2026-09-26,18:57,Nübe Centro,Domicilio,Latte,2,9000,Tarjeta,
7415,2026-09-26,17:18,Nübe Centro,Mostrador,Americano,1,5000,Nequi,
7415,2026-09-26,17:18,Nübe Centro,Mostrador,Chocolate caliente,1,7500,Nequi,
7416,2026-09-26,14:02,Nübe Centro,Domicilio,Latte,1,9000,Nequi,
7417,2026-09-26,17:32,Nübe Centro,Domicilio,Capuchino,1,8500,Tarjeta,
7417,2026-09-26,17:32,Nübe Centro,Domicilio,Chocolate caliente,1,7500,Tarjeta,
7418,2026-09-26,09:54,Nübe Centro,Domicilio,Croissant de almendras,1,8000,Efectivo,C203
7418,2026-09-26,09:54,Nübe Centro,Domicilio,Latte,1,9000,Efectivo,C203
7419,2026-09-26,09:33,Nübe Centro,Mostrador,Capuchino,1,8500,Tarjeta,C120
7419,2026-09-26,09:33,Nübe Centro,Mostrador,Latte,1,9000,Tarjeta,C120
7420,2026-09-26,06:02,Nübe Centro,Mostrador,Capuchino,1,8500,Tarjeta,
7421,2026-09-26,11:31,Nübe Centro,Domicilio,Chocolate caliente,1,7500,Efectivo,
7422,2026-09-26,10:48,Nübe Centro,Domicilio,Latte,1,9000,Nequi,C245
7423,2026-09-26,10:24,Nübe Centro,Mostrador,Latte,1,9000,Tarjeta,
7424,2026-09-26,09:39,Nübe Centro,Mostrador,Croissant de almendras,1,8000,Efectivo,
7425,2026-09-26,16:46,Nübe Centro,Mostrador,Croissant de almendras,1,8000,Tarjeta,
7426,2026-09-26,08:49,Nübe Centro,Mostrador,Latte,3,9000,Nequi,C045
7427,2026-09-26,07:37,Nübe Centro,Domicilio,Americano,2,5000,Efectivo,
7427,2026-09-26,07:37,Nübe Centro,Domicilio,Capuchino,3,8500,Efectivo,
7427,2026-09-26,07:37,Nübe Centro,Domicilio,Latte,1,9000,Efectivo,
7428,2026-09-26,17:03,Nübe Centro,Domicilio,Croissant,1,6000,Efectivo,
7429,2026-09-26,17:21,Nübe Centro,Domicilio,Latte,2,9000,Efectivo,
7430,2026-09-26,15:58,Nübe Centro,Mostrador,Frappé de café,1,11000,Nequi,
7431,2026-09-26,08:39,Nübe Centro,Domicilio,Americano,1,5000,Nequi,
7431,2026-09-26,08:39,Nübe Centro,Domicilio,Croissant de almendras,1,8000,Nequi,
7431,2026-09-26,08:39,Nübe Centro,Domicilio,Tinto,1,3000,Nequi,
7432,2026-09-26,17:34,Nübe Centro,Domicilio,Latte,1,9000,Efectivo,
7433,2026-09-26,07:02,Nübe Centro,Domicilio,Americano,1,5000,Nequi,
7433,2026-09-26,07:02,Nübe Centro,Domicilio,Capuchino,1,8500,Nequi,
7433,2026-09-26,07:02,Nübe Centro,Domicilio,Croissant,1,6000,Nequi,
7434,2026-09-26,15:04,Nübe Centro,Mostrador,Capuchino,1,8500,Tarjeta,
7434,2026-09-26,15:04,Nübe Centro,Mostrador,Tinto,1,3000,Tarjeta,
7435,2026-09-26,18:14,Nübe Centro,Mostrador,Chocolate caliente,1,7500,Efectivo,
7436,2026-09-26,11:42,Nübe Centro,Domicilio,Americano,1,5000,Nequi,
7436,2026-09-26,11:42,Nübe Centro,Domicilio,Chocolate caliente,1,7500,Nequi,
7437,2026-09-26,06:40,Nübe Centro,Domicilio,Capuchino,1,8500,Nequi,
7438,2026-09-26,17:13,Nübe Centro,Mostrador,Americano,2,5000,Nequi,C205
7438,2026-09-26,17:13,Nübe Centro,Mostrador,Tinto,1,3000,Nequi,C205
7439,2026-09-26,10:10,Nübe Centro,Mostrador,Tinto,1,3000,Efectivo,C087
7440,2026-09-26,07:53,Nübe Centro,Mostrador,Capuchino,2,8500,Tarjeta,
7440,2026-09-26,07:53,Nübe Centro,Mostrador,Tinto,1,3000,Tarjeta,
7441,2026-09-26,07:06,Nübe Centro,Domicilio,Frappé de café,2,11000,Efectivo,
7441,2026-09-26,07:06,Nübe Centro,Domicilio,Latte,1,9000,Efectivo,
7442,2026-09-26,20:08,Nübe Centro,Mostrador,Americano,1,5000,Efectivo,C145
7442,2026-09-26,20:08,Nübe Centro,Mostrador,Latte,1,9000,Efectivo,C145
7443,2026-09-26,12:32,Nübe Centro,Domicilio,Capuchino,2,8500,Efectivo,C198
7443,2026-09-26,12:32,Nübe Centro,Domicilio,Croissant de almendras,1,8000,Efectivo,C198
7444,2026-09-26,20:35,Nübe Centro,Mostrador,Americano,3,5000,Nequi,
7444,2026-09-26,20:35,Nübe Centro,Mostrador,Chocolate caliente,1,7500,Nequi,
7445,2026-09-26,19:59,Nübe Centro,Mostrador,Americano,1,5000,Nequi,C235
7445,2026-09-26,19:59,Nübe Centro,Mostrador,Latte,1,9000,Nequi,C235
7446,2026-09-26,06:01,Nübe Centro,Mostrador,Tinto,1,3000,Nequi,C261
7447,2026-09-26,18:16,Nübe Centro,Mostrador,Capuchino,1,8500,Tarjeta,
7448,2026-09-26,07:27,Nübe Centro,Mostrador,Tinto,1,3000,Tarjeta,C146
7449,2026-09-26,11:40,Nübe Centro,Mostrador,Capuchino,2,8500,Tarjeta,
7449,2026-09-26,11:40,Nübe Centro,Mostrador,Chocolate caliente,3,7500,Tarjeta,
7450,2026-09-26,07:54,Nübe Centro,Mostrador,Latte,2,9000,Nequi,C158
7451,2026-09-26,12:18,Nübe Centro,Mostrador,Capuchino,1,8500,Efectivo,
7451,2026-09-26,12:18,Nübe Centro,Mostrador,Tinto,1,3000,Efectivo,
7452,2026-09-26,13:59,Nübe Altico,Mostrador,Croissant,1,6000,Tarjeta,
7452,2026-09-26,13:59,Nübe Altico,Mostrador,Tinto,1,3000,Tarjeta,
7453,2026-09-26,09:41,Nübe Altico,Domicilio,Capuchino,1,8500,Nequi,C206
7454,2026-09-26,09:45,Nübe Altico,Mostrador,Latte,2,9000,Efectivo,
7455,2026-09-26,17:13,Nübe Altico,Domicilio,Croissant,1,6000,Efectivo,C227
7456,2026-09-26,14:08,Nübe Altico,Domicilio,Croissant,1,6000,Nequi,C108
7456,2026-09-26,14:08,Nübe Altico,Domicilio,Latte,1,9000,Nequi,C108
7457,2026-09-26,20:10,Nübe Altico,Domicilio,Capuchino,1,8500,Efectivo,
7458,2026-09-26,17:02,Nübe Altico,Mostrador,Chocolate caliente,1,7500,Nequi,
7458,2026-09-26,17:02,Nübe Altico,Mostrador,Tinto,1,3000,Nequi,
7459,2026-09-26,11:32,Nübe Altico,Mostrador,Latte,1,9000,Efectivo,C275
7460,2026-09-26,18:43,Nübe Altico,Mostrador,Latte,1,9000,Efectivo,C227
7461,2026-09-26,12:54,Nübe Altico,Mostrador,Tinto,1,3000,Nequi,
7462,2026-09-26,10:24,Nübe Altico,Domicilio,Latte,1,9000,Efectivo,
7463,2026-09-26,12:28,Nübe Altico,Mostrador,Capuchino,2,8500,Efectivo,C224
7464,2026-09-26,15:52,Nübe Altico,Mostrador,Capuchino,1,8500,Efectivo,C166
7465,2026-09-26,08:37,Nübe Altico,Domicilio,Croissant de almendras,1,8000,Nequi,
7466,2026-09-26,12:07,Nübe Altico,Mostrador,Americano,1,5000,Tarjeta,C029
7467,2026-09-26,17:18,Nübe Altico,Mostrador,Capuchino,1,8500,Tarjeta,
7467,2026-09-26,17:18,Nübe Altico,Mostrador,Tinto,1,3000,Tarjeta,
7468,2026-09-26,18:18,Nübe Altico,Mostrador,Capuchino,1,8500,Nequi,C203
7468,2026-09-26,18:18,Nübe Altico,Mostrador,Frappé de café,1,11000,Nequi,C203
7469,2026-09-26,16:35,Nübe Altico,Mostrador,Tinto,1,3000,Efectivo,C131
7470,2026-09-26,13:43,Nübe Altico,Mostrador,Croissant de almendras,2,8000,Tarjeta,C162
7471,2026-09-26,15:26,Nübe Altico,Domicilio,Chocolate caliente,1,7500,Efectivo,C103
7472,2026-09-26,17:00,Nübe Altico,Domicilio,Tinto,1,3000,Efectivo,
7473,2026-09-26,14:00,Nübe Altico,Mostrador,Croissant,1,6000,Efectivo,
7473,2026-09-26,14:00,Nübe Altico,Mostrador,Latte,2,9000,Efectivo,
7473,2026-09-26,14:00,Nübe Altico,Mostrador,Tinto,1,3000,Efectivo,
7474,2026-09-26,10:16,Nübe Altico,Mostrador,Americano,1,5000,Tarjeta,
7474,2026-09-26,10:16,Nübe Altico,Mostrador,Latte,1,9000,Tarjeta,
7475,2026-09-26,06:27,Nübe Altico,Domicilio,Chocolate caliente,1,7500,Nequi,
7475,2026-09-26,06:27,Nübe Altico,Domicilio,Croissant,1,6000,Nequi,
7475,2026-09-26,06:27,Nübe Altico,Domicilio,Frappé de café,1,11000,Nequi,
7476,2026-09-26,19:53,Nübe Altico,Mostrador,Americano,1,5000,Tarjeta,
7476,2026-09-26,19:53,Nübe Altico,Mostrador,Latte,1,9000,Sin dato,
7476,2026-09-26,19:53,Nübe Altico,Mostrador,Tinto,1,3000,Tarjeta,
7477,2026-09-26,08:39,Nübe Altico,Mostrador,Croissant de almendras,1,8000,Tarjeta,
7478,2026-09-26,15:51,Nübe Altico,Mostrador,Americano,1,5000,Tarjeta,
7479,2026-09-26,10:55,Nübe Altico,Mostrador,Tinto,2,3000,Tarjeta,C185
7480,2026-09-26,07:45,Nübe Altico,Domicilio,Capuchino,1,8500,Nequi,
7480,2026-09-26,07:45,Nübe Altico,Domicilio,Tinto,2,3000,Nequi,
7481,2026-09-26,15:49,Nübe Altico,Mostrador,Croissant,2,6000,Efectivo,C129
7482,2026-09-26,10:46,Nübe Altico,Mostrador,Croissant,3,6000,Nequi,
7483,2026-09-26,10:12,Nübe Altico,Domicilio,Chocolate caliente,1,7500,Efectivo,
7484,2026-09-26,09:05,Nübe Altico,Mostrador,Capuchino,1,8500,Tarjeta,
7484,2026-09-26,09:05,Nübe Altico,Mostrador,Chocolate caliente,1,7500,Tarjeta,
7485,2026-09-26,11:56,Nübe Altico,Mostrador,Croissant,1,6000,Tarjeta,
7485,2026-09-26,11:56,Nübe Altico,Mostrador,Latte,1,9000,Tarjeta,
7486,2026-09-26,07:58,Nübe Altico,Mostrador,Tinto,1,3000,Nequi,
7487,2026-09-26,10:54,Nübe Altico,Mostrador,Tinto,2,3000,Nequi,C124
7488,2026-09-26,06:17,Nübe Altico,Mostrador,Chocolate caliente,1,7500,Tarjeta,
7489,2026-09-26,07:44,Nübe Altico,Domicilio,Americano,1,5000,Efectivo,
7489,2026-09-26,07:44,Nübe Altico,Domicilio,Tinto,2,3000,Efectivo,
7490,2026-09-26,10:36,Nübe Altico,Mostrador,Croissant,2,6000,Efectivo,C264
7491,2026-09-26,07:34,Nübe Altico,Domicilio,Americano,1,5000,Efectivo,C216
7491,2026-09-26,07:34,Nübe Altico,Domicilio,Tinto,2,3000,Efectivo,C216
7492,2026-09-26,16:40,Nübe Altico,Domicilio,Capuchino,1,8500,Nequi,C016
7493,2026-09-26,09:52,Nübe Altico,Mostrador,Tinto,1,3000,Nequi,C241
7494,2026-09-26,19:52,Nübe Altico,Mostrador,Latte,1,9000,Nequi,
7495,2026-09-26,08:31,Nübe Altico,Mostrador,Latte,1,9000,Efectivo,
7496,2026-09-26,20:56,Nübe Altico,Domicilio,Croissant,1,6000,Nequi,C085
7496,2026-09-26,20:56,Nübe Altico,Domicilio,Frappé de café,1,11000,Sin dato,C085
7497,2026-09-26,15:39,Nübe Altico,Mostrador,Tinto,1,3000,Efectivo,C161
7498,2026-09-26,10:49,Nübe Altico,Mostrador,Capuchino,1,8500,Tarjeta,C171
7498,2026-09-26,10:49,Nübe Altico,Mostrador,Latte,2,9000,Tarjeta,C171
7499,2026-09-26,07:24,Nübe Altico,Mostrador,Americano,1,5000,Efectivo,
7500,2026-09-26,09:24,Nübe Altico,Mostrador,Chocolate caliente,3,7500,Nequi,
7500,2026-09-26,09:24,Nübe Altico,Mostrador,Tinto,1,3000,Nequi,
7501,2026-09-26,12:01,Nübe Altico,Mostrador,Croissant,2,6000,Nequi,
7502,2026-09-26,13:37,Nübe Altico,Mostrador,Latte,1,9000,Efectivo,
7503,2026-09-26,07:51,Nübe Altico,Mostrador,Americano,1,5000,Efectivo,
7503,2026-09-26,07:51,Nübe Altico,Mostrador,Croissant,2,6000,Efectivo,
7504,2026-09-26,15:00,Nübe Altico,Domicilio,Capuchino,2,8500,Tarjeta,C209
7505,2026-09-26,06:42,Nübe Altico,Mostrador,Chocolate caliente,1,7500,Nequi,
7506,2026-09-26,09:55,Nübe Altico,Domicilio,Americano,1,5000,Tarjeta,
7506,2026-09-26,09:55,Nübe Altico,Domicilio,Capuchino,1,8500,Tarjeta,
7507,2026-09-26,13:57,Nübe Altico,Mostrador,Chocolate caliente,1,7500,Tarjeta,C031
7507,2026-09-26,13:57,Nübe Altico,Mostrador,Croissant,1,6000,Tarjeta,C031
7507,2026-09-26,13:57,Nübe Altico,Mostrador,Latte,1,9000,Tarjeta,C031
7508,2026-09-26,13:05,Nübe Altico,Mostrador,Croissant,1,6000,Nequi,
7509,2026-09-26,07:33,Nübe Altico,Mostrador,Frappé de café,1,11000,Efectivo,
7509,2026-09-26,07:33,Nübe Altico,Mostrador,Tinto,1,3000,Efectivo,
7510,2026-09-26,08:39,Nübe Altico,Domicilio,Frappé de café,1,11000,Tarjeta,
7510,2026-09-26,08:39,Nübe Altico,Domicilio,Latte,1,9000,Tarjeta,
7510,2026-09-26,08:39,Nübe Altico,Domicilio,Tinto,1,3000,Tarjeta,
7511,2026-09-26,08:13,Nübe Altico,Mostrador,Capuchino,1,8500,Nequi,
7512,2026-09-26,17:20,Nübe Altico,Domicilio,Croissant,1,6000,Tarjeta,C098
7513,2026-09-26,15:13,Nübe Altico,Domicilio,Chocolate caliente,1,7500,Nequi,C058
7514,2026-09-26,07:22,Nübe Altico,Domicilio,Tinto,1,3000,Nequi,
7515,2026-09-26,10:11,Nübe Altico,Mostrador,Capuchino,1,8500,Efectivo,C289
7515,2026-09-26,10:11,Nübe Altico,Mostrador,Croissant,1,6000,Efectivo,C289
7516,2026-09-26,09:37,Nübe Altico,Mostrador,Croissant,1,6000,Nequi,C149
7516,2026-09-26,09:37,Nübe Altico,Mostrador,Croissant de almendras,1,8000,Nequi,C149
7516,2026-09-26,09:37,Nübe Altico,Mostrador,Latte,1,9000,Nequi,C149
7517,2026-09-26,08:03,Nübe Altico,Domicilio,Tinto,1,3000,Nequi,C244
7518,2026-09-26,08:57,Nübe Altico,Domicilio,Tinto,1,3000,Tarjeta,
7519,2026-09-26,12:18,Nübe Altico,Mostrador,Capuchino,1,8500,Efectivo,C187
7519,2026-09-26,12:18,Nübe Altico,Mostrador,Croissant,1,6000,Efectivo,C187
7520,2026-09-26,18:54,Nübe Altico,Domicilio,Americano,3,5000,Tarjeta,C195
7520,2026-09-26,18:54,Nübe Altico,Domicilio,Latte,2,9000,Tarjeta,C195
7521,2026-09-26,09:26,Nübe Altico,Domicilio,Croissant de almendras,1,8000,Nequi,
7521,2026-09-26,09:26,Nübe Altico,Domicilio,Latte,1,9000,Nequi,
7522,2026-09-26,16:04,Nübe Altico,Mostrador,Americano,1,5000,Tarjeta,C282
7522,2026-09-26,16:04,Nübe Altico,Mostrador,Capuchino,1,8500,Tarjeta,C282
7522,2026-09-26,16:04,Nübe Altico,Mostrador,Chocolate caliente,1,7500,Tarjeta,C282
7523,2026-09-26,20:50,Nübe Altico,Domicilio,Croissant,1,6000,Nequi,C205
7523,2026-09-26,20:50,Nübe Altico,Domicilio,Tinto,1,3000,Nequi,C205
7524,2026-09-26,10:38,Nübe Altico,Domicilio,Capuchino,3,8500,Nequi,C244
7525,2026-09-26,08:16,Nübe Altico,Mostrador,Americano,1,5000,Efectivo,
7525,2026-09-26,08:16,Nübe Altico,Mostrador,Capuchino,1,8500,Efectivo,
7525,2026-09-26,08:16,Nübe Altico,Mostrador,Tinto,1,3000,Sin dato,
7526,2026-09-26,09:26,Nübe Altico,Mostrador,Americano,1,5000,Tarjeta,
7526,2026-09-26,09:26,Nübe Altico,Mostrador,Latte,1,9000,Tarjeta,
7526,2026-09-26,09:26,Nübe Altico,Mostrador,Tinto,1,3000,Tarjeta,
7527,2026-09-26,09:55,Nübe Altico,Domicilio,Capuchino,1,8500,Sin dato,
7528,2026-09-26,08:33,Nübe Altico,Mostrador,Croissant,1,6000,Nequi,
7529,2026-09-26,10:06,Nübe Altico,Mostrador,Americano,1,5000,Efectivo,
7529,2026-09-26,10:06,Nübe Altico,Mostrador,Latte,1,9000,Efectivo,
7530,2026-09-26,09:13,Nübe Altico,Domicilio,Capuchino,1,8500,Nequi,C215
7530,2026-09-26,09:13,Nübe Altico,Domicilio,Croissant de almendras,2,8000,Nequi,C215
7531,2026-09-26,16:48,Nübe Altico,Mostrador,Croissant,1,6000,Nequi,
7532,2026-09-26,16:55,Nübe Altico,Mostrador,Americano,1,5000,Tarjeta,C017
7533,2026-09-27,11:27,Nübe Centro,Mostrador,Capuchino,1,8500,Efectivo,
7534,2026-09-27,10:03,Nübe Centro,Mostrador,Americano,1,5000,Efectivo,C260
7535,2026-09-27,11:49,Nübe Centro,Mostrador,Capuchino,1,8500,Efectivo,C023
7536,2026-09-27,09:27,Nübe Centro,Mostrador,Croissant,1,6000,Efectivo,C102
7536,2026-09-27,09:27,Nübe Centro,Mostrador,Croissant de almendras,1,8000,Efectivo,C102
7537,2026-09-27,14:50,Nübe Centro,Mostrador,Croissant de almendras,1,8000,Efectivo,
7538,2026-09-27,09:02,Nübe Centro,Domicilio,Latte,1,9000,Efectivo,C195
7539,2026-09-27,10:47,Nübe Centro,Mostrador,Croissant,1,6000,Nequi,C188
7540,2026-09-27,15:07,Nübe Centro,Mostrador,Latte,1,9000,Tarjeta,
7540,2026-09-27,15:07,Nübe Centro,Mostrador,Tinto,1,3000,Tarjeta,
7541,2026-09-27,07:33,Nübe Centro,Mostrador,Capuchino,1,8500,Tarjeta,C003
7542,2026-09-27,17:37,Nübe Centro,Mostrador,Croissant de almendras,1,8000,Nequi,C061
7543,2026-09-27,10:45,Nübe Centro,Mostrador,Americano,1,5000,Efectivo,
7543,2026-09-27,10:45,Nübe Centro,Mostrador,Croissant de almendras,1,8000,Efectivo,
7544,2026-09-27,13:06,Nübe Centro,Mostrador,Capuchino,1,8500,Efectivo,C135
7544,2026-09-27,13:06,Nübe Centro,Mostrador,Croissant,2,6000,Efectivo,C135
7545,2026-09-27,18:11,Nübe Centro,Mostrador,Croissant,1,6000,Efectivo,
7545,2026-09-27,18:11,Nübe Centro,Mostrador,Latte,1,9000,Efectivo,
7546,2026-09-27,07:09,Nübe Centro,Mostrador,Capuchino,3,8500,Nequi,
7546,2026-09-27,07:09,Nübe Centro,Mostrador,Croissant,2,6000,Nequi,
7546,2026-09-27,07:09,Nübe Centro,Mostrador,Tinto,1,3000,Nequi,
7547,2026-09-27,09:00,Nübe Centro,Mostrador,Tinto,1,3000,Nequi,
7548,2026-09-27,09:29,Nübe Centro,Mostrador,Capuchino,3,8500,Nequi,C050
7548,2026-09-27,09:29,Nübe Centro,Mostrador,Chocolate caliente,1,7500,Nequi,C050
7549,2026-09-27,18:22,Nübe Centro,Mostrador,Croissant de almendras,1,8000,Efectivo,
7549,2026-09-27,18:22,Nübe Centro,Mostrador,Tinto,2,3000,Efectivo,
7550,2026-09-27,09:07,Nübe Centro,Mostrador,Americano,2,5000,Efectivo,C022
7551,2026-09-27,08:13,Nübe Centro,Mostrador,Croissant,2,6000,Efectivo,C005
7552,2026-09-27,08:22,Nübe Centro,Mostrador,Croissant,1,6000,Efectivo,C256
7553,2026-09-27,10:36,Nübe Centro,Domicilio,Frappé de café,1,11000,Nequi,
7554,2026-09-27,14:59,Nübe Centro,Domicilio,Capuchino,1,8500,Nequi,C249
7555,2026-09-27,09:00,Nübe Centro,Mostrador,Croissant,1,6000,Tarjeta,
7556,2026-09-27,13:01,Nübe Centro,Mostrador,Croissant,1,6000,Nequi,
7556,2026-09-27,13:01,Nübe Centro,Mostrador,Latte,1,9000,Nequi,
7557,2026-09-27,11:35,Nübe Centro,Mostrador,Capuchino,1,8500,Efectivo,C241
7558,2026-09-27,11:48,Nübe Centro,Mostrador,Croissant,1,6000,Tarjeta,
7558,2026-09-27,11:48,Nübe Centro,Mostrador,Latte,1,9000,Tarjeta,
7559,2026-09-27,15:38,Nübe Centro,Mostrador,Capuchino,3,8500,Tarjeta,
7559,2026-09-27,15:38,Nübe Centro,Mostrador,Croissant,1,6000,Tarjeta,
7560,2026-09-27,15:57,Nübe Centro,Mostrador,Capuchino,1,8500,Nequi,C040
7560,2026-09-27,15:57,Nübe Centro,Mostrador,Latte,3,9000,Nequi,C040
7561,2026-09-27,06:54,Nübe Centro,Mostrador,Chocolate caliente,1,7500,Nequi,C041
7562,2026-09-27,08:56,Nübe Centro,Mostrador,Croissant de almendras,2,8000,Tarjeta,
7563,2026-09-27,13:06,Nübe Centro,Mostrador,Croissant de almendras,1,8000,Tarjeta,
7563,2026-09-27,13:06,Nübe Centro,Mostrador,Latte,1,9000,Tarjeta,
7564,2026-09-27,10:20,Nübe Centro,Mostrador,Capuchino,2,8500,Tarjeta,
7564,2026-09-27,10:20,Nübe Centro,Mostrador,Croissant de almendras,1,8000,Tarjeta,
7565,2026-09-27,11:19,Nübe Centro,Mostrador,Capuchino,1,8500,Efectivo,
7566,2026-09-27,15:10,Nübe Centro,Mostrador,Frappé de café,1,11000,Nequi,
7566,2026-09-27,15:10,Nübe Centro,Mostrador,Tinto,1,3000,Nequi,
7567,2026-09-27,12:46,Nübe Centro,Mostrador,Latte,1,9000,Efectivo,C081
7568,2026-09-27,08:48,Nübe Centro,Mostrador,Capuchino,1,8500,Nequi,
7569,2026-09-27,09:36,Nübe Centro,Mostrador,Capuchino,2,8500,Nequi,C011
7569,2026-09-27,09:36,Nübe Centro,Mostrador,Croissant,1,6000,Nequi,C011
7569,2026-09-27,09:36,Nübe Centro,Mostrador,Frappé de café,1,11000,Nequi,C011
7570,2026-09-27,08:12,Nübe Centro,Mostrador,Chocolate caliente,1,7500,Nequi,C296
7571,2026-09-27,15:19,Nübe Centro,Mostrador,Capuchino,3,8500,Efectivo,
7571,2026-09-27,15:19,Nübe Centro,Mostrador,Croissant,1,6000,Efectivo,
7571,2026-09-27,15:19,Nübe Centro,Mostrador,Frappé de café,2,11000,Efectivo,
7572,2026-09-27,10:42,Nübe Centro,Mostrador,Tinto,1,3000,Efectivo,C242
7573,2026-09-27,17:25,Nübe Centro,Mostrador,Capuchino,1,8500,Efectivo,
7573,2026-09-27,17:25,Nübe Centro,Mostrador,Tinto,1,3000,Efectivo,
7574,2026-09-27,07:32,Nübe Centro,Mostrador,Croissant,1,6000,Tarjeta,
7574,2026-09-27,07:32,Nübe Centro,Mostrador,Latte,1,9000,Tarjeta,
7575,2026-09-27,12:13,Nübe Centro,Mostrador,Capuchino,1,8500,Tarjeta,C004
7575,2026-09-27,12:13,Nübe Centro,Mostrador,Croissant,1,6000,Tarjeta,C004
7575,2026-09-27,12:13,Nübe Centro,Mostrador,Tinto,1,3000,Tarjeta,C004
7576,2026-09-27,13:55,Nübe Centro,Mostrador,Croissant,1,6000,Tarjeta,
7576,2026-09-27,13:55,Nübe Centro,Mostrador,Croissant de almendras,1,8000,Tarjeta,
7577,2026-09-27,07:50,Nübe Centro,Mostrador,Capuchino,1,8500,Efectivo,
7577,2026-09-27,07:50,Nübe Centro,Mostrador,Tinto,2,3000,Efectivo,
7578,2026-09-27,18:04,Nübe Centro,Mostrador,Americano,1,5000,Nequi,C299
7578,2026-09-27,18:04,Nübe Centro,Mostrador,Frappé de café,2,11000,Nequi,C299
7579,2026-09-27,08:50,Nübe Centro,Domicilio,Latte,1,9000,Sin dato,
7580,2026-09-27,10:46,Nübe Centro,Mostrador,Frappé de café,1,11000,Efectivo,
7581,2026-09-27,16:02,Nübe Centro,Mostrador,Croissant,1,6000,Nequi,
7582,2026-09-27,06:19,Nübe Centro,Mostrador,Capuchino,1,8500,Nequi,C200
7583,2026-09-27,09:19,Nübe Centro,Mostrador,Croissant,2,6000,Efectivo,C005
7584,2026-09-27,12:14,Nübe Centro,Domicilio,Tinto,2,3000,Nequi,C292
7585,2026-09-27,09:25,Nübe Centro,Mostrador,Croissant,1,6000,Nequi,C033
7586,2026-09-27,11:24,Nübe Centro,Mostrador,Capuchino,1,8500,Efectivo,
7586,2026-09-27,11:24,Nübe Centro,Mostrador,Croissant,1,6000,Efectivo,
7587,2026-09-27,09:39,Nübe Centro,Mostrador,Croissant,3,6000,Nequi,C237
7587,2026-09-27,09:39,Nübe Centro,Mostrador,Latte,1,9000,Nequi,C237
7588,2026-09-27,09:08,Nübe Centro,Mostrador,Capuchino,1,8500,Nequi,C255
7589,2026-09-27,08:13,Nübe Centro,Mostrador,Croissant,1,6000,Tarjeta,C102
7589,2026-09-27,08:13,Nübe Centro,Mostrador,Latte,2,9000,Tarjeta,C102
7590,2026-09-27,08:03,Nübe Centro,Mostrador,Croissant,1,6000,Nequi,
7590,2026-09-27,08:03,Nübe Centro,Mostrador,Latte,1,9000,Nequi,
7591,2026-09-27,18:04,Nübe Centro,Mostrador,Chocolate caliente,1,7500,Tarjeta,
7591,2026-09-27,18:04,Nübe Centro,Mostrador,Latte,1,9000,Tarjeta,
7591,2026-09-27,18:04,Nübe Centro,Mostrador,Tinto,2,3000,Tarjeta,
7592,2026-09-27,18:43,Nübe Centro,Domicilio,Capuchino,1,8500,Efectivo,
7592,2026-09-27,18:43,Nübe Centro,Domicilio,Chocolate caliente,1,7500,Efectivo,
7593,2026-09-27,17:48,Nübe Centro,Domicilio,Tinto,1,3000,Tarjeta,
7594,2026-09-27,09:44,Nübe Centro,Mostrador,Chocolate caliente,1,7500,Nequi,C262
7594,2026-09-27,09:44,Nübe Centro,Mostrador,Croissant de almendras,1,8000,Nequi,C262
7595,2026-09-27,19:30,Nübe Centro,Domicilio,Chocolate caliente,1,7500,Tarjeta,
7595,2026-09-27,19:30,Nübe Centro,Domicilio,Frappé de café,1,11000,Tarjeta,
7596,2026-09-27,11:39,Nübe Centro,Mostrador,Croissant,1,6000,Tarjeta,C173
7596,2026-09-27,11:39,Nübe Centro,Mostrador,Latte,1,9000,Tarjeta,C173
7596,2026-09-27,11:39,Nübe Centro,Mostrador,Tinto,1,3000,Tarjeta,C173
7597,2026-09-27,20:18,Nübe Centro,Mostrador,Tinto,1,3000,Nequi,
7598,2026-09-27,14:23,Nübe Centro,Mostrador,Croissant,1,6000,Efectivo,
7599,2026-09-27,09:05,Nübe Centro,Mostrador,Tinto,2,3000,Efectivo,
7600,2026-09-27,15:39,Nübe Centro,Mostrador,Chocolate caliente,1,7500,Nequi,
7600,2026-09-27,15:39,Nübe Centro,Mostrador,Latte,1,9000,Nequi,
7601,2026-09-27,17:33,Nübe Centro,Mostrador,Capuchino,1,8500,Tarjeta,
7602,2026-09-27,12:12,Nübe Centro,Mostrador,Americano,1,5000,Efectivo,C285
7602,2026-09-27,12:12,Nübe Centro,Mostrador,Tinto,1,3000,Efectivo,C285
7603,2026-09-27,10:07,Nübe Centro,Mostrador,Tinto,1,3000,Tarjeta,
7604,2026-09-27,11:32,Nübe Centro,Mostrador,Tinto,1,3000,Tarjeta,C158
7605,2026-09-27,10:34,Nübe Centro,Domicilio,Americano,2,5000,Tarjeta,
7605,2026-09-27,10:34,Nübe Centro,Domicilio,Croissant de almendras,1,8000,Tarjeta,
7606,2026-09-27,10:26,Nübe Centro,Mostrador,Croissant,1,6000,Efectivo,
7606,2026-09-27,10:26,Nübe Centro,Mostrador,Latte,1,9000,Efectivo,
7607,2026-09-27,17:52,Nübe Centro,Mostrador,Americano,1,5000,Nequi,C154
7607,2026-09-27,17:52,Nübe Centro,Mostrador,Latte,1,9000,Nequi,C154
7607,2026-09-27,17:52,Nübe Centro,Mostrador,Tinto,1,3000,Nequi,C154
7608,2026-09-27,19:25,Nübe Centro,Mostrador,Americano,1,5000,Efectivo,
7608,2026-09-27,19:25,Nübe Centro,Mostrador,Croissant,1,6000,Efectivo,
7608,2026-09-27,19:25,Nübe Centro,Mostrador,Tinto,1,3000,Efectivo,
7609,2026-09-27,09:38,Nübe Centro,Mostrador,Capuchino,1,8500,Tarjeta,
7610,2026-09-27,16:54,Nübe Centro,Mostrador,Americano,1,5000,Nequi,C057
7610,2026-09-27,16:54,Nübe Centro,Mostrador,Tinto,1,3000,Nequi,C057
7611,2026-09-27,17:53,Nübe Centro,Mostrador,Capuchino,1,8500,Efectivo,
7611,2026-09-27,17:53,Nübe Centro,Mostrador,Frappé de café,2,11000,Efectivo,
7612,2026-09-27,08:28,Nübe Centro,Mostrador,Latte,1,9000,Efectivo,C002
7613,2026-09-27,17:27,Nübe Centro,Mostrador,Capuchino,1,8500,Nequi,
7613,2026-09-27,17:27,Nübe Centro,Mostrador,Croissant,1,6000,Nequi,
7613,2026-09-27,17:27,Nübe Centro,Mostrador,Tinto,1,3000,Nequi,
7614,2026-09-27,07:29,Nübe Centro,Domicilio,Croissant,1,6000,Nequi,
7614,2026-09-27,07:29,Nübe Centro,Domicilio,Tinto,3,3000,Nequi,
7615,2026-09-27,17:32,Nübe Centro,Mostrador,Capuchino,1,8500,Efectivo,
7616,2026-09-27,18:21,Nübe Centro,Mostrador,Capuchino,1,8500,Tarjeta,
7616,2026-09-27,18:21,Nübe Centro,Mostrador,Croissant,1,6000,Tarjeta,
7617,2026-09-27,18:59,Nübe Altico,Mostrador,Tinto,1,3000,Efectivo,
7618,2026-09-27,15:40,Nübe Altico,Domicilio,Croissant,1,6000,Nequi,
7619,2026-09-27,17:07,Nübe Altico,Mostrador,Capuchino,1,8500,Efectivo,
7619,2026-09-27,17:07,Nübe Altico,Mostrador,Tinto,1,3000,Efectivo,
7620,2026-09-27,09:55,Nübe Altico,Mostrador,Chocolate caliente,1,7500,Efectivo,C194
7621,2026-09-27,12:55,Nübe Altico,Domicilio,Capuchino,1,8500,Tarjeta,
7621,2026-09-27,12:55,Nübe Altico,Domicilio,Croissant,1,6000,Tarjeta,
7622,2026-09-27,18:28,Nübe Altico,Mostrador,Frappé de café,3,11000,Nequi,
7622,2026-09-27,18:28,Nübe Altico,Mostrador,Tinto,1,3000,Nequi,
7623,2026-09-27,11:52,Nübe Altico,Domicilio,Capuchino,2,8500,Efectivo,
7624,2026-09-27,09:37,Nübe Altico,Mostrador,Tinto,1,3000,Tarjeta,
7625,2026-09-27,12:17,Nübe Altico,Domicilio,Croissant de almendras,1,8000,Efectivo,C036
7625,2026-09-27,12:17,Nübe Altico,Domicilio,Frappé de café,1,11000,Efectivo,C036
7626,2026-09-27,10:27,Nübe Altico,Mostrador,Tinto,1,3000,Nequi,C295
7627,2026-09-27,13:53,Nübe Altico,Domicilio,Americano,1,5000,Efectivo,
7628,2026-09-27,10:36,Nübe Altico,Mostrador,Americano,1,5000,Nequi,
7628,2026-09-27,10:36,Nübe Altico,Mostrador,Tinto,2,3000,Nequi,
7629,2026-09-27,16:45,Nübe Altico,Mostrador,Croissant,1,6000,Sin dato,
7630,2026-09-27,09:10,Nübe Altico,Mostrador,Americano,1,5000,Tarjeta,
7631,2026-09-27,06:20,Nübe Altico,Mostrador,Americano,1,5000,Nequi,C200
7632,2026-09-27,08:17,Nübe Altico,Mostrador,Frappé de café,1,11000,Nequi,
7633,2026-09-27,16:32,Nübe Altico,Domicilio,Capuchino,1,8500,Tarjeta,
7633,2026-09-27,16:32,Nübe Altico,Domicilio,Croissant,1,6000,Tarjeta,
7633,2026-09-27,16:32,Nübe Altico,Domicilio,Tinto,1,3000,Tarjeta,
7634,2026-09-27,07:41,Nübe Altico,Domicilio,Tinto,1,3000,Sin dato,
7635,2026-09-27,07:28,Nübe Altico,Mostrador,Croissant,1,6000,Tarjeta,
7635,2026-09-27,07:28,Nübe Altico,Mostrador,Tinto,2,3000,Tarjeta,
7636,2026-09-27,10:13,Nübe Altico,Mostrador,Americano,1,5000,Efectivo,
7636,2026-09-27,10:13,Nübe Altico,Mostrador,Capuchino,1,8500,Efectivo,
7637,2026-09-27,15:55,Nübe Altico,Mostrador,Croissant de almendras,1,8000,Efectivo,
7638,2026-09-27,08:30,Nübe Altico,Mostrador,Capuchino,1,8500,Tarjeta,C090
7638,2026-09-27,08:30,Nübe Altico,Mostrador,Chocolate caliente,1,7500,Tarjeta,C090
7639,2026-09-27,11:47,Nübe Altico,Mostrador,Americano,2,5000,Nequi,
7639,2026-09-27,11:47,Nübe Altico,Mostrador,Tinto,1,3000,Nequi,
7640,2026-09-27,12:39,Nübe Altico,Mostrador,Croissant,1,6000,Nequi,
7641,2026-09-27,13:51,Nübe Altico,Mostrador,Capuchino,1,8500,Efectivo,
7642,2026-09-27,10:28,Nübe Altico,Mostrador,Americano,1,5000,Nequi,C175
7642,2026-09-27,10:28,Nübe Altico,Mostrador,Capuchino,2,8500,Nequi,C175
7643,2026-09-27,10:01,Nübe Altico,Mostrador,Tinto,1,3000,Nequi,
7644,2026-09-27,14:03,Nübe Altico,Mostrador,Croissant,1,6000,Efectivo,C142
7645,2026-09-27,17:25,Nübe Altico,Mostrador,Latte,2,9000,Tarjeta,
7646,2026-09-27,06:01,Nübe Altico,Mostrador,Capuchino,1,8500,Tarjeta,C178
7646,2026-09-27,06:01,Nübe Altico,Mostrador,Latte,1,9000,Tarjeta,C178
7647,2026-09-27,14:04,Nübe Altico,Mostrador,Latte,1,9000,Sin dato,
7648,2026-09-27,08:13,Nübe Altico,Mostrador,Americano,1,5000,Tarjeta,C248
7648,2026-09-27,08:13,Nübe Altico,Mostrador,Tinto,1,3000,Tarjeta,C248
7649,2026-09-27,07:17,Nübe Altico,Domicilio,Latte,1,9000,Tarjeta,C009
7650,2026-09-27,18:57,Nübe Altico,Mostrador,Chocolate caliente,1,7500,Efectivo,
7650,2026-09-27,18:57,Nübe Altico,Mostrador,Frappé de café,1,11000,Efectivo,
7651,2026-09-27,07:14,Nübe Altico,Mostrador,Croissant,1,6000,Tarjeta,C217
7651,2026-09-27,07:14,Nübe Altico,Mostrador,Latte,1,9000,Tarjeta,C217
7652,2026-09-27,12:50,Nübe Altico,Mostrador,Frappé de café,1,11000,Nequi,
7653,2026-09-27,07:04,Nübe Altico,Mostrador,Americano,1,5000,Efectivo,C159
7653,2026-09-27,07:04,Nübe Altico,Mostrador,Latte,1,9000,Efectivo,C159
7654,2026-09-27,16:05,Nübe Altico,Mostrador,Capuchino,2,8500,Efectivo,
7655,2026-09-27,12:12,Nübe Altico,Mostrador,Americano,1,5000,Efectivo,C168
7656,2026-09-27,17:23,Nübe Altico,Domicilio,Americano,1,5000,Tarjeta,C205
7656,2026-09-27,17:23,Nübe Altico,Domicilio,Croissant,1,6000,Tarjeta,C205
7656,2026-09-27,17:23,Nübe Altico,Domicilio,Latte,1,9000,Tarjeta,C205
7657,2026-09-27,15:44,Nübe Altico,Mostrador,Chocolate caliente,1,7500,Nequi,C237
7658,2026-09-27,16:11,Nübe Altico,Mostrador,Capuchino,3,8500,Efectivo,C218
7658,2026-09-27,16:11,Nübe Altico,Mostrador,Latte,1,9000,Efectivo,C218
7659,2026-09-27,15:21,Nübe Altico,Domicilio,Frappé de café,1,11000,Efectivo,C284
7659,2026-09-27,15:21,Nübe Altico,Domicilio,Latte,1,9000,Efectivo,C284
7659,2026-09-27,15:21,Nübe Altico,Domicilio,Tinto,2,3000,Efectivo,C284
7660,2026-09-27,18:40,Nübe Altico,Mostrador,Tinto,1,3000,Efectivo,C074
7661,2026-09-27,15:01,Nübe Altico,Mostrador,Americano,3,5000,Efectivo,
7661,2026-09-27,15:01,Nübe Altico,Mostrador,Capuchino,1,8500,Efectivo,
7661,2026-09-27,15:01,Nübe Altico,Mostrador,Frappé de café,2,11000,Efectivo,
7662,2026-09-27,14:18,Nübe Altico,Mostrador,Croissant,1,6000,Efectivo,C294
7662,2026-09-27,14:18,Nübe Altico,Mostrador,Tinto,1,3000,Efectivo,C294
7663,2026-09-27,16:13,Nübe Altico,Domicilio,Croissant,1,6000,Nequi,
7664,2026-09-27,16:06,Nübe Altico,Mostrador,Latte,1,9000,Tarjeta,
7665,2026-09-27,09:45,Nübe Altico,Mostrador,Chocolate caliente,1,7500,Tarjeta,
7665,2026-09-27,09:45,Nübe Altico,Mostrador,Croissant de almendras,1,8000,Tarjeta,
7665,2026-09-27,09:45,Nübe Altico,Mostrador,Latte,2,9000,Tarjeta,
7666,2026-09-27,12:25,Nübe Altico,Mostrador,Capuchino,1,8500,Tarjeta,C160
7667,2026-09-27,07:49,Nübe Altico,Domicilio,Chocolate caliente,1,7500,Nequi,
7667,2026-09-27,07:49,Nübe Altico,Domicilio,Croissant,2,6000,Nequi,
7668,2026-09-27,17:59,Nübe Altico,Mostrador,Croissant de almendras,1,8000,Tarjeta,
7669,2026-09-27,07:55,Nübe Altico,Mostrador,Capuchino,1,8500,Nequi,
7669,2026-09-27,07:55,Nübe Altico,Mostrador,Croissant de almendras,3,8000,Nequi,
7670,2026-09-27,08:26,Nübe Altico,Mostrador,Croissant,2,6000,Tarjeta,C074
7671,2026-09-27,11:25,Nübe Altico,Mostrador,Americano,1,5000,Tarjeta,
7671,2026-09-27,11:25,Nübe Altico,Mostrador,Frappé de café,1,11000,Tarjeta,
7672,2026-09-27,08:49,Nübe Altico,Domicilio,Americano,1,5000,Efectivo,
7672,2026-09-27,08:49,Nübe Altico,Domicilio,Croissant,1,6000,Efectivo,
7672,2026-09-27,08:49,Nübe Altico,Domicilio,Croissant de almendras,1,8000,Efectivo,
7673,2026-09-27,06:39,Nübe Altico,Mostrador,Latte,1,9000,Nequi,
7674,2026-09-27,16:06,Nübe Altico,Mostrador,Americano,1,5000,Efectivo,C045
7675,2026-09-27,10:39,Nübe Altico,Mostrador,Americano,1,5000,Efectivo,
7675,2026-09-27,10:39,Nübe Altico,Mostrador,Tinto,2,3000,Efectivo,
7676,2026-09-27,09:10,Nübe Altico,Mostrador,Capuchino,2,8500,Efectivo,
7676,2026-09-27,09:10,Nübe Altico,Mostrador,Latte,2,9000,Efectivo,
