id_venta,fecha,hora,punto,canal,producto,cantidad,precio_unitario,medio_pago,id_cliente
6553,2026-09-19,07:02,Nübe Altico,Mostrador,Chocolate caliente,1,7500,Tarjeta,
3981,2026-08-31,10:04,Nube Centro ,Mostrador,Croissant,1,6000,Efectivo,C275
1272,2026-08-12,09:02,Nübe Altico,Mostrador,Americano,1,5000,Efectivo,
31,2026-08-03,07:13,Nübe Centro,Mostrador,tinto,1,3000,Tarjeta,C110
1641,2026-08-15,12:41,Nübe Centro,Domicilio,Americano,1,5000,Nequi,
1546,2026-08-14,12:26,Nübe Altico,Mostrador,Tinto,1,3000,Efectivo,
3352,2026-08-27,15:53,Nübe Centro,Mostrador,Chocolate caliente,1 und,7500,Efectivo,C093
4452,2026-09-04,09:58,Nübe Centro,Mostrador,Tinto,1 und,$3.000,Tarjeta,
2081,2026-08-17,16:58,NUBE ALTICO,Mostrador,Latte,2,9000,Efectivo,
3480,2026-08-28,11:29,Nübe Centro,Mostrador,Americano,1,5000,Nequi,
2083,2026-08-18,07:04,Nübe Centro,Mostrador,Capuchino,1,8500,Nequi,
5627,2026-09-12,08:31,Nübe Altico,Mostrador,Tinto,1,3000,TARJETA,
2114,2026-08-18,09:19,NUBE CENTRO,Mostrador,Americano,1,$5.000,Efectivo,
4337,2026-09-03,07:19,Nübe Centro,Mostrador,Latte,1,9000,Tarjeta,
3167,2026-08-25,09:45,Nübe Altico,Mostrador,Capuchino,1,8500,Efectivo,
7243,2026-09-25,17:45,Nübe Centro,Domicilio,Capuchino,1,8500,Efectivo,
7058,2026-09-23,08:04,Nübe Centro,Mostrador,Capuchino,1,8500,NEQUI,
6023,2026-09-15,07:41,Nübe Altico,Mostrador,Chocolate caliente,1,7500,Efectivo,C050
717,2026-08-08,07:54,Nübe Centro,Domicilio,Tinto,1,3000,Efectivo,
3676,2026-08-29,08:18,Nübe Centro,Mostrador,Croissant de almendras,1,$8.000,Tarjeta,
5551,2026-09-12,19:51,Nübe Centro,Domicilio,Tinto,1,3000,Nequi,
4773,2026-09-06,17:43,Nübe Centro,Mostrador,Croissant de almendras,1,8000,Tarjeta,
4553,2026-09-04,15:15,Nübe Altico,Mostrador,tinto,2,3000,Tarjeta,
206,2026-08-04,10:49,Nübe Altico,Domicilio,Capuchino,1,8500,Efectivo,
1345,2026-08-13,10:59,Nübe Centro,Mostrador,croissant,1,6000,Tarjeta,
4236,2026-09-02,18:09,Nübe Centro,Mostrador,Latte,1,9000,Nequi,C120
7507,26/09/2026,13:57,Nübe Altico,Mostrador,Latte,1,,TARJETA,C031
394,2026-08-06,17:21,Nübe Centro,Mostrador,Frappé de café,1,11000,Tarjeta,
4510,04/09/2026,11:56,Nübe Altico,Mostrador,Late,1,9000,Nequi,
1218,2026-08-12,10:50,Nübe Centro,Mostrador,Croissant de almendras,1,8000,EFECTIVO,
4614,2026-09-05,14:16,Nübe Centro,Mostrador,Tinto,1,3000,Nequi,
6760,20/09/2026,17:54,Nübe Altico,Domicilio,Tinto,1,3000,Tarjeta,
4381,2026-09-03,07:42,Nübe Altico,Mostrador,Americano,1,5000,Efectivo,C077
1544,2026-08-14,08:35,Nübe Altico,Mostrador,Croissant,1,6000,Efectivo,C032
447,06/08/2026,20:45,Nübe Altico,Mostrador,Croisant,1,,Nequi,
3896,30/08/2026,17:38,Nübe Altico,Mostrador,Late,2,9000,Tarjeta,C121
4550,2026-09-04,07:05,Nübe Altico,Mostrador,Croissant de almendras,1,$8.000,Tarjeta,
2973,2026-08-24,10:35,Nübe Centro,Mostrador,Americano,2,5000,Tarjeta,
201,2026-08-04,10:49,Nübe Altico,Domicilio,Capuchino,2,8500,Tarjeta,
5946,2026-09-14,16:58,Nübe Altico,Mostrador,Tinto,1,3000,Nequi,C217
1006,2026-08-10,10:41,Nübe Centro,Mostrador,Capuchino,1,8500,Nequi,
4725,2026-09-05,07:23,Nübe Altico,Mostrador,Tinto,2,3000,Tarjeta,C190
1153,2026-08-11,07:26,Nübe Altico,Mostrador,Latte,3,9000,EFECTIVO,
2277,2026-08-19,13:34,Nübe Centro,Mostrador,Croissant de almendras,2,8000,Efectivo,C108
4497,2026-09-04,10:21,Nübe Centro,Mostrador,tinto,1,$3.000,Nequi,C101
7006,2026-09-23,09:20,Nübe Centro,Mostrador,Tinto,,$3.000,Efectivo,
827,2026-08-08,14:09,Nübe Altico,Mostrador,Croissant,1,6000,Efectivo,C270
1085,2026-08-10,18:10,Nübe Altico,Mostrador,chocolate caliente,1,7500,Efectivo,C196
1475,2026-08-14,07:45,Nübe Centro,Mostrador,Croissant,1,,EFECTIVO,
3465,2026-08-28,16:00,Nübe Centro,Mostrador,Tinto,1,3000,Nequi,
7390,2026-09-26,17:58,Nübe Centro,Domicilio,Croissant,1,6000,Tarjeta,
6198,2026-09-17,07:42,Nübe Centro,Mostrador,Capuchino,2,8500,Nequi,
2696,2026-08-22,15:50,Nübe Centro,Mostrador,Croissant,1,6000,Efectivo,
3852,2026-08-30,10:54,Nübe Centro,Mostrador,Latte,1,9000,Nequi,C085
5001,2026-09-08,15:25,Nübe Centro,Mostrador,Chocolate  caliente,1,7500,Efectivo,
5485,2026-09-11,17:26,Nübe Altico,Mostrador,Capuchino,1,8500,Nequi,C153
1650,2026-08-15,11:11,Nübe Centro,Mostrador,Croissant de almendras,1,8000,Tarjeta,
1053,2026-08-10,17:00,Nübe Centro,Mostrador,Frappé de café,,11000,Nequi,
1505,2026-08-14,17:00,Nübe Centro,Mostrador,Capuchino,1 und,8500,Efectivo,
3497,28/08/2026,16:52,Nübe Centro,Domicilio,Capuchino,1,,Efectivo,
4002,2026-08-31,19:00,Nübe Altico,Domicilio, Capuchino ,1 und,8500,Efectivo,C001
5339,2026-09-10,09:07,Nübe Altico,Domicilio,Capuchino,1,8500,Efectivo,
7534,2026-09-27,10:03,Nube Centro ,Mostrador,AMERICANO,1,$5.000,Efectivo,C260
2496,2026-08-21,06:47,Nübe Centro,Mostrador,Chocolate caliente,1,7500,Nequi,
7429,2026-09-26,17:21,Nübe Centro,Domicilio,Latte,2,9000,Efectivo,
1831,2026-08-16,16:57,Nübe Centro,Mostrador,Tinto,2 und,3000,Nequi,
7607,27/09/2026,17:52,NUBE CENTRO,Mostrador,Latte,1,9000,Nequi,C154
4356,2026-09-03,11:12,Nübe Centro,Mostrador,Chocolate caliente,1,7500,Tarjeta,C258
6935,22/09/2026,07:42,Nübe Centro,Mostrador,Croissant,1,$6.000,NEQUI,
3510,2026-08-28,13:27,Nübe Centro,Domicilio,Capuchino,1,8500,EFECTIVO,
4338,2026-09-03,12:09,Nübe Centro,Mostrador,Americano,3,5000,Nequi,
4370,2026-09-03,09:56,Nübe Centro,Mostrador,tinto,1,$3.000,Nequi,C082
2944,2026-08-23,06:08,Nübe Altico,Mostrador,Croissant,1,6000,Efectivo,C263
951,2026-08-09,17:25,Nübe Altico,Mostrador,Tinto,1,3000,Efectivo,C264
337,2026-08-06,09:35,Nübe Centro,Mostrador,Latte,1,9000,Efectivo,
1437,2026-08-13,11:41,Nübe Altico,Mostrador,Croissant de almendras,1,8000,Nequi,C294
6322,18/09/2026,08:30,Nübe Centro,Mostrador,Croissant,1,$6.000,Tarjeta,C292
154,2026-08-04,06:28,Nübe Centro,Mostrador,Latte,,$9.000,Nequi,
7036,2026-09-23,19:33,Nübe Centro,Mostrador,Tinto,1,3000,Tarjeta,C095
3697,29/08/2026,09:34,NUBE CENTRO,Mostrador,Capuchino,1,8500,EFECTIVO,
7144,2026-09-24,16:06,Nübe Centro,Mostrador,croissant de almendras,3,8000,Tarjeta,C083
3573,2026-08-28,18:38,Nübe Altico,Mostrador,Frappé de café,2,11000,Nequi,
3091,2026-08-24,15:12,Nübe Altico,Mostrador,Capuchino,1,8500,Tarjeta,
3557,2026-08-28,17:48,Nübe Altico,Mostrador,Croissant,1,6000,Tarjeta,C002
635,07/08/2026,16:02,NUBE ALTICO,Domicilio,Tinto,1,3000,Efectivo,
691,2026-08-08,08:14,Nübe Centro,Mostrador,CROISSANT ,1,6000,Efectivo,
337,2026-08-06,09:35,Nübe Centro,Mostrador,Chocolate caliente,2,7500,Efectivo,
3601,2026-08-29,08:34,Nübe Centro,Mostrador,Croissant,1,6000,Tarjeta,C193
3590,2026-08-28,11:14,Nübe Altico,Mostrador,Chocolate caliente,,7500,Efectivo,
2553,2026-08-21,15:26,Nübe Altico,Domicilio,Americano,1,$5.000,Efectivo,
4889,07/09/2026,14:20,Nübe Centro,Mostrador,Capuchino,1,8500,Nequi,
5406,2026-09-11,16:27,Nübe Centro,Mostrador,Chocolate caliente,1 und,7500,NEQUI,C028
6749,2026-09-20,10:10,Nübe Altico,Mostrador,Croissant,1,6000,Efectivo,C239
7128,2026-09-24,15:24,Nübe Centro,Mostrador,AMERICANO,1 und,5000,Efectivo,
6792,2026-09-21,07:49,Nübe Centro,Domicilio,Croissant de almendras,1,8000,Efectivo,C284
6097,16/09/2026,11:07,Nübe Centro,Mostrador,Croissant,1,6000,Efectivo,C235
6727,2026-09-20,13:00,NUBE ALTICO,Domicilio,Americano,1,5000,Nequi,
4946,2026-09-07,16:17,Nübe Altico,Mostrador,Tinto,1,$3.000,Tarjeta,C078
4892,07/09/2026,15:19,Nübe Centro,Mostrador,tinto,1,$3.000,Efectivo,C191
1938,2026-08-17,12:03,NUBE CENTRO,Mostrador,Frappé de café,1,11000,Tarjeta,
3585,2026-08-28,09:32,Nübe Altico,Mostrador,Croissant,1,6000,Nequi,C193
603,2026-08-07,12:27,Nübe Altico,Mostrador,Tinto,1,3000,Tarjeta,
485,2026-08-07,08:43,Nübe Centro,Mostrador,AMERICANO,1,5000,Efectivo,
3431,2026-08-27,08:50,Nübe Altico,Mostrador,Tinto,2,3000,Tarjeta,
6083,2026-09-16,16:17,Nübe Centro,Domicilio,Croissant de almendras,1,8000,,
6432,2026-09-18,20:42,Nübe Altico,Mostrador,Americano,1,5000,Tarjeta,
7484,26/09/2026,09:05,Nübe Altico,Mostrador,CAPUCHINO,,8500,TARJETA,
7617,2026-09-27,18:59,Nübe Altico,Mostrador,Tinto,1,3000,Efectivo,
1248,2026-08-12,17:59,Nübe Centro,Mostrador,Americano,3,5000,Nequi,
2793,2026-08-22,18:10,Nübe El Altico,Domicilio,Latte,1,9000,Tarjeta,C214
3183,2026-08-25,17:26,Nübe Altico,Mostrador,AMERICANO,2,5000,NEQUI,C287
3350,2026-08-27,14:48,Nübe Centro,Mostrador,Americano,2,5000,Nequi,
3604,2026-08-29,12:56,Nübe Centro,Mostrador,Frappé de café,1,$11.000,Efectivo,
2200,2026-08-18,20:00,Nübe Altico,Mostrador,Croissant,2,6000,Efectivo,
3408,2026-08-27,10:29,Nübe El Altico,Mostrador,Croissant,1,6000,Nequi,
7103,2026-09-23,10:44,Nübe Altico,Domicilio,Tinto,1,3000,Nequi,
4875,2026-09-06,20:19,Nübe Altico,Domicilio,Tinto,1,3000,Efectivo,C166
4290,2026-09-02,16:59,Nübe Altico,Mostrador,Latte,1,9000,Nequi,
5031,2026-09-08,08:26,Nübe Centro,Mostrador,frappé de café,2,11000,,
5868,2026-09-14,16:51,Nübe Centro,Mostrador,Frappé de café,1,11000,Nequi,C097
4624,2026-09-05,19:52,Nübe Centro,Domicilio,Chocolate caliente,2,7500,Nequi,
3527,2026-08-28,07:58,Nübe Centro,Mostrador,Tinto,3,3000,Tarjeta,
7558,2026-09-27,11:48,Nübe Centro,Mostrador,Latte,1,9000,Tarjeta,
3831,2026-08-30,06:06,Nübe Centro,Mostrador,Latte,1,9000,Tarjeta,C209
2813,2026-08-23,15:25,Nübe Centro,Mostrador,Capuchino,2,8500,Efectivo,
2190,18/08/2026,08:34,Nübe Altico,Mostrador,Capuchino,1,8500,Nequi,
1256,2026-08-12,07:17,Nübe Centro,Mostrador,Croisant,1,6000,Efectivo,
5800,2026-09-13,09:39,Nübe Altico,Mostrador,Americano,1,5000,Nequi,C197
275,2026-08-05,15:55,Nübe Centro,Mostrador,Tinto,2,3000,Tarjeta,C066
1352,2026-08-13,20:34,Nübe Centro,Mostrador,Americano,1,5000,Efectivo,C075
7661,2026-09-27,15:01,Nübe Altico,Mostrador,Capuchino,1,8500,Efectivo,
1415,13/08/2026,10:41,Nübe Altico,Mostrador,Capuchino,1,8500,,
1864,2026-08-16,09:45,Nübe Altico,Domicilio,Croissant,1,,Nequi,
5353,2026-09-10,13:50,Nübe El Altico,Mostrador,Croissant,1,6000,Tarjeta,
174,2026-08-04,08:34,Nübe Centro,Mostrador,Capuchino,1,8500,Tarjeta,
239,2026-08-05,07:10,Nübe Centro,Mostrador,Croissant,1,6000,Efectivo,
1443,2026-08-14,18:16,Nübe Centro,Mostrador,Americano,1,5000,Nequi,
5885,2026-09-14,18:06,Nübe Centro,Domicilio,Croissant de almendras,1 und,8000,Tarjeta,
1596,15/08/2026,08:26,Nube Centro ,Domicilio,Capuchino,1,8500,Efectivo,C224
450,2026-08-06,06:01,Nübe Altico,Domicilio,Croissant,1,6000,Efectivo,
2037,2026-08-17,08:00,Nübe Altico,Mostrador,croissant,1,6000,Efectivo,C088
6403,2026-09-18,15:20,Nübe Altico,Mostrador,Tinto,1,3000,Tarjeta,C234
3527,2026-08-28,07:58,Nübe Centro,Mostrador,Latte,1,9000,Tarjeta,
5400,2026-09-11,14:17,Nübe Centro,Mostrador,Americano,1,5000,Efectivo,C273
6380,2026-09-18,15:48,Nübe Altico,Mostrador,latte,1,$9.000,Efectivo,
64,2026-08-03,08:20,Nübe Centro,Mostrador,Americano,1,5000,EFECTIVO,C150
5909,2026-09-14,09:52,Nübe Altico,Mostrador,Americano,1,5000,Efectivo,C263
6903,2026-09-22,08:53,Nübe Centro,Mostrador,Latte,1,9000,Nequi,
4308,03/09/2026,07:08,Nübe Centro,Domicilio,Tinto,1,3000,Efectivo,C184
4497,2026-09-04,10:21,Nübe Centro,Mostrador,Frappé de café,1,11000,Nequi,C101
5965,15/09/2026,17:13,NUBE CENTRO,Mostrador,Frappé de café,1,$11.000,Nequi,C019
1717,2026-08-15,09:26,Nübe Altico,Mostrador,Croissant de almendras,1,$8.000,Tarjeta,
196,04/08/2026,09:09,Nübe Altico,Mostrador,Tinto,1,3000,Tarjeta,
5610,2026-09-12,09:54,Nübe Altico,Domicilio,Americano,1 und,5000,Nequi,C251
646,2026-08-07,09:49,altico,Domicilio,Croissant,1,6000,Tarjeta,C145
2488,2026-08-21,12:54,Nübe Centro,Mostrador,Croissant,1,6000,Tarjeta,C042
6530,2026-09-19,09:32,Nübe Centro,Mostrador,Americano,1,5000,Nequi,C188
519,2026-08-07,18:22,Nübe Centro,Mostrador, LATTE,1,$9.000,Efectivo,
2741,2026-08-22,07:39,Nübe Altico,Mostrador,Americano,1,5000,Tarjeta,C026
6132,16/09/2026,16:18,Nübe Altico,Domicilio,Americano,,5000,Nequi,
1432,2026-08-13,17:20,altico,Mostrador,Croissant de almendras,1,$8.000,Efectivo,C276
3436,2026-08-27,08:07,Nübe El Altico,Mostrador,Capuchino,1,8500,Efectivo,
1659,2026-08-15,17:08,centro,Mostrador,capuchino,1,8500,NEQUI,
6721,2026-09-20,08:50,Nübe Altico,Mostrador,Chocolate caliente,1,7500,Nequi,C187
1150,2026-08-11,16:47,Nübe Altico,Mostrador,Latte,1,9000,NEQUI,C162
4079,2026-09-01,15:39,Nübe Centro,Mostrador,Croissant,1,6000,Tarjeta,
4493,2026-09-04,16:18,Nübe Centro,Mostrador,capuchino,1,8500,Tarjeta,C176
4213,2026-09-02,09:46,NUBE CENTRO,Mostrador,Capuchino,1,8500,Efectivo,
2733,2026-08-22,15:11,Nübe Altico,Domicilio, LATTE,1,9000,Efectivo,
2644,2026-08-22,17:51,Nübe Centro,Mostrador,Croissant,2,6000,EFECTIVO,
7025,2026-09-23,07:28,Nübe Centro,Mostrador,chocolate caliente,1,7500,Nequi,
3542,2026-08-28,08:35,Nübe Altico,Mostrador,Americano,1,5000,Efectivo,
3023,2026-08-24,14:16,Nübe Centro,Mostrador,Croissant,1,6000,Nequi,
3639,2026-08-29,15:13,Nübe Centro,Domicilio,Chocolate  caliente,1,7500,NEQUI,
2699,2026-08-22,07:32,NUBE CENTRO,Mostrador,Tinto,1,3000,Efectivo,
3952,31/08/2026,10:07,Nübe Centro,Mostrador,Tinto,2,3000,Efectivo,
5753,2026-09-13,11:11,Nübe Altico,Mostrador,Croissant,1,$6.000,Nequi,
7586,2026-09-27,11:24,Nübe Centro,Mostrador,Croissant,1,6000,Efectivo,
4375,2026-09-03,08:22,NUBE ALTICO,Mostrador,Chocolate caliente,1,$7.500,Nequi,
2134,2026-08-18,09:44,Nübe Centro,Mostrador,Croissant de almendras,1,8000,Efectivo,
5627,2026-09-12,08:31,Nübe Altico,Mostrador,Croisant,1,6000,Tarjeta,
712,2026-08-08,14:49,Nübe Centro,Mostrador,Croissant almendras,1,8000,Tarjeta,
842,2026-08-08,08:26,Nübe Altico,Mostrador,Croissant,3,6000,Efectivo,
1666,2026-08-15,17:19,Nübe Centro,Mostrador,Frappé de café,1,11000,Tarjeta,C151
4454,2026-09-04,14:02,Nübe Centro,Mostrador,Latte,2,9000,Tarjeta,
5792,2026-09-13,09:45,Nübe Altico,Mostrador,Capuchino,1,8500,Nequi,
7515,2026-09-26,10:11,Nübe Altico,Mostrador,Capuchino,1,8500,Efectivo,C289
2743,2026-08-22,11:12,Nübe Altico,Mostrador,croissant de almendras,1,8000,Tarjeta,C001
6912,2026-09-22,11:49,Nübe Centro,Mostrador,Croissant de almendras,1,8000,Efectivo,
734,08/08/2026,10:36,Nübe Centro,Domicilio,Tinto ,1,$3.000,Tarjeta,C051
151,2026-08-04,10:29,Nübe Centro,Domicilio,Croissant,1 und,6000,Nequi,C171
7156,2026-09-24,13:12,Nübe Centro,Mostrador,Americano,1,$5.000,Nequi,C065
6511,2026-09-19,15:13,Nübe Centro,Domicilio,Frappé de café,1,11000,Tarjeta,
6174,17/09/2026,17:10,Nübe Centro,Mostrador,Frappé de café,1,11000,Efectivo,
4832,2026-09-06,08:02,Nübe Centro,Mostrador,Frappé de café,1,11000,Efectivo,C001
7097,2026-09-23,19:20,Nübe Altico,Mostrador,Americano,1,5000,Tarjeta,
4962,2026-09-07,12:55,Nübe Altico,Mostrador,Tinto,1,$3.000,Tarjeta,
7116,2026-09-24,16:17,Nübe Centro,Mostrador,Americano,2,5000,Efectivo,C289
1098,2026-08-11,16:02,Nübe Centro,Mostrador,Croissant,1,6000,Tarjeta,
6234,2026-09-17,09:06,Nübe Centro,Mostrador,Croissant,1,6000,Tarjeta,C300
1788,2026-08-16,08:25,Nübe Centro,Mostrador,Croissant,1,6000,Tarjeta,
449,06/08/2026,09:06,Nübe Altico,Domicilio,Latte,1,9000,Efectivo,C029
3455,2026-08-27,14:40,Nübe Altico,Domicilio,Capuchino,1,8500,Nequi,
3475,2026-08-28,17:02,Nübe Centro,Domicilio,Capuchino,3,8500,Tarjeta,C199
2139,2026-08-18,08:34,centro,Mostrador,Chocolate caliente,,7500,Tarjeta,
7026,2026-09-23,09:42,Nübe Centro,Mostrador,Capuchino,3,8500,Tarjeta,
2624,2026-08-22,07:02,Nübe Centro,Mostrador,Tinto,1,3000,Efectivo,
6636,20/09/2026,14:50,NUBE CENTRO,Mostrador,Tinto,2,$3.000,Nequi,C252
1336,2026-08-13,08:39,Nübe Centro,Domicilio,chocolate caliente,1,$7.500,Tarjeta,
4943,2026-09-07,17:16,centro,Mostrador,Croissant de almendras,1,8000,Efectivo,
1994,2026-08-17,12:10,Nübe Centro,Mostrador,Capuchino,1,8500,Tarjeta,
3360,2026-08-27,07:23,Nube Centro ,Mostrador,Americano,1,5000,Efectivo,C164
7549,2026-09-27,18:22,Nübe Centro,Mostrador,Tinto,2,3000,Efectivo,
3102,2026-08-25,19:22,Nübe Centro,Mostrador,Latte,2,9000,Tarjeta,C030
4088,2026-09-01,08:09,Nübe Centro,Mostrador,Latte,2,9000,Efectivo,
1089,2026-08-10,16:03,Nübe Altico,Domicilio,Tinto,1,3000,Nequi,
114,2026-08-04,20:59,Nübe Centro,Domicilio,chocolate caliente,1,7500,Nequi,C116
711,2026-08-08,09:49,Nube Centro ,Mostrador,Frappé de café,1,11000,Tarjeta,C200
7028,23/09/2026,08:12,Nübe Centro,Domicilio,latte,1,9000,Nequi,C115
5634,2026-09-12,08:15,Nübe Altico,Domicilio,Croissant,1,$6.000,Tarjeta,
7047,2026-09-23,11:05,Nübe Centro,Domicilio,Croissant,1,6000,Nequi,C291
2732,2026-08-22,16:55,Nübe Altico,Domicilio,Tinto,3,3000,Efectivo,C007
6844,21/09/2026,13:27,Nübe Altico,Domicilio,Croissant de almendras,1,8000,Tarjeta,C136
1935,17/08/2026,16:51,Nube Centro ,Mostrador,Capuchino,1,8500,Efectivo,
727,08/08/2026,08:11,Nübe Centro,Mostrador,tinto,3,3000,EFECTIVO,C121
4311,2026-09-03,16:19,Nübe Centro,Mostrador,Tinto,1,3000,Tarjeta,C147
3780,2026-08-29,14:36,Nübe Altico,Mostrador,Tinto,1,3000,Efectivo,
6863,2026-09-21,08:17,Nübe Altico,Mostrador,TINTO,1,3000,Tarjeta,
75,2026-08-03,08:11,Nübe Altico,Mostrador,Tinto,1,3000,Tarjeta,C190
6775,2026-09-21,06:39,Nübe Centro,Mostrador,Croissant de almendras,1,8000,Efectivo,C165
6233,2026-09-17,16:51,Nübe Centro,Mostrador,americano,2,5000,Tarjeta,
3498,2026-08-28,16:08,Nübe Centro,Mostrador,Croissant,2,6000,Nequi,C289
3857,2026-08-30,09:09,Nübe Centro,Domicilio,Latte,2,9000,Nequi,C189
6170,2026-09-17,08:57,Nübe Centro,Mostrador,Croissant de almendras,1,8000,Efectivo,
6766,2026-09-21,07:30,Nübe Centro,Mostrador,TINTO,1,3000,Nequi,C264
5248,2026-09-10,08:37,Nube Centro ,Mostrador,Tinto,2,3000,Nequi,
3216,2026-08-26,08:52,Nübe Centro,Mostrador,Croissant,1,6000,Efectivo,C298
4826,2026-09-06,10:34,Nübe Centro,Domicilio,Frappé de café,1,11000,Efectivo,
6707,2026-09-20,07:52,Nübe Altico,Mostrador,Croissant,1,6000,Tarjeta,C252
6157,16/09/2026,09:08,Nübe Altico,Mostrador,Tinto,1,3000,Efectivo,
3368,27/08/2026,13:04,Nübe Centro,Domicilio,Americano,1,5000,,C213
100,2026-08-03,15:42,Nübe El Altico,Domicilio,Croisant,1 und,6000,Tarjeta,C040
6691,2026-09-20,09:31,Nübe Centro,Domicilio,Tinto ,3,3000,EFECTIVO,C273
741,2026-08-08,08:08,centro,Domicilio,Latte,1,9000,Nequi,
5027,08/09/2026,08:50,Nübe Centro,Mostrador,Croissant,1,6000,Nequi,C287
5288,2026-09-10,19:05,Nübe Centro,Domicilio,Croissant de almendras,1,$8.000,Efectivo,C213
1650,2026-08-15,11:11,Nübe Centro,Mostrador,Croissant,1,6000,Tarjeta,
6586,2026-09-19,15:49,Nübe Altico,Domicilio,Capuchino,1,8500,Efectivo,C053
1256,2026-08-12,07:17,Nübe Centro,Mostrador,Frappé de café,1,11000,Efectivo,
2112,18/08/2026,07:08,NUBE CENTRO,Mostrador,Croissant,1,6000,Efectivo,C227
354,2026-08-06,09:31,Nübe Centro,Domicilio,Americano,1,5000,Efectivo,C101
7326,2026-09-25,10:25,Nübe Altico,Mostrador,Capuchino,2,8500,Nequi,C177
5019,2026-09-08,08:29,Nübe Centro,Mostrador,Latte,3,9000,Efectivo,
4264,2026-09-02,14:49,Nübe Altico,Mostrador,Croissant de almendras,1,8000,Tarjeta,
1170,2026-08-11,16:14,Nübe Altico,Domicilio,Frappé de café,1,11000,Nequi,C088
2863,2026-08-23,16:07,Nübe Centro,Mostrador,Capuchino,3,8500,Efectivo,
2423,2026-08-20,12:01,Nübe Altico,Mostrador,Americano,1,5000,Tarjeta,C002
4546,2026-09-04,15:05,Nübe Altico,Mostrador,Chocolate caliente,1,7500,Nequi,C269
3825,2026-08-30,17:30,Nübe Centro,Mostrador,Frappé de café,2,11000,Tarjeta,
4920,2026-09-07,07:53,Nübe Centro,Mostrador,chocolate caliente,1,7500,Tarjeta,C100
4468,2026-09-04,09:38,Nübe Centro,Mostrador,Croissant,2,6000,Efectivo,C249
4154,2026-09-01,11:57,Nübe Altico,Mostrador,Chocolate caliente,1,7500,Tarjeta,C102
7602,2026-09-27,12:12,Nübe Centro,Mostrador,Americano,1,$5.000,Efectivo,C285
6143,2026-09-16,09:06,altico,Domicilio, Capuchino ,1,,Nequi,
737,2026-08-08,08:14,Nübe Centro,Mostrador,Tinto,3,3000,Nequi,
5067,2026-09-08,13:14,Nübe Centro,Domicilio,Latte,1,9000,Efectivo,
7244,2026-09-25,07:23,Nube Centro ,Mostrador,TINTO,1,3000,Tarjeta,
6893,2026-09-22,15:10,Nübe Centro,Mostrador,Americano,1,$5.000,EFECTIVO,
1961,2026-08-17,12:30,centro,Mostrador,Frappé de café,3,$11.000,Tarjeta,C185
887,2026-08-09,10:53,Nübe Centro,Mostrador,Croissant de almendras,1,8000,Efectivo,
3540,2026-08-28,13:36,Nübe Altico,Mostrador,Capuchino,1,8500,Efectivo,
1053,2026-08-10,17:00,NUBE CENTRO,Mostrador,Croissant,1,6000,Nequi,
4981,2026-09-07,07:10,Nübe Altico,Mostrador,Tinto,2,3000,Nequi,
6369,2026-09-18,06:34,Nübe Centro,Mostrador,Capuchino,1 und,8500,Tarjeta,
4877,2026-09-06,20:27,Nübe Altico,Domicilio,Latte,1,9000,Tarjeta,
1646,2026-08-15,07:33,Nübe Centro,Mostrador,Latte,1,9000,Nequi,
3615,2026-08-29,15:45,Nübe Centro,Mostrador,Latte,1,9000,,
6226,2026-09-17,13:52,Nübe Centro,Domicilio,Capuchino,2,8500,Efectivo,
5657,2026-09-13,14:28,NUBE CENTRO,Mostrador,Croissant,1,6000,Nequi,
1726,2026-08-15,10:40,Nübe Altico,Mostrador,Capuchino,2,8500,Efectivo,
1605,2026-08-15,10:07,Nube Centro ,Mostrador,Croissant,0,6000,Tarjeta,
6339,2026-09-18,14:21,Nübe Centro,Domicilio,Tinto,1,3000,Tarjeta,C273
6959,2026-09-22,07:22,Nübe Altico,Mostrador,Americano,1,$5.000,Nequi,C004
1888,2026-08-16,09:51,Nübe Altico,Mostrador,Croissant,2,,EFECTIVO,C125
4952,2026-09-07,08:48,Nübe Altico,Mostrador,Americano,1,5000,Efectivo,C196
4230,02/09/2026,07:20,NUBE CENTRO,Mostrador,Latte,1,9000,Efectivo,C120
1849,2026-08-16,08:32,Nübe Centro,Mostrador,Croissant,1,6000,Tarjeta,
1524,2026-08-14,12:33,Nübe Altico,Domicilio,Capuchino,3,8500,Efectivo,
7675,2026-09-27,10:39,Nübe Altico,Mostrador,Americano,,5000,Efectivo,
5977,2026-09-15,15:06,Nübe Centro,Mostrador,Latte,1,9000,Nequi,C248
1495,2026-08-14,15:37,Nübe Centro,Mostrador,Croissant,2,6000,Efectivo,C207
5763,2026-09-13,18:38,Nübe Altico,Mostrador,Frappé de café,1,11000,,
4787,2026-09-06,09:17,Nübe Centro,Domicilio,Capuchino,1,8500,Tarjeta,
1620,2026-08-15,17:12,Nübe Centro,Mostrador,Croissant,1 und,6000,Nequi,C270
4768,2026-09-06,15:38,Nübe Centro,Mostrador,Croissant,1,6000,Nequi,
1357,2026-08-13,18:54,Nübe Centro,Mostrador,Americano,1,5000,Tarjeta,
7547,2026-09-27,09:00,Nübe Centro,Mostrador,Tinto,1,3000,Nequi,
4426,2026-09-03,09:15,Nübe Altico,Mostrador,Croissant,1,6000,Nequi,C164
2003,2026-08-17,11:58,Nübe Centro,Mostrador,Croissant de almendras,1,$8.000,TARJETA,
3089,2026-08-24,12:52,Nübe Altico,Mostrador,Latte,1 und,9000,Tarjeta,
2952,2026-08-23,13:20,Nübe Altico,Mostrador,Croissant,2,6000,Efectivo,
5914,2026-09-14,16:25,Nübe Altico,Mostrador,AMERICANO,1,5000,Tarjeta,C172
3297,26/08/2026,12:21,Nübe Altico,Domicilio,Capuchino,2 und,$8.500,TARJETA,
5944,2026-09-14,15:27,Nübe Altico,Mostrador,Latte,1,9000,Tarjeta,C149
6710,2026-09-20,13:10,Nübe Altico,Mostrador,Tinto,1,3000,TARJETA,C175
2028,2026-08-17,12:15,Nübe Altico,Mostrador,Capuchino,1,8500,NEQUI,
2825,2026-08-23,20:15,Nübe Centro,Mostrador,Tinto,1 und,3000,NEQUI,
2154,2026-08-18,14:15,Nübe Centro,Mostrador,Latte,2,9000,Tarjeta,C269
6358,2026-09-18,14:05,Nube Centro ,Mostrador,Croissant de almendras,1,8000,Tarjeta,
7489,26/09/2026,07:44,Nübe Altico,Domicilio,Americano,1 und,5000,Efectivo,
5370,2026-09-10,10:58,NUBE ALTICO,Domicilio,Tinto ,1,3000,Nequi,
157,2026-08-04,16:45,Nübe Centro,Mostrador,Capuchino,1,8500,Nequi,C128
880,2026-08-09,07:19,Nübe Centro,Mostrador,frappé de café,1,,Tarjeta,
327,2026-08-05,15:39,Nübe Altico,Domicilio,Tinto,1,3000,Tarjeta,C143
954,2026-08-09,13:58,Nübe Altico,Mostrador,Capuchino,1,8500,,
6799,2026-09-21,17:52,Nübe Centro,Mostrador,Frappé de café,1,11000,Efectivo,C062
1395,2026-08-13,09:28,Nübe Altico,Mostrador,Tinto,3,3000,Efectivo,
4003,2026-08-31,11:07,Nübe Altico,Mostrador,Frappé de café,1,11000,Efectivo,
6268,17/09/2026,10:25,Nübe Altico,Mostrador,Tinto,1,3000,Efectivo,
3253,2026-08-26,10:00,Nübe Centro,Mostrador,TINTO,1,3000,Efectivo,C166
6854,2026-09-21,11:23,Nübe Altico,Domicilio,latte,1,$9.000,Tarjeta,C171
6446,2026-09-18,08:34,Nübe Altico,Domicilio,Croissant de almendras,2,8000,Tarjeta,
127,2026-08-04,18:07,NUBE CENTRO,Mostrador,Croissant,1,6000,Tarjeta,
6852,2026-09-21,17:04,Nübe Altico,Mostrador,Frappe de cafe,1,11000,Nequi,C036
471,2026-08-07,12:35,Nube Centro ,Domicilio,Chocolate caliente,1,7500,Tarjeta,
4106,01/09/2026,13:28,Nübe Centro,Mostrador,Tinto,1,$3.000,,
4821,2026-09-06,07:01,Nübe Centro,Mostrador,Americano,1,5000,Nequi,
49,2026-08-03,09:00,Nübe Centro,Mostrador,Tinto,1,3000,Efectivo,C085
1615,2026-08-15,08:01,Nube Centro ,Domicilio,Latte,1,9000,Tarjeta,
2108,2026-08-18,16:05,Nübe Centro,Mostrador,Capuchino,1,8500,,C109
5888,2026-09-14,11:02,Nübe Centro,Mostrador,Croissant,3,6000,NEQUI,C017
2308,2026-08-19,09:20,Nübe Altico,Mostrador,Americano,1,5000,,
4482,2026-09-04,08:50,Nübe Centro,Mostrador,Croissant de almendras,3,8000,Efectivo,C081
4736,05/09/2026,12:28,Nübe Altico,Mostrador,Latte,1,9000,Tarjeta,C248
5445,2026-09-11,06:32,Nube Centro ,Mostrador,Frappé de café,1,11000,Efectivo,C142
5862,2026-09-14,10:38,Nübe Centro,Mostrador,Frappé de café,2,11000,Efectivo,C299
1325,13/08/2026,07:45,Nübe Centro,Mostrador,Croissant,1,$6.000,Tarjeta,C047
7451,2026-09-26,12:18,Nübe Centro,Mostrador,Tinto,1,$3.000,Efectivo,
311,2026-08-05,14:56,Nübe Altico,Mostrador,Tinto,1,3000,Tarjeta,C239
1148,2026-08-11,16:00,Nübe Centro,Mostrador,Frappé de café,2 und,11000,Efectivo,
2241,2026-08-19,08:01,Nübe Centro,Mostrador,frappé de café,2,11000,Efectivo,C133
6780,2026-09-21,07:32,Nübe Centro,Domicilio,CROISSANT ,2,$6.000,Nequi,
952,2026-08-09,16:51,Nübe Altico,Mostrador,Capuchino,1,8500,Nequi,
5376,2026-09-10,09:47,altico,Domicilio,Latte,1,9000,EFECTIVO,
7425,2026-09-26,16:46,Nübe Centro,Mostrador,Croissant de almendras,1,8000,Tarjeta,
5153,2026-09-09,16:42,Nübe Centro,Mostrador,Croissant de almendras,1,8000,Tarjeta,
1948,2026-08-17,09:35,Nübe Centro,Mostrador,Croissant,1,$6.000,Tarjeta,
2822,2026-08-23,16:52,centro,Mostrador, LATTE,,9000,Tarjeta,C123
6848,2026-09-21,09:49,Nübe Altico,Mostrador,capuchino,1,8500,Efectivo,C073
6307,2026-09-18,09:09,Nübe Centro,Mostrador,Frappé de café,3 und,11000,,C202
5048,2026-09-08,13:29,centro,Mostrador,americano,1,5000,Efectivo,
4376,2026-09-03,19:48,Nübe Altico,Mostrador,Latte,1,9000,Tarjeta,C284
7340,2026-09-25,11:37,Nübe Altico,Mostrador,Capuchino,2,$8.500,Nequi,
1290,2026-08-12,09:16,Nübe Altico,Mostrador,Americano,3,5000,Efectivo,C146
6316,2026-09-18,20:43,Nübe Centro,Mostrador,Tinto,1,3000,Nequi,C206
7331,2026-09-25,17:44,Nübe Altico,Mostrador,TINTO,1,3000,Efectivo,C014
446,2026-08-06,08:45,Nübe Altico,Domicilio,Americano,1,$5.000,Nequi,
1571,2026-08-14,06:48,Nübe Altico,Mostrador,Chocolate caliente,1,7500,Nequi,
4810,2026-09-06,15:18,Nübe Centro,Mostrador,Latte,1,9000,Nequi,C298
2095,18/08/2026,16:56,Nübe Centro,Mostrador,Latte,1,9000,Nequi,C131
7135,2026-09-24,19:50,Nübe Centro,Domicilio,Croissant de almendras,1,8000,Nequi,
6538,2026-09-19,15:53,Nübe Centro,Mostrador,Capuchino,1,8500,EFECTIVO,C161
3890,2026-08-30,16:44,Nübe Altico,Mostrador,Frappé de café,1,11000,Tarjeta,C111
6207,2026-09-17,12:54,Nübe Centro,Mostrador,Americano,1,5000,Efectivo,C169
2332,2026-08-19,07:59,Nübe Altico,Mostrador,Capuchino,1,8500,NEQUI,
1748,2026-08-15,07:31,Nübe Altico,Domicilio,Latte,1,9000,EFECTIVO,
3833,2026-08-30,18:05,Nübe Centro,Domicilio,Croissant,2,6000,Efectivo,C200
3648,2026-08-29,08:24,Nübe Centro,Mostrador,Americano,1,5000,Tarjeta,C181
7068,23/09/2026,20:17,Nübe Altico,Mostrador,Latte,1,$9.000,Efectivo,
2904,2026-08-23,17:24,Nübe Altico,Mostrador,Latte,3,$9.000,Nequi,C281
6693,2026-09-20,08:27,Nübe Centro,Domicilio,Tinto,1,3000,Tarjeta,
3107,2026-08-25,12:26,Nübe Centro,Mostrador,Croissant,1,6000,Tarjeta,C056
120,2026-08-04,12:01,Nübe Centro,Mostrador,Chocolate caliente,1 und,7500,EFECTIVO,C267
2856,23/08/2026,08:40,Nube Centro ,Domicilio,Tinto,1,3000,NEQUI,C099
856,2026-08-09,09:42,Nübe Centro,Mostrador,Capuchino,1 und,8500,Nequi,C004
4458,2026-09-04,09:25,Nübe Centro,Mostrador,Tinto,1,3000,Efectivo,C149
2477,2026-08-21,09:32,Nübe Centro,Mostrador,Croissant de almendras,1,8000,Efectivo,
2109,2026-08-18,19:47,Nübe Centro,Mostrador,croissant de almendras,1,8000,Efectivo,C250
7651,2026-09-27,07:14,Nübe Altico,Mostrador,Croissant,1,6000,Tarjeta,C217
323,2026-08-05,15:06,Nübe Altico,Mostrador,Frappé de café,1,11000,Tarjeta,
6399,2026-09-18,17:40,Nübe Altico,Mostrador,TINTO,1,3000,NEQUI,
1505,2026-08-14,17:00,Nübe Centro,Mostrador,Chocolate caliente,1,7500,Efectivo,
7470,2026-09-26,13:43,Nübe Altico,Mostrador,croissant de almendras,2,8000,Tarjeta,C162
2635,2026-08-22,15:16,Nübe Centro,Mostrador,Croisant,2,6000,NEQUI,
4330,2026-09-03,08:43,Nübe Centro,Mostrador,capuchino,1,8500,Nequi,
6018,2026-09-15,12:56,Nübe Altico,Mostrador,Croissant,1,6000,Tarjeta,C291
6088,2026-09-16,09:22,Nübe Centro,Mostrador,Tinto,3,3000,Efectivo,
2838,2026-08-23,07:14,Nübe Centro,Mostrador,Capuccino,1,8500,Tarjeta,
7072,2026-09-23,09:35,Nübe Altico,Mostrador,Americano,2,5000,,
7482,2026-09-26,10:46,Nübe Altico,Mostrador,Croissant,3,6000,Nequi,
5980,15/09/2026,20:42,Nübe Centro,Mostrador,Croissant de almendras,1,8000,Tarjeta,
4712,2026-09-05,14:36,Nübe Altico,Mostrador,Frappé de café,1 und,11000,Nequi,
4274,2026-09-02,08:29,Nübe Altico,Mostrador,Croissant,1,6000,Nequi,
2113,2026-08-18,12:14,Nübe Centro,Domicilio,Croissant,2,6000,Tarjeta,C272
4384,2026-09-03,10:13,Nübe Altico,Mostrador,Croissant de almendras,2,8000,Tarjeta,
114,2026-08-04,20:59,Nübe Centro,Domicilio,chocolate caliente,1,7500,Nequi,C116
4408,2026-09-03,08:46,Nübe Altico,Mostrador,Croissant,1,$6.000,Efectivo,
1399,2026-08-13,13:43,Nübe Altico,Mostrador,Frappé de café,1 und,,Nequi,
1518,2026-08-14,18:41,Nübe Centro,Domicilio,Latte,1 und,9000,Nequi,
7595,2026-09-27,19:30,Nübe Centro,Domicilio,Chocolate  caliente,1,$7.500,Tarjeta,
7628,2026-09-27,10:36,Nübe Altico,Mostrador,Tinto,2 und,$3.000,Nequi,
4650,2026-09-05,15:23,Nübe Centro,Mostrador,Croissant,1,6000,Nequi,
5539,2026-09-12,07:15,Nübe Centro,Domicilio,Capuchino,1,8500,Efectivo,C294
2010,2026-08-17,15:24,Nübe Altico,Mostrador,Frappé de café,2,11000,Tarjeta,
1412,13/08/2026,13:47,Nübe Altico,Mostrador,americano,1,5000,Efectivo,
5338,10/09/2026,11:08,Nübe Altico,Mostrador,Late,1,9000,Tarjeta,C145
2628,2026-08-22,08:37,Nübe Centro,Mostrador,Tinto,1,3000,Efectivo,
3965,2026-08-31,12:51,Nübe Centro,Mostrador,Tinto,1,3000,Nequi,C170
2006,2026-08-17,10:52,Nübe Centro,Mostrador,Croissant,1,6000,Efectivo,
885,2026-08-09,12:04,Nübe Centro,Mostrador,Croissant,1,6000,Efectivo,C016
7168,2026-09-24,08:49,Nübe Centro,Mostrador,Croissant,1,6000,Efectivo,
2613,2026-08-22,06:55,Nübe Centro,Mostrador,Croissant,3,6000,,
2239,2026-08-19,07:21,Nübe Centro,Mostrador,croissant de almendras,2,$8.000,Tarjeta,C233
2294,2026-08-19,13:54,Nübe Altico,Domicilio,Latte,1,$9.000,Efectivo,
6761,2026-09-20,15:41,Nübe Altico,Mostrador,Capuchino,1,8500,NEQUI,
5093,2026-09-08,08:40,Nübe Altico,Mostrador,Tinto,1,3000,Nequi,
5106,2026-09-08,10:29,Nübe Altico,Mostrador,TINTO,2,3000,Efectivo,
5596,12/09/2026,17:49,Nübe Centro,Domicilio,Frappé de café,1,11000,Nequi,
5548,2026-09-12,10:44,Nübe Centro,Mostrador,Capuchino,1,$8.500,Tarjeta,C116
872,2026-08-09,15:53,Nübe Centro,Domicilio,Latte,1 und,9000,NEQUI,
3815,2026-08-30,14:42,Nübe Centro,Mostrador,latte,1,9000,Tarjeta,
6477,2026-09-19,13:25,Nübe Centro,Mostrador,Capuchino,1 und,8500,Efectivo,
1918,2026-08-17,07:51,Nübe Centro,Mostrador,americano,1,5000,Nequi,
3839,2026-08-30,19:51,Nübe Centro,Mostrador,Croissant,3,$6.000,TARJETA,C216
1786,2026-08-16,15:42,Nübe Centro,Mostrador,Croisant,1,6000,Nequi,
1821,2026-08-16,16:20,Nübe Centro,Mostrador,Chocolate caliente,1,$7.500,Efectivo,C085
7003,2026-09-23,08:41,Nübe Centro,Mostrador,Latte,1,9000,Nequi,
1266,2026-08-12,11:38,Nübe Centro,Mostrador,Croissant de almendras,1,8000,EFECTIVO,
2022,2026-08-17,06:00,Nübe Altico,Mostrador,Croissant,1,6000,Efectivo,C208
2950,2026-08-23,07:32,Nübe Altico,Mostrador,Croissant,2,6000,TARJETA,
7468,2026-09-26,18:18,Nübe Altico,Mostrador,Capuchino,1,8500,Nequi,C203
2735,2026-08-22,19:32,Nübe Altico,Mostrador,Late,1,9000,Efectivo,C155
2171,18/08/2026,06:19,Nübe Altico,Mostrador, Capuchino ,1,8500,Efectivo,
4718,2026-09-05,14:46,Nübe Altico,Mostrador,Croissant,1 und,6000,Nequi,C185
7510,2026-09-26,08:39,Nübe Altico,Domicilio,Latte,1,9000,Tarjeta,
1514,2026-08-14,16:05,Nübe Centro,Mostrador,Croissant de almendras,2,8000,Nequi,
5866,2026-09-14,19:31,Nübe Centro,Mostrador,Croissant de almendras,1,8000,Tarjeta,C159
3643,2026-08-29,10:01,Nübe Centro,Mostrador,Croissant,2,6000,Nequi,
3553,2026-08-28,08:41,Nübe Altico,Mostrador,Chocolate caliente,1,7500,Efectivo,
7431,2026-09-26,08:39,centro,Domicilio,Americano,1,5000,Nequi,
3850,30/08/2026,12:14,Nübe Centro,Domicilio, Capuchino ,1,8500,Tarjeta,
4424,2026-09-03,08:32,Nübe Altico,Mostrador,Latte,1,9000,Tarjeta,
1014,2026-08-10,11:38,Nübe Centro,Mostrador,Croissant,2,6000,TARJETA,
7633,2026-09-27,16:32,Nübe Altico,Domicilio,Tinto,1,3000,Tarjeta,
4178,2026-09-02,18:54,Nübe Centro,Mostrador,Americano,1,5000,Efectivo,C093
7200,2026-09-24,16:16,Nübe Altico,Mostrador,Latte,1,$9.000,Tarjeta,
7405,2026-09-26,17:15,Nübe Centro,Mostrador,Chocolate caliente,1,7500,Efectivo,C236
5587,2026-09-12,18:08,Nübe Centro,Mostrador,Capuchino,1,8500,Nequi,
4814,2026-09-06,10:05,Nübe Centro,Mostrador,americano,1,5000,Tarjeta,
5236,2026-09-09,11:10,Nübe Altico,Mostrador,Chocolate caliente,1,7500,Nequi,
2150,18/08/2026,09:53,Nübe Centro,Mostrador,Americano,1,5000,Nequi,
633,07/08/2026,09:34,Nübe Altico,Mostrador,Croisant,2,6000,Nequi,
695,08/08/2026,08:09,Nübe Centro,Mostrador,Americano,1,5000,Tarjeta,
7270,2026-09-25,09:55,Nübe Centro,Mostrador,Capuchino,1,8500,TARJETA,C083
5776,2026-09-13,17:56,Nübe Altico,Mostrador,frappé de café,2,11000,Efectivo,
5814,2026-09-14,16:41,NUBE CENTRO,Mostrador,AMERICANO,1,5000,Nequi,
5410,2026-09-11,11:41,Nübe Centro,Mostrador,Frappé de café,2,$11.000,Efectivo,C170
7538,2026-09-27,09:02,Nübe Centro,Domicilio,Latte,1,9000,Efectivo,C195
5137,2026-09-09,12:06,Nübe Centro,Mostrador,Latte,1,9000,Nequi,
2677,2026-08-22,13:58,Nübe Centro,Domicilio,Croissant de almendras,2,8000,Tarjeta,C227
4157,2026-09-01,09:11,Nübe Altico,Domicilio,Latte,1,$9.000,Tarjeta,
1061,2026-08-10,12:35,Nübe Altico,Mostrador,Frappé de café,1,11000,Nequi,
1456,2026-08-14,12:49,Nübe Centro,Mostrador,Americano,1,5000,Nequi,
7336,25/09/2026,09:07,Nübe Altico,Mostrador, Capuchino ,1,$8.500,Efectivo,C005
7092,2026-09-23,14:29,altico,Domicilio,Croissant,1,6000,Tarjeta,
1019,2026-08-10,14:35,Nübe Centro,Domicilio,Capuchino,1,8500,Efectivo,
4340,2026-09-03,17:56,Nübe Centro,Mostrador,Frappé de café,1,11000,Nequi,C249
1912,2026-08-17,14:18,Nübe Centro,Mostrador,Croissant almendras,3,8000,Efectivo,C080
3212,2026-08-26,16:17,Nübe Centro,Mostrador,Croissant,1,6000,Nequi,
241,2026-08-05,10:04,Nübe Centro,Mostrador,Capuchino,1,8500,Tarjeta,
5741,2026-09-13,09:10,Nübe Centro,Mostrador,Tinto,1,3000,Efectivo,
6907,22/09/2026,08:24,Nübe Centro,Mostrador,Capuchino,3,8500,Efectivo,
550,2026-08-07,10:00,Nübe Centro,Domicilio,Americano,1,5000,Tarjeta,
141,2026-08-04,07:54,Nübe Centro,Domicilio,Capuchino,1,8500,Efectivo,C299
3918,30/08/2026,18:52,Nübe Altico,Mostrador,Chocolate  caliente,1,7500,Efectivo,C137
6178,17/09/2026,11:16,Nübe Centro,Mostrador,Croissant,1,6000,,C237
5254,2026-09-10,17:53,Nübe Centro,Mostrador,tinto,2,3000,Tarjeta,
5607,12/09/2026,07:09,Nübe Altico,Mostrador,Capuccino,1,8500,Efectivo,
3558,2026-08-28,18:36,Nübe Altico,Mostrador,Tinto,1,3000,Efectivo,
5688,2026-09-13,19:27,Nübe Centro,Mostrador,TINTO,1,3000,Tarjeta,
1237,2026-08-12,08:24,Nübe Centro,Mostrador,Tinto,1,3000,Tarjeta,
4573,2026-09-05,19:50,Nübe Centro,Mostrador,Croissant de almendras,1,8000,Efectivo,C078
3391,27/08/2026,17:34,centro,Mostrador,Latte,2,9000,Tarjeta,C172
3591,2026-08-28,11:58,Nübe Altico,Mostrador,Americano,3 und,5000,Nequi,C059
1253,2026-08-12,11:50,Nübe Centro,Domicilio,Tinto,1,3000,Nequi,C052
1275,2026-08-12,12:02,Nübe Altico,Mostrador,Capuchino,1,8500,Tarjeta,
3137,2026-08-25,10:09,Nübe Centro,Mostrador,CROISSANT ,1,6000,EFECTIVO,C002
943,2026-08-09,17:26,Nübe Centro,Domicilio,Croissant de almendras,1 und,$8.000,NEQUI,
6964,2026-09-22,09:27,Nübe Altico,Mostrador,Latte,2,9000,Nequi,
1713,2026-08-15,16:49,Nübe Altico,Mostrador,Capuchino,1,8500,EFECTIVO,
5288,2026-09-10,19:05,Nübe Centro,Domicilio,Croissant,2,6000,Efectivo,C213
3254,2026-08-26,13:42,Nübe Centro,Domicilio,Frappé de café,1,11000,Tarjeta,
1532,2026-08-14,10:10,Nübe Altico,Mostrador,Croissant de almendras,2,8000,Efectivo,
4467,2026-09-04,08:53,Nübe Centro,Mostrador,Capuchino,1,8500,Tarjeta,
4300,2026-09-02,13:01,Nübe Altico,Mostrador,Capuchino,1,8500,Tarjeta,
7269,2026-09-25,08:39,Nübe Centro,Mostrador,Capuchino,1,8500,Efectivo,C089
3072,2026-08-24,09:08,Nübe Altico,Mostrador,Americano,1,5000,Tarjeta,C184
7448,2026-09-26,07:27,Nübe Centro,Mostrador,TINTO,1,3000,Tarjeta,C146
607,2026-08-07,13:51,Nübe Altico,Domicilio,Croissant,1,6000,Tarjeta,
6911,2026-09-22,17:20,Nübe Centro,Mostrador,Tinto,2,3000,Nequi,
3870,2026-08-30,17:21,Nübe Altico,Domicilio,Capuchino,2,8500,EFECTIVO,C035
712,2026-08-08,14:49,Nübe Centro,Mostrador,Croissant almendras,1,8000,Tarjeta,
7596,2026-09-27,11:39,Nübe Centro,Mostrador,Latte,1,$9.000,TARJETA,C173
379,2026-08-06,09:09,NUBE CENTRO,Mostrador,chocolate caliente,3,7500,Tarjeta,C093
3386,27/08/2026,09:15,Nübe Centro,Mostrador,Croissant de almendras,1,8000,NEQUI,
27,2026-08-03,19:31,NUBE CENTRO,Mostrador,Tinto,1,3000,Efectivo,C297
5003,2026-09-08,14:18,Nübe Centro,Domicilio,Croissant,1,6000,Efectivo,
932,2026-08-09,10:41,Nübe Centro,Domicilio,Croissant,1,6000,Nequi,
4872,2026-09-06,16:45,Nübe Altico,Mostrador,Latte,1,9000,Tarjeta,
5637,2026-09-12,10:05,Nübe El Altico,Domicilio,Chocolate  caliente,3,7500,Nequi,C065
4348,2026-09-03,20:14,Nübe Centro,Mostrador,Tinto ,3 und,3000,Nequi,
1868,2026-08-16,17:54,Nübe Altico,Mostrador,Tinto,1,3000,Tarjeta,C225
3005,2026-08-24,14:59,Nübe Centro,Mostrador,Capuchino,1,8500,Efectivo,
2990,2026-08-24,15:36,Nübe Centro,Mostrador,Croissant,1,6000,Nequi,
104,2026-08-03,08:33,Nübe Altico,Mostrador,Croissant,1,$6.000,NEQUI,C015
4224,2026-09-02,10:15,Nübe Centro,Domicilio,Chocolate caliente,2,7500,TARJETA,
4551,2026-09-04,15:05,Nübe Altico,Domicilio,Croissant de almendras,1,8000,Efectivo,
3140,2026-08-25,06:15,Nübe Centro,Mostrador,Americano,1,5000,Efectivo,
5481,2026-09-11,18:12,Nübe El Altico,Mostrador,Croissant,2,6000,Tarjeta,
1420,2026-08-13,08:16,Nübe Altico,Mostrador,Latte,2,9000,Tarjeta,C125
458,2026-08-06,09:31,Nübe Altico,Mostrador,Croissant de almendras,1,8000,Tarjeta,
3662,29/08/2026,11:26,centro,Domicilio,Croissant de almendras,1,8000,Nequi,
3847,2026-08-30,08:27,Nübe Centro,Domicilio,Croissant de almendras,1,8000,NEQUI,
7497,26/09/2026,15:39,Nübe Altico,Mostrador,Tinto,1,3000,Efectivo,C161
2827,2026-08-23,08:09,Nübe Centro,Mostrador,Croissant,2,6000,Tarjeta,
2756,2026-08-22,09:02,Nübe Altico,Mostrador,Americano,1,5000,Nequi,C232
508,07/08/2026,09:44,Nübe Centro,Mostrador,Croissant,1,$6.000,Efectivo,
3553,2026-08-28,08:41,Nübe Altico,Mostrador,Latte,1,9000,Efectivo,
1200,2026-08-12,20:18,Nübe Centro,Mostrador,americano,1,5000,Tarjeta,C165
4837,2026-09-06,10:13,Nübe Centro,Mostrador,Americano,1,$5.000,Nequi,C230
4470,2026-09-04,13:00,Nübe Centro,Mostrador,Capuchino,1,8500,Efectivo,
5962,2026-09-15,09:45,Nübe Centro,Mostrador,Croissant de almendras,1,8000,Nequi,
6895,2026-09-22,08:30,Nübe Centro,Mostrador,Croissant,1,6000,Nequi,C071
7339,2026-09-25,19:58,Nübe Altico,Mostrador,Latte,2,9000,Efectivo,
2527,2026-08-21,16:15,NUBE CENTRO,Domicilio,Capuchino,1,8500,Nequi,
4985,2026-09-07,06:46,altico,Mostrador,Tinto,1,3000,Tarjeta,
3544,2026-08-28,15:46,Nübe Altico,Domicilio,Croissant,1,6000,Tarjeta,
4463,2026-09-04,10:37,Nübe Centro,Mostrador,Tinto,1,3000,Tarjeta,C217
7064,23/09/2026,09:38,Nübe Altico,Mostrador,Capuchino,1,8500,Tarjeta,C215
4790,2026-09-06,16:20,Nübe Centro,Mostrador,Croissant de almendras,1,8000,Tarjeta,C286
2770,2026-08-22,07:28,Nübe Altico,Domicilio,Capuchino,1,8500,Efectivo,C017
3474,2026-08-28,06:17,Nübe Centro,Mostrador,Croisant,1,6000,Tarjeta,C257
6285,2026-09-17,13:19,Nübe Altico,Mostrador,Tinto,3,3000,Efectivo,
6509,2026-09-19,19:01,Nübe Centro,Mostrador,Tinto,2,3000,TARJETA,
4595,2026-09-05,08:50,Nübe Centro,Domicilio,Capuchino,2,8500,Tarjeta,C258
4184,2026-09-02,08:47,Nübe Centro,Mostrador,Chocolate caliente,1,7500,Nequi,C277
1418,2026-08-13,20:46,Nübe Altico,Domicilio,Americano,0,5000,Tarjeta,
3897,2026-08-30,15:48,Nübe Altico,Mostrador,Croissant,1,$6.000,Nequi,
3439,2026-08-27,16:08,Nübe Altico,Mostrador,Latte,1,9000,Efectivo,C206
1616,2026-08-15,15:11,Nübe Centro,Mostrador,Latte,1,9000,Efectivo,
5188,2026-09-09,09:58,Nübe Centro,Mostrador,Americano,1,$5.000,Nequi,C268
7220,2026-09-24,10:25,NUBE ALTICO,Mostrador,Croissant,1,6000,Nequi,C290
3277,2026-08-26,13:55,Nübe Altico,Mostrador,Tinto,1,3000,Tarjeta,C254
4451,2026-09-04,10:13,Nübe Centro,Mostrador,Capuchino,1,8500,Nequi,C061
1210,2026-08-12,11:39,Nübe Centro,Mostrador,Capuchino,1,8500,Efectivo,
1943,17/08/2026,08:13,centro,Mostrador,Tinto,1,3000,Tarjeta,
2316,2026-08-19,09:05,altico,Mostrador,Americano,1,5000,Tarjeta,
5073,2026-09-08,17:23,Nübe Centro,Mostrador,Croissant almendras,1,8000,Efectivo,
6465,19/09/2026,08:46,Nübe Centro,Mostrador,Croissant de almendras,1,8000,Tarjeta,
6783,21/09/2026,08:35,Nübe Centro,Mostrador,Croissant de almendras,1,8000,Tarjeta,
5490,2026-09-11,12:26,Nübe Altico,Mostrador,Croissant,1,6000,Efectivo,
590,2026-08-07,10:23,Nübe Altico,Mostrador,Tinto,1,$3.000,Efectivo,
3434,27/08/2026,07:16,Nübe Altico,Mostrador,Frappé de café,1,11000,Efectivo,C215
3682,2026-08-29,08:26,Nübe Centro,Mostrador,Croissant,2,6000,Nequi,C186
4831,2026-09-06,15:50,Nübe Centro,Mostrador,Capuchino,1,8500,Nequi,C150
6336,2026-09-18,20:24,Nübe Centro,Domicilio,Capuchino,1,8500,Efectivo,C254
3688,2026-08-29,13:02,NUBE CENTRO,Mostrador,Frappe de cafe,1,11000,NEQUI,C234
5691,13/09/2026,15:13,Nübe Centro,Mostrador,Croissant de almendras,1,8000,Nequi,C112
7390,2026-09-26,17:58,Nübe Centro,Domicilio,Chocolate caliente,2,7500,TARJETA,
4866,2026-09-06,15:56,Nübe Altico,Mostrador,Capuchino,1,8500,Efectivo,
973,2026-08-09,10:05,Nübe Altico,Mostrador,Tinto ,1,3000,NEQUI,C093
2167,2026-08-18,12:59,Nübe Altico,Mostrador,Tinto,1,3000,Efectivo,C040
58,2026-08-03,10:49,Nübe Centro,Mostrador,CROISSANT ,2,6000,Efectivo,
2226,2026-08-19,09:28,Nübe Centro,Mostrador,croissant,1,6000,Nequi,C220
352,2026-08-06,11:40,Nübe Centro,Mostrador,Chocolate  caliente,2,7500,Tarjeta,C066
3737,2026-08-29,09:31,Nübe Altico,Mostrador,Capuchino,2,8500,Tarjeta,
187,2026-08-04,10:24,Nübe Altico,Mostrador,americano,1,5000,Tarjeta,
2516,2026-08-21,08:50,Nübe Centro,Mostrador,Croissant,1,6000,Nequi,C014
6181,2026-09-17,06:46,Nübe Centro,Mostrador,croissant de almendras,1,8000,Nequi,
5915,2026-09-14,11:04,Nübe Altico,Domicilio,Americano,2,,Nequi,C116
4626,2026-09-05,15:09,Nübe Centro,Mostrador,Americano,1,5000,Nequi,C047
7352,2026-09-25,08:21,Nübe Altico,Mostrador,Croissant,1,6000,Efectivo,
7096,2026-09-23,07:43,Nübe Altico,Mostrador,Chocolate caliente,1,7500,Nequi,C158
6060,2026-09-16,10:40,Nübe Centro,Mostrador,Croissant,1,6000,Efectivo,C157
6201,17/09/2026,08:08,Nübe Centro,Mostrador,Americano,1,5000,Nequi,
2673,2026-08-22,13:01,Nübe Centro,Mostrador,Croissant de almendras,1 und,8000,Nequi,C132
3337,27/08/2026,06:00,NUBE CENTRO,Mostrador,Croissant,1,6000,Efectivo,C054
7441,2026-09-26,07:06,NUBE CENTRO,Domicilio,Latte,1,$9.000,Efectivo,
6333,2026-09-18,10:26,Nübe Centro,Mostrador,Croissant,2,6000,Tarjeta,C161
2131,2026-08-18,18:47,Nübe Centro,Mostrador,Chocolate caliente,1,7500,Tarjeta,C255
3358,2026-08-27,08:41,Nübe Centro,Mostrador,Capuchino,1,$8.500,Tarjeta,
749,2026-08-08,20:13,Nübe Centro,Domicilio,Americano,1,$5.000,Nequi,C059
1437,2026-08-13,11:41,Nübe Altico,Mostrador,Croissant,2,6000,Nequi,C294
7240,2026-09-25,14:04,Nübe Centro,Mostrador,Capuccino,1,8500,Efectivo,
3638,2026-08-29,15:07,Nübe Centro,Mostrador,Tinto,1,3000,Tarjeta,
3515,2026-08-28,18:21,Nübe Centro,Mostrador,Latte,1,9000,Tarjeta,C237
4507,2026-09-04,09:41,Nübe Altico,Domicilio,chocolate caliente,1,7500,Nequi,
1407,13/08/2026,08:42,altico,Mostrador,Chocolate caliente,1,7500,Tarjeta,
1335,2026-08-13,16:13,Nübe Centro,Mostrador,Latte,1,9000,Tarjeta,
4282,2026-09-02,09:06,Nübe Altico,Mostrador,Americano,1,$5.000,Efectivo,
6831,2026-09-21,07:35,Nübe Centro,Mostrador,Capuchino,1 und,8500,Tarjeta,
5098,2026-09-08,09:11,NUBE ALTICO,Mostrador,Tinto,2 und,3000,Efectivo,
3232,26/08/2026,09:24,Nübe Centro,Mostrador,Croissant de almendras,1,8000,Tarjeta,C098
5237,2026-09-09,15:42,Nübe Altico,Mostrador,Americano,1,5000,Efectivo,
5985,15/09/2026,20:03,Nübe Centro,Mostrador,Capuchino,2,8500,Nequi,
4847,06/09/2026,15:27,Nübe Altico,Mostrador,Tinto,1,$3.000,Tarjeta,
4810,2026-09-06,15:18,Nübe Centro,Mostrador,Croissant de almendras,1,$8.000,,C298
3887,2026-08-30,10:22,Nübe Altico,Domicilio,frappé de café,1,$11.000,Efectivo,
6395,2026-09-18,09:24,Nübe Altico,Domicilio,Americano,1,5000,Tarjeta,
1130,2026-08-11,11:54,Nübe Centro,Mostrador,Croissant,1,6000,Tarjeta,C232
5717,2026-09-13,08:24,Nube Centro ,Mostrador,Tinto,1,3000,Tarjeta,
4910,2026-09-07,11:51,Nübe Centro,Mostrador,Croissant,2,6000,Tarjeta,C071
4429,2026-09-03,07:00,NUBE ALTICO,Mostrador,Capuchino,1 und,8500,Tarjeta,C100
5128,2026-09-08,09:51,altico,Domicilio,Frappé de café,0,11000,Tarjeta,
2979,2026-08-24,16:59,Nübe Centro,Mostrador,Tinto,3,3000,NEQUI,C167
833,2026-08-08,10:00,Nübe Altico,Mostrador,Tinto,2,$3.000,Nequi,
847,2026-08-08,08:29,Nübe Altico,Domicilio,Latte,1,9000,,C049
1281,2026-08-12,07:19,Nübe Altico,Mostrador,tinto,1,3000,Efectivo,
1,2026-08-03,09:58,Nübe Centro,Mostrador,Tinto,1,3000,Nequi,
6597,2026-09-19,17:58,Nübe Altico,Mostrador,Frappe de cafe,1,11000,Nequi,C152
101,03/08/2026,08:03,Nübe Altico,Mostrador,Latte,1,9000,Tarjeta,C101
1019,2026-08-10,14:35,Nübe Centro,Domicilio,tinto,1,$3.000,Efectivo,
7114,2026-09-24,11:45,NUBE CENTRO,Mostrador,Capuchino,1,8500,Efectivo,
3301,2026-08-26,15:01,Nübe Altico,Mostrador,AMERICANO,1,5000,Tarjeta,
6971,2026-09-22,07:30,Nübe Altico,Mostrador,Tinto,1,3000,,
7273,2026-09-25,07:07,Nübe Centro,Mostrador,Americano,2,5000,TARJETA,
2065,2026-08-17,18:50,Nübe Altico,Mostrador,Croissant,1,6000,Efectivo,
3736,29/08/2026,18:40,altico,Mostrador,Croissant,1,6000,Nequi,
25,2026-08-03,15:10,Nübe Centro,Domicilio,Tinto,1,$3.000,Nequi,C025
2821,2026-08-23,18:32,Nübe Centro,Mostrador,Latte,2,9000,Efectivo,C066
2463,2026-08-21,16:39,Nübe Centro,Mostrador,Tinto,1,3000,Nequi,C255
5677,2026-09-13,20:16,Nübe Centro,Mostrador,Croissant,1,6000,Tarjeta,
6798,2026-09-21,17:29,Nübe Centro,Mostrador,frappé de café,1,11000,Nequi,C274
6396,2026-09-18,08:33,Nübe Altico,Mostrador,Latte,1,9000,Efectivo,
2071,2026-08-17,07:35,Nübe Altico,Mostrador,chocolate caliente,1 und,,NEQUI,
4329,2026-09-03,16:27,Nübe Centro,Mostrador,Croissant,1,6000,Nequi,
4293,2026-09-02,11:03,Nübe Altico,Mostrador,Croissant,2,6000,Tarjeta,C038
5012,2026-09-08,07:53,Nübe Centro,Mostrador,Croissant,1,6000,Tarjeta,
3172,25/08/2026,08:54,Nübe Altico,Mostrador,Americano,1,5000,Efectivo,C047
1561,2026-08-14,15:41,Nübe Altico,Domicilio,Chocolate caliente,1,7500,Nequi,
2891,2026-08-23,13:22,Nübe Centro,Mostrador,Tinto ,1,3000,Tarjeta,
381,2026-08-06,09:57,Nübe Centro,Mostrador,Capuchino,1,8500,Tarjeta,
1469,2026-08-14,09:56,centro,Mostrador,Croissant de almendras,1,,Nequi,C260
3255,2026-08-26,13:08,Nübe Centro,Mostrador,Latte,2,9000,Nequi,
2404,2026-08-20,08:13,Nübe Centro,Mostrador,Capuchino,1,8500,Nequi,
2621,2026-08-22,08:59,Nübe Centro,Mostrador,Capuchino,1,8500,NEQUI,C159
2278,2026-08-19,07:45,Nübe Centro,Mostrador,Latte,1,9000,Nequi,C257
946,09/08/2026,13:21,Nübe Altico,Mostrador,Latte,1,9000,Tarjeta,C043
6520,2026-09-19,17:27,Nübe Centro,Mostrador,Tinto,1,3000,Nequi,
6894,2026-09-22,09:57,Nübe Centro,Mostrador,Americano,1,5000,Tarjeta,
6457,2026-09-19,10:09,centro,Mostrador,Croissant de almendras,2,8000,Nequi,C046
868,2026-08-09,10:49,Nübe Centro,Mostrador,americano,2,$5.000,Nequi,
4075,2026-09-01,15:06,Nübe Centro,Mostrador,Croissant,2,6000,Nequi,C160
6712,2026-09-20,13:31,Nübe Altico,Mostrador,Americano,1,5000,Tarjeta,C049
286,2026-08-05,08:02,Nübe Altico,Mostrador,Americano,1,5000,NEQUI,C254
5383,2026-09-10,16:06,Nübe Altico,Mostrador,Chocolate caliente,2,7500,Nequi,C115
7100,2026-09-23,15:43,Nübe El Altico,Mostrador,Croissant,2,6000,Efectivo,C238
5355,2026-09-10,17:03,Nübe Altico,Mostrador,Croissant,1,6000,Tarjeta,
4055,2026-09-01,17:39,Nübe Centro,Mostrador,Croissant de almendras,3,8000,Tarjeta,C069
2620,2026-08-22,07:02,Nübe Centro,Mostrador,Croissant de almendras,1,8000,Efectivo,
5626,2026-09-12,11:06,Nübe Altico,Mostrador,Croissant de almendras,1 und,$8.000,Nequi,C300
1162,2026-08-11,13:32,Nübe Altico,Mostrador,Capuchino,1,8500,Efectivo,
702,2026-08-08,10:23,Nübe Centro,Mostrador,Capuchino,1,8500,Tarjeta,C207
4223,2026-09-02,12:53,Nübe Centro,Mostrador,Croissant de almendras,1,8000,Efectivo,
5018,2026-09-08,16:53,Nübe Centro,Mostrador,Chocolate caliente,1,7500,Nequi,
5671,2026-09-13,11:49,Nübe Centro,Mostrador,Croissant de almendras,1,8000,Nequi,
7418,2026-09-26,09:54,Nübe Centro,Domicilio,Latte,1,9000,Efectivo,C203
3481,2026-08-28,10:48,Nübe Centro,Mostrador,Capuchino,,8500,Tarjeta,
594,2026-08-07,12:53,Nübe Altico,Mostrador,Croissant,1,6000,NEQUI,C235
1751,2026-08-15,10:17,Nübe Altico,Mostrador,Capuchino,1,$8.500,Nequi,C031
2127,2026-08-18,18:06,Nübe Centro,Domicilio,croissant de almendras,1,8000,EFECTIVO,
1781,16/08/2026,09:18,Nübe Centro,Mostrador,Latte,1,9000,Tarjeta,C102
38,2026-08-03,09:10,Nübe Centro,Mostrador,Americano,1,5000,Efectivo,
4527,2026-09-04,08:04,Nübe Altico,Mostrador,Americano,1,5000,Efectivo,
3980,2026-08-31,17:12,Nübe Centro,Mostrador,Tinto ,1,3000,Nequi,
5681,2026-09-13,13:21,Nübe Centro,Mostrador,Chocolate caliente,1,7500,Nequi,C214
3396,2026-08-27,09:50,Nübe Altico,Mostrador,Croissant,2,6000,Tarjeta,C149
4854,2026-09-06,06:53,Nübe El Altico,Domicilio,Croissant de almendras,1,8000,Efectivo,C004
7420,2026-09-26,06:02,Nübe Centro,Mostrador,Capuchino,1,8500,Tarjeta,
5694,2026-09-13,08:24,Nübe Centro,Mostrador,Capuchino,3,8500,Nequi,
2504,2026-08-21,07:17,Nübe Centro,Mostrador,Capuchino,1,$8.500,Nequi,
2038,17/08/2026,10:39,Nübe Altico,Mostrador,Tinto,1,$3.000,Efectivo,
5873,14/09/2026,08:07,Nübe Centro,Mostrador,Latte,1,$9.000,Efectivo,
2618,2026-08-22,12:21,centro,Mostrador,Frappé de café,1,11000,Efectivo,C015
2207,2026-08-19,08:21,Nübe Centro,Mostrador,Croissant de almendras,1,8000,Efectivo,C164
4597,05/09/2026,09:16,Nübe Centro,Domicilio,CROISSANT ,1,6000,Nequi,C187
501,2026-08-07,07:16,Nübe Centro,Domicilio,Latte,1,9000,Nequi,C030
5072,2026-09-08,09:22,Nube Centro ,Mostrador,Chocolate  caliente,1,7500,Efectivo,C247
2903,23/08/2026,14:42,Nübe Altico,Domicilio,Capuchino,1 und,$8.500,Nequi,
6894,2026-09-22,09:57,Nübe Centro,Mostrador,Capuchino,1,8500,Tarjeta,
1685,2026-08-15,08:57,Nübe Centro,Mostrador,Croissant,1,6000,Nequi,
5531,2026-09-12,16:24,NUBE CENTRO,Mostrador,Chocolate caliente,2,7500,Nequi,C078
2040,2026-08-17,07:48,Nübe Altico,Mostrador,Tinto,1,$3.000,Efectivo,C132
1105,2026-08-11,13:44,Nübe Centro,Mostrador,Capuchino,1,8500,Efectivo,C005
6635,2026-09-20,12:59,Nübe Centro,Mostrador,Croisant,1,6000,Nequi,
918,2026-08-09,17:31,Nübe Centro,Mostrador,Croissant de almendras,1,8000,Nequi,C247
7491,26/09/2026,07:34,Nübe Altico,Domicilio,Tinto,2,3000,Efectivo,C216
1461,2026-08-14,10:50,centro,Mostrador,Capuchino,2,8500,Nequi,
1097,2026-08-11,15:17,Nübe Centro,Mostrador,Croissant de almendras,1,8000,Nequi,
3245,2026-08-26,07:27,Nübe Centro,Mostrador,Americano,1,5000,Nequi,
6241,2026-09-17,16:53,Nübe Centro,Mostrador,Tinto,1,3000,Efectivo,
3098,25/08/2026,17:45,Nübe Centro,Domicilio,Croissant,1,6000,NEQUI,C009
5595,2026-09-12,16:47,Nübe Centro,Mostrador,latte,2,9000,Tarjeta,C227
3507,2026-08-28,08:51,Nübe Centro,Mostrador,Frappé de café,1,11000,Tarjeta,
618,2026-08-07,15:12,Nübe Altico,Domicilio,Tinto,2,3000,Tarjeta,
7221,2026-09-24,15:59,Nübe Altico,Domicilio,Croissant,1,6000,Nequi,C197
5511,2026-09-11,16:15,Nübe Altico,Mostrador,Croissant,1,6000,Tarjeta,
2213,2026-08-19,09:35,Nübe Centro,Mostrador,Croissant de almendras,2,8000,Efectivo,
1630,2026-08-15,08:19,Nübe Centro,Mostrador,Latte,1,9000,Nequi,
5541,2026-09-12,09:30,Nube Centro ,Domicilio,Capuchino,1,8500,Nequi,
4682,2026-09-05,17:13,Nübe Altico,Mostrador,Capuchino,1,8500,Nequi,
6455,2026-09-19,19:38,Nube Centro ,Mostrador,Capuchino,1,8500,Tarjeta,C262
3114,25/08/2026,11:48,Nübe Centro,Mostrador,Tinto,1,3000,Efectivo,C001
5463,11/09/2026,09:01,Nübe Centro,Mostrador,Croissant,1,6000,Nequi,
1385,2026-08-13,16:32,Nübe Centro,Mostrador,Frappe de cafe,1,11000,Tarjeta,C134
5028,2026-09-08,19:25,NUBE CENTRO,Mostrador,Capuchino,2,8500,Tarjeta,
4829,2026-09-06,09:17,Nübe Centro,Mostrador,Tinto,2,3000,EFECTIVO,C073
1573,2026-08-14,13:48,Nübe Altico,Mostrador,Capuchino,1 und,8500,Nequi,C190
203,2026-08-04,12:31,Nübe Altico,Mostrador,Croissant,1,6000,Nequi,
3046,2026-08-24,09:13,Nübe Centro,Mostrador,Tinto,1,3000,EFECTIVO,
1996,2026-08-17,20:54,centro,Mostrador,Croissant,1,6000,Nequi,C109
7438,2026-09-26,17:13,Nübe Centro,Mostrador,Tinto,1,3000,Nequi,C205
5200,2026-09-09,14:00,Nübe Altico,Mostrador,Tinto,1,3000,Nequi,
4623,2026-09-05,15:21,Nübe Centro,Mostrador,frappé de café,3,11000,Efectivo,
6,03/08/2026,17:07,Nübe Centro,Mostrador,Croissant de almendras,1,8000,Efectivo,C069
286,2026-08-05,08:02,Nübe Altico,Mostrador,Croissant,1,$6.000,NEQUI,C254
3328,2026-08-27,15:51,Nübe Centro,Mostrador,Croissant de almendras,1,$8.000,Tarjeta,C138
5820,2026-09-14,15:39,Nübe Centro,Mostrador,Croissant,1,6000,Efectivo,C291
3424,2026-08-27,17:03,Nübe Altico,Mostrador,Tinto,3,3000,Tarjeta,
1809,2026-08-16,17:35,Nübe Centro,Mostrador,Tinto,1,3000,Tarjeta,C066
58,2026-08-03,10:49,Nübe Centro,Mostrador,CROISSANT ,2,6000,Efectivo,
5761,2026-09-13,15:33,Nübe El Altico,Mostrador, Capuchino ,1,8500,Tarjeta,
4699,2026-09-05,07:23,Nübe Altico,Mostrador,americano,2,5000,EFECTIVO,
6670,2026-09-20,11:30,Nübe Centro,Domicilio,Croissant de almendras,1,8000,Efectivo,C220
5760,2026-09-13,13:23,Nübe Altico,Mostrador,Capuchino,1,8500,,C208
5257,2026-09-10,06:59,Nübe Centro,Mostrador,americano,1,5000,Efectivo,
1732,2026-08-15,11:34,Nübe Altico,Domicilio,Americano,1,5000,Efectivo,
867,2026-08-09,07:51,Nübe Centro,Mostrador,Croissant de almendras,3,8000,Nequi,
3706,29/08/2026,12:24,Nübe Centro,Mostrador,Croissant,1,6000,TARJETA,C085
4652,2026-09-05,19:03,Nübe Centro,Mostrador,Croissant,1,6000,Efectivo,C228
483,2026-08-07,09:07,NUBE CENTRO,Domicilio,Capuchino,1,8500,Nequi,
6453,2026-09-19,08:43,Nübe Centro,Domicilio,Latte,1,$9.000,Efectivo,
3714,2026-08-29,06:52,Nübe Altico,Mostrador,Croissant,1,6000,Nequi,
1768,2026-08-16,16:04,Nübe Centro,Mostrador,Capuchino,1,8500,Nequi,
5625,2026-09-12,12:00,Nübe Altico,Mostrador,Tinto,2,3000,Efectivo,
3962,2026-08-31,19:23,Nube Centro ,Mostrador,Americano,1,$5.000,Nequi,
2283,2026-08-19,18:37,Nübe Centro,Domicilio,Latte,2,9000,Tarjeta,C166
4936,2026-09-07,13:09,Nübe Centro,Mostrador,chocolate caliente,1,7500,Efectivo,
6109,2026-09-16,12:02,Nübe Centro,Mostrador,Croissant,2 und,$6.000,Nequi,C186
1610,2026-08-15,10:38,Nübe Centro,Mostrador,Tinto,1 und,3000,Efectivo,C184
5943,2026-09-14,10:29,Nübe Altico,Mostrador,CROISSANT ,1,6000,Efectivo,
396,2026-08-06,07:51,Nübe Centro,Mostrador,Croissant,2,6000,Nequi,
3932,2026-08-31,15:18,Nübe Centro,Mostrador,Latte,1,9000,Tarjeta,
6365,2026-09-18,13:07,Nübe Centro,Mostrador,Tinto ,1,3000,Nequi,
4015,31/08/2026,11:29,altico,Domicilio,croissant,2,6000,Tarjeta,
7546,2026-09-27,07:09,NUBE CENTRO,Mostrador,Capuchino,3,8500,NEQUI,
282,2026-08-05,08:05,Nübe Altico,Mostrador,Frappé de café,1,11000,Tarjeta,
1978,2026-08-17,13:12,Nübe Centro,Domicilio,Capuccino,1,8500,Efectivo,
2749,2026-08-22,13:34,Nübe Altico,Mostrador,Americano,3,5000,Tarjeta,C065
6490,2026-09-19,20:34,Nübe Centro,Domicilio,frappé de café,1,11000,TARJETA,
1967,2026-08-17,07:51,Nübe Centro,Domicilio,croissant,1,$6.000,Efectivo,
3211,2026-08-26,11:09,Nübe Centro,Mostrador,Frappé de café,1,11000,Efectivo,C216
6235,17/09/2026,08:24,Nübe Centro,Mostrador,Tinto,1,3000,Tarjeta,
5543,12/09/2026,08:25,Nübe Centro,Mostrador,Croissant,1,6000,Tarjeta,C154
4826,2026-09-06,10:34,centro,Domicilio,Croissant de almendras,3,8000,Efectivo,
626,2026-08-07,17:20,Nübe Altico,Mostrador,Croissant,1,6000,Efectivo,C010
3231,2026-08-26,13:49,Nube Centro ,Mostrador,Tinto,1,3000,Efectivo,
6890,21/09/2026,13:42,Nübe El Altico,Mostrador,Latte,1,9000,Nequi,C282
914,2026-08-09,17:28,centro,Mostrador,Frappé de café,1,11000,EFECTIVO,
6292,2026-09-18,07:53,Nübe Centro,Domicilio,Capuchino,1,8500,Tarjeta,
1682,2026-08-15,17:54,Nübe Centro,Mostrador,Croissant almendras,1,8000,Efectivo,
5659,2026-09-13,09:27,Nübe Centro,Mostrador,Latte,2,9000,Tarjeta,C228
7433,2026-09-26,07:02,Nube Centro ,Domicilio,Capuchino,1,8500,Nequi,
6785,21/09/2026,09:34,Nübe Centro,Mostrador,Capuchino,1,8500,Tarjeta,
2605,2026-08-22,08:49,Nübe Centro,Mostrador,Tinto,1,3000,Tarjeta,C163
3800,30/08/2026,10:42,Nübe Centro,Mostrador,Croissant almendras,1,8000,Efectivo,
3312,2026-08-26,11:12,NUBE ALTICO,Mostrador,Croissant de almendras,1,8000,EFECTIVO,
5252,2026-09-10,10:44,Nübe Centro,Domicilio,Latte,1,$9.000,Tarjeta,
7039,2026-09-23,08:42,centro,Mostrador,Tinto,1,$3.000,Efectivo,
2830,23/08/2026,08:45,NUBE CENTRO,Mostrador,Tinto,3,3000,Nequi,C170
5508,2026-09-11,11:26,altico,Domicilio,Croissant,2,6000,Tarjeta,
619,2026-08-07,08:17,Nübe Altico,Domicilio,Americano,1 und,5000,TARJETA,C212
1591,2026-08-15,09:38,Nübe Centro,Mostrador,Capuchino,1,8500,Tarjeta,C293
1763,2026-08-15,08:37,Nübe Altico,Mostrador,Frappé de café,1,$11.000,Nequi,
1178,2026-08-11,18:36,Nübe Altico,Mostrador,Croissant,3,6000,Efectivo,
7416,2026-09-26,14:02,Nübe Centro,Domicilio,Latte,1,9000,Nequi,
4475,2026-09-04,20:04,Nübe Centro,Mostrador,Chocolate caliente,1,,Nequi,
1249,12/08/2026,19:14,Nübe Centro,Mostrador,Latte,1,9000,Tarjeta,C286
60,03/08/2026,12:34,Nübe Centro,Mostrador,Frappe de cafe,1,$11.000,Nequi,C140
6726,2026-09-20,08:41,Nübe Altico,Domicilio,Capuchino,1,8500,Nequi,C277
7236,25/09/2026,11:50,Nübe Centro,Domicilio, Capuchino ,2,8500,Nequi,
2390,2026-08-20,08:05,Nübe Centro,Mostrador,Croissant,2,6000,Efectivo,
3173,2026-08-25,17:24,Nübe Altico,Mostrador,Croissant almendras,1,8000,Tarjeta,
1871,2026-08-16,16:16,Nübe Altico,Domicilio,Tinto,2,3000,Tarjeta,
2913,2026-08-23,07:54,Nübe Altico,Mostrador,Tinto,1,3000,Tarjeta,
184,2026-08-04,10:44,Nübe Altico,Domicilio, Capuchino ,2,8500,Efectivo,C156
5775,2026-09-13,15:29,Nübe Altico,Domicilio,Croisant,1,6000,Nequi,
5730,2026-09-13,11:36,Nübe Centro,Mostrador,Croissant,1,6000,Tarjeta,C026
2725,2026-08-22,07:58,Nübe Altico,Mostrador,AMERICANO,1,5000,Tarjeta,C295
7320,2026-09-25,20:16,Nübe Altico,Mostrador,Croissant de almendras,1,8000,Efectivo,
6757,2026-09-20,09:38,Nübe Altico,Mostrador,Americano,0,5000,Tarjeta,C230
263,2026-08-05,07:15,Nübe Centro,Mostrador,Latte,1,9000,Tarjeta,C036
3422,2026-08-27,08:09,Nübe Altico,Mostrador,Latte,1 und,9000,Efectivo,
4016,2026-08-31,09:49,Nübe El Altico,Mostrador,Capuchino,1,8500,Nequi,
989,2026-08-09,20:41,Nübe Altico,Mostrador,Croissant,1,6000,Efectivo,
230,2026-08-05,13:00,Nübe Centro,Mostrador,Croissant,1,6000,Efectivo,
2972,2026-08-24,12:26,Nübe Centro,Mostrador,Americano,1,5000,Nequi,
2277,2026-08-19,13:34,Nübe Centro,Mostrador,croissant,1,6000,Efectivo,C108
7103,23/09/2026,10:44,Nübe Altico,Domicilio,Croissant,1,6000,Nequi,
1784,2026-08-16,07:45,Nübe Centro,Domicilio,Capuchino,2 und,$8.500,Nequi,
1246,2026-08-12,16:08,Nübe Centro,Mostrador,Latte,1,9000,Efectivo,
125,2026-08-04,11:52,Nübe Centro,Mostrador,Latte,3,9000,EFECTIVO,
3715,2026-08-29,12:07,Nübe Altico,Mostrador,Tinto ,2,3000,Nequi,
6703,2026-09-20,15:20,Nübe Centro,Mostrador,Americano,1,5000,Tarjeta,
1896,2026-08-16,10:12,Nübe Altico,Domicilio,Capuchino,1,8500,Tarjeta,C142
3891,2026-08-30,08:15,Nübe Altico,Mostrador,Americano,1,5000,Nequi,C085
6582,2026-09-19,07:05,Nübe El Altico,Mostrador,Chocolate caliente,1,7500,Tarjeta,
2086,2026-08-18,17:26,Nübe Centro,Mostrador,Late,1,9000,Nequi,C137
728,2026-08-08,15:03,Nübe Centro,Mostrador,Latte,1,9000,Efectivo,C031
3382,2026-08-27,17:05,Nübe Centro,Mostrador,Tinto,1,$3.000,Efectivo,
1683,2026-08-15,08:30,Nübe Centro,Mostrador,Capuchino,2,$8.500,Efectivo,
1117,2026-08-11,09:25,Nübe Centro,Domicilio,Croissant,1,6000,Efectivo,
2873,2026-08-23,18:01,Nübe Centro,Mostrador,Chocolate caliente,1,$7.500,Efectivo,C043
2878,2026-08-23,14:13,Nübe Centro,Mostrador,Croissant de almendras,1,8000,,
3241,2026-08-26,07:55,Nübe Centro,Domicilio,Americano,1,5000,Tarjeta,C275
7607,27/09/2026,17:52,Nübe Centro,Mostrador,Americano,1,5000,Nequi,C154
2719,2026-08-22,09:18,Nübe Altico,Mostrador,Croissant de almendras,2,8000,Nequi,C251
6049,2026-09-16,16:30,Nübe Centro,Mostrador,Chocolate caliente,1,$7.500,Tarjeta,C205
3791,2026-08-30,16:50,Nübe Centro,Mostrador,Americano,1,$5.000,Nequi,C201
585,2026-08-07,16:38,Nübe Altico,Domicilio,Tinto,2,3000,Efectivo,
384,2026-08-06,11:10,Nübe Centro,Mostrador,Tinto,1,$3.000,Tarjeta,C237
3324,2026-08-27,07:00,Nübe Centro,Mostrador,Americano,1,5000,Nequi,
6648,2026-09-20,19:04,Nübe Centro,Domicilio,Frappé de café,1 und,11000,Efectivo,
2902,2026-08-23,08:35,Nübe Altico,Mostrador,Tinto,1 und,3000,Efectivo,
7628,2026-09-27,10:36,Nübe Altico,Mostrador,Americano,1,5000,Nequi,
2610,2026-08-22,08:14,Nübe Centro,Domicilio,Croissant de almendras,1,8000,Tarjeta,
2923,2026-08-23,18:45,Nübe Altico,Mostrador,Capuchino,,8500,Nequi,
4195,02/09/2026,09:38,Nübe Centro,Mostrador,Croissant,1,6000,Nequi,
3157,2026-08-25,13:20,Nübe Centro,Domicilio,Tinto,1,3000,NEQUI,C009
4407,2026-09-03,16:46,Nübe Altico,Domicilio,Latte,1,9000,Efectivo,
3420,2026-08-27,07:00,Nübe Altico,Mostrador,Chocolate caliente,3,7500,Tarjeta,C139
5461,2026-09-11,18:15,Nübe Centro,Mostrador,Croissant,2,6000,Tarjeta,
567,2026-08-07,10:40,Nübe Centro,Domicilio,Tinto,1,3000,Efectivo,C149
3169,2026-08-25,09:47,Nübe Altico,Mostrador,Tinto,3,3000,Nequi,C293
3015,2026-08-24,11:45,Nübe Centro,Mostrador,Croissant de almendras,1 und,8000,Efectivo,C066
5530,2026-09-12,09:37,Nübe Centro,Mostrador,Capuchino,2,8500,Efectivo,
1150,2026-08-11,16:47,Nübe Altico,Mostrador,Croissant,1,6000,Nequi,C162
1602,2026-08-15,14:50,Nube Centro ,Mostrador,Frappé de café,1,11000,Efectivo,C160
2257,2026-08-19,09:28,Nübe Centro,Mostrador,Capuchino,2,8500,Nequi,C147
1048,2026-08-10,08:47,Nübe Centro,Mostrador,Croissant,2,,Nequi,C111
7287,2026-09-25,07:12,Nübe Centro,Mostrador,Americano,1,5000,Efectivo,
5991,15/09/2026,09:21,NUBE CENTRO,Mostrador,Croissant de almendras,1,8000,Tarjeta,
2202,2026-08-18,07:33,Nübe Altico,Mostrador,Tinto,1,3000,Tarjeta,
3247,2026-08-26,09:57,Nübe Centro,Mostrador,Croissant,1,6000,,C175
141,2026-08-04,07:54,Nübe Centro,Domicilio,Croissant,1,6000,EFECTIVO,C299
6996,2026-09-23,07:03,centro,Domicilio,Frappé de café,1,11000,Tarjeta,
4977,2026-09-07,08:53,Nübe Altico,Mostrador,Chocolate caliente,1,7500,Tarjeta,
7520,2026-09-26,18:54,Nübe Altico,Domicilio,Latte,2,9000,Tarjeta,C195
4659,2026-09-05,14:17,Nübe Centro,Domicilio,Latte,1,9000,,
5524,2026-09-11,08:55,Nübe Altico,Mostrador,Tinto,1,3000,Tarjeta,C150
2078,2026-08-17,17:51,Nübe Altico,Mostrador,Tinto,1,3000,Tarjeta,C108
3315,2026-08-26,19:17,NUBE ALTICO,Mostrador,Tinto,1,3000,Tarjeta,
1075,2026-08-10,17:40,Nübe Altico,Mostrador,Croissant,1,6000,Nequi,C108
3205,2026-08-26,07:34,Nübe Centro,Mostrador,Croissant,1,6000,Efectivo,
1815,16/08/2026,13:03,Nübe Centro,Mostrador,Croissant,1 und,6000,Nequi,
3621,2026-08-29,08:27,Nübe Centro,Mostrador,americano,1,5000,Efectivo,
4525,2026-09-04,10:29,Nübe Altico,Mostrador,Americano,1,5000,,
5956,2026-09-15,08:07,Nübe Centro,Mostrador,Capuchino,1,8500,Nequi,
3813,2026-08-30,13:04,Nübe Centro,Mostrador,Chocolate caliente,1,7500,Efectivo,
2969,2026-08-23,07:55,Nübe Altico,Mostrador,Tinto,1,3000,Nequi,
5059,2026-09-08,10:06,Nübe Centro,Mostrador,Tinto,1,3000,Nequi,
5154,2026-09-09,08:01,Nübe Centro,Domicilio,TINTO,2,3000,Tarjeta,
6476,2026-09-19,15:13,Nübe Centro,Mostrador,Croissant de almendras,1,8000,Nequi,C106
2561,2026-08-21,07:32,Nübe Altico,Domicilio,Capuchino,1,8500,Efectivo,
3049,2026-08-24,14:08,Nübe Centro,Mostrador,Croissant de almendras,1,8000,Tarjeta,C019
4598,2026-09-05,06:52,Nübe Centro,Mostrador,Tinto,1,3000,Nequi,C240
140,2026-08-04,07:03,Nübe Centro,Domicilio,Capuchino,1,8500,Efectivo,
4800,2026-09-06,10:18,Nübe Centro,Mostrador,tinto,1,3000,Nequi,C064
2159,2026-08-18,07:53,Nübe Centro,Mostrador,Croissant,1,6000,Nequi,
7396,2026-09-26,13:51,Nübe Centro,Mostrador,Latte,2,9000,Efectivo,
6678,20/09/2026,17:02,Nübe Centro,Mostrador,croissant,1,6000,,
4168,01/09/2026,09:04,Nübe Altico,Mostrador,americano,1,5000,Efectivo,
2021,2026-08-17,10:10,Nübe Altico,Mostrador,Capuchino,1,8500,Efectivo,
1137,2026-08-11,17:54,Nübe Centro,Mostrador,latte,1,9000,Nequi,C130
4052,01/09/2026,09:09,Nübe Centro,Domicilio,capuchino,1,8500,Tarjeta,
2031,2026-08-17,09:39,Nübe Altico,Domicilio,Tinto,1,3000,Tarjeta,C252
4025,2026-08-31,13:40,NUBE ALTICO,Mostrador, Capuchino ,1,8500,Tarjeta,
4627,2026-09-05,06:45,Nübe Centro,Mostrador,Croissant,2,6000,NEQUI,
6674,20/09/2026,09:30,Nübe Centro,Mostrador,Tinto,2,3000,Tarjeta,
6059,2026-09-16,14:55,Nübe Centro,Mostrador, Capuchino ,1,$8.500,Tarjeta,C269
1228,2026-08-12,11:31,Nübe Centro,Mostrador,Tinto,1,3000,Tarjeta,C184
2577,2026-08-21,09:23,Nübe Altico,Mostrador,Croissant,1,6000,Efectivo,C284
5542,2026-09-12,10:33,Nübe Centro,Mostrador,Croissant,1,6000,Tarjeta,
2002,2026-08-17,17:46,Nübe Centro,Domicilio,Capuchino,2,8500,Tarjeta,
6072,2026-09-16,08:17,Nübe Centro,Mostrador,Capuccino,1,8500,Tarjeta,C073
6982,2026-09-22,15:12,Nübe Altico,Mostrador,Tinto,2,$3.000,Efectivo,
2508,2026-08-21,08:25,Nübe Centro,Domicilio,Tinto,1,3000,Nequi,C048
1455,2026-08-14,11:10,Nübe Centro,Mostrador,Capuchino,1,8500,Nequi,C285
5344,2026-09-10,08:27,Nübe Altico,Mostrador,Tinto,1,3000,Nequi,C165
1686,2026-08-15,11:21,centro,Mostrador,Croissant de almendras,1,8000,Tarjeta,C276
935,2026-08-09,11:46,Nübe Centro,Mostrador,Chocolate caliente,2,7500,Efectivo,
5037,08/09/2026,13:08,Nübe Centro,Domicilio,frappé de café,1,11000,Tarjeta,
3527,2026-08-28,07:58,Nübe Centro,Mostrador,AMERICANO,1,5000,Tarjeta,
5205,2026-09-09,15:51,Nübe Altico,Mostrador,Chocolate caliente,1,7500,Tarjeta,C056
1526,2026-08-14,08:38,Nübe Altico,Mostrador,Croissant,1,6000,,C231
5519,11/09/2026,09:15,Nübe Altico,Domicilio,Croissant de almendras,1,$8.000,Efectivo,
4695,2026-09-05,08:38,Nübe Altico,Domicilio,Croissant de almendras,2,8000,Efectivo,
7183,2026-09-24,09:24,Nübe Altico,Mostrador,Tinto,1,3000,Efectivo,C273
5879,2026-09-14,14:09,Nübe Centro,Mostrador,Chocolate caliente,1,7500,Efectivo,
1784,2026-08-16,07:45,Nübe Centro,Domicilio,Latte,1,9000,Nequi,
2746,22/08/2026,08:42,Nübe Altico,Mostrador,Capuchino,1,8500,Tarjeta,C284
763,2026-08-08,16:22,Nübe Centro,Domicilio,CAPUCHINO,1,$8.500,Nequi,
3823,2026-08-30,17:35,NUBE CENTRO,Mostrador,Croissant,1,$6.000,Efectivo,
4136,2026-09-01,16:23,Nübe Altico,Mostrador,Capuchino,2,8500,Tarjeta,C218
7104,2026-09-23,15:38,Nübe Altico,Mostrador,Croissant de almendras,1,8000,NEQUI,C014
890,2026-08-09,09:18,Nube Centro ,Mostrador,Capuchino,1,8500,Nequi,C075
855,2026-08-09,07:58,Nübe Centro,Domicilio,Frappé de café,1,,Efectivo,C138
3618,29/08/2026,10:06,Nübe Centro,Mostrador,Croissant,3,6000,Tarjeta,
832,2026-08-08,16:50,Nübe Altico,Mostrador,Tinto,2 und,3000,Efectivo,
2230,2026-08-19,15:04,Nübe Centro,Domicilio,Tinto,1,3000,Tarjeta,C273
441,2026-08-06,09:19,Nübe Altico,Mostrador,Capuccino,1,8500,Nequi,
4596,05/09/2026,07:03,Nübe Centro,Mostrador,Croissant,1,6000,Tarjeta,
3864,2026-08-30,07:59,Nübe Altico,Mostrador,Capuchino,2,8500,Efectivo,
7443,2026-09-26,12:32,Nübe Centro,Domicilio,Capuchino,2,8500,Efectivo,C198
292,2026-08-05,10:38,Nübe Altico,Mostrador,Croissant de almendras,2,$8.000,Tarjeta,C079
2671,2026-08-22,08:32,Nübe Centro,Mostrador,Latte,1,9000,Tarjeta,C034
1726,15/08/2026,10:40,NUBE ALTICO,Mostrador,Latte,1,9000,EFECTIVO,
285,2026-08-05,12:08,Nübe Altico,Mostrador,Croissant,1,6000,Tarjeta,
3302,26/08/2026,08:43,Nübe Altico,Mostrador,Tinto,1,3000,EFECTIVO,
1812,2026-08-16,07:13,Nübe Centro,Domicilio,Latte,1,9000,Efectivo,
1676,2026-08-15,13:00,Nübe Centro,Mostrador,Croissant de almendras,1,8000,Nequi,C125
4284,2026-09-02,13:05,Nübe Altico,Mostrador,Tinto,1,3000,TARJETA,C021
7219,2026-09-24,13:01,Nübe Altico,Mostrador,Croissant,1,6000,Nequi,
7439,2026-09-26,10:10,Nübe Centro,Mostrador,Tinto,1,$3.000,Efectivo,C087
3051,2026-08-24,07:21,Nübe Centro,Mostrador,Americano,1,5000,Tarjeta,
1147,2026-08-11,08:14,Nübe Centro,Mostrador,Frappé de café,1 und,11000,Nequi,
1817,2026-08-16,12:14,Nübe Centro,Domicilio,Capuchino,1,$8.500,Efectivo,C012
5269,2026-09-10,09:49,Nübe Centro,Domicilio,Frappé de café,1,11000,Tarjeta,
4519,04/09/2026,20:47,NUBE ALTICO,Mostrador,Tinto,1,3000,Efectivo,
2634,22/08/2026,11:29,Nübe Centro,Mostrador,Capuchino,1,8500,NEQUI,
5043,2026-09-08,08:57,Nübe Centro,Mostrador,Tinto,1,$3.000,Nequi,
3273,2026-08-26,17:27,Nübe Altico,Mostrador,Croissant de almendras,,8000,EFECTIVO,
3693,2026-08-29,08:57,Nübe Centro,Mostrador,Latte,1 und,9000,Nequi,C108
6889,2026-09-21,10:30,Nübe Altico,Mostrador,Croissant,1,6000,Efectivo,
1771,2026-08-16,14:07,centro,Mostrador,Frappé de café,1,11000,Nequi,C177
401,2026-08-06,06:13,Nübe Centro,Mostrador,Latte,2,9000,Nequi,
4972,2026-09-07,18:35,Nübe Altico,Mostrador,Tinto,1,3000,Efectivo,
4882,2026-09-06,14:43,Nübe Altico,Mostrador, LATTE,1,9000,Efectivo,
5105,2026-09-08,18:06,Nübe Altico,Domicilio,AMERICANO,1,5000,Nequi,
6541,2026-09-19,17:09,NUBE ALTICO,Domicilio,tinto,1,3000,Nequi,C261
542,07/08/2026,08:44,Nübe Centro,Mostrador,Tinto,1,3000,Nequi,
1059,2026-08-10,17:30,Nübe Altico,Mostrador,Capuchino,1,$8.500,Efectivo,
5612,2026-09-12,09:15,Nübe Altico,Mostrador,Tinto,1,3000,Tarjeta,
5606,2026-09-12,11:35,Nübe Altico,Mostrador,Latte,1,9000,TARJETA,C049
4772,2026-09-06,18:40,Nübe Centro,Mostrador,Tinto,1,3000,Nequi,
5225,2026-09-09,09:43,Nübe Altico,Mostrador, LATTE,1,9000,Efectivo,C010
5170,09/09/2026,07:43,Nübe Centro,Mostrador,Capuchino,2,8500,Tarjeta,C275
564,2026-08-07,17:26,Nübe Centro,Mostrador,Croissant de almendras,1,8000,Nequi,
6659,2026-09-20,08:44,Nübe Centro,Mostrador,tinto,2,$3.000,Efectivo,
6043,2026-09-15,09:24,Nübe Altico,Mostrador,Croissant de almendras,1,8000,Efectivo,C244
3769,2026-08-29,13:37,Nübe Altico,Mostrador,Capuchino,2,8500,Nequi,
5283,2026-09-10,08:59,Nübe Centro,Domicilio,Capuchino,1,8500,Nequi,C070
1112,2026-08-11,13:25,Nübe Centro,Mostrador,Croissant,2,$6.000,Tarjeta,
2726,2026-08-22,18:30,Nübe Altico,Domicilio,Croissant de almendras,1,8000,Nequi,
7525,2026-09-26,08:16,Nübe Altico,Mostrador,Capuchino,1,8500,Efectivo,
2286,2026-08-19,08:06,Nübe Altico,Domicilio,Latte,1,9000,Nequi,C275
1079,2026-08-10,12:20,Nübe Altico,Mostrador,Tinto,1,3000,Nequi,
7129,2026-09-24,18:21,Nübe Centro,Mostrador,Croissant de almendras,1,8000,Efectivo,
5312,2026-09-10,09:24,Nübe Centro,Mostrador,Tinto ,1,3000,Nequi,C220
3270,2026-08-26,10:10,Nübe Altico,Mostrador,Croissant de almendras,3,$8.000,,C278
3347,2026-08-27,10:23,Nübe Centro,Mostrador,Tinto,1,3000,Tarjeta,
848,2026-08-08,16:06,Nübe Altico,Domicilio,Chocolate caliente,1,7500,Efectivo,
5123,08/09/2026,11:12,Nübe Altico,Domicilio,Chocolate caliente,1,7500,Efectivo,C221
6187,2026-09-17,09:54,Nübe Centro,Mostrador,Capuchino,,8500,Efectivo,C071
6350,2026-09-18,16:33,centro,Mostrador,TINTO,1,3000,Efectivo,
4273,2026-09-02,08:44,Nübe Altico,Domicilio,Capuchino,1,$8.500,EFECTIVO,
4673,2026-09-05,09:02,Nübe Altico,Mostrador,Tinto,1,$3.000,Nequi,C043
966,2026-08-09,20:55,Nübe Altico,Domicilio,Latte,1,9000,Efectivo,C044
1537,2026-08-14,07:20,Nübe Altico,Domicilio,Frappé de café,1,11000,Efectivo,C034
425,2026-08-06,16:47,Nübe Altico,Mostrador,Chocolate caliente,1,7500,Efectivo,C197
391,2026-08-06,06:24,Nübe Centro,Mostrador,Tinto,1,3000,Efectivo,
3168,2026-08-25,18:38,Nübe Altico,Mostrador,Frappé de café,1,11000,Efectivo,
6515,2026-09-19,13:04,Nübe Centro,Mostrador,Capuchino,1 und,8500,Nequi,C285
1020,2026-08-10,06:31,Nübe Centro,Mostrador,AMERICANO,1,5000,Nequi,C289
4253,2026-09-02,19:43,Nübe Centro,Mostrador,Capuchino,1,$8.500,Nequi,
4161,2026-09-01,07:29,Nübe Altico,Domicilio,Tinto,1,3000,Efectivo,
5679,2026-09-13,16:13,Nübe Centro,Mostrador,Frappé de café,1,11000,NEQUI,C157
7476,2026-09-26,19:53,Nübe Altico,Mostrador,Latte,1,$9.000,,
6737,2026-09-20,14:41,Nübe Altico,Mostrador,Croissant,1,6000,Tarjeta,
1112,2026-08-11,13:25,Nübe Centro,Mostrador,Capuchino,1 und,8500,Tarjeta,
4995,2026-09-07,09:58,Nübe Altico,Domicilio,Tinto,1,3000,Nequi,
2889,2026-08-23,12:36,Nübe Centro,Mostrador,Capuchino,1,8500,Nequi,
3758,2026-08-29,16:52,Nübe Altico,Domicilio,Chocolate caliente,1,7500,Nequi,
910,2026-08-09,08:40,NUBE CENTRO,Mostrador,tinto,1,$3.000,Efectivo,
148,2026-08-04,15:14,Nübe Centro,Domicilio,CAPUCHINO,1,8500,Efectivo,
2125,2026-08-18,06:10,Nübe Centro,Mostrador,Frappé de café,2,11000,EFECTIVO,
3099,2026-08-25,17:07,Nübe Centro,Mostrador,Croissant,1,$6.000,Efectivo,
2685,2026-08-22,08:06,Nübe Centro,Mostrador,Croissant,1,6000,Tarjeta,C175
6232,2026-09-17,14:33,Nübe Centro,Mostrador,Croissant,2,6000,Nequi,
7338,2026-09-25,08:15,Nübe Altico,Mostrador,Croissant,1,6000,Efectivo,
2309,2026-08-19,18:54,Nübe Altico,Mostrador,Americano,1,5000,Tarjeta,
6595,2026-09-19,18:34,Nübe Altico,Mostrador,Frappé de café,1,11000,Nequi,C068
224,2026-08-05,06:06,Nübe Centro,Mostrador,latte,1,9000,Tarjeta,
7125,2026-09-24,19:07,Nübe Centro,Mostrador,croissant,1,6000,Nequi,
2989,2026-08-24,09:39,Nübe Centro,Domicilio,Croissant,1,6000,Nequi,
6329,2026-09-18,16:50,Nübe Centro,Domicilio,Croissant de almendras,1,8000,Tarjeta,
4341,2026-09-03,17:10,Nübe Centro,Mostrador,Capuchino,2,8500,Efectivo,
6222,2026-09-17,15:33,Nübe Centro,Mostrador,Capuchino,1,8500,Nequi,
5030,2026-09-08,08:29,Nübe Centro,Mostrador,Americano,2,,Tarjeta,C137
1490,14/08/2026,10:03,Nübe Centro,Domicilio,Tinto,,$3.000,Tarjeta,C027
5937,2026-09-14,17:09,Nübe Altico,Mostrador,Croissant,2,$6.000,Efectivo,C034
5931,14/09/2026,16:46,Nübe Altico,Domicilio,Croissant,1,6000,NEQUI,
3063,2026-08-24,08:29,Nübe Altico,Mostrador,Croissant,2,6000,Nequi,
7278,2026-09-25,16:37,Nübe Centro,Domicilio,Chocolate caliente,1,$7.500,Tarjeta,
325,2026-08-05,09:54,Nübe Altico,Domicilio,tinto,2,3000,Nequi,
1421,13/08/2026,17:03,Nübe Altico,Mostrador,Frappé de café,1,$11.000,Nequi,
475,2026-08-07,15:27,Nübe Centro,Mostrador, Capuchino ,1,8500,TARJETA,C142
3886,2026-08-30,14:16,Nübe Altico,Mostrador,Croissant de almendras,3,8000,Nequi,
4957,2026-09-07,16:13,Nübe Altico,Mostrador,Capuchino,1,8500,Nequi,
4472,2026-09-04,17:22,Nübe Centro,Mostrador,Croissant de almendras,1,8000,Efectivo,C060
2033,2026-08-17,10:28,Nübe Altico,Domicilio,Latte,1 und,9000,Efectivo,C296
6491,2026-09-19,13:42,Nübe Centro,Domicilio,Tinto,1,3000,Tarjeta,
5759,2026-09-13,08:28,Nübe Altico,Domicilio,Chocolate caliente,2,7500,Efectivo,
4830,2026-09-06,13:15,Nübe Centro,Mostrador,Americano,1,5000,Tarjeta,C064
1133,2026-08-11,14:48,NUBE CENTRO,Mostrador,CAPUCHINO,2,$8.500,Nequi,C265
6159,2026-09-16,18:20,Nübe Altico,Domicilio,Croisant,1,6000,Efectivo,
2172,2026-08-18,14:44,Nübe Altico,Mostrador,croissant,2,6000,Tarjeta,
7462,2026-09-26,10:24,Nübe Altico,Domicilio,latte,1,,Efectivo,
2842,23/08/2026,07:19,centro,Mostrador,Chocolate caliente,2,7500,Nequi,
7476,2026-09-26,19:53,Nübe Altico,Mostrador,Americano,1,5000,Tarjeta,
4771,2026-09-06,08:38,Nübe Centro,Mostrador,Croissant,1,6000,Efectivo,C247
6837,2026-09-21,08:50,Nübe Centro,Mostrador,Croissant de almendras,1,8000,Efectivo,C009
1479,2026-08-14,08:55,centro,Mostrador,Tinto,1,3000,Efectivo,
1688,2026-08-15,08:29,Nübe Centro,Domicilio,Capuchino,1,8500,Efectivo,
5364,2026-09-10,09:02,NUBE ALTICO,Mostrador,Croissant de almendras,1,8000,Tarjeta,
3718,2026-08-29,12:57,Nübe Altico,Mostrador,Frappe de cafe,1,11000,Tarjeta,
994,2026-08-09,09:28,Nübe Altico,Mostrador,Tinto,1,3000,Nequi,C283
669,2026-08-08,13:12,Nübe Centro,Domicilio,Croissant,1,$6.000,TARJETA,C084
574,2026-08-07,12:43,Nübe Altico,Mostrador,Americano,2,5000,Nequi,
4559,2026-09-04,11:34,Nübe Altico,Mostrador,Croissant,1,6000,Tarjeta,
5347,2026-09-10,08:13,Nübe Altico,Mostrador,Americano,1,5000,Efectivo,C295
670,2026-08-08,13:53,Nübe Centro,Mostrador,Americano,1,5000,Efectivo,C146
2771,2026-08-22,16:16,Nübe Altico,Mostrador,Chocolate caliente,1,7500,Tarjeta,C237
518,2026-08-07,18:00,Nübe Centro,Domicilio,Latte,1,9000,Tarjeta,C016
1184,2026-08-11,12:17,Nübe Altico,Mostrador,Tinto,3,3000,TARJETA,C045
5683,2026-09-13,07:51,Nübe Centro,Mostrador,Frappé de café,1,11000,EFECTIVO,
934,2026-08-09,09:34,Nübe Centro,Mostrador,Tinto,1,3000,Tarjeta,
226,2026-08-05,07:18,NUBE CENTRO,Mostrador,Latte,1,9000,Tarjeta,C070
7620,2026-09-27,09:55,Nübe Altico,Mostrador,Chocolate caliente,1,7500,Efectivo,C194
6896,2026-09-22,07:39,Nübe Centro,Mostrador,Americano,1 und,5000,EFECTIVO,
2062,2026-08-17,11:42,Nübe Altico,Domicilio,Americano,3,5000,Tarjeta,C067
1080,2026-08-10,17:51,Nübe Altico,Mostrador,Croissant,1,6000,Tarjeta,C017
7664,27/09/2026,16:06,Nübe Altico,Mostrador,Latte,1,9000,Tarjeta,
1704,2026-08-15,14:47,Nübe Altico,Mostrador,Croissant de almendras,2,8000,Efectivo,C191
7144,2026-09-24,16:06,Nübe Centro,Mostrador,Croissant,1,6000,Tarjeta,C083
5341,2026-09-10,13:34,Nübe Altico,Mostrador,Americano,1,$5.000,Tarjeta,
3821,2026-08-30,10:09,Nübe Centro,Mostrador,Capuchino,1,8500,Efectivo,C053
1494,2026-08-14,10:42,Nübe Centro,Domicilio,Capuchino,1 und,8500,Nequi,C081
402,2026-08-06,08:54,Nübe Centro,Mostrador,Croissant de almendras,1,8000,Nequi,
689,2026-08-08,08:16,Nübe Centro,Mostrador,Latte,2,9000,Tarjeta,
4999,2026-09-07,15:15,Nübe Altico,Mostrador,Tinto,1,3000,Efectivo,C278
3121,2026-08-25,06:09,Nübe Centro,Mostrador,Capuchino,1,8500,Tarjeta,
6057,2026-09-16,16:26,Nübe Centro,Mostrador,Tinto,1,3000,Efectivo,
2896,2026-08-23,08:09,Nübe Centro,Mostrador,Croissant,2,6000,Efectivo,
6077,16/09/2026,15:46,Nübe Centro,Mostrador,Frappé de café,2,11000,Tarjeta,
5854,2026-09-14,15:00,Nübe Centro,Domicilio,Croissant,2,$6.000,Tarjeta,C136
1258,2026-08-12,07:16,Nübe Centro,Mostrador,Tinto,2,$3.000,Tarjeta,
6053,16/09/2026,09:03,Nübe Centro,Domicilio,Tinto,2,3000,Efectivo,
368,06/08/2026,13:11,Nübe Centro,Mostrador,Capuchino,1,8500,Nequi,
6125,2026-09-16,12:15,NUBE ALTICO,Mostrador,Latte,1,9000,Efectivo,C048
4242,2026-09-02,09:48,Nübe Centro,Domicilio,Americano,1,5000,Tarjeta,C245
3148,2026-08-25,19:06,Nübe Centro,Mostrador,Croissant de almendras,1,8000,Nequi,C068
3399,2026-08-27,06:06,NUBE ALTICO,Mostrador,Croissant,1,6000,Tarjeta,
1185,2026-08-11,12:59,Nübe Altico,Mostrador,Tinto,1,$3.000,Tarjeta,
3253,2026-08-26,10:00,Nube Centro ,Mostrador, LATTE,1,9000,Efectivo,C166
7561,2026-09-27,06:54,Nube Centro ,Mostrador,Chocolate caliente,1,7500,Nequi,C041
2065,2026-08-17,18:50,Nübe Altico,Mostrador,Capuchino,1,8500,Efectivo,
1104,2026-08-11,15:47,Nübe Centro,Mostrador,Croissant de almendras,1,8000,Tarjeta,
2490,21/08/2026,20:35,centro,Mostrador,capuchino,1,8500,Tarjeta,
1431,2026-08-13,09:17,Nübe Altico,Mostrador,AMERICANO,1,5000,Efectivo,
6632,2026-09-20,08:54,Nübe Centro,Mostrador,Latte,3,9000,Efectivo,
1521,2026-08-14,06:03,Nübe Centro,Mostrador,Tinto,1,$3.000,Nequi,
1044,2026-08-10,17:02,Nübe Centro,Domicilio,Croissant de almendras,1,$8.000,Nequi,
107,2026-08-03,09:04,Nübe Altico,Mostrador,Croissant,1,6000,Tarjeta,C133
1094,2026-08-11,09:21,Nübe Centro,Mostrador,Capuchino,1,8500,Nequi,
3575,2026-08-28,19:32,Nübe Altico,Mostrador,Americano,2,$5.000,Nequi,
2554,2026-08-21,19:20,Nübe Altico,Mostrador,Latte,1,9000,Efectivo,
326,2026-08-05,07:03,Nübe Altico,Mostrador,Americano,1,5000,Efectivo,
5260,2026-09-10,09:07,Nübe Centro,Mostrador,Americano,1,5000,Nequi,
1766,16/08/2026,10:24,Nübe Centro,Mostrador,Chocolate caliente,1,7500,Nequi,
2168,2026-08-18,10:44,Nübe Altico,Domicilio,Frappé de café,1,11000,Tarjeta,C196
3722,2026-08-29,11:05,Nübe Altico,Mostrador,Capuchino,1,8500,Nequi,
7171,2026-09-24,10:29,Nübe Centro,Domicilio,Tinto,1,$3.000,Nequi,C184
5649,2026-09-12,07:19,Nübe Altico,Mostrador,TINTO,2 und,3000,Nequi,
184,2026-08-04,10:44,Nübe Altico,Domicilio,Latte,1,9000,Efectivo,C156
5473,2026-09-11,13:51,Nübe Altico,Mostrador,Latte,2,9000,TARJETA,C145
6166,17/09/2026,18:51,Nübe Centro,Domicilio,Chocolate caliente,1,7500,Nequi,
5570,2026-09-12,10:28,Nübe Centro,Mostrador,Tinto,1,3000,Tarjeta,
2606,2026-08-22,06:27,Nube Centro ,Mostrador,Americano,1,5000,Tarjeta,C087
7325,25/09/2026,07:38,Nübe Altico,Domicilio,Americano,3 und,5000,Tarjeta,C292
5665,2026-09-13,17:19,Nübe Centro,Mostrador,Americano,1,5000,Efectivo,C225
2968,2026-08-23,19:43,Nübe Altico,Mostrador,Tinto,1,3000,Nequi,
6819,2026-09-21,08:11,NUBE CENTRO,Mostrador,americano,1,5000,Efectivo,
4567,2026-09-05,07:41,Nübe Centro,Mostrador,Capuchino,3,8500,Nequi,
4895,2026-09-07,07:52,Nübe Centro,Domicilio,Tinto,1,3000,EFECTIVO,C062
6092,2026-09-16,11:27,Nübe Centro,Domicilio,Americano,1,5000,Nequi,C047
6809,2026-09-21,10:53,Nübe Centro,Mostrador,Capuchino,1,8500,Nequi,
5324,10/09/2026,15:38,Nübe Centro,Mostrador,Latte,1,9000,Tarjeta,
7215,2026-09-24,08:44,Nübe Altico,Mostrador,Croisant,1,6000,Nequi,
3155,2026-08-25,16:03,Nübe Centro,Mostrador,Americano,1 und,5000,Nequi,C159
4061,2026-09-01,15:30,Nübe Centro,Mostrador,croissant de almendras,1,8000,,C240
7300,2026-09-25,16:09,Nübe Centro,Mostrador,Tinto,1,$3.000,Tarjeta,C087
1479,2026-08-14,08:55,centro,Mostrador,Americano,1,5000,Efectivo,
3645,2026-08-29,14:51,Nübe Centro,Mostrador,Tinto,1,3000,Nequi,
2755,2026-08-22,08:24,Nübe Altico,Mostrador,Capuchino,1,8500,Nequi,
1322,2026-08-13,10:54,NUBE CENTRO,Mostrador,Chocolate caliente,1,7500,Nequi,C235
24,03/08/2026,09:44,Nübe Centro,Mostrador,Capuchino,1,8500,Nequi,
1538,2026-08-14,13:22,altico,Mostrador,Americano,1,5000,Nequi,C162
7530,2026-09-26,09:13,NUBE ALTICO,Domicilio,Croissant de almendras,2,$8.000,Nequi,C215
4292,2026-09-02,08:33,Nübe Altico,Domicilio,Capuchino,2,8500,Efectivo,C017
285,05/08/2026,12:08,Nübe Altico,Mostrador,Capuchino,1,8500,Tarjeta,
2944,2026-08-23,06:08,Nübe Altico,Mostrador,Americano,1,5000,Efectivo,C263
659,2026-08-08,06:24,Nübe Centro,Domicilio,Croissant de almendras,1,8000,EFECTIVO,C168
4550,2026-09-04,07:05,Nübe Altico,Mostrador,Croissant,1,$6.000,Tarjeta,
2632,2026-08-22,09:09,Nübe Centro,Mostrador,Croissant,1 und,6000,Tarjeta,C049
6356,2026-09-18,12:38,Nübe Centro,Mostrador,Americano,1,5000,Tarjeta,C176
7237,2026-09-25,14:27,Nübe Centro,Mostrador,Frappé de café,1,11000,Efectivo,
6107,2026-09-16,17:28,Nübe Centro,Mostrador,Latte,1,9000,Tarjeta,
6362,2026-09-18,10:01,Nübe Centro,Mostrador,Latte,1,9000,Nequi,C097
131,2026-08-04,11:43,Nübe Centro,Domicilio,Croissant,3,6000,Efectivo,
5110,2026-09-08,07:34,Nübe Altico,Domicilio,Americano,1,5000,Tarjeta,
4558,2026-09-04,08:58,Nübe Altico,Mostrador,Americano,1,5000,Nequi,
6062,2026-09-16,10:28,Nübe Centro,Mostrador,CROISSANT ,1,6000,Efectivo,C075
1931,2026-08-17,15:18,Nübe Centro,Mostrador,Croissant,1,$6.000,Nequi,C246
3953,2026-08-31,08:06,Nübe Centro,Mostrador,americano,1,5000,Tarjeta,C022
5136,2026-09-09,07:04,Nübe Centro,Mostrador, Capuchino ,1,8500,Efectivo,
2846,2026-08-23,19:38,Nübe Centro,Mostrador,Capuccino,2,8500,Tarjeta,C239
1792,2026-08-16,06:24,Nübe Centro,Mostrador,Americano,2,5000,NEQUI,
5174,2026-09-09,12:37,Nübe Centro,Mostrador,Frappé de café,2,11000,Tarjeta,C259
1218,2026-08-12,10:50,Nube Centro ,Mostrador,Americano,1,5000,Efectivo,
6531,19/09/2026,08:40,centro,Mostrador,croissant,1,6000,Nequi,
6069,2026-09-16,09:03,Nübe Centro,Domicilio,Croissant almendras,1,8000,Efectivo,
6231,2026-09-17,07:02,Nübe Centro,Mostrador,Frappé de café,1,$11.000,Efectivo,C064
3256,2026-08-26,18:01,Nübe Centro,Mostrador,Tinto,3,3000,Efectivo,C262
1899,16/08/2026,18:38,Nübe Altico,Mostrador,Croissant de almendras,1,8000,Efectivo,C198
4109,2026-09-01,19:01,Nübe Centro,Mostrador,AMERICANO,1,$5.000,Efectivo,
7671,2026-09-27,11:25,Nübe Altico,Mostrador,Americano,1,5000,Tarjeta,
7434,2026-09-26,15:04,Nübe Centro,Mostrador,Tinto ,1,3000,Tarjeta,
3843,2026-08-30,16:11,Nübe Centro,Mostrador,Latte,1,9000,Efectivo,
5829,2026-09-14,17:57,Nübe Centro,Mostrador,Croissant,2,6000,Efectivo,
2183,2026-08-18,10:11,Nübe Altico,Domicilio,Frappé de café,1,11000,Nequi,
2686,2026-08-22,15:13,Nübe Centro,Domicilio,Chocolate caliente,1,7500,Nequi,
3041,2026-08-24,09:08,Nübe Centro,Mostrador,CROISSANT ,1,6000,Efectivo,C239
5428,2026-09-11,09:44,Nübe Centro,Mostrador,Americano,3,5000,Efectivo,C225
6635,20/09/2026,12:59,Nübe Centro,Mostrador,Tinto,1,3000,NEQUI,
3091,2026-08-24,15:12,Nübe Altico,Mostrador,Tinto,1,$3.000,Tarjeta,
4868,2026-09-06,07:14,Nübe Altico,Mostrador,Frappé de café,1,11000,Tarjeta,
2702,2026-08-22,10:48,Nübe Centro,Mostrador,Americano,1,5000,Efectivo,
820,2026-08-08,16:16,Nübe Altico,Domicilio,Chocolate caliente,1,7500,Tarjeta,C065
7013,2026-09-23,16:40,centro,Mostrador,Frappe de cafe,1,11000,Nequi,
2268,2026-08-19,08:05,Nube Centro ,Domicilio,Americano,1,5000,Tarjeta,
314,2026-08-05,13:33,Nübe Altico,Domicilio,Croissant,2,6000,NEQUI,C281
7656,2026-09-27,17:23,Nübe Altico,Domicilio,Croissant,1,$6.000,Tarjeta,C205
6793,2026-09-21,08:09,centro,Mostrador,Capuchino,2,,Tarjeta,C099
1210,12/08/2026,11:39,Nube Centro ,Mostrador,Croissant de almendras,2,8000,,
6192,17/09/2026,13:06,Nübe Centro,Domicilio,Croisant,1,6000,Tarjeta,C057
4436,2026-09-04,11:38,Nübe Centro,Domicilio,Tinto,1,3000,Tarjeta,
2674,2026-08-22,07:23,NUBE CENTRO,Mostrador,Late,1,9000,TARJETA,
3206,2026-08-26,10:21,Nübe Centro,Mostrador,Americano,1,5000,Efectivo,
1669,2026-08-15,10:50,Nübe Centro,Mostrador,Latte,1,$9.000,Efectivo,C228
4955,2026-09-07,12:14,Nübe Altico,Mostrador,Americano,1,5000,Tarjeta,
4969,2026-09-07,07:24,Nübe Altico,Mostrador,Frappé de café,1,11000,Efectivo,C227
6198,2026-09-17,07:42,Nübe Centro,Mostrador,Americano,1,5000,Nequi,
2303,2026-08-19,12:59,Nübe Altico,Mostrador,Croissant de almendras,1,8000,Nequi,
3846,2026-08-30,10:26,NUBE CENTRO,Mostrador,croissant,1,6000,Nequi,C148
2705,2026-08-22,14:50,centro,Mostrador,Tinto ,1,3000,Nequi,C022
7611,2026-09-27,17:53,Nübe Centro,Mostrador,Frappé de café,2,11000,Efectivo,
2094,2026-08-18,09:35,Nübe Centro,Domicilio,Latte,1,9000,,
6766,21/09/2026,07:30,Nübe Centro,Mostrador,Capuchino,2 und,8500,Nequi,C264
987,2026-08-09,19:31,Nübe Altico,Mostrador,Latte,1,9000,Tarjeta,
193,04/08/2026,08:30,Nübe Altico,Domicilio,Americano,2,5000,Nequi,C138
5309,2026-09-10,09:26,Nübe Centro,Mostrador,Tinto,1,3000,Tarjeta,
5436,2026-09-11,17:02,NUBE CENTRO,Mostrador,Croissant,1,6000,Efectivo,C176
4407,2026-09-03,16:46,Nübe Altico,Domicilio,Capuchino,1,8500,Efectivo,
4042,2026-08-31,18:16,Nübe Altico,Domicilio,Latte,1,,Nequi,C216
4678,2026-09-05,19:32,Nübe Altico,Domicilio,Capuchino,1,8500,Tarjeta,C294
2710,2026-08-22,08:45,Nübe Centro,Domicilio,Latte,1,9000,Efectivo,C169
1179,2026-08-11,14:39,Nübe Altico,Mostrador,Latte,1,9000,Tarjeta,C293
3523,2026-08-28,20:41,Nübe Centro,Mostrador,Croissant,,6000,Nequi,C047
1438,2026-08-14,07:53,Nübe Centro,Mostrador,Croissant,1,6000,Nequi,
5433,2026-09-11,11:30,Nübe Centro,Mostrador,Latte,1,$9.000,Nequi,
871,2026-08-09,11:52,Nübe Centro,Mostrador,Chocolate caliente,1,7500,Efectivo,C002
4417,2026-09-03,12:43,Nübe Altico,Mostrador,Croissant de almendras,1,8000,Tarjeta,
5206,2026-09-09,14:19,Nübe Altico,Mostrador,Croissant,1,,Efectivo,
561,2026-08-07,16:10,Nübe Centro,Domicilio,Tinto,2,3000,Efectivo,C069
4523,2026-09-04,09:51,Nübe Altico,Mostrador,Tinto,2,3000,Efectivo,
148,04/08/2026,15:14,Nübe Centro,Domicilio,Croissant de almendras,1,$8.000,Efectivo,
4882,2026-09-06,14:43,Nübe Altico,Mostrador,tinto,1 und,3000,Efectivo,
7672,27/09/2026,08:49,Nübe Altico,Domicilio,Croissant,1,6000,Efectivo,
6633,2026-09-20,11:43,Nübe Centro,Domicilio,Frappé de café,1,11000,NEQUI,
544,2026-08-07,12:32,Nübe Centro,Mostrador,Croissant de almendras,1,8000,EFECTIVO,
5297,2026-09-10,09:39,Nube Centro ,Mostrador,Tinto,1,,Nequi,
5645,2026-09-12,11:58,Nübe Altico,Mostrador,chocolate caliente,1,7500,Nequi,
2711,2026-08-22,17:37,Nübe Centro,Mostrador,Capuchino,1,$8.500,Nequi,
1614,2026-08-15,08:55,Nübe Centro,Mostrador,Croissant,2,6000,Efectivo,C075
5771,13/09/2026,08:34,Nübe Altico,Mostrador,Chocolate caliente,1 und,7500,Efectivo,C188
506,2026-08-07,12:35,Nübe Centro,Mostrador,Croissant de almendras,1,8000,Tarjeta,C031
7254,2026-09-25,09:12,Nübe Centro,Mostrador,Croissant,1,6000,Nequi,C121
1356,2026-08-13,07:49,Nübe Centro,Mostrador,Croissant de almendras,1,8000,Nequi,
6437,2026-09-18,15:19,Nübe Altico,Domicilio,Capuchino,,8500,Tarjeta,
3460,2026-08-28,08:43,Nübe Centro,Domicilio,Latte,2,9000,Efectivo,C217
2585,2026-08-21,09:44,Nübe Altico,Mostrador,Croissant,2,6000,TARJETA,C109
6438,2026-09-18,20:43,Nübe Altico,Domicilio,Croissant,3 und,6000,Nequi,
5421,2026-09-11,15:41,Nübe Centro,Mostrador,Croissant,1,6000,Nequi,
5711,2026-09-13,08:32,Nübe Centro,Mostrador,Tinto,2,3000,Nequi,
3949,2026-08-31,11:19,Nübe Centro,Domicilio,Croissant,1,6000,Efectivo,C041
3561,2026-08-28,08:42,Nübe Altico,Mostrador,Latte,1,9000,Efectivo,
7167,2026-09-24,13:00,Nübe Centro,Mostrador,Croissant,1,6000,Efectivo,
6648,2026-09-20,19:04,Nübe Centro,Domicilio,croissant,1,6000,Efectivo,
7517,2026-09-26,08:03,Nübe Altico,Domicilio,Tinto,1,3000,Nequi,C244
4235,2026-09-02,08:47,Nübe Centro,Mostrador,Tinto,1,3000,Nequi,
2017,2026-08-17,16:44,Nübe Altico,Mostrador,Tinto,1,3000,Nequi,
1483,2026-08-14,07:54,Nübe Centro,Mostrador,Croissant de almendras,1,8000,Efectivo,
3458,2026-08-28,18:04,centro,Domicilio,Tinto,1,3000,Efectivo,
488,2026-08-07,10:26,centro,Domicilio,TINTO,1,3000,Tarjeta,
3799,30/08/2026,07:18,Nübe Centro,Mostrador,Croisant,1,6000,Efectivo,C242
1364,2026-08-13,12:07,Nübe Centro,Mostrador,Tinto,1,3000,Nequi,
2170,2026-08-18,09:55,Nübe Altico,Mostrador,Capuchino,1,8500,Nequi,C245
3383,2026-08-27,17:04,Nübe Centro,Mostrador,Croissant,1,6000,Tarjeta,C144
7308,2026-09-25,07:51,NUBE ALTICO,Domicilio,Latte,2,9000,Nequi,
5799,2026-09-13,13:18,Nübe Altico,Domicilio, LATTE,3,9000,Tarjeta,
4850,2026-09-06,07:17,Nübe Altico,Mostrador,TINTO,1,3000,Nequi,C172
6262,2026-09-17,18:45,Nübe Altico,Mostrador,Croissant,2,6000,Efectivo,
1587,2026-08-15,15:48,Nübe Centro,Domicilio,TINTO,1,$3.000,Tarjeta,C077
2013,2026-08-17,17:28,Nübe Altico,Mostrador,Americano,1,5000,Nequi,
4331,2026-09-03,15:31,Nube Centro ,Mostrador,Americano,1,5000,Efectivo,
6387,2026-09-18,07:51,Nübe Altico,Domicilio,Croissant de almendras,1,8000,Efectivo,
6720,2026-09-20,07:22,Nübe Altico,Mostrador,Capuchino,1,8500,Nequi,C291
6455,2026-09-19,19:38,Nübe Centro,Mostrador,Latte,1,9000,Tarjeta,C262
4925,2026-09-07,10:37,Nübe Centro,Mostrador,Croissant,2,6000,Efectivo,
1793,2026-08-16,15:39,Nübe Centro,Mostrador,Americano,1,5000,Efectivo,
458,2026-08-06,09:31,altico,Mostrador,Croissant,1,6000,Tarjeta,
6409,2026-09-18,08:18,Nübe Altico,Mostrador,Tinto,2,3000,Nequi,C226
2044,2026-08-17,13:52,Nübe Altico,Mostrador,americano,2,5000,Nequi,
520,2026-08-07,19:11,Nübe Centro,Domicilio,Capuchino,1,8500,EFECTIVO,
7627,2026-09-27,13:53,Nübe Altico,Domicilio,Americano,1,5000,Efectivo,
2662,2026-08-22,12:08,centro,Domicilio,Frappé de café,1,11000,Efectivo,
5386,2026-09-10,16:00,Nübe Altico,Mostrador,Capuccino,1,8500,Efectivo,
2142,2026-08-18,15:26,Nübe Centro,Mostrador,Tinto,1,3000,Tarjeta,C006
2880,2026-08-23,08:19,Nübe Centro,Mostrador,tinto,1,3000,Efectivo,C217
5132,2026-09-09,08:09,Nübe Centro,Mostrador,Capuchino,1,8500,Efectivo,C179
305,2026-08-05,16:35,Nübe Altico,Mostrador,Croissant de almendras,1 und,8000,Nequi,C192
5554,2026-09-12,10:28,Nübe Centro,Mostrador,Croissant almendras,2,8000,Nequi,
2181,2026-08-18,07:58,Nübe Altico,Mostrador,Latte,1,9000,Nequi,
6798,21/09/2026,17:29,Nübe Centro,Mostrador,Chocolate caliente,1,7500,Nequi,C274
2608,2026-08-22,20:09,Nübe Centro,Domicilio,Croissant de almendras,2,8000,Tarjeta,C253
2120,2026-08-18,07:46,Nübe Centro,Mostrador,Latte,3,9000,Efectivo,
6273,2026-09-17,17:19,Nübe Altico,Mostrador,Tinto,2,3000,Tarjeta,C065
1369,2026-08-13,15:01,Nübe Centro,Mostrador,Latte,1,9000,Tarjeta,
5179,09/09/2026,07:38,Nübe Centro,Mostrador,Frappé de café,1,$11.000,Tarjeta,
964,2026-08-09,11:33,altico,Mostrador,Croissant de almendras,2,8000,Nequi,
6874,2026-09-21,15:07,Nübe Altico,Mostrador,Croissant de almendras,1,8000,Tarjeta,
1928,2026-08-17,18:34,centro,Mostrador,Croissant,2,$6.000,Tarjeta,
2580,2026-08-21,09:00,Nübe Altico,Mostrador,Americano,1,5000,Nequi,
3442,2026-08-27,11:23,Nübe Altico,Mostrador,Croissant,1,6000,Nequi,C078
1143,2026-08-11,11:00,Nübe Centro,Domicilio,Croissant,2,6000,Tarjeta,C074
5319,2026-09-10,16:29,Nübe Centro,Domicilio,Croissant,1,6000,Tarjeta,
3521,28/08/2026,13:24,Nübe Centro,Mostrador,Tinto,1,3000,Efectivo,
6398,2026-09-18,15:47,Nübe Altico,Mostrador,Latte,1,9000,Efectivo,C125
73,2026-08-03,09:42,Nübe Altico,Mostrador,Latte,2,9000,Efectivo,C196
4625,2026-09-05,15:28,Nübe Centro,Domicilio,Capuchino,1,8500,,
2729,2026-08-22,15:06,Nübe Altico,Mostrador,Latte,2,9000,Nequi,C024
4023,2026-08-31,20:03,Nübe Altico,Mostrador,Capuchino,1,8500,Efectivo,
4317,2026-09-03,16:38,Nübe Centro,Mostrador,Americano,1,5000,NEQUI,
2681,2026-08-22,08:02,Nübe Centro,Mostrador,Latte,1,9000,,C292
5946,2026-09-14,16:58,NUBE ALTICO,Mostrador,latte,1,,Nequi,C217
4735,2026-09-05,19:21,Nübe Altico,Mostrador,Latte,1,9000,Tarjeta,C073
498,2026-08-07,13:53,Nübe Centro,Domicilio,Tinto,1,3000,TARJETA,C061
5302,2026-09-10,10:57,Nübe Centro,Mostrador,Latte,1,9000,Efectivo,C144
243,2026-08-05,11:14,Nübe Centro,Mostrador,Latte,1,9000,Efectivo,C160
2244,2026-08-19,07:23,Nübe Centro,Mostrador,Croissant de almendras,1,8000,Efectivo,
4840,06/09/2026,15:58,Nübe Altico,Mostrador,Frappé de café,2,11000,Nequi,
5585,2026-09-12,09:08,Nübe Centro,Domicilio,Latte,1,9000,Nequi,
6498,2026-09-19,08:08,Nübe Centro,Mostrador,Chocolate caliente,2,7500,Nequi,
3286,2026-08-26,07:51,Nübe Altico,Mostrador,Croissant,2,6000,Nequi,
4312,2026-09-03,13:52,Nübe Centro,Mostrador,Croissant,2,6000,Nequi,
3142,2026-08-25,07:32,Nübe Centro,Domicilio,Croissant,2,6000,Tarjeta,
526,2026-08-07,15:06,Nübe Centro,Mostrador,Croissant,1,6000,Tarjeta,C271
4095,2026-09-01,11:40,Nübe Centro,Mostrador,Tinto,1,3000,Nequi,
646,2026-08-07,09:49,NUBE ALTICO,Domicilio,Tinto,1,3000,Tarjeta,C145
3121,2026-08-25,06:09,Nübe Centro,Mostrador,Capuchino,1,8500,Tarjeta,
6747,2026-09-20,10:48,Nübe Altico,Mostrador,Latte,3,9000,Efectivo,
943,09/08/2026,17:26,Nübe Centro,Domicilio,Croissant,1,6000,Nequi,
851,2026-08-09,13:58,Nübe Centro,Mostrador,Frappé de café,1,11000,Efectivo,C051
1998,2026-08-17,09:43,Nübe Centro,Domicilio,Frappé de café,1,11000,Efectivo,
979,2026-08-09,15:56,Nübe Altico,Mostrador,Americano,1,5000,Efectivo,
1516,2026-08-14,17:42,Nübe Centro,Domicilio,Capuchino,1,8500,Nequi,
704,2026-08-08,12:02,Nübe Centro,Mostrador,Americano,1,5000,Tarjeta,
6878,2026-09-21,12:39,altico,Mostrador,chocolate caliente,1,7500,Nequi,C241
3761,29/08/2026,08:40,Nübe Altico,Domicilio,Chocolate caliente,1,7500,Tarjeta,
465,2026-08-06,18:03,Nübe Altico,Mostrador,Frappé de café,1,$11.000,Nequi,
4000,31/08/2026,10:04,NUBE ALTICO,Mostrador,Capuchino,1 und,8500,Efectivo,C281
7380,2026-09-26,09:22,Nübe Centro,Mostrador,Americano,1,5000,Nequi,C111
6932,2026-09-22,08:23,Nube Centro ,Mostrador,Croissant,1,6000,Nequi,
4979,2026-09-07,19:14,Nübe Altico,Mostrador,Tinto,1,3000,Nequi,
3084,2026-08-24,07:43,Nübe Altico,Mostrador,americano,1,5000,Efectivo,
2441,20/08/2026,13:49,Nübe Altico,Mostrador,Croissant de almendras,1,8000,Nequi,C060
884,2026-08-09,10:23,Nübe Centro,Mostrador,Croissant,1,6000,,
1758,2026-08-15,17:03,Nübe Altico,Domicilio,Capuchino,2 und,8500,Efectivo,
3362,2026-08-27,10:59,Nübe Centro,Mostrador,Chocolate caliente,1,7500,Efectivo,C291
6684,2026-09-20,12:11,Nübe Centro,Mostrador,Capuchino,1,8500,Tarjeta,
1435,2026-08-13,16:10,Nübe Altico,Mostrador,Capuchino,2,,Efectivo,
6321,2026-09-18,07:41,centro,Mostrador,Capuchino,1,8500,Nequi,
2841,2026-08-23,10:54,Nübe Centro,Mostrador,Chocolate caliente,1,7500,Tarjeta,
4569,2026-09-05,16:31,Nübe Centro,Mostrador,Capuchino,1,8500,EFECTIVO,
1007,2026-08-10,17:49,Nübe Centro,Domicilio,Croissant de almendras,1,8000,Efectivo,
4972,2026-09-07,18:35,Nübe Altico,Mostrador,Latte,1,9000,Efectivo,
1765,2026-08-16,10:42,Nübe Centro,Domicilio,Capuchino,1,8500,Efectivo,
6644,2026-09-20,18:07,Nübe Centro,Domicilio,Capuchino,1,8500,Efectivo,
7625,27/09/2026,12:17,NUBE ALTICO,Domicilio,Croissant de almendras,1,8000,Efectivo,C036
2186,2026-08-18,14:14,Nübe Altico,Mostrador,frappé de café,1,11000,Nequi,
6242,2026-09-17,07:23,Nübe Centro,Mostrador,Croissant,1,6000,Tarjeta,
596,2026-08-07,10:14,Nübe Altico,Mostrador,Croissant de almendras,1,8000,Nequi,
2526,2026-08-21,14:31,Nübe Centro,Mostrador,Latte,1,9000,Tarjeta,
5761,2026-09-13,15:33,Nübe Altico,Mostrador,Chocolate caliente,1 und,7500,Tarjeta,
4143,2026-09-01,07:30,Nübe Altico,Mostrador,Croissant,1,6000,Tarjeta,
5988,15/09/2026,08:09,Nübe Centro,Domicilio,Capuccino,1,8500,Nequi,C085
2351,2026-08-20,07:35,Nübe Centro,Mostrador,Tinto,2,3000,Efectivo,
6981,2026-09-22,08:04,Nübe Altico,Mostrador,Croissant almendras,2,8000,Efectivo,C131
696,2026-08-08,08:37,Nübe Centro,Mostrador,Chocolate caliente,1,7500,Tarjeta,
5861,2026-09-14,08:18,Nübe Centro,Mostrador,Croissant,1,$6.000,Efectivo,C242
5313,2026-09-10,10:45,Nübe Centro,Mostrador,Tinto,1,3000,Efectivo,
4766,2026-09-06,08:43,Nube Centro ,Mostrador,Capuchino,1,8500,EFECTIVO,C026
3540,2026-08-28,13:36,Nübe Altico,Mostrador,Chocolate caliente,1,7500,EFECTIVO,
6963,2026-09-22,16:38,Nübe Altico,Mostrador,Croissant almendras,1,8000,Nequi,
4387,03/09/2026,12:21,Nübe Altico,Mostrador,Croissant de almendras,1,8000,Efectivo,
289,2026-08-05,08:42,Nübe Altico,Mostrador,Capuchino,1,8500,Tarjeta,
5194,09/09/2026,18:36,Nübe Centro,Domicilio,Capuchino,1,8500,Efectivo,
2006,17/08/2026,10:52,Nübe Centro,Mostrador,Tinto,1,3000,Efectivo,
6867,2026-09-21,15:10,Nübe Altico,Mostrador,Latte,1,9000,Tarjeta,C297
7055,2026-09-23,09:11,centro,Mostrador,Latte,1,9000,Efectivo,C194
4206,2026-09-02,10:39,Nübe Centro,Mostrador,Capuchino,1,8500,Efectivo,
7345,25/09/2026,08:07,Nübe Altico,Mostrador,Croissant,1,6000,Efectivo,
7239,2026-09-25,08:36,Nübe Centro,Mostrador,Tinto,1,$3.000,Efectivo,
1659,2026-08-15,17:08,Nübe Centro,Mostrador,Latte,1,9000,Nequi,
593,2026-08-07,11:00,NUBE ALTICO,Domicilio,Americano,1,5000,Efectivo,C189
2372,2026-08-20,16:42,Nübe Centro,Mostrador,Croissant almendras,1,8000,Tarjeta,C004
5243,2026-09-09,09:31,Nübe Altico,Mostrador,Croissant de almendras,1,8000,Tarjeta,C260
6258,2026-09-17,09:25,Nübe Altico,Mostrador,Croissant de almendras,1,8000,Efectivo,
7029,2026-09-23,10:03,Nübe Centro,Domicilio,Tinto,1,,Nequi,C021
15,2026-08-03,12:43,centro,Mostrador,Frappé de café,1,11000,Nequi,
7112,2026-09-24,09:36,Nübe Centro,Mostrador,croissant de almendras,1,8000,Efectivo,
1163,2026-08-11,15:50,Nübe Altico,Domicilio,Americano,1,5000,Nequi,
658,2026-08-08,18:18,Nübe Centro,Domicilio,TINTO,2,3000,Tarjeta,C253
6416,2026-09-18,16:24,Nübe Altico,Mostrador,Americano,1,5000,NEQUI,C073
4166,2026-09-01,11:08,Nübe Altico,Mostrador,Croissant,2,6000,,
5881,2026-09-14,09:02,Nübe Centro,Mostrador, LATTE,1,9000,Nequi,C221
730,2026-08-08,10:10,Nübe Centro,Domicilio,Croissant,1,6000,Nequi,C230
5729,2026-09-13,16:31,Nübe Centro,Domicilio,Tinto,1,3000,,C279
7281,2026-09-25,07:02,Nübe Centro,Mostrador,Tinto,1,3000,Tarjeta,
6983,2026-09-22,11:34,Nübe Altico,Mostrador,Tinto,1,3000,Nequi,
3988,2026-08-31,09:36,Nübe Centro,Mostrador,Americano,1,5000,Efectivo,C094
3073,2026-08-24,07:06,Nübe El Altico,Mostrador,Tinto,1,3000,Nequi,
7459,2026-09-26,11:32,Nübe Altico,Mostrador,Latte,1,9000,Efectivo,C275
1292,2026-08-12,06:24,Nübe Altico,Mostrador,Croissant de almendras,2,$8.000,Tarjeta,C009
5226,2026-09-09,08:43,Nübe Altico,Mostrador,Chocolate caliente,1,7500,Nequi,
153,2026-08-04,07:54,Nübe Centro,Mostrador,Capuchino,1,8500,Efectivo,
1791,2026-08-16,10:31,Nübe Centro,Mostrador,Frappé de café,1,11000,Nequi,
7324,2026-09-25,08:05,Nübe Altico,Mostrador,Croissant,2,6000,EFECTIVO,C001
5076,2026-09-08,09:15,Nübe Altico,Mostrador,Croissant de almendras,1,8000,Nequi,C044
6965,2026-09-22,16:20,Nübe Altico,Mostrador,Croissant de almendras,1 und,8000,Nequi,C030
4811,2026-09-06,06:46,Nübe Centro,Mostrador,Americano,2,5000,Tarjeta,
3824,2026-08-30,06:01,Nübe Centro,Mostrador,Chocolate caliente,1,7500,Tarjeta,
212,2026-08-04,16:12,Nübe Altico,Domicilio,Croissant,3,$6.000,Efectivo,
3434,27/08/2026,07:16,Nübe Altico,Mostrador,Capuccino,1,$8.500,Efectivo,C215
4504,2026-09-04,15:05,Nübe Centro,Mostrador,Croisant,1,6000,Efectivo,
416,2026-08-06,07:10,Nübe Altico,Mostrador,Americano,1,5000,Efectivo,C184
947,2026-08-09,19:13,Nübe El Altico,Mostrador,Frappé de café,1 und,$11.000,Nequi,C197
4883,2026-09-06,14:31,Nübe Altico,Mostrador,Latte,1,9000,Efectivo,C012
595,2026-08-07,17:31,Nübe Altico,Mostrador,Tinto,1,3000,Tarjeta,
3529,2026-08-28,11:47,Nübe Centro,Mostrador,Latte,1,9000,Efectivo,C038
3071,2026-08-24,08:57,altico,Mostrador,Croissant de almendras,1,8000,Tarjeta,
5500,2026-09-11,12:51,Nübe Altico,Mostrador,Capuchino,1,8500,EFECTIVO,
5162,2026-09-09,12:14,Nübe Centro,Domicilio,Croissant de almendras,3,8000,Tarjeta,C217
7519,2026-09-26,12:18,altico,Mostrador,Capuchino,1,$8.500,Efectivo,C187
6019,2026-09-15,07:17,Nübe Altico,Domicilio,Croissant de almendras,1,8000,Tarjeta,C255
4040,2026-08-31,16:43,Nübe Altico,Mostrador,Late,1,9000,Nequi,
6864,2026-09-21,07:47,Nübe Altico,Domicilio,Croissant,1,6000,,
6700,2026-09-20,08:21,Nübe Centro,Domicilio,Tinto,1,3000,Efectivo,
7255,25/09/2026,09:43,Nübe Centro,Mostrador,croissant de almendras,1,$8.000,Efectivo,C120
2718,2026-08-22,14:16,Nübe Altico,Mostrador,Americano,1,5000,Nequi,
4225,2026-09-02,08:03,Nübe Centro,Mostrador,Croissant,1,6000,Nequi,
5079,2026-09-08,13:47,Nübe Altico,Mostrador,Frappé de café,2,11000,Tarjeta,
6470,2026-09-19,14:56,Nübe Centro,Mostrador,latte,1,9000,Tarjeta,
2060,2026-08-17,08:49,Nübe Altico,Mostrador,croissant de almendras,1,8000,Tarjeta,
116,04/08/2026,20:31,Nübe Centro,Mostrador,Croissant,1,6000,Nequi,
4456,2026-09-04,10:07,Nübe Centro,Mostrador,Croissant,1,6000,Nequi,
5641,2026-09-12,16:25,Nübe Altico,Domicilio,Chocolate caliente,1,7500,Tarjeta,C250
6325,2026-09-18,07:18,NUBE CENTRO,Mostrador,Americano,1,5000,Tarjeta,C128
6279,17/09/2026,13:36,Nübe Altico,Mostrador,CROISSANT ,2,,Efectivo,
5343,10/09/2026,12:10,Nübe Altico,Domicilio,CAPUCHINO,1,8500,Nequi,
868,09/08/2026,10:49,Nübe Centro,Mostrador,tinto,1,3000,Nequi,
1699,2026-08-15,11:26,Nübe Centro,Mostrador,Croissant,2,6000,Efectivo,
5746,2026-09-13,09:07,Nübe Altico,Mostrador,Capuchino,1,8500,Nequi,
3692,2026-08-29,09:15,Nübe Centro,Mostrador,Croissant de almendras,1,8000,Nequi,
3652,2026-08-29,08:35,Nübe Centro,Mostrador,Tinto,2,3000,Tarjeta,C160
4014,2026-08-31,10:07,Nübe Altico,Domicilio,Croissant,1,6000,Tarjeta,C270
708,2026-08-08,17:04,Nübe Centro,Mostrador,Americano,1,$5.000,Tarjeta,C074
13,2026-08-03,09:08,Nübe Centro,Mostrador,Tinto,1,3000,Efectivo,
2481,2026-08-21,07:34,Nübe Centro,Domicilio,croissant,2,6000,Nequi,C035
3424,2026-08-27,17:03,Nübe Altico,Mostrador,Croissant,1 und,6000,Tarjeta,
589,2026-08-07,09:21,Nübe Altico,Mostrador,capuchino,1,8500,Efectivo,
3965,2026-08-31,12:51,Nübe Centro,Mostrador,Croissant de almendras,1,8000,Nequi,C170
3876,2026-08-30,07:16,Nübe Altico,Mostrador,Americano,2,5000,Efectivo,
3006,2026-08-24,06:03,Nube Centro ,Mostrador,Frappé de café,2,11000,Tarjeta,
4413,2026-09-03,12:20,Nübe Altico,Domicilio,Americano,1,5000,Nequi,C226
430,2026-08-06,17:10,Nübe Altico,Mostrador,Croissant,1,6000,Efectivo,
839,2026-08-08,08:25,Nübe Altico,Mostrador,Capuchino,1,$8.500,Nequi,
4145,2026-09-01,08:42,Nübe Altico,Mostrador,Croissant de almendras,2,8000,Nequi,
5215,2026-09-09,10:40,Nübe Altico,Mostrador,Croissant,1,6000,Tarjeta,
1516,2026-08-14,17:42,Nübe Centro,Domicilio,Latte,1,9000,Nequi,
4661,2026-09-05,07:09,Nübe Centro,Domicilio,Croissant de almendras,2,8000,Tarjeta,C183
150,2026-08-04,19:40,Nübe Centro,Mostrador,Chocolate caliente,1,$7.500,Tarjeta,C300
2586,2026-08-21,08:28,Nübe Altico,Mostrador,Tinto,1,3000,Nequi,
6205,2026-09-17,07:47,Nübe Centro,Mostrador,Americano,1,5000,Tarjeta,
120,04/08/2026,12:01,Nübe Centro,Mostrador,Americano,1,5000,Efectivo,C267
3100,2026-08-25,07:14,Nübe Centro,Mostrador,Tinto,1,3000,Tarjeta,
4457,2026-09-04,15:49,Nübe Centro,Mostrador,Americano,2,,,C144
3323,2026-08-27,14:59,Nübe Centro,Mostrador,Latte,2,9000,Efectivo,
2056,2026-08-17,07:25,Nübe El Altico,Mostrador,Croissant,1,6000,Nequi,C061
6008,2026-09-15,16:09,Nübe Altico,Domicilio,Tinto,1,3000,Efectivo,C237
4615,2026-09-05,10:46,centro,Mostrador,Tinto,1,3000,Efectivo,
6564,2026-09-19,11:30,Nübe Altico,Mostrador,latte,1,9000,Tarjeta,C126
2263,2026-08-19,16:56,Nübe Centro,Mostrador,Americano,1,5000,NEQUI,C112
7082,23/09/2026,09:40,Nübe Altico,Domicilio,Croissant almendras,2,8000,Nequi,
6574,2026-09-19,07:49,NUBE ALTICO,Mostrador,Frappé de café,2,11000,Nequi,
7521,26/09/2026,09:26,Nübe Altico,Domicilio,Croissant de almendras,1,8000,Nequi,
3287,2026-08-26,17:32,Nübe Altico,Mostrador,Americano,1,5000,Nequi,
22,2026-08-03,18:35,Nübe Centro,Mostrador,Frappe de cafe,1,11000,Tarjeta,
4147,2026-09-01,15:41,Nübe Altico,Mostrador,Americano,2,5000,Nequi,C150
3745,2026-08-29,19:39,Nübe Altico,Mostrador,Chocolate caliente,1 und,7500,Tarjeta,C074
7496,2026-09-26,20:56,Nübe Altico,Domicilio,Frappé de café,1,$11.000,,C085
2788,22/08/2026,10:05,Nübe Altico,Mostrador,Latte,1,9000,Efectivo,C229
881,2026-08-09,14:54,Nübe Centro,Mostrador,Croissant,1,$6.000,Nequi,
1003,2026-08-09,10:11,Nübe Altico,Mostrador,Croissant de almendras,1,8000,Tarjeta,
1595,2026-08-15,08:31,Nübe Centro,Domicilio,Tinto,1,3000,,C039
4677,05/09/2026,18:53,Nübe Altico,Domicilio,Capuchino,1,8500,Efectivo,
3228,2026-08-26,09:54,Nübe Centro,Mostrador,Tinto,1 und,3000,Tarjeta,
2833,2026-08-23,19:22,Nübe Centro,Mostrador,Americano,1,$5.000,Tarjeta,
1233,12/08/2026,12:01,Nübe Centro,Mostrador,Croissant de almendras,1 und,$8.000,Nequi,C296
1866,2026-08-16,07:14,Nübe Altico,Mostrador,Capuchino,1,8500,Nequi,C273
5322,2026-09-10,14:59,Nübe Centro,Mostrador,Chocolate caliente,1,7500,Tarjeta,
4197,2026-09-02,15:08,Nübe Centro,Domicilio,Frappé de café,1,11000,Efectivo,C064
3393,2026-08-27,08:24,Nübe Centro,Mostrador,Tinto,1,3000,Tarjeta,C061
6323,2026-09-18,16:15,Nübe Centro,Domicilio,Croissant de almendras,1,8000,Tarjeta,
3692,2026-08-29,09:15,Nübe Centro,Mostrador,Capuchino,2,8500,Nequi,
1983,2026-08-17,14:07,Nübe Centro,Mostrador,Capuchino,1,8500,Tarjeta,C075
3817,2026-08-30,10:25,Nübe Centro,Mostrador,Americano,1,5000,Nequi,
5955,2026-09-15,09:35,Nübe Centro,Mostrador,Tinto,0,3000,Efectivo,C263
2500,2026-08-21,16:04,Nube Centro ,Domicilio,Capuchino,1,8500,NEQUI,C234
3776,29/08/2026,13:36,Nübe Altico,Mostrador,Capuchino,1,8500,Nequi,C293
6105,2026-09-16,09:35,Nübe Centro,Mostrador,Tinto,1,3000,Efectivo,
1205,2026-08-12,09:56,Nübe Centro,Mostrador,Croissant de almendras,1,8000,Tarjeta,
5465,2026-09-11,07:43,Nübe Centro,Mostrador,Croissant,1,6000,Nequi,C096
191,2026-08-04,17:32,Nübe Altico,Mostrador,Capuchino,3,8500,Nequi,
5904,2026-09-14,19:23,Nübe Altico,Domicilio,Frappé de café,1,11000,EFECTIVO,
3468,2026-08-28,19:21,Nübe Centro,Domicilio,Capuchino,1,8500,Nequi,
4911,2026-09-07,08:33,Nübe Centro,Mostrador,Croissant,1,6000,Nequi,C022
5331,2026-09-10,06:32,Nübe Altico,Domicilio,Tinto,1,3000,Efectivo,C117
1323,2026-08-13,16:33,Nübe Centro,Mostrador,Frappé de café,1,11000,Efectivo,C058
3616,2026-08-29,09:48,Nübe Centro,Domicilio,Croissant,1,6000,Efectivo,C190
6616,2026-09-19,14:02,Nübe Altico,Mostrador,Croissant,1,6000,Nequi,
6330,18/09/2026,09:02,Nübe Centro,Mostrador,Capuchino,2,8500,Efectivo,
2572,2026-08-21,15:17,Nübe Altico,Mostrador,Chocolate caliente,1,7500,Nequi,C123
5600,2026-09-12,19:50,Nübe Centro,Mostrador,Capuchino,1,8500,Nequi,
1086,2026-08-10,15:18,NUBE ALTICO,Mostrador,Americano,1 und,5000,Tarjeta,
6527,2026-09-19,14:20,Nübe Centro,Mostrador,Croissant almendras,2,8000,Efectivo,
5162,2026-09-09,12:14,Nübe Centro,Domicilio,Latte,1,9000,Tarjeta,C217
7449,2026-09-26,11:40,Nübe Centro,Mostrador,Chocolate caliente,3,7500,Tarjeta,
4093,2026-09-01,14:50,Nübe Centro,Domicilio,Croissant de almendras,1,8000,Efectivo,
6362,2026-09-18,10:01,Nübe Centro,Mostrador,Croisant,1,6000,Nequi,C097
256,2026-08-05,12:32,Nübe Centro,Domicilio,Americano,1,$5.000,,C259
559,07/08/2026,13:26,Nübe Centro,Mostrador,Latte,1,9000,Nequi,
3239,2026-08-26,09:44,Nübe Centro,Mostrador,Croissant de almendras,1,8000,Efectivo,
6827,2026-09-21,09:52,Nübe Centro,Mostrador,Frappé de café,2,$11.000,Nequi,
3937,2026-08-31,12:08,Nübe Centro,Mostrador,Latte,1,$9.000,Tarjeta,
873,2026-08-09,09:06,Nübe Centro,Mostrador,Capuccino,1,8500,Tarjeta,
6136,2026-09-16,09:17,Nübe Altico,Mostrador,Tinto,1,3000,Tarjeta,
5578,2026-09-12,09:40,Nübe Centro,Mostrador,Capuchino,1,8500,Tarjeta,
6083,2026-09-16,16:17,Nübe Centro,Domicilio,Croissant de almendras,1,8000,,
6506,19/09/2026,12:08,Nübe Centro,Domicilio,Latte,1,9000,Efectivo,
2717,2026-08-22,09:09,Nübe Altico,Domicilio,Croissant,1,6000,Efectivo,
1586,2026-08-15,16:55,Nübe Centro,Mostrador,Croissant,1,$6.000,Efectivo,C082
7203,2026-09-24,17:38,Nübe El Altico,Mostrador,Tinto ,2,3000,Nequi,C217
2084,2026-08-18,12:35,Nübe Centro,Mostrador,Croissant de almendras,2,8000,Tarjeta,
540,2026-08-07,07:50,Nübe Centro,Mostrador,Americano,1,$5.000,Tarjeta,C214
3190,2026-08-25,17:03,Nübe Altico,Mostrador,tinto,1,3000,Nequi,C040
3044,2026-08-24,08:38,Nübe Centro,Mostrador,Capuccino,1,8500,,
3076,2026-08-24,09:56,Nübe Altico,Mostrador,Americano,1,5000,Tarjeta,C213
3419,2026-08-27,16:55,Nübe Altico,Mostrador,Latte,3,9000,Tarjeta,
7571,2026-09-27,15:19,Nübe Centro,Mostrador,Capuchino,3 und,8500,Efectivo,
5038,08/09/2026,10:51,Nübe Centro,Domicilio,Croissant,2,6000,Efectivo,
5388,2026-09-10,12:20,Nübe Altico,Mostrador,Capuchino,,8500,Nequi,
5878,2026-09-14,10:56,Nübe Centro,Domicilio,Capuchino,1,8500,Tarjeta,
4561,2026-09-04,08:48,Nübe Altico,Mostrador,Americano,1 und,$5.000,Nequi,
5412,2026-09-11,15:35,Nübe Centro,Domicilio,croissant de almendras,1,8000,Efectivo,C050
1101,2026-08-11,09:53,Nübe Centro,Mostrador,Chocolate caliente,1,7500,TARJETA,C046
2005,2026-08-17,16:59,Nübe Centro,Domicilio,Tinto,1,3000,Efectivo,
4265,2026-09-02,17:52,Nübe Altico,Mostrador,chocolate caliente,3,$7.500,Efectivo,
7184,24/09/2026,13:40,altico,Mostrador,Croissant,1,6000,Tarjeta,
1339,2026-08-13,17:20,Nübe Centro,Mostrador,Croissant,1,6000,Efectivo,
3227,2026-08-26,09:57,Nübe Centro,Mostrador,Americano,2,5000,Efectivo,
1940,2026-08-17,06:56,Nübe Centro,Mostrador,Capuchino,2,8500,Efectivo,C239
6040,2026-09-15,11:28,Nübe Altico,Mostrador,Croissant de almendras,1,8000,Tarjeta,
5023,2026-09-08,18:51,centro,Mostrador,Latte,2,9000,Efectivo,C172
4935,07/09/2026,12:58,Nübe Centro,Mostrador,Tinto,1,3000,,C094
3647,2026-08-29,12:37,Nübe Centro,Mostrador,Croissant,1,6000,Efectivo,
3333,2026-08-27,16:07,Nübe Centro,Mostrador,Americano,1,5000,Tarjeta,
1045,2026-08-10,09:59,Nübe Centro,Mostrador,Chocolate caliente,2,$7.500,Nequi,
4968,2026-09-07,18:34,altico,Mostrador,Croissant,1,$6.000,Tarjeta,
3505,2026-08-28,08:45,Nübe Centro,Mostrador,Capuchino,1,8500,Nequi,
3245,2026-08-26,07:27,Nübe Centro,Mostrador,Tinto,2,3000,Nequi,
1303,2026-08-12,16:34,Nübe Altico,Mostrador,CAPUCHINO,1,8500,Nequi,
7248,2026-09-25,11:38,Nübe Centro,Mostrador,Croissant,,6000,Efectivo,C142
6845,2026-09-21,07:14,Nübe Altico,Mostrador,Americano,1,5000,Efectivo,C282
1463,2026-08-14,16:14,Nübe Centro,Mostrador,Croissant,2,6000,Efectivo,C214
3863,2026-08-30,09:35,Nübe Centro,Mostrador,Croissant de almendras,1,8000,Nequi,
6829,2026-09-21,10:16,Nübe Centro,Mostrador,Capuchino,1,8500,Efectivo,C034
5387,2026-09-10,11:13,Nübe Altico,Mostrador,Croissant,1,6000,Tarjeta,
5148,2026-09-09,07:15,Nübe Centro,Mostrador,Frappé de café,2,11000,Efectivo,
7642,2026-09-27,10:28,Nübe Altico,Mostrador,Capuchino,2,8500,Nequi,C175
2913,2026-08-23,07:54,Nübe Altico,Mostrador,Croissant,2,6000,Tarjeta,
3584,2026-08-28,17:20,Nübe El Altico,Domicilio,Tinto,1,3000,Nequi,C046
7038,2026-09-23,20:48,Nübe Centro,Mostrador,Croissant,1,6000,Tarjeta,
1546,2026-08-14,12:26,Nübe Altico,Mostrador,Tinto,1,3000,Efectivo,
805,2026-08-08,15:16,Nübe Altico,Mostrador,CAPUCHINO,1,8500,Nequi,C126
7401,2026-09-26,10:50,Nübe Centro,Mostrador,Latte,1,9000,Efectivo,
162,2026-08-04,07:24,Nübe Centro,Mostrador,Croissant,1,$6.000,Nequi,
1804,2026-08-16,15:48,Nübe Centro,Mostrador,AMERICANO,1,5000,Tarjeta,
3671,2026-08-29,17:54,Nübe Centro,Mostrador,Croissant,1,6000,Nequi,C194
5319,2026-09-10,16:29,Nübe Centro,Domicilio,Capuchino,2,8500,Tarjeta,
4037,31/08/2026,15:12,Nübe Altico,Mostrador,Frappé de café,1,11000,Nequi,C129
5309,2026-09-10,09:26,Nübe Centro,Mostrador,Latte,1,9000,Tarjeta,
2137,2026-08-18,13:45,Nübe Centro,Mostrador,Tinto,1,3000,Tarjeta,C012
6729,2026-09-20,09:18,altico,Mostrador,Latte,1,9000,Tarjeta,
1775,2026-08-16,08:27,Nübe Centro,Mostrador,Frappé de café,1,11000,Tarjeta,C141
1872,2026-08-16,10:53,Nübe Altico,Domicilio,Tinto,1,3000,Tarjeta,C103
3991,2026-08-31,12:23,Nübe Centro,Mostrador,Capuchino,1,8500,Tarjeta,
4093,2026-09-01,14:50,Nübe Centro,Domicilio,Capuchino,1,8500,Efectivo,
6013,2026-09-15,08:03,NUBE ALTICO,Mostrador,Chocolate caliente,1,7500,Tarjeta,C245
2945,2026-08-23,15:14,Nübe Altico,Mostrador,Frappé de café,1,11000,Efectivo,
756,2026-08-08,18:48,Nübe Centro,Mostrador,Capuchino,1,8500,Efectivo,
982,2026-08-09,08:53,Nübe Altico,Domicilio,Croisant,1,6000,TARJETA,C294
5494,2026-09-11,09:47,Nübe Altico,Mostrador,Chocolate caliente,2,7500,NEQUI,
3020,2026-08-24,17:12,Nübe Centro,Mostrador,frappé de café,1,11000,Tarjeta,C250
3977,31/08/2026,17:42,Nübe Centro,Domicilio,Latte,1,$9.000,Tarjeta,C156
2208,19/08/2026,16:54,Nübe Centro,Mostrador,Capuchino,1 und,8500,Tarjeta,
915,2026-08-09,09:55,Nübe Centro,Mostrador,Americano,1,5000,Tarjeta,
716,2026-08-08,15:01,Nübe Centro,Mostrador,Capuchino,1,8500,Efectivo,
3449,2026-08-27,07:48,Nübe Altico,Domicilio,Croissant,1,6000,Nequi,C101
1369,2026-08-13,15:01,NUBE CENTRO,Mostrador,Croissant de almendras,1,8000,Tarjeta,
3991,2026-08-31,12:23,Nübe Centro,Mostrador,Tinto,1,3000,Tarjeta,
4781,2026-09-06,12:24,Nübe Centro,Mostrador,Tinto,2,$3.000,Nequi,
3479,2026-08-28,13:46,Nübe Centro,Mostrador,Capuchino,1,8500,EFECTIVO,
4837,2026-09-06,10:13,Nübe Centro,Mostrador,Croissant,1,6000,Nequi,C230
4171,2026-09-01,06:42,Nübe Altico,Mostrador,Tinto,1,3000,NEQUI,
4122,2026-09-01,09:30,Nübe Centro,Mostrador,Capuchino,1,8500,Tarjeta,C251
917,2026-08-09,09:16,Nübe Centro,Mostrador,Croisant,1,6000,Nequi,
7590,2026-09-27,08:03,Nübe Centro,Mostrador,Latte,1,9000,NEQUI,
1679,2026-08-15,09:33,Nübe Centro,Domicilio,Capuchino,1,8500,Tarjeta,C266
7084,2026-09-23,14:39,Nübe Altico,Mostrador,Croissant,1,6000,Efectivo,C143
6910,2026-09-22,07:42,Nübe Centro,Mostrador,Frappé de café,0,11000,Nequi,
1903,16/08/2026,13:24,Nübe Altico,Mostrador,Late,1,9000,Tarjeta,
4809,2026-09-06,09:10,Nübe Centro,Mostrador,Tinto,1,3000,Efectivo,C111
4535,2026-09-04,06:21,Nübe Altico,Mostrador,Croissant,1,6000,Efectivo,C157
1972,2026-08-17,12:21,Nübe Centro,Mostrador,Croissant,2,6000,Tarjeta,C091
6605,2026-09-19,12:03,Nübe Altico,Mostrador,Tinto,1,3000,Tarjeta,C243
2299,2026-08-19,07:16,Nübe Altico,Mostrador,Tinto,1,3000,Tarjeta,
1916,2026-08-17,12:09,NUBE CENTRO,Mostrador,Chocolate caliente,1,7500,Nequi,C043
6503,2026-09-19,08:17,Nübe Centro,Domicilio,Latte,1,9000,NEQUI,C223
6142,2026-09-16,11:01,Nübe Altico,Mostrador,Croissant de almendras,1,8000,Tarjeta,C023
1583,15/08/2026,07:49,Nübe Centro,Mostrador,Croissant,3,6000,Efectivo,C164
1486,2026-08-14,07:36,Nübe Centro,Mostrador,Tinto,1,3000,Efectivo,
2912,2026-08-23,09:22,NUBE ALTICO,Mostrador,Capuchino,1,8500,Nequi,
7671,2026-09-27,11:25,Nübe Altico,Mostrador,Frappé de café,1,11000,Tarjeta,
6034,2026-09-15,12:18,Nübe Altico,Domicilio,CROISSANT ,1,,Nequi,C003
4087,2026-09-01,08:02,Nübe Centro,Mostrador,Tinto,1,3000,Nequi,C214
452,2026-08-06,17:21,Nübe Altico,Mostrador,Tinto,2,$3.000,Tarjeta,
5291,2026-09-10,17:59,Nübe Centro,Mostrador,Croissant,2,,Nequi,C289
344,2026-08-06,12:57,Nübe Centro,Domicilio,Tinto,1,3000,Efectivo,
656,2026-08-08,07:33,Nübe Centro,Mostrador,Croissant,2,6000,Nequi,
6017,15/09/2026,12:06,Nübe Altico,Domicilio,Tinto,1,3000,Nequi,C077
3056,2026-08-24,18:01,Nübe Altico,Domicilio,Tinto,1,$3.000,Efectivo,C023
6544,2026-09-19,19:27,altico,Mostrador,Capuchino,2,8500,Tarjeta,
5060,2026-09-08,07:09,Nübe Centro,Domicilio,Croissant almendras,1 und,8000,Efectivo,C006
4188,2026-09-02,07:09,Nübe Centro,Mostrador,Latte,1,9000,Nequi,
2690,2026-08-22,08:17,Nübe Centro,Mostrador,Latte,1,9000,Tarjeta,
1264,2026-08-12,14:31,Nübe Centro,Domicilio,AMERICANO,1,5000,TARJETA,C189
2223,2026-08-19,15:02,Nübe Centro,Mostrador,Tinto,1,3000,Efectivo,C063
4754,2026-09-06,15:49,Nübe Centro,Domicilio,Americano,2,5000,Efectivo,C233
1828,2026-08-16,10:38,Nübe Centro,Mostrador,Frappé de café,1,$11.000,Nequi,
7674,2026-09-27,16:06,Nübe Altico,Mostrador,americano,1,$5.000,Efectivo,C045
6212,2026-09-17,09:35,Nübe Centro,Mostrador,Croissant,3,6000,Tarjeta,C221
6629,20/09/2026,08:25,Nübe Centro,Mostrador,Latte,1,9000,Tarjeta,
5314,2026-09-10,09:36,Nübe Centro,Domicilio,Tinto,1,3000,Tarjeta,
7545,2026-09-27,18:11,Nübe Centro,Mostrador,latte,1,9000,Efectivo,
5157,2026-09-09,17:49,Nübe Centro,Domicilio,croissant de almendras,1,8000,Nequi,
1466,2026-08-14,07:01,Nübe Centro,Mostrador,capuchino,1,8500,Tarjeta,
760,2026-08-08,09:26,Nübe Centro,Domicilio,Chocolate caliente,1,7500,,
578,07/08/2026,10:12,Nübe Altico,Mostrador,Croissant de almendras,1,8000,Efectivo,
5121,2026-09-08,11:59,Nübe Altico,Mostrador,Tinto,1,3000,Nequi,
2530,2026-08-21,10:47,Nübe Centro,Domicilio,Capuchino,2,8500,Efectivo,C240
734,2026-08-08,10:36,Nübe Centro,Domicilio,Americano,1,5000,Tarjeta,C051
6940,2026-09-22,06:18,Nübe Centro,Mostrador,Tinto,1,3000,Nequi,C152
5077,08/09/2026,13:41,Nübe Altico,Mostrador,Americano,3,5000,Nequi,
3220,26/08/2026,08:17,Nübe Centro,Domicilio,Latte,1,9000,Nequi,C069
3254,2026-08-26,13:42,Nübe Centro,Domicilio,Americano,1,$5.000,Tarjeta,
521,2026-08-07,09:57,Nübe Centro,Mostrador,Capuchino,1,8500,Tarjeta,
4926,2026-09-07,10:11,Nübe Centro,Mostrador,Frappé de café,1,11000,EFECTIVO,
692,2026-08-08,12:54,Nübe Centro,Mostrador,Latte,2,9000,Tarjeta,
7113,2026-09-24,12:32,Nübe Centro,Mostrador,Croissant,1,6000,Tarjeta,
5151,2026-09-09,10:06,Nübe Centro,Mostrador,Croissant de almendras,1,8000,Tarjeta,
6462,2026-09-19,18:48,Nübe Centro,Mostrador,Frappé de café,1,11000,Efectivo,
514,2026-08-07,11:23,NUBE CENTRO,Mostrador,Frappé de café,1,$11.000,Efectivo,
3603,2026-08-29,07:06,Nübe Centro,Mostrador,Tinto,1,3000,Tarjeta,
2849,2026-08-23,11:11,Nübe Centro,Mostrador,Latte,1,9000,Tarjeta,
2421,2026-08-20,16:49,Nübe Altico,Mostrador,Tinto,1,3000,Nequi,
6905,2026-09-22,13:32,Nübe Centro,Mostrador,Frappé de café,1,11000,Efectivo,
606,2026-08-07,17:47,Nübe Altico,Domicilio,Croissant,1,6000,,
3037,2026-08-24,08:21,Nübe Centro,Domicilio,CROISSANT ,1,6000,Nequi,C003
37,2026-08-03,08:26,Nübe Centro,Mostrador,Croissant de almendras,3,8000,Nequi,
2342,2026-08-20,13:48,Nübe Centro,Mostrador,Latte,2,9000,Efectivo,
4078,2026-09-01,17:53,Nübe Centro,Mostrador,Frappé de café,2,11000,Efectivo,C266
4155,2026-09-01,06:47,Nübe Altico,Mostrador,Capuchino,1 und,$8.500,Efectivo,
4130,2026-09-01,09:50,Nübe Centro,Mostrador,Croissant,1,6000,Nequi,C020
4085,2026-09-01,07:59,Nübe Centro,Mostrador,Croissant,1,6000,EFECTIVO,C251
2721,2026-08-22,09:57,NUBE ALTICO,Mostrador,Frappé de café,1,$11.000,Nequi,C004
2855,2026-08-23,19:50,Nübe Centro,Mostrador,Chocolate caliente,1,7500,Tarjeta,
3568,2026-08-28,07:15,Nübe Altico,Mostrador,Latte,3,9000,EFECTIVO,
1689,2026-08-15,07:36,NUBE CENTRO,Mostrador,Capuchino,2,8500,Tarjeta,
3605,2026-08-29,11:45,Nübe Centro,Mostrador,chocolate caliente,1,7500,Efectivo,
7114,2026-09-24,11:45,Nübe Centro,Mostrador,Croissant,1,6000,Efectivo,
6474,2026-09-19,06:08,Nübe Centro,Mostrador,Frappé de café,1,11000,Nequi,C177
228,2026-08-05,07:40,Nübe Centro,Mostrador,Chocolate caliente,1,7500,Efectivo,
3829,2026-08-30,15:25,Nübe Centro,Mostrador,Americano,1,5000,EFECTIVO,
2816,2026-08-23,18:53,Nübe Centro,Mostrador,Capuchino,1,8500,Efectivo,
4754,2026-09-06,15:49,Nübe Centro,Domicilio,Capuchino,1,8500,Efectivo,C233
2925,2026-08-23,07:14,Nübe Altico,Mostrador,Croissant,2,$6.000,Tarjeta,
3047,2026-08-24,08:06,Nübe Centro,Mostrador,TINTO,1,3000,Nequi,C119
6700,2026-09-20,08:21,Nübe Centro,Domicilio,Frappé de café,1,11000,Efectivo,
2370,2026-08-20,14:30,Nübe Centro,Domicilio,Capuchino,1,8500,Efectivo,C043
2121,2026-08-18,10:56,Nübe Centro,Domicilio,Tinto,1,3000,Nequi,C195
4908,2026-09-07,08:10,Nübe Centro,Mostrador,Tinto,1,3000,Efectivo,C011
4915,2026-09-07,17:12,Nube Centro ,Mostrador, Capuchino ,1,8500,Nequi,
3859,2026-08-30,19:31,Nübe Centro,Mostrador,Capuchino,1,8500,,
3359,2026-08-27,07:34,Nube Centro ,Mostrador,Capuchino,1,8500,TARJETA,C094
2375,2026-08-20,10:06,Nübe Centro,Mostrador,croissant de almendras,1,8000,Efectivo,
6416,2026-09-18,16:24,altico,Mostrador,Capuccino,1,8500,Nequi,C073
2669,2026-08-22,10:55,Nübe Centro,Mostrador,Croisant,1,6000,Efectivo,
4564,05/09/2026,17:54,Nübe Centro,Mostrador,Americano,1,5000,Nequi,C181
5281,2026-09-10,15:58,Nübe Centro,Domicilio,tinto,1,3000,Nequi,
1247,2026-08-12,16:42,Nübe Centro,Mostrador,Tinto,1,3000,Efectivo,
3838,2026-08-30,13:21,Nübe Centro,Domicilio,latte,1,9000,Efectivo,C045
4054,2026-09-01,18:04,Nübe Centro,Mostrador,Croissant,1,6000,Tarjeta,C201
94,03/08/2026,20:51,Nübe Altico,Mostrador,Latte,1,,Tarjeta,
283,05/08/2026,10:08,Nübe Altico,Mostrador,Chocolate caliente,1,7500,Nequi,C088
7137,2026-09-24,08:29,Nübe Centro,Mostrador,Frappe de cafe,1,11000,Nequi,
658,2026-08-08,18:18,centro,Domicilio,Croissant,1,6000,Tarjeta,C253
7061,2026-09-23,08:40,Nübe Altico,Mostrador,TINTO,1,3000,Tarjeta,
1852,2026-08-16,12:43,Nübe Centro,Mostrador,Latte,1,9000,Tarjeta,
3361,2026-08-27,07:48,Nübe Centro,Mostrador,Americano,1,5000,Tarjeta,C187
5580,2026-09-12,16:20,Nübe Centro,Mostrador,Tinto,1,3000,Tarjeta,
6742,2026-09-20,16:28,altico,Domicilio,Croissant de almendras,2,8000,Efectivo,C280
2138,2026-08-18,12:36,Nübe Centro,Mostrador,Americano,1 und,5000,Nequi,
441,2026-08-06,09:19,Nübe Altico,Mostrador,croissant,1,6000,Nequi,
561,2026-08-07,16:10,Nübe Centro,Domicilio,Croissant,2,6000,Efectivo,C069
3535,28/08/2026,08:57,Nübe Altico,Mostrador,Americano,1,5000,EFECTIVO,
1036,2026-08-10,08:32,Nübe Centro,Mostrador,Latte,1,9000,Efectivo,
4252,2026-09-02,18:19,Nübe Centro,Mostrador,Capuchino,1,8500,Nequi,
1412,2026-08-13,13:47,Nübe Altico,Mostrador,Croissant de almendras,1,8000,Efectivo,
6345,2026-09-18,19:44,Nübe Centro,Mostrador,CROISSANT ,1,6000,Nequi,
5895,2026-09-14,13:39,Nübe El Altico,Mostrador,Chocolate caliente,1,7500,Efectivo,
3260,2026-08-26,06:28,Nübe Centro,Mostrador,Tinto,,3000,Tarjeta,
5565,2026-09-12,10:08,Nübe Centro,Domicilio,Croissant de almendras,1 und,8000,Efectivo,C248
4820,2026-09-06,12:27,NUBE CENTRO,Mostrador,Capuchino,2,8500,Nequi,
5268,2026-09-10,18:55,Nübe Centro,Mostrador,Chocolate caliente,3,$7.500,Nequi,C081
6705,2026-09-20,09:58,Nübe Centro,Mostrador,Tinto,1,$3.000,Efectivo,
6307,18/09/2026,09:09,centro,Mostrador,Croissant,2,6000,Efectivo,C202
1696,2026-08-15,20:40,Nübe Centro,Mostrador,Croissant de almendras,1,8000,Nequi,
6810,2026-09-21,06:06,Nübe Centro,Mostrador,Latte,1,9000,Tarjeta,
3404,27/08/2026,18:38,Nübe Altico,Mostrador,Croissant,1 und,6000,Nequi,C082
2568,2026-08-21,09:13,Nübe Altico,Mostrador,Chocolate caliente,3,7500,Nequi,
7334,25/09/2026,06:22,Nübe Altico,Mostrador,Tinto,3,,Efectivo,C083
2883,2026-08-23,10:36,Nübe Centro,Domicilio,Croissant de almendras,1,8000,Nequi,
3566,2026-08-28,15:43,Nübe Altico,Domicilio,croissant,1,6000,Tarjeta,
1633,2026-08-15,12:12,centro,Mostrador,americano,2 und,5000,Efectivo,
6208,2026-09-17,08:37,centro,Mostrador,Croissant,1,6000,Nequi,C013
3236,2026-08-26,16:33,Nübe Centro,Mostrador,Croissant,1,6000,Nequi,C213
2966,2026-08-23,16:08,Nübe Altico,Mostrador,americano,1 und,5000,Nequi,C280
3745,2026-08-29,19:39,Nübe Altico,Mostrador,Chocolate caliente,1 und,7500,Tarjeta,C074
2259,2026-08-19,13:31,Nübe Centro,Domicilio,Americano,1,5000,TARJETA,
7038,2026-09-23,20:48,Nübe Centro,Mostrador,capuchino,2,8500,Tarjeta,
7272,25/09/2026,07:20,Nübe Centro,Mostrador,chocolate caliente,1,7500,Tarjeta,C152
3409,2026-08-27,19:03,Nübe Altico,Mostrador,Tinto,1,3000,Nequi,C128
3744,2026-08-29,08:54,Nübe Altico,Mostrador,Capuchino,1,8500,Nequi,C284
2713,22/08/2026,13:18,Nübe Centro,Mostrador,Croissant,1,6000,Efectivo,
7235,2026-09-25,07:22,Nübe Centro,Mostrador,Tinto,1,,Tarjeta,
3717,2026-08-29,07:35,Nübe Altico,Domicilio,Croisant,1,6000,Nequi,
277,2026-08-05,08:00,Nübe Centro,Domicilio,Americano,1,5000,Tarjeta,
5348,2026-09-10,09:19,Nübe Altico,Domicilio,Tinto,1,3000,EFECTIVO,C287
6950,2026-09-22,14:18,Nübe Centro,Domicilio,Latte,1,9000,Tarjeta,C141
4057,2026-09-01,15:52,Nübe Centro,Mostrador,Chocolate caliente,2,7500,Tarjeta,C214
2667,22/08/2026,18:42,Nübe Centro,Domicilio,Croissant,1,$6.000,Efectivo,
3268,2026-08-26,07:59,Nübe Altico,Mostrador,Americano,3,$5.000,Nequi,
1684,2026-08-15,09:12,Nübe Centro,Mostrador,Croissant de almendras,1,8000,Efectivo,
3837,2026-08-30,15:36,Nübe Centro,Mostrador,Chocolate caliente,1,7500,Efectivo,
521,2026-08-07,09:57,Nübe Centro,Mostrador,Tinto,1,3000,Tarjeta,
2970,2026-08-23,19:52,Nübe Altico,Mostrador,Americano,1,5000,Tarjeta,
6904,2026-09-22,19:57,Nübe Centro,Mostrador,Americano,1,5000,Nequi,
3679,2026-08-29,09:44,Nübe Centro,Mostrador,Croissant,1,6000,Nequi,
4845,2026-09-06,15:17,Nübe Altico,Mostrador,Latte,1,9000,Tarjeta,
1346,2026-08-13,18:53,Nübe Centro,Mostrador,Capuchino,1,8500,Nequi,C279
7360,2026-09-25,10:22,Nübe Altico,Mostrador,Croissant de almendras,1,8000,Tarjeta,
813,08/08/2026,19:23,Nübe Altico,Domicilio,Americano,1,5000,Nequi,
1380,2026-08-13,10:43,Nübe Centro,Mostrador,Chocolate caliente,3,7500,Nequi,C246
5357,2026-09-10,18:35,Nübe Altico,Mostrador,Capuchino,1,8500,Tarjeta,
2842,2026-08-23,07:19,Nübe Centro,Mostrador,Capuchino,2,8500,Nequi,
636,2026-08-07,19:13,Nübe Altico,Mostrador,Tinto,3,3000,Efectivo,
7352,25/09/2026,08:21,Nübe Altico,Mostrador,Frappé de café,1,$11.000,Efectivo,
2492,2026-08-21,07:30,Nübe Centro,Mostrador,Americano,2,5000,Efectivo,
5396,2026-09-10,19:08,Nübe Altico,Mostrador,tinto,1,3000,,
6063,2026-09-16,08:52,Nübe Centro,Mostrador,Americano,2,5000,Efectivo,
499,2026-08-07,15:55,Nübe Centro,Domicilio,Americano,1 und,$5.000,Tarjeta,C274
4970,2026-09-07,15:07,Nübe Altico,Mostrador,Americano,1,5000,Tarjeta,C050
1416,2026-08-13,09:36,Nübe Altico,Mostrador,Croissant,3,6000,Tarjeta,C110
7304,2026-09-25,20:19,Nübe Centro,Mostrador,Croissant,2,6000,Nequi,
6041,2026-09-15,09:20,Nübe Altico,Mostrador,Chocolate caliente,2,7500,Tarjeta,C011
163,2026-08-04,08:09,Nübe Centro,Mostrador,Capuchino,1,8500,Nequi,
444,2026-08-06,10:16,Nübe Altico,Mostrador,Croissant,2,6000,Nequi,
3938,2026-08-31,08:00,Nübe Centro,Mostrador,Croissant,1 und,$6.000,Efectivo,
5554,2026-09-12,10:28,Nübe Centro,Mostrador,Americano,2,5000,Nequi,
3010,2026-08-24,09:37,Nübe Centro,Mostrador,Croissant,1,6000,Tarjeta,
6135,2026-09-16,09:24,Nübe Altico,Mostrador,Tinto,1,3000,Efectivo,C206
5896,2026-09-14,17:23,altico,Mostrador,Latte,1,9000,Tarjeta,
5186,2026-09-09,07:46,Nübe Centro,Mostrador,Croissant de almendras,1,8000,Efectivo,C293
7492,2026-09-26,16:40,altico,Domicilio,Capuchino,1,8500,Nequi,C016
2162,2026-08-18,08:52,Nübe Centro,Mostrador,Croissant,1,6000,,
1841,2026-08-16,17:23,Nübe Centro,Mostrador,Croissant de almendras,1,8000,Nequi,
7152,2026-09-24,12:16,Nübe Centro,Mostrador,Capuchino,2,$8.500,Nequi,
4662,05/09/2026,08:41,centro,Mostrador,Croissant de almendras,,$8.000,,C124
6432,2026-09-18,20:42,Nübe Altico,Mostrador,Americano,1,5000,Tarjeta,
2600,2026-08-21,19:09,Nübe Altico,Domicilio,Capuchino,1,8500,Nequi,C177
5495,2026-09-11,14:22,NUBE ALTICO,Mostrador,Frappé de café,1,11000,Efectivo,C089
5447,2026-09-11,08:45,Nübe Centro,Domicilio,Americano,2,5000,Efectivo,
6141,2026-09-16,17:37,Nübe Altico,Mostrador,Tinto,3,3000,Nequi,
783,2026-08-08,08:22,Nübe Altico,Mostrador,Croissant,1,6000,NEQUI,C091
5837,2026-09-14,19:26,Nübe Centro,Mostrador,tinto,3,3000,Nequi,C229
369,2026-08-06,07:09,Nübe Centro,Mostrador,Americano,2,5000,Tarjeta,
13,2026-08-03,09:08,Nübe Centro,Mostrador,Capuchino,1,8500,Efectivo,
5903,14/09/2026,06:04,Nübe Altico,Mostrador,Latte,1,9000,Nequi,
5844,2026-09-14,15:39,Nübe Centro,Mostrador,Capuchino,1,8500,Nequi,
1620,2026-08-15,17:12,Nübe Centro,Mostrador,Frappé de café,2,11000,Nequi,C270
7605,2026-09-27,10:34,Nube Centro ,Domicilio,Americano,2,5000,Tarjeta,
4204,2026-09-02,07:29,Nübe Centro,Mostrador,Capuchino,1,8500,Nequi,
7289,2026-09-25,15:39,Nübe Centro,Mostrador,Latte,1,9000,Efectivo,
4368,2026-09-03,06:37,Nübe Centro,Mostrador,Croissant,1,6000,Tarjeta,
7010,2026-09-23,11:59,Nübe Centro,Mostrador,Tinto,1,3000,Efectivo,
675,2026-08-08,17:18,Nübe Centro,Mostrador,Tinto,1,3000,Efectivo,C081
7206,2026-09-24,17:13,Nübe Altico,Mostrador,Croissant,1,6000,Efectivo,C166
4544,04/09/2026,18:33,Nübe Altico,Domicilio,Latte,3,9000,Efectivo,C184
4693,05/09/2026,09:25,Nübe Altico,Domicilio,Latte,1,9000,Tarjeta,C017
7659,2026-09-27,15:21,altico,Domicilio,Latte,1,9000,EFECTIVO,C284
7054,2026-09-23,10:38,Nübe Centro,Mostrador,Chocolate caliente,,7500,Tarjeta,
3291,2026-08-26,15:42,Nübe Altico,Mostrador,Capuchino,2,8500,Efectivo,C201
2482,21/08/2026,08:33,Nübe Centro,Domicilio,Americano,1,5000,Tarjeta,
5327,2026-09-10,16:44,Nübe Centro,Mostrador,tinto,1,3000,Tarjeta,C221
7144,2026-09-24,16:06,Nübe Centro,Mostrador,Frappé de café,1,11000,TARJETA,C083
2400,2026-08-20,15:18,Nübe Centro,Mostrador,Latte,1,9000,Efectivo,
653,2026-08-07,15:38,Nübe Altico,Domicilio,Tinto,2,3000,Tarjeta,
218,2026-08-04,08:14,Nübe Altico,Mostrador,Croissant,1,6000,Tarjeta,C299
130,2026-08-04,20:27,Nübe Centro,Mostrador,Latte,1 und,9000,Tarjeta,
1453,2026-08-14,09:20,centro,Mostrador,Latte,1,9000,NEQUI,
4961,2026-09-07,14:00,Nübe Altico,Mostrador,CROISSANT ,1 und,6000,Efectivo,
1770,2026-08-16,12:47,Nübe Centro,Mostrador,Americano,1,5000,Efectivo,C002
6399,2026-09-18,17:40,Nübe Altico,Mostrador,Americano,2,5000,Nequi,
1898,2026-08-16,13:15,Nübe Altico,Mostrador, LATTE,1,9000,Efectivo,
1244,2026-08-12,08:27,Nube Centro ,Mostrador,Capuchino,1,8500,Efectivo,C161
2664,2026-08-22,09:34,Nübe Centro,Mostrador,Croissant,,6000,Efectivo,C244
4944,2026-09-07,08:38,Nübe Altico,Mostrador,Capuchino,1,8500,EFECTIVO,
6095,2026-09-16,19:24,Nübe Centro,Mostrador,Late,2,9000,Tarjeta,
194,2026-08-04,07:48,Nübe Altico,Mostrador,Americano,1,5000,NEQUI,
5504,2026-09-11,17:50,Nübe Altico,Mostrador,Tinto,1,3000,Tarjeta,
5778,2026-09-13,16:37,Nübe Altico,Domicilio,Capuchino,2,8500,Efectivo,
6502,19/09/2026,16:31,NUBE CENTRO,Domicilio,Capuchino,1,8500,Efectivo,
2991,24/08/2026,11:46,Nübe Centro,Mostrador,Frappé de café,1,11000,EFECTIVO,C291
270,2026-08-05,08:30,Nübe Centro,Domicilio,Capuchino,1 und,8500,Tarjeta,C212
5811,2026-09-14,10:53,Nübe Centro,Mostrador,Americano,1,5000,Nequi,
6427,2026-09-18,20:16,Nübe Altico,Domicilio,Tinto,1,3000,Tarjeta,C003
1142,2026-08-11,19:11,centro,Mostrador,Croissant,1,$6.000,Efectivo,
6057,16/09/2026,16:26,Nübe Centro,Mostrador,Latte,1,$9.000,EFECTIVO,
5936,2026-09-14,08:51,Nübe Altico,Mostrador,Latte,1,9000,Nequi,
6808,2026-09-21,18:36,Nübe Centro,Domicilio,CAPUCHINO,1,8500,Nequi,
7263,2026-09-25,19:55,Nübe Centro,Mostrador,Croissant,1,6000,Nequi,
7334,25/09/2026,06:22,Nübe Altico,Mostrador,Tinto,3,,Efectivo,C083
1852,2026-08-16,12:43,Nübe Centro,Mostrador,Croissant de almendras,2,8000,Tarjeta,
4520,2026-09-04,11:29,Nübe Altico,Domicilio,Capuchino,1,8500,Tarjeta,C260
2856,2026-08-23,08:40,Nübe Centro,Domicilio,Latte,1 und,9000,Nequi,C099
1340,2026-08-13,11:26,Nübe Centro,Domicilio,Tinto,1,$3.000,Nequi,
2924,2026-08-23,08:54,Nübe Altico,Domicilio,Croissant de almendras,1,8000,Tarjeta,
269,2026-08-05,08:22,Nübe Centro,Domicilio,Croissant,1,6000,Nequi,
6435,2026-09-18,10:37,Nübe Altico,Mostrador,Tinto,2,$3.000,Nequi,C085
6444,2026-09-18,08:36,Nübe Altico,Mostrador,Americano,1,5000,Nequi,
4525,2026-09-04,10:29,Nübe El Altico,Mostrador,Croissant,1,6000,Tarjeta,
1,2026-08-03,09:58,Nübe Centro,Mostrador,Americano,1,5000,Nequi,
7152,2026-09-24,12:16,Nübe Centro,Mostrador,Chocolate  caliente,1,7500,Nequi,
1399,13/08/2026,13:43,Nübe Altico,Mostrador,Croissant de almendras,1,8000,Nequi,
1603,2026-08-15,08:14,Nübe Centro,Domicilio,Capuchino,1,8500,Tarjeta,
3406,2026-08-27,07:53,Nübe Altico,Mostrador,Capuchino,1,8500,Efectivo,
6260,2026-09-17,09:16,altico,Mostrador,Capuchino,1,8500,TARJETA,C187
6559,2026-09-19,08:33,Nübe Altico,Mostrador,Americano,1,5000,,
4842,2026-09-06,09:30,Nübe Altico,Domicilio,Tinto,1 und,3000,Nequi,
6405,2026-09-18,16:14,Nübe Altico,Mostrador,Latte,1,$9.000,Efectivo,C149
7355,25/09/2026,12:14,NUBE ALTICO,Mostrador,Croissant,1,6000,Efectivo,
4049,2026-08-31,10:48,Nübe Altico,Mostrador,Americano,1,5000,Nequi,C163
1233,2026-08-12,12:01,Nübe Centro,Mostrador,croissant,1,6000,Nequi,C296
2129,2026-08-18,11:51,Nübe Centro,Mostrador,Capuchino,1,8500,Nequi,
4971,07/09/2026,14:55,Nübe Altico,Mostrador,Croissant de almendras,1,8000,Efectivo,C049
4698,2026-09-05,08:41,Nübe Altico,Mostrador,Latte,1,9000,Efectivo,
91,2026-08-03,07:38,Nübe El Altico,Mostrador,Tinto,1,3000,,
2979,2026-08-24,16:59,Nube Centro ,Mostrador,Capuchino,1,8500,Nequi,C167
6196,2026-09-17,16:30,Nübe Centro,Domicilio,Tinto,1,$3.000,Efectivo,
2437,2026-08-20,10:12,Nübe Altico,Mostrador,Croissant,1,6000,Efectivo,
5651,2026-09-12,08:55,Nübe Altico,Mostrador,Croisant,1,6000,Nequi,C016
770,2026-08-08,15:30,Nübe Altico,Domicilio,Latte,1,9000,Efectivo,C045
231,2026-08-05,09:10,Nübe Centro,Mostrador,Latte,1,9000,Efectivo,
5193,2026-09-09,11:53,Nübe Centro,Mostrador,Croissant de almendras,2,8000,Tarjeta,
360,2026-08-06,09:49,Nübe Centro,Domicilio, Capuchino ,1,8500,Efectivo,C095
7450,2026-09-26,07:54,Nübe Centro,Mostrador,Latte,2,9000,Nequi,C158
7613,2026-09-27,17:27,Nübe Centro,Mostrador,Capuchino,1,8500,Nequi,
2307,2026-08-19,15:03,Nübe Altico,Domicilio,Frappé de café,1,11000,Tarjeta,C034
3292,2026-08-26,06:09,Nübe Altico,Domicilio,Chocolate caliente,1,7500,EFECTIVO,
1807,2026-08-16,20:40,Nübe Centro,Mostrador,Latte,1,9000,Nequi,C028
338,2026-08-06,17:25,Nübe Centro,Domicilio,Frappé de café,1,11000,Efectivo,C207
6877,21/09/2026,15:41,Nübe Altico,Mostrador,Americano,,5000,Efectivo,
3655,2026-08-29,09:56,Nübe Centro,Mostrador,Chocolate caliente,2,7500,Nequi,
2574,2026-08-21,18:39,Nübe Altico,Domicilio,Croissant,2,6000,Efectivo,
3463,28/08/2026,10:16,Nube Centro ,Mostrador,Croissant de almendras,1,8000,Efectivo,C298
645,2026-08-07,08:29,Nübe Altico,Mostrador,Tinto,1,3000,Nequi,C156
4987,2026-09-07,09:47,Nübe Altico,Mostrador,Latte,3,$9.000,Efectivo,C156
802,2026-08-08,17:22,Nübe Altico,Mostrador,Croissant de almendras,1,8000,,
3169,2026-08-25,09:47,Nübe Altico,Mostrador,Croissant de almendras,3,8000,Nequi,C293
5461,2026-09-11,18:15,Nübe Centro,Mostrador,Capuchino,1,8500,Tarjeta,
735,2026-08-08,07:09,Nübe Centro,Domicilio,Tinto,1,3000,Efectivo,C138
3877,2026-08-30,15:59,Nübe Altico,Mostrador,Frappé de café,1,11000,Nequi,C221
1955,2026-08-17,09:51,Nübe Centro,Mostrador,Capuchino,2,8500,Tarjeta,C157
505,2026-08-07,16:24,Nübe Centro,Mostrador,Croissant,1,6000,Nequi,C292
6750,2026-09-20,07:13,Nübe Altico,Mostrador,Tinto,,$3.000,Nequi,C293
5621,12/09/2026,11:06,Nübe Altico,Mostrador,Croissant,2,6000,Nequi,C124
6151,2026-09-16,20:49,Nübe Altico,Mostrador,Croissant de almendras,1,8000,Efectivo,C233
4564,2026-09-05,17:54,Nübe Centro,Mostrador,Croissant almendras,1,8000,Nequi,C181
1778,16/08/2026,09:04,Nübe Centro,Mostrador,Americano,1,5000,EFECTIVO,
4381,2026-09-03,07:42,Nübe Altico,Mostrador,Tinto,1,3000,Efectivo,C077
5211,2026-09-09,10:58,Nübe Altico,Mostrador,Capuchino,1,$8.500,Tarjeta,
1820,2026-08-16,06:17,Nübe Centro,Domicilio,Croissant,1,$6.000,Tarjeta,C112
4235,2026-09-02,08:47,Nübe Centro,Mostrador,Croissant,1 und,6000,Nequi,
4983,2026-09-07,17:27,Nübe Altico,Mostrador,Americano,2,5000,Efectivo,C025
6611,19/09/2026,09:04,Nübe Altico,Mostrador,Capuchino,1,8500,Tarjeta,C276
4942,2026-09-07,13:48,Nübe Centro,Mostrador,Frappé de café,1,11000,Tarjeta,
1265,2026-08-12,19:26,Nübe Centro,Mostrador,Tinto,1,3000,Efectivo,C217
3035,2026-08-24,07:31,Nübe Centro,Mostrador,Tinto,2,$3.000,Efectivo,
6634,2026-09-20,17:54,Nübe Centro,Mostrador,Capuchino,1,8500,Nequi,
2698,2026-08-22,15:49,Nübe Centro,Mostrador,Capuchino,1,8500,Efectivo,C019
6788,2026-09-21,10:20,Nübe Centro,Mostrador,Tinto,1,3000,Nequi,
247,2026-08-05,09:53,Nübe Centro,Mostrador,Tinto ,2,3000,Efectivo,
5750,2026-09-13,07:48,Nübe Altico,Mostrador,Latte,1,9000,Tarjeta,C140
1332,2026-08-13,06:30,Nübe Centro,Mostrador,Tinto,1,3000,Tarjeta,
6217,2026-09-17,09:03,Nübe Centro,Mostrador,Croissant de almendras,1,8000,Nequi,C250
2417,2026-08-20,14:53,Nübe Altico,Mostrador,Capuchino,2,8500,Nequi,C019
1525,2026-08-14,09:24,Nübe Altico,Domicilio,Croissant de almendras,1,8000,Nequi,
5066,2026-09-08,07:33,Nübe Centro,Mostrador,TINTO,1,3000,Efectivo,C060
4058,2026-09-01,12:57,Nübe Centro,Mostrador, Capuchino ,1,,EFECTIVO,
3140,2026-08-25,06:15,Nübe Centro,Mostrador,Capuccino,2,8500,Efectivo,
1857,2026-08-16,09:03,Nübe Centro,Mostrador,Tinto,1,3000,Tarjeta,C233
1446,2026-08-14,19:21,Nübe Centro,Mostrador,Late,1,9000,Tarjeta,
5770,2026-09-13,08:12,Nübe Altico,Domicilio,Croissant,1,6000,Tarjeta,
3227,2026-08-26,09:57,Nübe Centro,Mostrador,Frappé de café,2,11000,Efectivo,
2946,23/08/2026,08:37,Nübe Altico,Mostrador,Americano,1,5000,Tarjeta,
2733,2026-08-22,15:11,Nübe Altico,Domicilio,Croissant,1,6000,Efectivo,
1729,2026-08-15,13:31,Nübe Altico,Domicilio,Croissant,1,6000,Efectivo,
6108,2026-09-16,09:58,Nübe Centro,Mostrador,Croissant,1,6000,Nequi,
5805,2026-09-13,13:32,Nübe Altico,Domicilio,Capuchino,2,8500,Nequi,
4792,2026-09-06,08:30,Nübe Centro,Mostrador,Croissant almendras,1,8000,Nequi,
4560,2026-09-04,15:26,Nübe El Altico,Domicilio,Tinto,1,3000,Tarjeta,C256
6383,18/09/2026,09:10,Nübe Altico,Mostrador, LATTE,1,$9.000,Nequi,
4593,2026-09-05,17:52,Nübe Centro,Domicilio,Croissant,3,6000,Tarjeta,
1738,2026-08-15,13:00,Nübe Altico,Mostrador,Latte,2,9000,Tarjeta,C267
3237,2026-08-26,17:13,Nübe Centro,Domicilio,Americano,1,5000,Nequi,C197
7625,2026-09-27,12:17,Nübe Altico,Domicilio,Frappé de café,1,11000,Efectivo,C036
3298,2026-08-26,11:27,Nübe Altico,Mostrador,Tinto,1,3000,TARJETA,C253
3125,2026-08-25,08:51,Nübe Centro,Domicilio,Tinto,1,3000,Nequi,C235
7640,2026-09-27,12:39,Nübe Altico,Mostrador,Croissant,1,6000,NEQUI,
5704,2026-09-13,06:46,Nübe Centro,Mostrador,CAPUCHINO,1,$8.500,Nequi,
5198,2026-09-09,14:02,Nübe Altico,Mostrador,Tinto,1,3000,Tarjeta,
3765,2026-08-29,08:34,Nübe Altico,Mostrador,Americano,1,5000,Efectivo,C120
1403,2026-08-13,11:40,Nübe Altico,Mostrador,Croissant de almendras,1,8000,Nequi,C159
2659,2026-08-22,08:00,Nübe Centro,Mostrador,americano,1,5000,Nequi,
1778,2026-08-16,09:04,Nübe Centro,Mostrador,Capuchino,2 und,8500,Efectivo,
3906,2026-08-30,10:01,Nübe Altico,Mostrador,Latte,2,9000,Tarjeta,
5194,09/09/2026,18:36,Nübe Centro,Domicilio,Capuchino,1,8500,Efectivo,
7653,2026-09-27,07:04,Nübe Altico,Mostrador,Latte,1,9000,Efectivo,C159
1943,2026-08-17,08:13,NUBE CENTRO,Mostrador,Capuchino,1,8500,Tarjeta,
5389,2026-09-10,13:27,Nübe Altico,Mostrador,Chocolate caliente,3,7500,Efectivo,
3576,2026-08-28,10:56,Nübe Altico,Mostrador,Latte,1,9000,Nequi,C178
7260,2026-09-25,08:49,Nübe Centro,Mostrador,Tinto,1,3000,Efectivo,
4961,2026-09-07,14:00,Nübe Altico,Mostrador,Latte,1,$9.000,Efectivo,
5642,2026-09-12,09:05,Nübe Altico,Mostrador,Americano,1,5000,Efectivo,C274
1523,14/08/2026,07:36,Nübe Altico,Mostrador,Capuchino,1,8500,Tarjeta,C085
2076,2026-08-17,16:54,Nübe Altico,Mostrador,Croissant,1,6000,Efectivo,
5904,2026-09-14,19:23,Nübe Altico,Domicilio,Tinto,1,3000,Efectivo,
748,2026-08-08,16:36,Nübe Centro,Domicilio,Capuchino,1,8500,Efectivo,C214
7181,2026-09-24,07:50,Nübe Altico,Domicilio,Americano,1,5000,Efectivo,
4238,2026-09-02,07:37,Nübe Centro,Domicilio,CAPUCHINO,2,8500,Efectivo,C001
3907,2026-08-30,07:56,Nübe Altico,Mostrador,Tinto,1,$3.000,Nequi,C157
2364,2026-08-20,15:32,Nübe Centro,Domicilio,Tinto,1,3000,Efectivo,C164
4434,2026-09-04,14:33,Nübe Centro,Mostrador,Frappé de café,1,11000,NEQUI,
7458,2026-09-26,17:02,Nübe Altico,Mostrador,Chocolate  caliente,1 und,7500,Nequi,
7018,2026-09-23,14:07,Nübe Centro,Mostrador,Croissant,1,6000,Efectivo,
3054,2026-08-24,09:13,Nübe Altico,Mostrador,Tinto,1,3000,Efectivo,C119
6297,2026-09-18,12:46,Nübe Centro,Domicilio,Latte,1,9000,EFECTIVO,
3187,2026-08-25,18:17,Nübe Altico,Mostrador,Latte,1,9000,Tarjeta,
2506,21/08/2026,08:34,Nübe Centro,Domicilio,Croissant,1,6000,Efectivo,
5015,2026-09-08,14:35,Nübe Centro,Domicilio,Latte,1,9000,Nequi,
3517,2026-08-28,07:47,Nübe Centro,Mostrador,Tinto,2,3000,Nequi,C146
2914,2026-08-23,09:35,Nübe Altico,Domicilio,Capuchino,1,8500,Nequi,C095
6240,2026-09-17,06:08,Nübe Centro,Mostrador,Tinto,1,3000,Nequi,
6437,2026-09-18,15:19,Nübe Altico,Domicilio,Latte,1,9000,Tarjeta,
235,2026-08-05,08:31,Nübe Centro,Mostrador,Tinto,1,3000,Nequi,
3732,2026-08-29,08:05,Nübe El Altico,Mostrador,Tinto,1,3000,Tarjeta,
478,2026-08-07,08:46,Nübe Centro,Domicilio,Americano,1,5000,EFECTIVO,
3069,2026-08-24,09:42,Nübe Altico,Mostrador,Latte,1,9000,Tarjeta,
5675,2026-09-13,07:57,Nübe Centro,Mostrador,Latte,1,9000,NEQUI,C300
2374,2026-08-20,08:20,Nübe Centro,Mostrador,Latte,1 und,9000,Efectivo,
3913,30/08/2026,13:45,Nübe Altico,Mostrador,Frappé de café,1,11000,Nequi,
6139,2026-09-16,08:03,Nübe Altico,Domicilio,Croissant de almendras,1,8000,Nequi,
4884,2026-09-06,15:44,Nübe Altico,Mostrador,Frappé de café,1,$11.000,Tarjeta,
3319,2026-08-27,10:25,Nübe Centro,Mostrador,Capuchino,1,8500,Nequi,
6435,18/09/2026,10:37,Nübe Altico,Mostrador,Croissant,1,6000,Nequi,C085
606,2026-08-07,17:47,Nübe Altico,Domicilio,Capuchino,1,8500,Nequi,
6295,2026-09-18,10:39,Nübe Centro,Mostrador,Americano,2,5000,NEQUI,
2773,2026-08-22,13:51,NUBE ALTICO,Mostrador,Capuchino,1,8500,Efectivo,C193
1286,2026-08-12,11:38,Nübe Altico,Domicilio,Croissant,1,6000,Tarjeta,
14,2026-08-03,16:39,Nübe Centro,Mostrador,Frappé de café,1,$11.000,Nequi,C017
7585,2026-09-27,09:25,Nübe Centro,Mostrador,Croisant,1,6000,Nequi,C033
6252,2026-09-17,16:42,Nübe El Altico,Domicilio,Croissant de almendras,1,8000,Efectivo,
3582,2026-08-28,07:07,Nübe Altico,Mostrador,Croissant de almendras,1,8000,Efectivo,
5130,2026-09-09,20:39,Nübe Centro,Domicilio,Americano,1,5000,Tarjeta,
1177,11/08/2026,09:48,Nübe Altico,Mostrador,Croissant almendras,1,$8.000,Nequi,
2979,2026-08-24,16:59,Nübe Centro,Mostrador,Chocolate caliente,1,7500,Nequi,C167
2951,23/08/2026,10:06,Nübe Altico,Domicilio,Croissant,1,6000,Tarjeta,C035
1554,2026-08-14,17:39,Nübe Altico,Mostrador,Capuchino,1,8500,Nequi,C294
5349,2026-09-10,12:35,Nübe Altico,Mostrador,Croissant,1,6000,Nequi,
3524,2026-08-28,07:21,Nübe Centro,Mostrador,Latte,1,9000,Nequi,C014
1459,2026-08-14,13:02,Nübe Centro,Mostrador,Tinto,2,3000,Tarjeta,C004
7190,2026-09-24,07:56,Nübe Altico,Mostrador,Latte,1,9000,Tarjeta,
2834,2026-08-23,10:02,Nübe Centro,Mostrador,Tinto,1,3000,Nequi,C047
1478,2026-08-14,11:52,Nübe Centro,Mostrador,Croissant de almendras,1,8000,Nequi,C165
5180,2026-09-09,07:52,Nübe Centro,Domicilio,Croissant de almendras,3,8000,Tarjeta,
4646,05/09/2026,12:15,Nübe Centro,Domicilio,Capuchino,1,8500,Tarjeta,C269
2629,2026-08-22,10:38,Nübe Centro,Mostrador,TINTO,1,$3.000,Nequi,
154,04/08/2026,06:28,Nübe Centro,Mostrador,Chocolate  caliente,1 und,7500,Nequi,
2958,2026-08-23,09:42,Nübe Altico,Mostrador,AMERICANO,1 und,5000,Nequi,C032
2502,2026-08-21,13:07,Nübe Centro,Domicilio,Croissant,1,6000,Efectivo,C139
3387,2026-08-27,08:46,Nübe Centro,Domicilio,Capuchino,2,8500,Nequi,
2883,2026-08-23,10:36,Nübe Centro,Domicilio,Americano,1,5000,Nequi,
7291,2026-09-25,18:53,centro,Domicilio,Americano,1,5000,Nequi,
2435,2026-08-20,17:10,Nübe Altico,Mostrador,Croissant almendras,1,8000,Nequi,C182
1995,17/08/2026,09:46,Nübe Centro,Mostrador,Croissant de almendras,2,$8.000,Nequi,C141
4130,2026-09-01,09:50,Nübe Centro,Mostrador,Capuchino,1,8500,Nequi,C020
2351,2026-08-20,07:35,Nübe Centro,Mostrador,Latte,1,9000,Efectivo,
3364,2026-08-27,07:30,Nübe Centro,Mostrador,Croissant,1,6000,Efectivo,C171
4835,2026-09-06,08:40,Nübe Centro,Mostrador,Latte,1,9000,NEQUI,
1119,2026-08-11,09:56,Nübe Centro,Mostrador,Latte,1,9000,Efectivo,C096
1374,2026-08-13,09:23,Nübe Centro,Mostrador,Tinto,1,$3.000,Nequi,
3207,26/08/2026,09:31,Nübe Centro,Mostrador,Capuchino,1,8500,Efectivo,C055
5571,2026-09-12,20:34,Nube Centro ,Mostrador,Latte,2,$9.000,TARJETA,
2678,2026-08-22,20:34,Nübe Centro,Mostrador,AMERICANO,3,5000,Efectivo,C257
1371,2026-08-13,16:47,Nübe Centro,Mostrador,CAPUCHINO,1,8500,Nequi,C134
5923,2026-09-14,08:43,Nübe Altico,Mostrador,Latte,1 und,9000,Efectivo,
5381,2026-09-10,07:24,Nübe Altico,Mostrador,Americano,1,5000,Nequi,C151
1232,2026-08-12,11:41,Nübe Centro,Mostrador,TINTO,1,3000,EFECTIVO,
3200,2026-08-25,15:37,Nübe Altico,Mostrador,Croissant,1,6000,Tarjeta,C031
2863,2026-08-23,16:07,Nübe Centro,Mostrador,Chocolate caliente,1,7500,Efectivo,
815,2026-08-08,12:44,Nübe Altico,Mostrador,Capuchino,1,8500,Efectivo,C159
6478,2026-09-19,20:00,Nübe Centro,Mostrador,Tinto,1,3000,Nequi,C212
4904,2026-09-07,09:11,Nübe Centro,Mostrador,Croissant,1,6000,Nequi,
7466,2026-09-26,12:07,Nübe Altico,Mostrador,Americano,1,$5.000,Tarjeta,C029
2644,2026-08-22,17:51,Nübe Centro,Mostrador,Americano,1,5000,Efectivo,
4349,2026-09-03,10:53,Nübe Centro,Mostrador,Chocolate caliente,1,7500,Nequi,
3104,2026-08-25,11:32,Nübe Centro,Mostrador,Tinto,1,$3.000,Nequi,
4563,2026-09-04,08:21,Nübe Altico,Mostrador,Latte,1,9000,Nequi,
5744,2026-09-13,14:07,Nübe Centro,Mostrador,Croissant,1,6000,Nequi,
5311,2026-09-10,19:31,NUBE CENTRO,Mostrador,Capuchino,1,8500,Tarjeta,
4783,2026-09-06,07:51,Nübe Centro,Mostrador,Capuchino,1,8500,Tarjeta,
2101,2026-08-18,18:48,Nübe Centro,Mostrador,AMERICANO,1,5000,Nequi,
1690,15/08/2026,20:07,Nübe Centro,Mostrador,Frappé de café,1 und,11000,Nequi,C286
999,09/08/2026,09:54,Nübe Altico,Mostrador,Capuchino,2,8500,Nequi,C162
4379,2026-09-03,08:43,Nübe El Altico,Mostrador,Capuchino,1,8500,NEQUI,
733,2026-08-08,14:46,Nübe Centro,Mostrador,croissant,2,,Nequi,
979,09/08/2026,15:56,Nübe Altico,Mostrador,Capuchino,1,8500,Efectivo,
3573,2026-08-28,18:38,Nübe Altico,Mostrador,Americano,2,5000,Nequi,
5139,09/09/2026,07:59,Nübe Centro,Mostrador,Croissant,1,6000,Nequi,C019
3894,2026-08-30,13:48,Nübe Altico,Mostrador,Frappé de café,1,11000,Nequi,
4967,2026-09-07,08:43,Nübe Altico,Mostrador,Tinto,1,3000,Nequi,
2222,2026-08-19,12:42,Nübe Centro,Mostrador,Frappé de café,1,11000,Nequi,
942,2026-08-09,18:45,Nübe Centro,Mostrador,Croissant,1,6000,EFECTIVO,
3339,2026-08-27,12:23,Nübe Centro,Mostrador,Tinto,2,3000,Nequi,
334,06/08/2026,16:35,Nübe Centro,Mostrador,Chocolate caliente,1,7500,Tarjeta,
4757,2026-09-06,15:43,Nübe Centro,Mostrador,Tinto,1,3000,NEQUI,
5797,2026-09-13,09:07,Nübe Altico,Mostrador,AMERICANO,1,5000,Nequi,
6033,2026-09-15,14:41,Nübe Altico,Mostrador,Chocolate caliente,1 und,7500,Nequi,C091
4744,2026-09-06,15:13,Nübe Centro,Domicilio,Latte,1,9000,Tarjeta,C233
6282,2026-09-17,17:01,Nübe Altico,Domicilio,Americano,,5000,Efectivo,
1200,2026-08-12,20:18,centro,Mostrador,CAPUCHINO,1,8500,Tarjeta,C165
2361,20/08/2026,12:54,Nübe Centro,Mostrador,Tinto,1,3000,Nequi,C036
1180,2026-08-11,07:59,Nübe Altico,Mostrador,Latte,2,9000,Nequi,
3454,27/08/2026,16:34,Nübe Altico,Mostrador,americano,1,5000,Tarjeta,
1354,2026-08-13,10:54,Nübe Centro,Mostrador,Frappé de café,1,11000,Efectivo,
7211,2026-09-24,16:48,Nübe Altico,Mostrador,Latte,1,9000,Tarjeta,C016
6546,2026-09-19,11:54,altico,Mostrador,tinto,1,$3.000,Nequi,C205
4496,04/09/2026,18:22,Nübe Centro,Mostrador,Latte,1,9000,Nequi,
5397,2026-09-10,19:17,Nübe Altico,Mostrador,Croissant de almendras,,8000,Tarjeta,C147
1654,2026-08-15,15:09,Nübe Centro,Mostrador,Latte,2,9000,Efectivo,
4028,2026-08-31,10:40,Nübe Altico,Domicilio,Croissant,1,6000,Efectivo,
6594,2026-09-19,08:47,Nübe Altico,Mostrador,Latte,2,9000,Tarjeta,
7444,2026-09-26,20:35,Nübe Centro,Mostrador,Americano,3 und,5000,Nequi,
4056,2026-09-01,12:09,Nübe Centro,Mostrador,Croissant de almendras,2,8000,Efectivo,C219
5477,11/09/2026,11:35,Nübe Altico,Mostrador,Tinto,1,3000,Nequi,
7190,2026-09-24,07:56,Nübe Altico,Mostrador,Croissant de almendras,1,8000,Tarjeta,
3862,2026-08-30,08:18,Nübe Centro,Mostrador,Croissant,1,6000,Efectivo,
1205,2026-08-12,09:56,Nübe Centro,Mostrador,Americano,1,5000,Tarjeta,
5974,2026-09-15,07:36,Nübe Centro,Mostrador,chocolate caliente,1,,Nequi,
3961,2026-08-31,19:16,Nübe Centro,Domicilio,Croissant almendras,,8000,Tarjeta,
2819,2026-08-23,10:02,Nübe Centro,Mostrador,Croisant,1,6000,Efectivo,
6994,2026-09-22,18:32,Nübe Altico,Mostrador,Tinto,1,3000,Tarjeta,C047
5086,08/09/2026,09:51,Nübe El Altico,Mostrador,AMERICANO,1,5000,Efectivo,C063
4005,2026-08-31,10:09,Nübe Altico,Mostrador,Croissant,1,6000,Efectivo,C295
5771,2026-09-13,08:34,NUBE ALTICO,Mostrador,Tinto,1,3000,Efectivo,C188
638,07/08/2026,09:21,Nübe Altico,Mostrador,Chocolate caliente,1,7500,Tarjeta,
6709,2026-09-20,07:35,Nübe Altico,Mostrador,Capuchino,2,8500,Efectivo,C092
43,2026-08-03,08:52,Nübe Centro,Mostrador,Capuchino,2,8500,Tarjeta,C077
6565,2026-09-19,06:52,Nübe Altico,Domicilio,Americano,1,5000,Nequi,C021
4471,2026-09-04,06:55,Nübe Centro,Domicilio,Latte,1,9000,NEQUI,
4594,2026-09-05,14:53,Nübe Centro,Mostrador,Frappé de café,1,11000,Efectivo,
5292,2026-09-10,08:47,Nübe Centro,Mostrador,Chocolate caliente,1,$7.500,TARJETA,
5187,2026-09-09,19:21,Nübe Centro,Mostrador,croissant de almendras,1,8000,Tarjeta,
2578,2026-08-21,09:52,Nübe Altico,Domicilio,Capuchino,2,8500,Tarjeta,C279
876,2026-08-09,10:35,Nübe Centro,Mostrador,Croissant,1,6000,Efectivo,C292
6449,2026-09-19,07:42,Nübe Centro,Mostrador,Americano,1 und,5000,Tarjeta,C217
1361,2026-08-13,15:58,Nübe Centro,Mostrador,Croissant de almendras,1,$8.000,Efectivo,C162
1430,2026-08-13,10:15,Nübe Altico,Mostrador,Frappé de café,1,$11.000,Efectivo,
4255,2026-09-02,15:23,Nübe Centro,Mostrador,Frappé de café,1,$11.000,Nequi,
2240,2026-08-19,07:18,Nübe Centro,Mostrador,Capuchino,1,8500,Tarjeta,
4050,2026-08-31,09:58,Nübe Altico,Domicilio,Late,2,9000,Nequi,C291
2850,2026-08-23,09:45,Nübe Centro,Mostrador,Croissant,1,6000,Efectivo,C173
7145,2026-09-24,12:58,Nübe Centro,Mostrador,Frappé de café,2,11000,Nequi,
7452,2026-09-26,13:59,Nübe Altico,Mostrador,Croissant,1,6000,Tarjeta,
2123,2026-08-18,08:04,Nübe Centro,Mostrador,Chocolate caliente,,7500,Efectivo,
6186,2026-09-17,16:27,Nübe Centro,Domicilio,Capuchino,2,8500,Nequi,C287
7592,2026-09-27,18:43,Nübe Centro,Domicilio,Capuchino,1,8500,Efectivo,
4305,2026-09-03,16:57,Nübe Centro,Mostrador,AMERICANO,1,5000,Tarjeta,
7169,2026-09-24,15:12,Nübe Centro,Mostrador,Chocolate caliente,1,7500,Nequi,C042
5240,2026-09-09,11:16,NUBE ALTICO,Mostrador,Americano,3,5000,Nequi,
4339,2026-09-03,18:09,Nübe Centro,Mostrador,Americano,1,5000,Efectivo,
2820,2026-08-23,14:56,Nübe Centro,Mostrador,Croissant,2,6000,Efectivo,
2349,2026-08-20,07:12,Nübe Centro,Mostrador,Tinto,1,3000,Tarjeta,C091
5071,2026-09-08,17:49,Nübe Centro,Mostrador, LATTE,1,9000,Nequi,
1663,2026-08-15,12:18,Nübe Centro,Mostrador,Croissant,0,6000,Tarjeta,C036
3538,2026-08-28,13:20,Nübe Altico,Mostrador,Americano,1,,Efectivo,C001
4705,2026-09-05,09:16,Nübe Altico,Mostrador,Capuchino,1,8500,Efectivo,C249
3895,30/08/2026,06:41,Nübe Altico,Mostrador,Capuchino,1,8500,Nequi,C049
723,2026-08-08,10:17,Nübe Centro,Domicilio,americano,1,5000,Tarjeta,
4190,02/09/2026,07:43,Nübe Centro,Domicilio,Capuchino,1,8500,Efectivo,
1443,2026-08-14,18:16,Nübe Centro,Mostrador,Capuchino,1,8500,Nequi,
2072,2026-08-17,17:13,Nübe Altico,Mostrador,Croissant,1,6000,,
3154,2026-08-25,17:10,Nübe Centro,Mostrador,Croissant de almendras,2,8000,Nequi,
3467,2026-08-28,09:17,Nube Centro ,Domicilio,Tinto,1,$3.000,Efectivo,C046
918,2026-08-09,17:31,Nübe Centro,Mostrador,Americano,1,5000,Nequi,C247
3376,2026-08-27,12:37,Nübe Centro,Domicilio,Latte,1,9000,Efectivo,C174
5106,2026-09-08,10:29,Nübe Altico,Mostrador,Latte,1,$9.000,Efectivo,
2383,2026-08-20,15:52,Nübe Centro,Mostrador,Croissant,1,6000,Tarjeta,
1997,2026-08-17,08:37,Nübe Centro,Mostrador,Capuchino,1,8500,Efectivo,
1198,12/08/2026,09:33,Nübe Centro,Mostrador,Tinto,1,3000,Tarjeta,C177
4245,2026-09-02,08:00,Nübe Centro,Mostrador,Croissant,1,6000,Efectivo,C096
7287,25/09/2026,07:12,Nübe Centro,Mostrador,Chocolate caliente,1,7500,EFECTIVO,
5250,2026-09-10,07:26,Nübe Centro,Domicilio,Croissant,1,6000,Nequi,C248
896,2026-08-09,09:11,Nübe Centro,Mostrador,Latte,1,9000,Efectivo,
236,2026-08-05,11:35,Nübe Centro,Mostrador,Croissant,2,6000,EFECTIVO,C118
1296,2026-08-12,07:42,Nübe Altico,Mostrador,Tinto ,1,3000,Tarjeta,C295
1532,2026-08-14,10:10,Nübe El Altico,Mostrador,Capuchino,2,8500,EFECTIVO,
4260,2026-09-02,18:50,Nübe Altico,Domicilio,Latte,1,$9.000,Efectivo,
2791,2026-08-22,12:56,Nübe Altico,Mostrador,Chocolate caliente,1,7500,Tarjeta,
1441,2026-08-14,14:21,Nübe Centro,Mostrador,Tinto,1,3000,Tarjeta,
7591,27/09/2026,18:04,Nübe Centro,Mostrador, LATTE,1 und,9000,Tarjeta,
7218,2026-09-24,16:03,Nübe Altico,Domicilio,Capuchino,3,8500,Nequi,C282
3930,2026-08-31,16:46,Nübe Centro,Mostrador,Latte,1,9000,Efectivo,
156,2026-08-04,17:03,Nübe Centro,Mostrador,Chocolate caliente,2 und,7500,Efectivo,C198
5379,2026-09-10,13:43,Nübe Altico,Mostrador,Americano,1,5000,Efectivo,C016
7621,2026-09-27,12:55,altico,Domicilio,Croissant,1,6000,Tarjeta,
3370,2026-08-27,10:20,Nübe Centro,Domicilio,Capuchino,1,8500,Nequi,
7668,2026-09-27,17:59,Nübe Altico,Mostrador,Croissant de almendras,1,8000,Tarjeta,
97,2026-08-03,06:51,Nübe Altico,Mostrador,Americano,1,5000,Efectivo,C177
2653,2026-08-22,08:42,Nübe Centro,Mostrador,Americano,,5000,Tarjeta,C042
2259,2026-08-19,13:31,Nübe Centro,Domicilio,Latte,2,9000,Tarjeta,
7121,2026-09-24,17:54,NUBE CENTRO,Mostrador,Capuccino,1 und,8500,Efectivo,
6127,2026-09-16,11:56,Nübe Altico,Mostrador,Tinto,1,3000,Tarjeta,
6581,19/09/2026,13:41,Nübe Altico,Mostrador,Croissant de almendras,1,8000,Efectivo,C063
4707,2026-09-05,08:13,Nübe Altico,Mostrador,Croissant,1,,Tarjeta,C062
4692,2026-09-05,08:37,Nübe Altico,Mostrador,Capuchino,2,8500,Tarjeta,
5957,2026-09-15,09:49,Nübe Centro,Mostrador,Tinto,1,3000,Nequi,
4770,2026-09-06,08:06,Nübe Centro,Mostrador,Croissant de almendras,1,8000,Nequi,C056
551,2026-08-07,16:38,Nübe Centro,Mostrador,Latte,1,9000,Nequi,
1250,2026-08-12,07:11,Nübe Centro,Mostrador,Latte,1,9000,NEQUI,
5587,12/09/2026,18:08,Nübe Centro,Mostrador,Croissant de almendras,1,8000,Nequi,
531,2026-08-07,09:37,Nübe Centro,Mostrador,Americano,1,5000,NEQUI,C070
2228,2026-08-19,16:46,Nübe Centro,Mostrador,Croissant,3,6000,Tarjeta,
721,2026-08-08,08:17,Nübe Centro,Mostrador,Tinto,2,3000,Tarjeta,C005
3426,2026-08-27,09:11,Nübe Altico,Mostrador,Capuchino,2,8500,NEQUI,
1317,2026-08-12,15:22,Nübe Altico,Mostrador,Tinto ,1,$3.000,Efectivo,
6390,2026-09-18,07:30,Nübe Altico,Mostrador,Croissant,1,,Nequi,
3574,2026-08-28,13:45,Nübe Altico,Mostrador,Late,1,9000,Tarjeta,
3458,2026-08-28,18:04,Nübe Centro,Domicilio,Americano,1,5000,Efectivo,
4695,2026-09-05,08:38,Nübe Altico,Domicilio,Americano,1,5000,Efectivo,
1357,2026-08-13,18:54,Nübe Centro,Mostrador,Tinto,1,$3.000,Tarjeta,
3691,2026-08-29,14:38,Nübe Centro,Domicilio,Tinto,1,3000,TARJETA,C129
631,2026-08-07,15:57,Nübe Altico,Mostrador,Capuchino,1,8500,EFECTIVO,
4852,2026-09-06,09:18,Nübe Altico,Mostrador,Americano,1,5000,Tarjeta,C130
6371,2026-09-18,17:10,Nübe Centro,Mostrador,Capuchino,1,8500,Tarjeta,
3241,2026-08-26,07:55,Nübe Centro,Domicilio,Americano,1,5000,Tarjeta,C275
530,2026-08-07,09:11,Nube Centro ,Domicilio,Tinto,1,3000,Tarjeta,
4883,2026-09-06,14:31,Nübe El Altico,Mostrador,Croissant de almendras,1,8000,Efectivo,C012
28,03/08/2026,17:20,Nübe Centro,Mostrador,Latte,1,,Nequi,
512,2026-08-07,07:30,Nübe Centro,Mostrador,Croisant,1,6000,Tarjeta,C250
7442,2026-09-26,20:08,Nübe Centro,Mostrador,AMERICANO,1,5000,Efectivo,C145
1261,2026-08-12,13:28,Nübe Centro,Mostrador,Croissant,1,6000,Tarjeta,C033
2724,2026-08-22,15:04,altico,Mostrador,Chocolate caliente,1,7500,Tarjeta,
2152,2026-08-18,10:15,Nube Centro ,Mostrador,Americano,1,5000,Efectivo,
4913,2026-09-07,11:01,Nübe Centro,Mostrador,Chocolate caliente,3,7500,Efectivo,
6260,2026-09-17,09:16,altico,Mostrador,Capuchino,1,8500,TARJETA,C187
7449,26/09/2026,11:40,Nübe Centro,Mostrador,Capuchino,2,$8.500,Tarjeta,
2352,2026-08-20,09:34,Nübe Centro,Mostrador,Latte,2,9000,Efectivo,
137,2026-08-04,06:44,Nübe Centro,Mostrador,Latte,1,9000,Nequi,
1959,2026-08-17,15:44,Nübe Centro,Mostrador,Capuchino,3,$8.500,Tarjeta,
607,2026-08-07,13:51,Nübe Altico,Domicilio,Croissant de almendras,1,8000,TARJETA,
5114,2026-09-08,09:21,altico,Mostrador,Croissant,1,6000,Nequi,
678,2026-08-08,15:12,Nübe Centro,Mostrador,Latte,1,$9.000,Efectivo,
1050,2026-08-10,17:28,Nübe Centro,Mostrador, Capuchino ,1,8500,Nequi,C201
5620,2026-09-12,10:20,Nübe Altico,Domicilio,Tinto,2 und,3000,,
998,2026-08-09,08:33,Nübe Altico,Mostrador,Tinto,1,3000,Efectivo,
1300,12/08/2026,09:23,altico,Mostrador,Tinto,1,3000,Efectivo,C270
5758,2026-09-13,13:31,Nübe Altico,Mostrador,Tinto ,1,3000,Nequi,
398,2026-08-06,06:23,Nübe Centro,Domicilio,Croissant,1,$6.000,NEQUI,C140
2362,2026-08-20,07:20,Nübe Centro,Mostrador,Croissant de almendras,3,8000,Tarjeta,
6849,2026-09-21,07:03,Nübe Altico,Mostrador,Croissant de almendras,1,8000,Efectivo,
2764,2026-08-22,12:03,Nübe Altico,Mostrador,Americano,1,5000,Nequi,C298
1918,2026-08-17,07:51,Nübe Centro,Mostrador,americano,1,5000,Nequi,
3164,2026-08-25,08:10,Nübe Centro,Mostrador,Croissant almendras,1,8000,Nequi,C046
124,2026-08-04,08:11,Nübe Centro,Mostrador,Americano,1,5000,Tarjeta,
7136,2026-09-24,10:32,Nübe Centro,Mostrador,Americano,2,5000,Efectivo,
1875,2026-08-16,08:23,Nübe Altico,Mostrador,Tinto,1,3000,Efectivo,C292
7424,2026-09-26,09:39,Nübe Centro,Mostrador,Croissant almendras,1 und,8000,Efectivo,
2217,2026-08-19,07:48,Nübe Centro,Mostrador,Capuchino,1,8500,Efectivo,
2828,2026-08-23,20:03,Nübe Centro,Mostrador,Chocolate caliente,1,7500,Efectivo,C175
7287,25/09/2026,07:12,Nübe Centro,Mostrador,Chocolate caliente,1,7500,EFECTIVO,
5794,2026-09-13,13:41,Nübe Altico,Mostrador,Chocolate caliente,1,7500,Nequi,
2476,2026-08-21,16:50,Nübe Centro,Mostrador,Croissant,1,6000,TARJETA,C077
6094,2026-09-16,07:05,Nübe Centro,Domicilio,Tinto,1,3000,TARJETA,
6426,2026-09-18,07:09,Nübe Altico,Mostrador,Croissant,1,6000,Efectivo,C031
4534,2026-09-04,07:36,Nübe Altico,Domicilio,Croissant de almendras,1,$8.000,Tarjeta,
5020,2026-09-08,08:32,Nübe Centro,Mostrador,Tinto,1 und,3000,Efectivo,
4387,2026-09-03,12:21,Nübe Altico,Mostrador,Tinto,1 und,3000,Efectivo,
685,2026-08-08,15:50,Nübe Centro,Domicilio,Tinto ,1,3000,Tarjeta,C248
874,2026-08-09,08:14,centro,Mostrador,Croissant,1,6000,Tarjeta,
199,2026-08-04,18:18,Nübe Altico,Domicilio,chocolate caliente,2,7500,Efectivo,
5202,2026-09-09,16:54,Nübe Altico,Mostrador,Croissant,1,6000,Tarjeta,
923,2026-08-09,14:38,centro,Mostrador,Tinto,1,3000,Efectivo,
7414,2026-09-26,18:57,Nübe Centro,Domicilio,Latte,2,9000,Tarjeta,
6446,2026-09-18,08:34,Nübe Altico,Domicilio,Capuchino,2,8500,Tarjeta,
7264,2026-09-25,07:18,Nübe Centro,Domicilio,Tinto,1,3000,TARJETA,
1051,10/08/2026,09:46,Nübe Centro,Mostrador,Croissant,2,6000,Efectivo,
3978,2026-08-31,16:34,Nübe Centro,Domicilio,Chocolate  caliente,1,7500,Efectivo,C233
390,2026-08-06,15:20,Nübe Centro,Mostrador,Croissant,1,6000,Efectivo,C103
4827,2026-09-06,09:12,centro,Mostrador,frappé de café,1,$11.000,Efectivo,
2140,2026-08-18,19:08,Nübe Centro,Mostrador,Capuchino,1,$8.500,Efectivo,
5092,2026-09-08,06:11,Nübe Altico,Mostrador,Croissant de almendras,2,8000,Efectivo,
4464,2026-09-04,07:34,Nübe Centro,Mostrador,Latte,1,9000,EFECTIVO,C043
6536,2026-09-19,08:30,Nübe Centro,Mostrador,Tinto,3,3000,Tarjeta,C221
7570,2026-09-27,08:12,Nübe Centro,Mostrador,Chocolate caliente,1,7500,Nequi,C296
2485,21/08/2026,09:27,Nübe Centro,Mostrador,Latte,1,9000,NEQUI,
523,2026-08-07,17:27,Nübe Centro,Domicilio,Latte,1,9000,Tarjeta,
6025,2026-09-15,10:59,Nübe Altico,Mostrador,Chocolate caliente,1,7500,Efectivo,
2900,2026-08-23,18:12,Nübe Altico,Mostrador,Tinto,1,3000,Nequi,
701,2026-08-08,08:39,Nübe Centro,Domicilio,croissant,1,6000,Nequi,C207
165,2026-08-04,16:34,Nube Centro ,Mostrador,Tinto,1,3000,Tarjeta,C158
6613,2026-09-19,08:19,Nübe Altico,Mostrador,Croissant,1,6000,Tarjeta,C249
6862,21/09/2026,15:44,Nübe Altico,Mostrador,Tinto,1,3000,TARJETA,
3952,2026-08-31,10:07,Nübe Centro,Mostrador,Capuchino,1,8500,Efectivo,
438,2026-08-06,10:38,Nübe Altico,Mostrador,americano,1,5000,,C070
2019,2026-08-17,09:13,Nübe Altico,Domicilio,Latte,1 und,9000,Nequi,
869,2026-08-09,08:32,Nübe Centro,Mostrador,Americano,2,5000,Nequi,C144
5093,2026-09-08,08:40,Nübe Altico,Mostrador,Capuchino,1,8500,Nequi,
5320,2026-09-10,19:50,Nübe Centro,Domicilio,Croissant de almendras,1,$8.000,Nequi,C252
1029,2026-08-10,12:53,Nübe Centro,Domicilio,Capuchino,2 und,8500,Efectivo,C154
6265,2026-09-17,06:34,Nübe Altico,Domicilio,CROISSANT ,1,6000,Tarjeta,
3414,27/08/2026,17:41,Nübe Altico,Mostrador,Frappé de café,1,11000,Nequi,
4463,2026-09-04,10:37,Nübe Centro,Mostrador,Croissant,1,6000,Tarjeta,C217
1836,2026-08-16,07:17,Nübe Centro,Mostrador,Capuchino,1,8500,Efectivo,C252
736,2026-08-08,12:01,Nübe Centro,Mostrador,Chocolate caliente,1,7500,Efectivo,C165
160,2026-08-04,09:30,centro,Mostrador,Croissant,1,$6.000,Nequi,
588,2026-08-07,09:20,Nübe Altico,Domicilio,Tinto,1,3000,Nequi,
2472,2026-08-21,12:01,Nübe Centro,Mostrador,CROISSANT ,1,6000,Nequi,
163,2026-08-04,08:09,Nübe Centro,Mostrador,Americano,1,5000,Nequi,
3580,2026-08-28,07:59,Nübe Altico,Domicilio,Croissant de almendras,1,8000,Nequi,C204
4559,2026-09-04,11:34,Nübe Altico,Mostrador,AMERICANO,1,$5.000,Tarjeta,
520,07/08/2026,19:11,Nübe Centro,Domicilio,Croissant de almendras,1,8000,EFECTIVO,
6188,2026-09-17,08:33,Nübe Centro,Mostrador,Tinto,1,3000,Efectivo,C269
3552,2026-08-28,09:42,Nübe Altico,Mostrador,Croissant,1,6000,Nequi,
1395,2026-08-13,09:28,Nübe Altico,Mostrador,Croissant,1,$6.000,Efectivo,
2607,2026-08-22,08:16,Nübe Centro,Mostrador,Americano,1 und,5000,Nequi,
2231,2026-08-19,08:29,Nübe Centro,Domicilio,Croissant,1,6000,Nequi,C102
1026,10/08/2026,09:42,Nübe Centro,Mostrador,Croissant,1,6000,Efectivo,C048
3269,26/08/2026,15:58,Nübe Altico,Mostrador,Latte,1,9000,Efectivo,
3161,2026-08-25,10:22,Nübe Centro,Domicilio,Croissant,1,6000,Tarjeta,C113
4388,2026-09-03,18:17,Nübe Altico,Domicilio,Croissant de almendras,2,8000,Efectivo,C119
180,2026-08-04,08:04,Nübe Altico,Mostrador,Americano,1,5000,Tarjeta,
5650,2026-09-12,13:07,Nübe Altico,Mostrador,Frappé de café,1,11000,Nequi,
6573,2026-09-19,11:48,altico,Mostrador,Croissant almendras,1,8000,Tarjeta,C105
3919,2026-08-30,17:32,Nübe Altico,Domicilio,Tinto,1,3000,Efectivo,
862,2026-08-09,10:39,centro,Mostrador,croissant de almendras,1,8000,Nequi,
7636,2026-09-27,10:13,Nübe Altico,Mostrador, Capuchino ,1,8500,EFECTIVO,
5215,2026-09-09,10:40,Nübe Altico,Mostrador,Capuchino,1,8500,Tarjeta,
503,2026-08-07,16:39,NUBE CENTRO,Mostrador,Americano,1,5000,EFECTIVO,
3276,2026-08-26,19:39,Nübe Altico,Mostrador,Latte,1,9000,Tarjeta,
724,2026-08-08,12:12,Nübe Centro,Domicilio,Capuchino,1 und,8500,Tarjeta,
2475,2026-08-21,07:15,Nübe Centro,Mostrador,Latte,1,9000,Nequi,
3559,2026-08-28,08:48,Nübe Altico,Mostrador,Croissant,1,,Tarjeta,
701,2026-08-08,08:39,Nübe Centro,Domicilio,Americano,2,5000,Nequi,C207
1234,2026-08-12,11:33,Nübe Centro,Mostrador,Croissant,0,6000,Efectivo,
5960,2026-09-15,15:00,centro,Domicilio,Tinto,1 und,3000,Nequi,C126
4571,2026-09-05,08:10,Nübe Centro,Mostrador,Americano,1 und,5000,Nequi,
507,2026-08-07,09:17,Nübe Centro,Mostrador,Croissant de almendras,2,$8.000,Efectivo,
1230,2026-08-12,10:06,Nübe Centro,Mostrador,Tinto,1,3000,Nequi,
3187,2026-08-25,18:17,Nübe Altico,Mostrador,Croissant,2,6000,Tarjeta,
6796,2026-09-21,08:01,Nübe Centro,Mostrador,Croissant,1,$6.000,NEQUI,
3275,2026-08-26,15:57,Nübe Altico,Domicilio,latte,1,9000,Efectivo,C189
2589,2026-08-21,08:31,Nübe Altico,Mostrador,Croisant,1,6000,Tarjeta,
6548,2026-09-19,15:29,Nübe Altico,Mostrador,Latte,1,9000,Nequi,
1838,2026-08-16,07:49,Nübe Centro,Mostrador,Americano,1,5000,Tarjeta,
4303,03/09/2026,12:15,Nübe Centro,Mostrador,Tinto,1,3000,Nequi,
5647,2026-09-12,17:30,Nübe Altico,Domicilio,Latte,2,9000,TARJETA,C296
2556,2026-08-21,09:40,Nübe Altico,Domicilio,Chocolate caliente,1,7500,Efectivo,C241
3816,2026-08-30,19:52,Nube Centro ,Mostrador,Croissant,1,6000,Efectivo,
7382,2026-09-26,10:01,Nübe Centro,Domicilio,Americano,1,$5.000,Tarjeta,
125,2026-08-04,11:52,Nübe Centro,Mostrador,CROISSANT ,1,6000,Efectivo,
4809,2026-09-06,09:10,Nübe Centro,Mostrador,Croissant,1,6000,Efectivo,C111
7134,2026-09-24,08:09,Nübe Centro,Mostrador,Croissant de almendras,1,8000,TARJETA,C015
569,2026-08-07,12:35,Nübe Centro,Mostrador,Capuchino,1,8500,TARJETA,
427,2026-08-06,09:39,Nübe Altico,Mostrador,Tinto,1 und,3000,Efectivo,
3654,2026-08-29,15:49,Nübe Centro,Mostrador,Tinto,1,3000,Efectivo,C168
2996,24/08/2026,07:30,Nübe Centro,Mostrador,TINTO,1,3000,Nequi,C280
6686,2026-09-20,16:13,Nübe Centro,Mostrador,Americano,3,5000,Nequi,
3204,2026-08-26,18:08,Nübe Centro,Mostrador,Croisant,1,6000,Nequi,
7415,2026-09-26,17:18,Nübe Centro,Mostrador,Chocolate caliente,1,7500,Nequi,
3153,2026-08-25,08:17,Nübe Centro,Mostrador,Capuchino,1,8500,Nequi,
238,2026-08-05,11:17,Nübe Centro,Mostrador,Croissant,1,6000,Nequi,C172
3664,2026-08-29,08:48,Nübe Centro,Domicilio,Tinto,1,3000,Tarjeta,
5449,2026-09-11,08:27,Nübe Centro,Mostrador,Tinto,3,3000,Tarjeta,
3305,2026-08-26,14:54,altico,Mostrador,Capuchino,1,8500,Nequi,
829,2026-08-08,07:44,Nübe Altico,Mostrador,Capuchino,1,8500,Tarjeta,C171
328,2026-08-05,10:14,Nübe Altico,Mostrador,Americano,1,5000,Nequi,
7117,2026-09-24,13:16,Nübe Centro,Mostrador,Frappé de café,1,11000,Nequi,C113
6613,2026-09-19,08:19,Nübe Altico,Mostrador,Croissant de almendras,1,8000,Tarjeta,C249
954,2026-08-09,13:58,Nübe Altico,Mostrador,Croissant de almendras,1,,Efectivo,
711,2026-08-08,09:49,Nübe Centro,Mostrador,Americano,1,5000,Tarjeta,C200
6569,2026-09-19,07:20,Nübe Altico,Mostrador,Capuchino,1,8500,Efectivo,
7524,2026-09-26,10:38,Nübe Altico,Domicilio,Capuchino,3,8500,Nequi,C244
3734,2026-08-29,09:59,Nübe Altico,Mostrador,Americano,1,5000,Nequi,
577,2026-08-07,09:50,Nübe El Altico,Mostrador,Chocolate caliente,2,7500,Efectivo,
1358,2026-08-13,12:56,Nübe Centro,Mostrador,Croissant de almendras,1,8000,Efectivo,C087
4105,2026-09-01,09:46,Nübe Centro,Mostrador,Capuchino,1,8500,Tarjeta,
2793,2026-08-22,18:10,Nübe Altico,Domicilio,Americano,1,5000,Tarjeta,C214
3400,2026-08-27,07:03,Nübe El Altico,Mostrador,Americano,1,5000,Tarjeta,C135
5894,2026-09-14,11:40,Nübe Altico,Mostrador,Croissant de almendras,2,8000,EFECTIVO,C135
2720,2026-08-22,10:00,Nübe Altico,Mostrador,Frappé de café,1,11000,Efectivo,
6392,2026-09-18,14:14,Nübe Altico,Mostrador,Chocolate caliente,2,7500,Nequi,C187
4430,03/09/2026,06:55,altico,Mostrador,Chocolate caliente,1,7500,Tarjeta,
4933,2026-09-07,17:30,Nübe Centro,Domicilio,Chocolate  caliente,3,7500,Efectivo,
2157,18/08/2026,16:47,Nübe Centro,Mostrador,Tinto,3,3000,EFECTIVO,C212
2358,2026-08-20,08:34,Nübe Centro,Mostrador,Tinto,1,3000,EFECTIVO,C131
4085,01/09/2026,07:59,Nübe Centro,Mostrador,Frappé de café,1,11000,Efectivo,C251
4723,2026-09-05,17:47,NUBE ALTICO,Mostrador,Tinto,1,$3.000,Efectivo,C130
6527,2026-09-19,14:20,Nübe Centro,Mostrador,Croissant,1,6000,Efectivo,
5682,2026-09-13,16:16,Nübe Centro,Mostrador,Capuchino,1,8500,Efectivo,
1753,2026-08-15,08:24,Nübe Altico,Mostrador, Capuchino ,1,8500,Efectivo,
5070,2026-09-08,14:28,Nübe Centro,Mostrador,Americano,1,5000,Tarjeta,C216
1502,2026-08-14,09:10,Nübe Centro,Domicilio,Latte,1,$9.000,,
7551,2026-09-27,08:13,centro,Mostrador,croissant,2,6000,Efectivo,C005
524,2026-08-07,07:31,Nübe Centro,Mostrador,Croissant,2,6000,Tarjeta,C261
7282,25/09/2026,07:32,Nübe Centro,Mostrador,Capuchino,1,8500,Tarjeta,C159
3251,2026-08-26,10:33,Nübe Centro,Mostrador,Capuchino,1,8500,Tarjeta,C047
3560,2026-08-28,09:24,Nübe Altico,Mostrador,croissant,1,6000,Nequi,
2666,2026-08-22,14:25,Nube Centro ,Mostrador,Croissant,1,$6.000,Efectivo,C094
6662,2026-09-20,10:32,Nübe Centro,Mostrador,Croissant,1,6000,Nequi,C171
3860,2026-08-30,08:39,Nübe Centro,Mostrador,Frappé de café,1,11000,Tarjeta,C168
5827,2026-09-14,14:24,Nübe Centro,Domicilio,Latte,1,9000,Tarjeta,
7327,2026-09-25,15:52,Nübe Altico,Mostrador,Tinto,1,3000,Efectivo,C272
6163,2026-09-16,17:31,NUBE ALTICO,Mostrador,Capuchino,1,$8.500,Tarjeta,
2785,2026-08-22,09:05,NUBE ALTICO,Mostrador,Americano,1,$5.000,Tarjeta,
2910,2026-08-23,08:18,Nübe Altico,Mostrador,Americano,1,5000,Nequi,C088
592,07/08/2026,15:45,Nübe Altico,Mostrador,Croissant,1,6000,Efectivo,
546,2026-08-07,09:20,Nübe Centro,Domicilio,Croissant,1,$6.000,Nequi,
6116,2026-09-16,15:49,Nübe Altico,Domicilio,Capuchino,2,8500,Efectivo,
613,2026-08-07,08:00,Nübe Altico,Domicilio,Americano,1,5000,NEQUI,C283
2189,2026-08-18,18:51,Nübe Altico,Mostrador,Croissant de almendras,1,8000,Nequi,
6858,21/09/2026,14:09,Nübe Altico,Mostrador,Frappé de café,1,11000,Tarjeta,
7490,2026-09-26,10:36,Nübe Altico,Mostrador,Croissant,2,6000,Efectivo,C264
4009,31/08/2026,15:29,Nübe Altico,Mostrador,Chocolate caliente,1,7500,,
2166,2026-08-18,07:19,Nübe Altico,Mostrador,Capuchino,1,8500,Efectivo,
6692,2026-09-20,10:04,Nübe Centro,Mostrador,croissant de almendras,2,8000,Efectivo,C168
2454,2026-08-21,09:27,Nübe Centro,Mostrador,Tinto,1,3000,,
2605,2026-08-22,08:49,Nübe Centro,Mostrador,Capuchino,1,8500,Tarjeta,C163
1165,2026-08-11,11:58,Nübe Altico,Mostrador,Capuchino,1,8500,Tarjeta,C129
5011,2026-09-08,16:28,Nübe Centro,Mostrador,Latte,1,9000,NEQUI,
497,2026-08-07,11:12,Nübe Centro,Mostrador,Croissant de almendras,1,8000,Nequi,
3426,2026-08-27,09:11,Nübe Altico,Mostrador,Americano,1,5000,Nequi,
5652,2026-09-12,07:14,Nübe Altico,Mostrador,Chocolate  caliente,1,7500,Tarjeta,C216
1943,2026-08-17,08:13,Nübe Centro,Mostrador,CROISSANT ,2,$6.000,Tarjeta,
2434,2026-08-20,17:01,Nübe Altico,Domicilio,capuchino,1,8500,Tarjeta,C035
7137,2026-09-24,08:29,Nübe Centro,Mostrador,Croissant,1,6000,Nequi,
5598,2026-09-12,09:48,Nübe Centro,Mostrador,Capuchino,2,8500,Tarjeta,
4185,2026-09-02,06:31,Nübe Centro,Mostrador,Croissant,1,6000,Nequi,
6718,20/09/2026,13:31,Nübe Altico,Mostrador,Americano,1,5000,Nequi,
3088,2026-08-24,10:01,Nübe Altico,Mostrador,Croissant,2,6000,Efectivo,
7579,2026-09-27,08:50,Nübe Centro,Domicilio,Latte,1,9000,,
1195,2026-08-11,07:06,Nübe Altico,Mostrador,Latte,1,9000,Tarjeta,
1469,2026-08-14,09:56,Nübe Centro,Mostrador,Americano,1,5000,Nequi,C260
2454,2026-08-21,09:27,Nübe Centro,Mostrador,Croissant,1,6000,Efectivo,
1401,2026-08-13,11:55,Nübe Altico,Mostrador,Americano,3,5000,Tarjeta,C173
7241,2026-09-25,08:21,Nübe Centro,Mostrador,Capuchino,1,8500,Efectivo,
5120,2026-09-08,12:50,Nübe Altico,Domicilio,Americano,1,5000,,
1520,2026-08-14,11:33,Nübe Centro,Mostrador,Tinto,1,,Tarjeta,
3737,2026-08-29,09:31,Nübe Altico,Mostrador,Tinto,1,3000,Tarjeta,
5005,2026-09-08,15:35,Nübe Centro,Domicilio,Capuchino,1,8500,Nequi,C253
3335,27/08/2026,07:37,Nübe Centro,Domicilio,Capuchino,1,8500,Tarjeta,
60,03/08/2026,12:34,Nübe Centro,Mostrador,Tinto,1,3000,Nequi,C140
2467,2026-08-21,16:05,Nübe Centro,Domicilio,Late,1,9000,Efectivo,
7649,2026-09-27,07:17,Nübe Altico,Domicilio,Latte,1,9000,Tarjeta,C009
2455,2026-08-21,14:50,Nübe Centro,Domicilio,Chocolate caliente,1,$7.500,Efectivo,
7235,2026-09-25,07:22,Nübe Centro,Mostrador,Frappé de café,1,11000,TARJETA,
3834,2026-08-30,12:39,Nübe Centro,Mostrador,Tinto,1,3000,Efectivo,
4465,2026-09-04,09:53,Nübe Centro,Mostrador,Croissant,1,6000,Tarjeta,
1662,15/08/2026,12:13,Nübe Centro,Mostrador,CAPUCHINO,2,8500,Nequi,
7648,2026-09-27,08:13,Nübe Altico,Mostrador,TINTO,1,3000,Tarjeta,C248
3474,2026-08-28,06:17,Nübe Centro,Mostrador,Tinto,1,3000,Tarjeta,C257
7073,2026-09-23,12:45,Nübe Altico,Domicilio,Capuccino,2,8500,Nequi,
1635,15/08/2026,09:14,Nübe Centro,Mostrador,Croissant,1,6000,Nequi,
2254,2026-08-19,11:27,centro,Mostrador,Chocolate caliente,1,7500,Nequi,C252
1959,2026-08-17,15:44,Nübe Centro,Mostrador,Frappé de café,2,$11.000,Tarjeta,
2232,2026-08-19,10:00,Nübe Centro,Domicilio,CAPUCHINO,1,8500,Efectivo,
1965,2026-08-17,16:19,Nübe Centro,Domicilio,Americano,1,5000,,
3141,2026-08-25,09:39,Nübe Centro,Mostrador,Croissant de almendras,1,$8.000,Nequi,C253
386,2026-08-06,11:40,Nübe Centro,Mostrador,Capuchino,1,8500,Tarjeta,C206
6393,2026-09-18,15:53,Nübe Altico,Mostrador,Americano,2,5000,Nequi,C014
4398,2026-09-03,07:28,Nübe Altico,Mostrador,Croissant,1,6000,Efectivo,
2500,2026-08-21,16:04,Nübe Centro,Domicilio,Americano,2,5000,Nequi,C234
7347,2026-09-25,10:59,Nübe Altico,Domicilio,Chocolate caliente,1,7500,Tarjeta,
5272,2026-09-10,15:15,NUBE CENTRO,Mostrador,Croissant,1,6000,Nequi,
5040,2026-09-08,15:09,Nübe Centro,Mostrador,Chocolate caliente,1,7500,Nequi,C142
3059,24/08/2026,16:09,Nübe Altico,Mostrador,Latte,1,9000,Efectivo,
5135,2026-09-09,19:41,Nübe Centro,Mostrador,Frappé de café,1,$11.000,Tarjeta,
4674,2026-09-05,15:13,Nübe Altico,Mostrador,Tinto,1,$3.000,Tarjeta,C001
6476,2026-09-19,15:13,Nübe Centro,Mostrador,Tinto,1,3000,Nequi,C106
3468,2026-08-28,19:21,Nübe Centro,Domicilio,Croisant,1,6000,Nequi,
3243,26/08/2026,07:23,Nübe Centro,Mostrador,Tinto,1,3000,EFECTIVO,
1663,2026-08-15,12:18,Nübe Centro,Mostrador,Capuchino,1,8500,Tarjeta,C036
174,2026-08-04,08:34,Nübe Centro,Mostrador,croissant,2,6000,Tarjeta,
7222,2026-09-24,19:55,Nübe Altico,Mostrador,Croissant de almendras,1,8000,Efectivo,
579,2026-08-07,16:01,Nübe Altico,Mostrador,americano,0,5000,Nequi,C202
2412,2026-08-20,11:16,Nübe Altico,Mostrador,Americano,2,5000,Efectivo,
3362,2026-08-27,10:59,Nübe Centro,Mostrador,Croissant,2,$6.000,Efectivo,C291
1099,2026-08-11,07:56,Nübe Centro,Mostrador,Croissant de almendras,1,8000,Nequi,C248
4371,2026-09-03,07:07,Nübe Altico,Domicilio,Croissant de almendras,1,$8.000,Nequi,
6297,18/09/2026,12:46,Nübe Centro,Domicilio,Chocolate caliente,1,7500,Efectivo,
357,2026-08-06,07:11,Nübe Centro,Mostrador,Croissant,1,6000,Efectivo,
4029,2026-08-31,19:51,Nübe Altico,Mostrador, Capuchino ,1 und,,Efectivo,
741,2026-08-08,08:08,Nübe Centro,Domicilio,AMERICANO,1,5000,Nequi,
7527,2026-09-26,09:55,Nübe Altico,Domicilio,Capuchino,1,8500,,
5794,13/09/2026,13:41,Nübe Altico,Mostrador,Frappé de café,1,11000,Nequi,
5875,2026-09-14,15:00,Nübe Centro,Mostrador,Americano,1,5000,Efectivo,C004
6140,2026-09-16,10:39,Nübe El Altico,Domicilio,Frappé de café,2,11000,Tarjeta,
2523,2026-08-21,08:17,Nübe Centro,Mostrador,Latte,1,9000,Tarjeta,
7071,2026-09-23,18:49,Nübe Altico,Mostrador,Croissant,1,6000,TARJETA,C139
5537,2026-09-12,06:18,NUBE CENTRO,Domicilio,Tinto,2,3000,Nequi,
1014,2026-08-10,11:38,Nübe Centro,Mostrador,Capuchino,1,8500,Tarjeta,
5573,2026-09-12,08:32,centro,Mostrador,Croissant,1,$6.000,Nequi,
776,2026-08-08,06:09,Nübe Altico,Mostrador,Capuchino,1,8500,Efectivo,
3227,2026-08-26,09:57,Nübe Centro,Mostrador,Tinto,1,3000,Efectivo,
3007,2026-08-24,16:59,Nübe Centro,Mostrador,Croissant de almendras,1,8000,TARJETA,
3479,2026-08-28,13:46,Nübe Centro,Mostrador,Croissant de almendras,1,8000,Efectivo,
5870,14/09/2026,16:16,Nübe Centro,Mostrador,Latte,1,9000,Efectivo,
7134,2026-09-24,08:09,centro,Mostrador,Chocolate caliente,1,7500,Tarjeta,C015
991,2026-08-09,09:11,Nübe Altico,Mostrador,Americano,1,5000,NEQUI,
3355,2026-08-27,07:42,Nübe Centro,Mostrador,Capuchino,1 und,8500,Tarjeta,
6067,2026-09-16,10:03,Nübe Centro,Mostrador,Croissant de almendras,1,8000,Tarjeta,
2981,2026-08-24,15:29,Nübe Centro,Mostrador,Latte,2,9000,TARJETA,
6464,2026-09-19,10:20,Nübe Centro,Mostrador,Chocolate caliente,1,7500,Nequi,
2070,2026-08-17,17:33,Nübe El Altico,Mostrador,Tinto,1,3000,Nequi,
7391,26/09/2026,06:57,Nübe Centro,Mostrador,Tinto,2,3000,Efectivo,
3435,2026-08-27,17:43,Nübe Altico,Mostrador,Latte,1,9000,Tarjeta,
579,2026-08-07,16:01,Nübe Altico,Mostrador,Tinto,1 und,3000,Nequi,C202
1919,2026-08-17,09:12,Nübe Centro,Mostrador,Capuchino,1,8500,Nequi,C126
279,2026-08-05,16:00,Nübe Centro,Mostrador,Frappé de café,3,11000,Efectivo,C149
47,2026-08-03,13:54,Nübe Centro,Domicilio,Americano,1,5000,Nequi,C017
5147,2026-09-09,09:31,Nübe Centro,Mostrador,americano,1,5000,Tarjeta,C127
6619,2026-09-19,07:52,Nübe Altico,Mostrador,Tinto,1,3000,Efectivo,C220
3079,24/08/2026,13:01,Nübe Altico,Mostrador,Latte,3,9000,TARJETA,
2353,2026-08-20,17:46,Nübe Centro,Mostrador,Latte,1,9000,Efectivo,
4366,2026-09-03,11:19,Nübe Centro,Mostrador,Capuchino,2,8500,Tarjeta,
5215,2026-09-09,10:40,Nübe Altico,Mostrador,Tinto,1,3000,Tarjeta,
3313,2026-08-26,09:23,Nübe Altico,Mostrador,Latte,2,9000,Efectivo,C007
4670,2026-09-05,07:44,Nübe Altico,Mostrador,Capuchino,1,8500,Efectivo,
2920,2026-08-23,15:53,Nübe Altico,Mostrador,Chocolate caliente,1,7500,Efectivo,
6037,2026-09-15,16:18,Nübe Altico,Mostrador,tinto,1,3000,Nequi,C232
7622,27/09/2026,18:28,Nübe Altico,Mostrador,Tinto,1,3000,Nequi,
1885,16/08/2026,15:03,Nübe Altico,Mostrador,Chocolate caliente,1,7500,Efectivo,C241
1423,2026-08-13,08:31,Nübe Altico,Domicilio,Capuchino,2,8500,Nequi,
3194,2026-08-25,08:04,NUBE ALTICO,Mostrador,americano,1,5000,Efectivo,C264
1481,2026-08-14,08:32,Nübe Centro,Mostrador,Latte,1,9000,TARJETA,C267
4900,2026-09-07,10:40,Nübe Centro,Mostrador,Latte,1,9000,Efectivo,
6280,2026-09-17,18:37,Nübe Altico,Mostrador,Capuchino,2,8500,Efectivo,
5351,2026-09-10,13:46,Nübe Altico,Domicilio,tinto,1,3000,Efectivo,
961,2026-08-09,10:49,Nübe Altico,Mostrador,Tinto,1,3000,Efectivo,
6904,2026-09-22,19:57,Nübe Centro,Mostrador,CAPUCHINO,1,8500,Nequi,
5044,08/09/2026,18:35,Nübe Centro,Mostrador,Chocolate caliente,1 und,7500,TARJETA,
4179,2026-09-02,19:10,Nube Centro ,Mostrador,Tinto,1,3000,Efectivo,
3792,2026-08-30,18:04,Nübe Centro,Mostrador,chocolate caliente,1,$7.500,Nequi,C146
7206,2026-09-24,17:13,Nübe Altico,Mostrador,Capuchino,1,,Efectivo,C166
1949,2026-08-17,09:55,NUBE CENTRO,Mostrador,Chocolate caliente,1 und,7500,Tarjeta,
2890,2026-08-23,13:16,Nübe Centro,Mostrador,americano,2,5000,Efectivo,
6947,2026-09-22,09:12,Nübe Centro,Mostrador,Latte,1,9000,Nequi,
1807,2026-08-16,20:40,Nübe Centro,Mostrador,Capuchino,1,8500,Nequi,C028
7610,2026-09-27,16:54,Nübe Centro,Mostrador,Americano,1,5000,Nequi,C057
3984,2026-08-31,08:18,NUBE CENTRO,Mostrador,croissant,1,6000,Tarjeta,
2529,2026-08-21,07:06,Nübe Centro,Mostrador,Capuchino,1,8500,Efectivo,
1866,16/08/2026,07:14,Nübe Altico,Mostrador,Tinto,1,3000,Nequi,C273
4894,2026-09-07,16:48,Nübe Centro,Mostrador,Croissant,1,$6.000,Nequi,
5617,2026-09-12,10:23,Nübe Altico,Mostrador,Chocolate caliente,1,7500,Efectivo,C174
4960,2026-09-07,09:03,Nübe Altico,Mostrador,Latte,1,9000,Tarjeta,C273
2278,2026-08-19,07:45,Nübe Centro,Mostrador,CROISSANT ,1,6000,Nequi,C257
4997,2026-09-07,14:01,Nübe Altico,Mostrador,Capuccino,1,8500,Nequi,
5788,2026-09-13,11:16,Nübe Altico,Domicilio, LATTE,1,9000,Tarjeta,C091
532,07/08/2026,08:55,Nübe Centro,Domicilio,Croisant,1,6000,Efectivo,
3466,28/08/2026,07:45,centro,Mostrador,Tinto ,1,3000,Tarjeta,C113
4232,2026-09-02,09:50,Nübe Centro,Mostrador,Croissant de almendras,,8000,Tarjeta,
3132,2026-08-25,07:21,Nübe Centro,Mostrador,Croissant,1,6000,Tarjeta,
5142,2026-09-09,12:25,centro,Mostrador,Tinto,1,$3.000,Tarjeta,C213
1846,2026-08-16,16:56,Nübe Centro,Mostrador,Capuchino,2,8500,NEQUI,C047
1724,2026-08-15,11:03,Nübe Altico,Mostrador,Croissant,1,$6.000,Nequi,C114
1788,2026-08-16,08:25,Nübe Centro,Mostrador,Tinto,1,3000,Tarjeta,
6366,18/09/2026,17:25,Nübe Centro,Mostrador,Tinto,1 und,3000,Nequi,C148
2810,2026-08-23,09:03,Nübe Centro,Mostrador, Capuchino ,3,8500,Nequi,C241
521,2026-08-07,09:57,Nübe Centro,Mostrador,Tinto,1,3000,Tarjeta,
4947,2026-09-07,18:11,Nübe Altico,Domicilio,Tinto,1,3000,Efectivo,
7138,2026-09-24,10:35,NUBE CENTRO,Mostrador,Capuchino,1,8500,Efectivo,C284
6981,2026-09-22,08:04,Nübe Altico,Mostrador,Chocolate  caliente,,7500,Efectivo,C131
6289,2026-09-18,16:11,centro,Mostrador,Capuchino,1,8500,Nequi,C286
3093,2026-08-25,11:09,Nübe Centro,Mostrador,Tinto,1,3000,Tarjeta,C092
83,2026-08-03,07:20,Nübe Altico,Mostrador,Croissant,1,6000,Tarjeta,C272
3708,2026-08-29,16:04,Nübe Centro,Domicilio,Americano,1,5000,TARJETA,
2270,2026-08-19,10:37,Nübe Centro,Mostrador, Capuchino ,1,8500,Nequi,
3812,2026-08-30,10:26,Nübe Centro,Mostrador,Capuchino,1,8500,Nequi,
1944,2026-08-17,18:38,Nübe Centro,Mostrador,Capuchino,1,8500,Nequi,C187
3173,2026-08-25,17:24,Nübe Altico,Mostrador,Croissant,1,6000,Tarjeta,
1222,2026-08-12,15:43,Nübe Centro,Domicilio,Capuchino,1,$8.500,Nequi,
284,2026-08-05,17:18,altico,Domicilio,Tinto,1,3000,Nequi,
4636,2026-09-05,13:03,Nübe Centro,Mostrador,Croissant,1,6000,Nequi,
679,2026-08-08,09:43,Nübe Centro,Mostrador,Chocolate caliente,1,7500,Tarjeta,C001
6618,2026-09-19,17:48,Nübe Altico,Mostrador,Americano,1,5000,Nequi,
5147,2026-09-09,09:31,Nübe Centro,Mostrador,Tinto,1,3000,Tarjeta,C127
2462,2026-08-21,10:11,Nübe Centro,Domicilio,Frappé de café,1,11000,Tarjeta,C194
331,2026-08-05,20:00,Nübe Altico,Mostrador,capuchino,1,8500,Nequi,
5979,2026-09-15,09:20,Nübe Centro,Mostrador,Capuchino,1,8500,Efectivo,
5233,2026-09-09,15:10,Nübe Altico,Mostrador,Americano,1,$5.000,Efectivo,
7494,2026-09-26,19:52,Nübe Altico,Mostrador,Late,1,9000,Nequi,
3105,2026-08-25,10:39,NUBE CENTRO,Mostrador,americano,1,$5.000,Nequi,C217
370,2026-08-06,09:43,Nübe Centro,Mostrador,Chocolate caliente,1,$7.500,Efectivo,
2839,2026-08-23,18:59,Nübe Centro,Mostrador,AMERICANO,1,5000,EFECTIVO,C155
4938,2026-09-07,10:12,Nübe Centro,Mostrador, LATTE,1,9000,Tarjeta,C039
5619,2026-09-12,10:25,Nübe Altico,Mostrador,Capuccino,2,8500,Efectivo,
4819,2026-09-06,18:39,Nübe Centro,Mostrador,Capuchino,1,8500,Nequi,
5410,2026-09-11,11:41,centro,Mostrador,Capuchino,1,8500,Efectivo,C170
6588,2026-09-19,07:13,Nübe Altico,Domicilio,Tinto,1,$3.000,Nequi,
599,2026-08-07,09:37,Nübe Altico,Mostrador,Frappé de café,1,11000,Efectivo,
3839,2026-08-30,19:51,Nübe Centro,Mostrador,Americano,1,5000,Tarjeta,C216
3712,2026-08-29,20:07,Nübe Centro,Mostrador,Chocolate caliente,1,7500,Nequi,C136
7310,2026-09-25,07:29,Nübe Altico,Domicilio,Americano,2,5000,Nequi,
4135,2026-09-01,17:45,Nübe Altico,Domicilio,Capuchino,1,8500,TARJETA,
4634,2026-09-05,11:30,Nübe Centro,Domicilio,Capuchino,1,8500,TARJETA,C208
1901,2026-08-16,18:28,Nübe Altico,Domicilio,Capuchino,1,8500,Efectivo,
2363,2026-08-20,11:42,Nübe Centro,Mostrador,Tinto,1,3000,Tarjeta,C037
940,2026-08-09,07:49,Nübe Centro,Mostrador,Capuchino,2,8500,EFECTIVO,
681,2026-08-08,19:30,centro,Domicilio,Tinto,1,3000,Tarjeta,C066
2803,2026-08-23,10:10,Nübe Centro,Mostrador,Latte,1,$9.000,Tarjeta,C264
1240,2026-08-12,08:48,Nübe Centro,Mostrador,Late,1,9000,Nequi,
1595,2026-08-15,08:31,Nübe Centro,Domicilio,Croissant,2,6000,TARJETA,C039
2523,2026-08-21,08:17,Nübe Centro,Mostrador,croissant de almendras,1,8000,Tarjeta,
4886,2026-09-07,12:27,Nübe Centro,Mostrador,Tinto,2,3000,Nequi,
5567,2026-09-12,15:12,Nübe Centro,Domicilio,Croissant,2,6000,Nequi,
5831,2026-09-14,14:34,Nübe Centro,Mostrador,Capuchino,1,8500,Tarjeta,C244
6912,2026-09-22,11:49,Nube Centro ,Mostrador,Croissant,1,6000,Efectivo,
1151,2026-08-11,08:43,Nübe Altico,Mostrador,Capuchino,1,8500,Nequi,
6816,21/09/2026,12:41,Nübe Centro,Mostrador,Chocolate caliente,1,7500,Nequi,C071
51,2026-08-03,11:35,Nübe Centro,Mostrador,Tinto,1,3000,Nequi,
1912,2026-08-17,14:18,Nübe Centro,Mostrador,Tinto,1,3000,Efectivo,C080
4066,2026-09-01,07:07,Nübe Centro,Mostrador, Capuchino ,1,8500,,C125
2256,2026-08-19,20:48,Nübe Centro,Mostrador,Americano,2,5000,Tarjeta,C079
1144,2026-08-11,07:45,Nübe Centro,Domicilio,Capuchino,1,8500,EFECTIVO,
3925,2026-08-31,20:07,Nübe Centro,Mostrador,Latte,1,9000,Nequi,
1554,2026-08-14,17:39,Nübe Altico,Mostrador,Croissant,1,6000,Nequi,C294
3343,27/08/2026,07:21,Nübe Centro,Mostrador,Americano,1,5000,NEQUI,
125,2026-08-04,11:52,Nübe Centro,Mostrador,Tinto,1,3000,Efectivo,
7038,2026-09-23,20:48,Nübe Centro,Mostrador,frappé de café,1,11000,Tarjeta,
7662,2026-09-27,14:18,Nübe Altico,Mostrador,tinto,1,$3.000,Efectivo,C294
5558,2026-09-12,10:50,Nübe Centro,Mostrador,Croissant de almendras,1,8000,Tarjeta,
3278,2026-08-26,10:12,Nübe Altico,Mostrador,Croissant de almendras,2,8000,Nequi,
5926,2026-09-14,07:59,Nübe Altico,Mostrador,Croissant,1,6000,Efectivo,
444,2026-08-06,10:16,Nübe Altico,Mostrador,Latte,2,9000,Nequi,
5750,2026-09-13,07:48,Nübe Altico,Mostrador,Latte,1,9000,Tarjeta,C140
2226,2026-08-19,09:28,Nübe Centro,Mostrador,Americano,1,5000,NEQUI,C220
6872,21/09/2026,19:38,Nübe Altico,Mostrador,Croissant,2,6000,NEQUI,C135
2944,2026-08-23,06:08,Nübe Altico,Mostrador,Croissant de almendras,1,8000,Efectivo,C263
615,2026-08-07,16:42,Nübe Altico,Mostrador,Americano,1,5000,Tarjeta,
1129,2026-08-11,11:09,Nübe Centro,Mostrador,Croissant,2,$6.000,NEQUI,C032
7325,2026-09-25,07:38,Nübe Altico,Domicilio,Croissant de almendras,2,8000,Tarjeta,C292
6714,2026-09-20,10:13,Nübe Altico,Mostrador,Tinto ,1,3000,Efectivo,
2623,2026-08-22,13:48,Nübe Centro,Mostrador,Frappé de café,1,11000,Tarjeta,C129
2841,2026-08-23,10:54,Nübe Centro,Mostrador,Tinto,1,3000,TARJETA,
1298,2026-08-12,09:17,Nübe Altico,Mostrador,Croissant,1,6000,Nequi,C249
5946,14/09/2026,16:58,Nübe El Altico,Mostrador,Chocolate caliente,1,7500,Nequi,C217
4998,07/09/2026,13:05,Nübe Altico,Domicilio,Chocolate caliente,1,$7.500,Tarjeta,C249
4515,04/09/2026,08:50,Nübe Altico,Domicilio,Tinto,1,3000,Nequi,
2501,2026-08-21,07:29,Nübe Centro,Mostrador,Tinto,1,3000,Tarjeta,
4012,31/08/2026,09:58,Nübe Altico,Mostrador,Croissant,1,6000,Tarjeta,C281
1167,11/08/2026,11:09,altico,Mostrador,Tinto ,1,3000,NEQUI,C033
2345,20/08/2026,10:18,NUBE CENTRO,Domicilio,Capuchino,1,,Tarjeta,
6176,2026-09-17,11:36,Nübe Centro,Domicilio,Frappé de café,1,11000,Efectivo,
501,2026-08-07,07:16,Nübe Centro,Domicilio,Chocolate caliente,1,7500,Nequi,C030
5355,2026-09-10,17:03,Nübe Altico,Mostrador,Americano,1,5000,TARJETA,
2468,2026-08-21,14:00,centro,Mostrador,Latte,1,9000,Efectivo,
6275,2026-09-17,07:52,Nübe Altico,Mostrador,Croissant,1 und,6000,Nequi,
1874,2026-08-16,13:33,Nübe Altico,Mostrador,Croisant,1,6000,Nequi,C131
2877,2026-08-23,06:09,Nübe Centro,Domicilio,Croissant de almendras,1,8000,Nequi,C036
3309,2026-08-26,13:05,Nübe Altico,Mostrador,Croissant de almendras,1,8000,Efectivo,
6028,2026-09-15,08:27,NUBE ALTICO,Mostrador,Croissant de almendras,0,8000,Tarjeta,
5521,2026-09-11,07:28,Nübe Altico,Mostrador,Latte,1,$9.000,Tarjeta,C144
5479,2026-09-11,17:35,Nübe Altico,Mostrador,Croissant de almendras,1,8000,Efectivo,
1593,15/08/2026,09:46,Nübe Centro,Mostrador,Croissant de almendras,2,8000,Tarjeta,C239
3619,2026-08-29,15:07,Nübe Centro,Mostrador,Latte,1,9000,Efectivo,
5842,2026-09-14,14:50,Nübe Centro,Mostrador,Tinto,1,3000,Nequi,
7600,2026-09-27,15:39,Nübe Centro,Mostrador,Latte,1,9000,Nequi,
1917,2026-08-17,17:06,Nübe Centro,Mostrador,Chocolate caliente,1,7500,Efectivo,C254
377,2026-08-06,08:41,Nübe Centro,Mostrador,Capuchino,1 und,8500,Efectivo,C146
3644,2026-08-29,10:00,Nübe Centro,Domicilio,Frappé de café,1 und,11000,Tarjeta,C189
2092,2026-08-18,12:00,Nube Centro ,Mostrador,Latte,1,9000,Tarjeta,C260
1878,2026-08-16,12:18,Nübe Altico,Domicilio,Croissant,2,6000,Nequi,
7078,2026-09-23,13:03,Nübe Altico,Mostrador,croissant de almendras,2,8000,Nequi,
2765,2026-08-22,09:36,Nübe Altico,Mostrador,Chocolate  caliente,1,7500,Tarjeta,C106
651,2026-08-07,15:44,Nübe Altico,Mostrador,Americano,1,5000,Nequi,
5949,15/09/2026,08:47,Nübe Centro,Mostrador,Chocolate caliente,2,7500,,
59,2026-08-03,16:18,Nübe Centro,Mostrador,Croissant,1,6000,,C007
1326,2026-08-13,16:31,Nübe Centro,Mostrador,Chocolate  caliente,1,7500,Efectivo,C104
1396,2026-08-13,14:38,altico,Mostrador,Croissant,2,6000,Efectivo,C030
5545,2026-09-12,06:53,Nübe Centro,Domicilio,Tinto,1,3000,Tarjeta,
2322,2026-08-19,16:13,Nübe Altico,Mostrador,Tinto,1,3000,Nequi,C289
2695,2026-08-22,11:14,Nübe Centro,Domicilio,Tinto,2 und,3000,Tarjeta,
2261,2026-08-19,08:07,Nübe Centro,Mostrador,Tinto,1 und,$3.000,Nequi,C218
1808,2026-08-16,18:59,Nübe Centro,Mostrador,Tinto,1 und,$3.000,NEQUI,C249
7110,24/09/2026,13:49,NUBE CENTRO,Mostrador,Tinto,1,3000,Nequi,
2772,2026-08-22,07:01,Nübe Altico,Mostrador,Tinto,1,3000,Efectivo,
2150,2026-08-18,09:53,Nübe Centro,Mostrador,Tinto,1,3000,Nequi,
6271,2026-09-17,07:48,Nübe Altico,Mostrador,Croissant de almendras,1,8000,Nequi,C080
5210,2026-09-09,10:43,Nübe Altico,Mostrador,Americano,1,5000,Tarjeta,
554,2026-08-07,13:14,Nübe Centro,Domicilio,Croissant,1,6000,EFECTIVO,
3322,2026-08-27,07:48,Nübe Centro,Mostrador,CROISSANT ,1,6000,Nequi,
3795,2026-08-30,07:18,Nübe Centro,Mostrador,Croissant,1,6000,Tarjeta,C270
3429,2026-08-27,18:42,Nübe Altico,Mostrador,Capuchino,1,,Nequi,C047
186,2026-08-04,08:16,Nübe Altico,Mostrador,Latte,1,9000,Nequi,
9,2026-08-03,18:08,Nübe Centro,Domicilio,Capuchino,1,8500,Tarjeta,
640,2026-08-07,11:53,Nübe Altico,Mostrador,tinto,2,3000,Efectivo,
4757,2026-09-06,15:43,Nübe Centro,Mostrador,Capuchino,1,8500,Nequi,
1859,2026-08-16,07:30,Nübe Altico,Mostrador, LATTE,1,9000,Nequi,
1186,2026-08-11,09:18,Nübe Altico,Mostrador,Croisant,2,6000,Tarjeta,C196
882,2026-08-09,10:12,centro,Domicilio,Tinto,1,3000,Efectivo,
5078,2026-09-08,13:38,Nübe Altico,Mostrador,Americano,1,5000,Nequi,
2373,2026-08-20,10:00,Nübe Centro,Domicilio,Frappé de café,1,11000,Tarjeta,
1815,16/08/2026,13:03,Nübe Centro,Mostrador,latte,1,9000,Nequi,
5855,2026-09-14,08:46,Nübe Centro,Mostrador,Capuchino,1,8500,Efectivo,
7205,2026-09-24,07:53,Nübe Altico,Mostrador,Croissant,1,6000,Tarjeta,
5782,2026-09-13,16:03,Nübe Altico,Mostrador,Latte,1,9000,Nequi,
4095,01/09/2026,11:40,NUBE CENTRO,Mostrador,Latte,1 und,9000,NEQUI,
7060,2026-09-23,19:35,Nübe Centro,Mostrador,Frappé de café,1,11000,Nequi,
4203,2026-09-02,09:36,Nübe Centro,Domicilio,Chocolate  caliente,1,7500,Nequi,
1789,2026-08-16,08:47,Nübe Centro,Mostrador,Latte,1,9000,Nequi,C172
2934,2026-08-23,12:50,NUBE ALTICO,Mostrador,AMERICANO,1,5000,Tarjeta,
4019,2026-08-31,07:31,Nübe Altico,Mostrador,Capuchino,1,8500,Efectivo,C018
5529,2026-09-12,20:01,Nübe Centro,Mostrador,Tinto,1,3000,Nequi,
4881,2026-09-06,12:36,Nübe Altico,Domicilio,Tinto,2,$3.000,Nequi,C072
2318,2026-08-19,07:10,Nübe Altico,Mostrador,TINTO,1,3000,NEQUI,C027
4749,2026-09-06,08:16,Nübe Centro,Mostrador,Capuchino,2,8500,NEQUI,C107
3882,2026-08-30,13:43,Nübe Altico,Mostrador,Frappe de cafe,1,11000,Nequi,
4665,2026-09-05,09:00,Nübe Altico,Domicilio,Tinto,1,3000,Efectivo,C197
1515,2026-08-14,12:24,Nübe Centro,Mostrador,Capuchino,2,8500,Efectivo,
63,2026-08-03,18:02,Nübe Centro,Mostrador,Latte,1,9000,NEQUI,
4984,2026-09-07,12:37,Nübe Altico,Mostrador,Frappé de café,1,$11.000,Efectivo,C064
1473,2026-08-14,09:23,Nube Centro ,Domicilio,Capuchino,2,8500,Efectivo,
4617,2026-09-05,16:26,NUBE CENTRO,Mostrador,Tinto,0,3000,Efectivo,C179
3119,25/08/2026,12:11,Nübe Centro,Domicilio,Frappé de café,1,11000,Efectivo,C095
2535,2026-08-21,09:00,Nübe Altico,Mostrador,Croissant,1,6000,Efectivo,C054
3284,2026-08-26,13:08,Nübe Altico,Mostrador,Tinto,3,3000,,
7094,2026-09-23,08:35,Nübe Altico,Mostrador,Croissant,1,,Nequi,
6248,2026-09-17,08:10,Nübe Altico,Mostrador,Tinto,1,$3.000,Efectivo,
6466,2026-09-19,12:42,Nübe Centro,Domicilio,Frappé de café,1,11000,Efectivo,
5724,2026-09-13,07:58,NUBE CENTRO,Mostrador,Chocolate caliente,1,7500,Efectivo,
7174,2026-09-24,17:59,Nübe Centro,Mostrador,Americano,1,5000,Efectivo,
4649,2026-09-05,19:09,Nübe Centro,Mostrador,Capuchino,1,8500,Efectivo,
656,2026-08-08,07:33,Nübe Centro,Mostrador,chocolate caliente,1,7500,Nequi,
6492,2026-09-19,09:47,Nübe Centro,Mostrador,Latte,1,9000,Efectivo,
300,05/08/2026,07:26,Nübe Altico,Mostrador,Latte,2,9000,Nequi,C080
6402,2026-09-18,08:23,Nübe Altico,Mostrador,Croissant,1 und,$6.000,Tarjeta,C119
5689,13/09/2026,16:42,Nübe Centro,Mostrador,croissant de almendras,2,8000,Efectivo,C097
6133,2026-09-16,14:08,Nübe Altico,Mostrador,Frappé de café,1,11000,Tarjeta,
570,2026-08-07,13:24,Nübe Centro,Mostrador,Frappé de café,1 und,11000,Tarjeta,
3900,2026-08-30,16:47,Nübe Altico,Mostrador,Croissant,2,6000,Nequi,
4810,06/09/2026,15:18,Nübe Centro,Mostrador,Capuchino,2,8500,Nequi,C298
3110,2026-08-25,10:56,Nübe Centro,Mostrador,Croissant de almendras,3,8000,Efectivo,
6523,2026-09-19,08:18,Nübe Centro,Mostrador,Tinto,1,3000,Nequi,
4666,2026-09-05,15:06,altico,Domicilio,Croissant de almendras,1,$8.000,Nequi,C204
1677,2026-08-15,13:59,Nübe Centro,Mostrador,Croissant,1,6000,Tarjeta,
1252,2026-08-12,09:00,Nübe Centro,Mostrador,Capuchino,1,8500,Tarjeta,C177
2421,2026-08-20,16:49,Nübe Altico,Mostrador,Frappé de café,1,11000,Nequi,
626,2026-08-07,17:20,Nübe Altico,Mostrador,Capuchino,1,8500,EFECTIVO,C010
6451,2026-09-19,12:45,Nübe Centro,Domicilio,Chocolate caliente,1,7500,TARJETA,
7397,26/09/2026,12:59,Nübe Centro,Domicilio,Tinto,1,3000,Nequi,
6698,2026-09-20,13:38,Nübe Centro,Domicilio,Croissant,1,6000,Nequi,C003
2238,2026-08-19,10:09,Nübe Centro,Mostrador,Tinto,1 und,3000,Efectivo,C082
7630,2026-09-27,09:10,Nübe Altico,Mostrador,Americano,1,5000,Tarjeta,
341,2026-08-06,14:11,Nübe Centro,Mostrador,Frappe de cafe,1,11000,Efectivo,
5798,13/09/2026,16:12,Nübe Altico,Mostrador,Capuchino,2,8500,Efectivo,C059
4240,2026-09-02,07:00,Nübe Centro,Domicilio,Frappé de café,1,11000,TARJETA,
4462,2026-09-04,14:29,Nübe Centro,Mostrador,Tinto,1,3000,Nequi,C110
31,2026-08-03,07:13,Nübe Centro,Mostrador,Chocolate caliente,2,7500,Tarjeta,C110
5583,2026-09-12,12:26,Nübe Centro,Mostrador,croissant,1,6000,Efectivo,
167,2026-08-04,09:52,Nübe Centro,Domicilio,Croissant,1,6000,Nequi,C195
5577,2026-09-12,10:05,centro,Mostrador,Americano,2,5000,Tarjeta,C041
5554,2026-09-12,10:28,Nübe Centro,Mostrador,Americano,2,5000,Nequi,
464,2026-08-06,07:43,Nübe El Altico,Mostrador,Americano,2,5000,Efectivo,
3170,2026-08-25,14:10,Nübe Altico,Mostrador,Tinto,2,3000,Nequi,C057
6958,2026-09-22,20:03,Nübe Altico,Mostrador,Croissant,1,6000,Tarjeta,C116
7623,27/09/2026,11:52,Nübe Altico,Domicilio, Capuchino ,2,8500,Efectivo,
1700,2026-08-15,12:36,Nübe Centro,Mostrador,Americano,1,5000,Efectivo,
1342,2026-08-13,07:43,Nübe Centro,Mostrador,AMERICANO,2,5000,Efectivo,
2312,2026-08-19,16:25,Nübe Altico,Mostrador,Americano,1,5000,Tarjeta,
5726,2026-09-13,11:24,Nübe Centro,Mostrador,Capuchino,1,8500,Efectivo,C183
998,2026-08-09,08:33,Nübe Altico,Mostrador,americano,1,5000,Efectivo,
7323,2026-09-25,07:20,Nübe Altico,Domicilio,Tinto,1,3000,TARJETA,C216
5264,2026-09-10,08:02,Nübe Centro,Mostrador,Croissant de almendras,1 und,$8.000,Nequi,
2576,2026-08-21,06:21,Nübe Altico,Domicilio,Latte,1,$9.000,Nequi,C127
5617,2026-09-12,10:23,Nübe Altico,Mostrador,Croissant de almendras,1,,Efectivo,C174
4771,06/09/2026,08:38,Nübe Centro,Mostrador,Tinto,1,3000,Efectivo,C247
1692,2026-08-15,15:44,Nübe Centro,Domicilio,Croissant,1,6000,Nequi,
6525,2026-09-19,16:25,Nübe Centro,Mostrador,Chocolate  caliente,1,7500,Nequi,
1494,2026-08-14,10:42,Nübe Centro,Domicilio,Americano,1,5000,Nequi,C081
5534,2026-09-12,09:01,Nube Centro ,Mostrador,Chocolate caliente,2,$7.500,Nequi,
2400,2026-08-20,15:18,Nübe Centro,Mostrador,Frappé de café,1,11000,Efectivo,
3794,2026-08-30,17:03,Nübe Centro,Mostrador,chocolate caliente,1,7500,Nequi,
3617,2026-08-29,13:02,Nübe Centro,Mostrador,Tinto,1,3000,Tarjeta,
7407,2026-09-26,17:08,Nübe Centro,Domicilio,Croissant,1,6000,Nequi,C200
2762,2026-08-22,07:29,Nübe Altico,Mostrador,Tinto,1,3000,Nequi,
2800,2026-08-23,09:23,Nübe Centro,Domicilio,Croissant de almendras,2,8000,Efectivo,
4020,31/08/2026,09:38,Nübe Altico,Mostrador,Americano,1,5000,Efectivo,C092
4297,2026-09-02,09:00,Nübe Altico,Mostrador,Tinto,2,3000,Efectivo,
3037,2026-08-24,08:21,Nübe Centro,Domicilio,Chocolate caliente,1,7500,Nequi,C003
4974,2026-09-07,07:52,Nübe Altico,Mostrador,Chocolate caliente,1,7500,Nequi,
7111,2026-09-24,09:20,Nübe Centro,Domicilio,Capuchino,1,8500,Efectivo,C185
6003,2026-09-15,06:29,Nübe Altico,Mostrador,Latte,1,9000,EFECTIVO,C212
949,09/08/2026,18:17,Nübe Altico,Mostrador, LATTE,1,9000,Tarjeta,
4748,2026-09-06,09:32,Nübe Centro,Mostrador,chocolate caliente,2,7500,Tarjeta,
6614,2026-09-19,08:55,Nübe Altico,Mostrador,Capuchino,1,8500,Efectivo,
891,09/08/2026,08:09,Nube Centro ,Mostrador,Croissant,1,6000,Efectivo,C214
6505,2026-09-19,07:48,Nübe Centro,Mostrador,Frappé de café,1,11000,Nequi,C193
2442,2026-08-20,09:59,Nübe Altico,Domicilio,Tinto,1,3000,Nequi,
787,2026-08-08,16:22,Nübe Altico,Domicilio,Croissant de almendras,3,8000,Nequi,
2633,2026-08-22,14:58,Nübe Centro,Mostrador,Croissant de almendras,3,8000,Nequi,
3493,2026-08-28,07:28,Nübe Centro,Mostrador,Croissant,1,6000,Nequi,
6519,2026-09-19,16:54,Nübe Centro,Mostrador,Americano,1,5000,Nequi,
479,2026-08-07,15:03,Nübe Centro,Mostrador,Latte,1,9000,Tarjeta,
7528,2026-09-26,08:33,altico,Mostrador,Croissant,1,6000,Nequi,
2548,2026-08-21,09:48,Nübe El Altico,Domicilio,Americano,1,5000,Tarjeta,
6124,2026-09-16,16:13,Nübe Altico,Domicilio,frappé de café,1,11000,Tarjeta,
4062,2026-09-01,13:39,Nübe Centro,Mostrador,Croissant de almendras,1,8000,,C150
1311,2026-08-12,18:49,Nübe Altico,Mostrador,Capuchino,1 und,8500,Nequi,
4866,2026-09-06,15:56,Nübe Altico,Mostrador,Croissant,1,6000,Efectivo,
1910,2026-08-16,17:16,Nübe Altico,Mostrador,Frappé de café,2,11000,Nequi,
4190,02/09/2026,07:43,Nübe Centro,Domicilio,Capuchino,1,8500,Efectivo,
172,2026-08-04,18:11,Nübe Centro,Mostrador,Croissant almendras,1,8000,Tarjeta,C138
2678,2026-08-22,20:34,Nübe Centro,Mostrador,Frappé de café,1 und,11000,Efectivo,C257
2328,2026-08-19,18:52,altico,Mostrador,Frappé de café,2,11000,Efectivo,
4775,2026-09-06,09:21,Nübe Centro,Mostrador,Croissant,2,6000,Nequi,
1967,2026-08-17,07:51,Nübe Centro,Domicilio,Latte,1,9000,Efectivo,
1449,2026-08-14,10:29,Nübe Centro,Mostrador,Capuchino,1,$8.500,NEQUI,C067
3331,27/08/2026,10:45,Nübe Centro,Mostrador,Croissant,1,6000,Tarjeta,
4962,2026-09-07,12:55,Nübe Altico,Mostrador,Latte,1,9000,Tarjeta,
7373,26/09/2026,12:48,Nübe Centro,Mostrador,Croissant de almendras,1,8000,Efectivo,
904,2026-08-09,10:10,Nübe Centro,Mostrador,Americano,1,5000,Tarjeta,C131
6878,2026-09-21,12:39,altico,Mostrador,chocolate caliente,1,7500,Nequi,C241
6347,2026-09-18,09:45,Nübe Centro,Mostrador,Tinto,1,3000,Efectivo,C259
3964,31/08/2026,08:08,Nübe Centro,Mostrador,Croissant,1,6000,Efectivo,
6362,2026-09-18,10:01,Nübe Centro,Mostrador,Americano,1,5000,Nequi,C097
3445,2026-08-27,07:47,Nübe Altico,Mostrador,Croissant,1,6000,Nequi,C248
4462,2026-09-04,14:29,Nübe Centro,Mostrador,Frappé de café,1,11000,Nequi,C110
7526,2026-09-26,09:26,Nübe Altico,Mostrador,TINTO,1,3000,Tarjeta,
208,2026-08-04,17:58,Nübe Altico,Mostrador,Capuchino,1,8500,Nequi,C297
2231,2026-08-19,08:29,Nübe Centro,Domicilio,Americano,1,5000,Nequi,C102
4221,2026-09-02,09:50,Nübe Centro,Mostrador,Tinto,1,3000,Efectivo,
1626,2026-08-15,15:10,Nübe Centro,Mostrador,americano,1,5000,Nequi,C066
4046,2026-08-31,09:38,Nübe Altico,Mostrador,Tinto,1 und,3000,Nequi,
2627,2026-08-22,10:43,Nübe Centro,Domicilio,Chocolate  caliente,1,7500,,
6769,2026-09-21,07:37,Nübe Centro,Mostrador,Capuchino,2,8500,Nequi,C184
3748,2026-08-29,09:34,Nübe Altico,Mostrador,Croissant de almendras,1,8000,Efectivo,
4657,2026-09-05,10:45,Nübe Centro,Mostrador,Tinto,1,3000,Efectivo,C139
6493,2026-09-19,16:38,Nübe Centro,Mostrador,americano,1,5000,Efectivo,C118
2559,2026-08-21,16:46,Nübe Altico,Mostrador,Americano,2,5000,Tarjeta,
5523,2026-09-11,17:44,Nübe Altico,Mostrador,TINTO,2,$3.000,Efectivo,
732,2026-08-08,09:22,Nübe Centro,Mostrador,Capuchino,1,8500,Tarjeta,
1221,2026-08-12,20:20,centro,Mostrador,Croissant,1,6000,Efectivo,C284
7239,2026-09-25,08:36,Nübe Centro,Mostrador,Latte,1,9000,Efectivo,
1373,13/08/2026,13:55,Nübe Centro,Mostrador,Tinto,1 und,3000,Efectivo,
5926,2026-09-14,07:59,Nübe Altico,Mostrador,Latte,1,9000,Efectivo,
1546,2026-08-14,12:26,Nübe Altico,Mostrador,Croissant,2,6000,Efectivo,
2847,2026-08-23,13:40,Nübe Centro,Mostrador,Tinto,1,3000,Efectivo,C256
5984,2026-09-15,09:46,NUBE CENTRO,Mostrador,Capuchino,1,8500,Nequi,
6536,2026-09-19,08:30,Nübe Centro,Mostrador,Croissant de almendras,3,8000,Tarjeta,C221
1619,2026-08-15,10:15,Nübe Centro,Mostrador,Americano,1,5000,Efectivo,C202
1022,2026-08-10,10:13,Nübe Centro,Mostrador,Croissant,1,6000,Efectivo,
7015,2026-09-23,11:02,Nübe Centro,Mostrador,Tinto,1,3000,TARJETA,C017
6397,2026-09-18,18:01,Nübe Altico,Mostrador,Tinto,1,3000,Tarjeta,C042
3283,2026-08-26,16:35,Nübe Altico,Mostrador,Croissant,2,6000,Tarjeta,
2354,2026-08-20,17:10,Nübe Centro,Mostrador,Croissant almendras,1,8000,Nequi,
5637,2026-09-12,10:05,Nübe Altico,Domicilio,Capuchino,1,8500,Nequi,C065
7022,2026-09-23,10:40,Nübe Centro,Mostrador,Croissant,2,6000,Nequi,
7008,2026-09-23,11:29,Nübe Centro,Mostrador,Tinto,1 und,3000,Tarjeta,C083
4509,04/09/2026,07:45,Nübe Altico,Mostrador,croissant,1,6000,Tarjeta,C168
7417,2026-09-26,17:32,Nübe Centro,Domicilio,chocolate caliente,1,7500,Tarjeta,
1956,17/08/2026,13:10,Nübe Centro,Mostrador,Tinto,1,3000,,
3656,2026-08-29,09:57,Nübe Centro,Domicilio,Latte,1,9000,Nequi,
4730,2026-09-05,16:50,Nübe Altico,Domicilio,americano,1,5000,Efectivo,C067
4394,03/09/2026,12:37,Nübe Altico,Mostrador,Americano,2,5000,Efectivo,C273
3115,25/08/2026,13:57,Nübe Centro,Mostrador,Frappé de café,2,11000,Nequi,
5150,2026-09-09,18:30,Nübe Centro,Mostrador,Croissant de almendras,2,8000,EFECTIVO,C124
4976,2026-09-07,14:05,Nübe Altico,Mostrador,Croisant,1 und,6000,Efectivo,C246
7567,27/09/2026,12:46,Nübe Centro,Mostrador,Latte,1,9000,Efectivo,C081
4138,2026-09-01,08:10,Nübe Altico,Mostrador,Croissant de almendras,1,8000,Efectivo,C108
2718,2026-08-22,14:16,Nübe Altico,Mostrador,latte,1,9000,Nequi,
7020,2026-09-23,09:16,Nübe Centro,Mostrador,croissant,1,6000,Efectivo,C118
2749,2026-08-22,13:34,Nübe Altico,Mostrador,Latte,3,$9.000,,C065
2478,2026-08-21,14:59,Nube Centro ,Mostrador,Chocolate caliente,1,7500,Nequi,
7526,2026-09-26,09:26,Nübe Altico,Mostrador,Latte,1,9000,Tarjeta,
7605,2026-09-27,10:34,Nübe Centro,Domicilio,Croissant de almendras,1,8000,TARJETA,
1031,2026-08-10,18:50,Nübe Centro,Mostrador,Capuchino,2,8500,Efectivo,C175
2491,2026-08-21,18:09,Nübe Centro,Domicilio,Latte,1,9000,Tarjeta,C196
4303,2026-09-03,12:15,Nübe Centro,Mostrador,Croissant,1,6000,Nequi,
3466,2026-08-28,07:45,Nübe Centro,Mostrador,Americano,1,5000,Tarjeta,C113
3510,2026-08-28,13:27,Nübe Centro,Domicilio,Croissant,1,6000,Efectivo,
2513,2026-08-21,13:58,Nübe Centro,Mostrador,Americano,1,5000,EFECTIVO,C060
548,2026-08-07,07:41,Nübe Centro,Mostrador,Americano,1,5000,Nequi,
6355,2026-09-18,11:39,Nübe Centro,Mostrador,Croissant de almendras,1,8000,Tarjeta,C058
3456,2026-08-27,11:10,Nübe Altico,Mostrador,Croissant,1,6000,Tarjeta,C024
2410,2026-08-20,16:05,Nübe Altico,Mostrador,Latte,2,9000,Tarjeta,C034
5527,2026-09-12,08:11,Nübe Centro,Domicilio,Capuchino,3,$8.500,Efectivo,
5877,2026-09-14,11:31,Nübe Centro,Mostrador,Capuchino,3,8500,TARJETA,
11,03/08/2026,07:38,Nübe Centro,Domicilio,Capuchino,1,8500,Nequi,C179
7503,2026-09-26,07:51,Nübe Altico,Mostrador,Croisant,2 und,6000,Efectivo,
2267,2026-08-19,16:25,Nübe Centro,Mostrador,Capuchino,1,8500,Efectivo,
2758,2026-08-22,08:43,Nübe Altico,Mostrador,Croissant,1,6000,Efectivo,
5353,2026-09-10,13:50,Nübe Altico,Mostrador,Latte,2,9000,Tarjeta,
7531,2026-09-26,16:48,Nübe Altico,Mostrador,Croissant,1,6000,Nequi,
3232,2026-08-26,09:24,Nübe Centro,Mostrador,Americano,1,$5.000,Tarjeta,C098
4540,2026-09-04,19:00,Nübe Altico,Mostrador,Tinto,1,3000,Tarjeta,
1570,2026-08-14,11:27,Nübe Altico,Domicilio,Chocolate caliente,1,7500,Nequi,
5670,2026-09-13,09:26,Nübe Centro,Mostrador,Capuchino,1,8500,Nequi,
3714,2026-08-29,06:52,Nübe Altico,Mostrador,Tinto,2,3000,Nequi,
2156,2026-08-18,20:25,Nübe Centro,Mostrador,Croissant,2,6000,Tarjeta,
2518,2026-08-21,09:35,Nübe Centro,Mostrador,Croissant,2,$6.000,Tarjeta,C021
6378,2026-09-18,07:32,Nübe Altico,Mostrador,Capuchino,2,8500,Efectivo,
1829,2026-08-16,16:48,Nube Centro ,Mostrador,Capuchino,1,8500,Efectivo,
1418,2026-08-13,20:46,Nübe Altico,Domicilio,Chocolate caliente,1 und,7500,Tarjeta,
1173,2026-08-11,15:02,Nübe Altico,Domicilio,croissant,1,$6.000,Tarjeta,C006
951,2026-08-09,17:25,Nübe Altico,Mostrador,Croissant,1,6000,,C264
6785,2026-09-21,09:34,Nübe Centro,Mostrador,Croissant,1,6000,Tarjeta,
5300,2026-09-10,10:46,centro,Mostrador,Chocolate caliente,1,7500,Nequi,C157
916,2026-08-09,07:16,Nübe Centro,Mostrador,Latte,1,9000,Nequi,
2340,2026-08-20,07:18,Nübe Centro,Mostrador,Americano,1,5000,Nequi,C059
882,2026-08-09,10:12,Nübe Centro,Domicilio,Croissant,1,6000,Efectivo,
1662,2026-08-15,12:13,Nübe Centro,Mostrador,Chocolate caliente,1,7500,Nequi,
2224,2026-08-19,20:01,Nübe Centro,Domicilio,Capuchino,1,8500,Tarjeta,
3536,2026-08-28,17:12,Nübe Altico,Mostrador,TINTO,1,3000,Efectivo,C106
714,2026-08-08,09:11,Nübe Centro,Domicilio,Tinto,1,3000,Efectivo,C076
3471,2026-08-28,06:12,Nübe Centro,Mostrador,Croissant de almendras,1,8000,TARJETA,
3267,2026-08-26,12:49,NUBE ALTICO,Domicilio,Tinto,2,3000,Tarjeta,C123
2251,2026-08-19,18:24,Nübe Centro,Mostrador,Croissant,1,6000,Nequi,
5112,2026-09-08,16:34,Nübe Altico,Mostrador,Americano,1,5000,Tarjeta,
6488,2026-09-19,13:12,Nube Centro ,Mostrador,Chocolate caliente,1,7500,Tarjeta,
7566,2026-09-27,15:10,centro,Mostrador,TINTO,1,3000,Nequi,
2123,2026-08-18,08:04,Nübe Centro,Mostrador,croissant,2,6000,EFECTIVO,
2547,2026-08-21,07:21,Nübe Altico,Domicilio,Croissant almendras,1,8000,Tarjeta,C187
6504,2026-09-19,15:56,Nübe Centro,Mostrador,Croissant,1,6000,TARJETA,
6777,2026-09-21,10:29,Nübe Centro,Mostrador,Chocolate caliente,3,7500,Nequi,
1900,2026-08-16,11:49,Nübe El Altico,Mostrador,Croissant de almendras,1 und,$8.000,Nequi,C217
1873,2026-08-16,09:35,Nübe Altico,Mostrador,Capuchino,1,8500,Efectivo,
6302,2026-09-18,16:12,Nübe Centro,Mostrador,Croissant,1,6000,Nequi,
2295,19/08/2026,10:30,Nübe Altico,Domicilio,Chocolate caliente,1,$7.500,Efectivo,
3888,30/08/2026,07:17,Nübe Altico,Mostrador,Tinto,1,3000,Efectivo,
725,2026-08-08,14:55,NUBE CENTRO,Domicilio,Croissant,2,$6.000,Nequi,C277
3142,25/08/2026,07:32,centro,Domicilio,Latte,1,9000,Tarjeta,
6985,2026-09-22,10:44,Nübe Altico,Mostrador,Tinto,1,3000,Efectivo,
4170,01/09/2026,09:15,Nübe Altico,Mostrador,Tinto,1 und,$3.000,Efectivo,C068
4663,2026-09-05,10:46,Nübe Altico,Mostrador,Croissant de almendras,1,8000,Efectivo,
2839,2026-08-23,18:59,Nübe Centro,Mostrador,Croissant,1,6000,Efectivo,C155
3527,2026-08-28,07:58,Nübe Centro,Mostrador,Latte,1,9000,Tarjeta,
6923,2026-09-22,14:48,Nübe Centro,Domicilio,Late,1,9000,Tarjeta,C215
7403,2026-09-26,10:55,Nübe Centro,Domicilio,Tinto,1,3000,Nequi,
6319,2026-09-18,15:18,Nübe Centro,Mostrador,Croissant,1,$6.000,Tarjeta,C086
6561,19/09/2026,19:13,altico,Mostrador,americano,3,5000,Nequi,C206
4396,2026-09-03,16:40,Nübe Altico,Mostrador,Croissant de almendras,1,8000,Nequi,
4851,2026-09-06,16:32,Nübe Altico,Mostrador,Latte,1,9000,Nequi,C240
566,2026-08-07,16:28,Nübe Centro,Mostrador,Croissant de almendras,1,8000,Efectivo,
7584,2026-09-27,12:14,Nübe Centro,Domicilio,Tinto,2,3000,Nequi,C292
6887,2026-09-21,15:05,Nübe El Altico,Mostrador,Capuchino,1,8500,,C009
6243,2026-09-17,14:04,Nübe Altico,Domicilio,Croissant,1,6000,Efectivo,
6888,2026-09-21,10:07,Nübe El Altico,Mostrador,TINTO,1,$3.000,Tarjeta,
6924,22/09/2026,17:46,Nübe Centro,Domicilio,Chocolate caliente,1,7500,Tarjeta,C281
1092,2026-08-11,18:51,Nübe Centro,Mostrador,Capuchino,2,8500,Tarjeta,
4215,2026-09-02,13:34,Nübe Centro,Domicilio,Chocolate caliente,1,7500,Nequi,
2809,2026-08-23,09:47,Nübe Centro,Mostrador,Capuchino,1,8500,NEQUI,
3122,25/08/2026,12:23,Nübe Centro,Mostrador,Chocolate caliente,1,$7.500,Efectivo,C121
3771,2026-08-29,09:33,Nübe Altico,Domicilio,Tinto,1,3000,Efectivo,C180
115,2026-08-04,12:14,centro,Mostrador,Capuchino,2,8500,Efectivo,
4870,2026-09-06,07:07,altico,Mostrador,Croissant,,$6.000,Tarjeta,C070
3022,2026-08-24,10:15,Nübe Centro,Mostrador,Latte,1,9000,NEQUI,
704,08/08/2026,12:02,centro,Mostrador,Latte,1,9000,Tarjeta,
1715,2026-08-15,08:11,Nübe Altico,Domicilio,Tinto,1,3000,EFECTIVO,C128
5769,2026-09-13,07:39,Nübe El Altico,Mostrador,Capuchino,1,8500,Tarjeta,
4456,2026-09-04,10:07,Nübe Centro,Mostrador,Croissant,1,6000,Nequi,
4267,2026-09-02,13:56,Nübe El Altico,Mostrador,Capuchino,1,8500,Nequi,
1542,14/08/2026,07:21,Nübe Altico,Mostrador,Latte,1,9000,Nequi,C095
5286,2026-09-10,11:51,Nübe Centro,Mostrador,Americano,1,5000,Nequi,
1255,2026-08-12,17:37,Nübe Centro,Mostrador,Capuchino,1,8500,Tarjeta,
312,2026-08-05,10:07,Nübe Altico,Mostrador,Chocolate caliente,1,7500,Efectivo,C185
1224,2026-08-12,13:34,Nübe Centro,Domicilio,Tinto,1,$3.000,Nequi,
2106,2026-08-18,10:38,Nübe Centro,Mostrador,latte,1,9000,Tarjeta,
6162,16/09/2026,18:30,Nübe Altico,Mostrador,Americano,1,5000,Nequi,
1448,2026-08-14,16:49,centro,Mostrador,Chocolate caliente,1,,Efectivo,
2061,2026-08-17,16:28,altico,Mostrador,Latte,2,9000,Tarjeta,C115
2664,2026-08-22,09:34,NUBE CENTRO,Mostrador,Chocolate caliente,1,7500,Efectivo,C244
6753,2026-09-20,08:15,Nübe Altico,Mostrador,Croissant,,6000,Tarjeta,
703,2026-08-08,07:26,Nübe Centro,Mostrador,Capuchino,1,$8.500,Efectivo,C144
2601,2026-08-22,17:16,NUBE CENTRO,Mostrador,Americano,2,5000,Nequi,
3514,2026-08-28,11:35,Nübe Centro,Mostrador,Capuchino,1,8500,Tarjeta,
7475,2026-09-26,06:27,Nübe Altico,Domicilio,croissant,1,6000,Nequi,
3176,25/08/2026,11:08,Nübe Altico,Mostrador,Croissant,3,6000,EFECTIVO,
3040,2026-08-24,12:14,Nübe Centro,Domicilio,Latte,2,9000,EFECTIVO,
7073,2026-09-23,12:45,Nübe Altico,Domicilio,Tinto,1,3000,NEQUI,
6612,2026-09-19,15:19,Nübe Altico,Domicilio,Capuchino,1,8500,Efectivo,
6412,2026-09-18,07:38,Nübe Altico,Mostrador,Chocolate caliente,2,7500,Nequi,C233
6109,2026-09-16,12:02,Nübe Centro,Mostrador,Capuchino,1,8500,Nequi,C186
887,2026-08-09,10:53,Nübe Centro,Mostrador,Tinto,1,3000,Efectivo,
3881,2026-08-30,17:56,Nübe Altico,Mostrador,Americano,1,5000,Tarjeta,
2963,2026-08-23,13:15,Nübe Altico,Domicilio,Croissant de almendras,2,,Nequi,C089
1826,2026-08-16,08:05,Nübe Centro,Mostrador,Capuchino,1,8500,Nequi,
3136,25/08/2026,09:26,Nübe Centro,Mostrador,Americano,1,5000,Efectivo,
6163,2026-09-16,17:31,Nübe Altico,Mostrador,Tinto,1,3000,Tarjeta,
3264,2026-08-26,11:52,Nübe Altico,Mostrador,Croissant,2,6000,Tarjeta,C006
2882,2026-08-23,18:34,Nübe Centro,Mostrador,Capuchino,1,8500,,C146
1880,2026-08-16,16:13,Nübe Altico,Mostrador,Tinto,1,3000,Efectivo,C217
4767,2026-09-06,07:02,Nübe Centro,Mostrador,Croissant de almendras,1,8000,Tarjeta,C191
132,04/08/2026,09:08,Nübe Centro,Mostrador,Tinto,3,3000,Efectivo,C033
2175,2026-08-18,11:39,Nübe Altico,Mostrador,Croissant,1,6000,Efectivo,C146
2681,22/08/2026,08:02,Nübe Centro,Mostrador,Croissant de almendras,1,8000,Efectivo,C292
6481,2026-09-19,08:27,Nübe Centro,Domicilio,Croissant,1,6000,Nequi,
1861,2026-08-16,09:54,Nübe Altico,Mostrador,Croissant de almendras,1,8000,,
392,2026-08-06,12:53,Nübe Centro,Mostrador,Americano,1,5000,Tarjeta,C066
6418,2026-09-18,15:29,Nübe Altico,Domicilio,americano,1,5000,Efectivo,
1111,2026-08-11,11:46,Nübe Centro,Mostrador,Americano,1,5000,Efectivo,
2221,19/08/2026,13:42,Nübe Centro,Mostrador,Croissant de almendras,2,8000,Efectivo,C280
7175,2026-09-24,17:04,Nübe Centro,Mostrador,Capuchino,1,8500,Nequi,C179
6818,2026-09-21,07:56,Nübe Centro,Mostrador,americano,1,5000,Efectivo,
7663,2026-09-27,16:13,Nübe Altico,Domicilio,Croissant,1,6000,Nequi,
2283,2026-08-19,18:37,Nübe Centro,Domicilio,Capuchino,1,$8.500,Tarjeta,C166
3254,2026-08-26,13:42,Nübe Centro,Domicilio,Capuccino,1,8500,TARJETA,
1623,2026-08-15,06:40,Nübe Centro,Mostrador,AMERICANO,2,5000,Tarjeta,C275
674,2026-08-08,19:10,Nube Centro ,Mostrador,tinto,1,3000,Nequi,
2178,2026-08-18,14:32,Nübe Altico,Mostrador,Tinto,1,3000,Tarjeta,
2357,2026-08-20,11:09,Nübe Centro,Mostrador,capuchino,1,$8.500,Nequi,
3951,2026-08-31,16:19,Nübe Centro,Mostrador,Tinto,2,3000,Nequi,
5970,2026-09-15,07:10,Nübe Centro,Mostrador,Tinto,2,3000,Efectivo,C110
1009,2026-08-10,09:15,Nübe Centro,Mostrador,Tinto ,1,3000,Efectivo,C076
3357,27/08/2026,08:35,Nübe Centro,Mostrador,Croissant,1,6000,Efectivo,
1492,2026-08-14,15:07,Nübe Centro,Mostrador,Frappé de café,1,11000,EFECTIVO,
1694,2026-08-15,11:48,Nübe Centro,Mostrador,Tinto,1,3000,Tarjeta,C238
200,2026-08-04,15:14,Nübe Altico,Mostrador,Capuchino,1,8500,Efectivo,
3141,2026-08-25,09:39,Nübe Centro,Mostrador,Croissant de almendras,1,$8.000,Nequi,C253
7006,2026-09-23,09:20,NUBE CENTRO,Mostrador,Capuchino,1,8500,Efectivo,
5671,2026-09-13,11:49,Nübe Centro,Mostrador,Chocolate caliente,1,7500,Nequi,
82,2026-08-03,10:59,Nübe Altico,Domicilio,Tinto,1,$3.000,Nequi,C057
3611,29/08/2026,07:07,NUBE CENTRO,Mostrador,Croissant,2,$6.000,Efectivo,
4687,2026-09-05,10:24,Nübe Altico,Mostrador,Chocolate caliente,1,7500,Nequi,
1649,2026-08-15,08:11,Nübe Centro,Domicilio,Americano,2,5000,Tarjeta,
3525,2026-08-28,07:33,Nübe Centro,Domicilio,Tinto,1,3000,Nequi,
5041,08/09/2026,08:22,Nübe Centro,Mostrador,Americano,1,5000,NEQUI,
1039,2026-08-10,17:18,Nübe Centro,Mostrador,Croissant,1,6000,Nequi,
5493,2026-09-11,15:37,Nübe Altico,Mostrador,Latte,1,9000,Nequi,
3530,2026-08-28,18:32,Nübe Centro,Mostrador,Tinto,1,3000,Tarjeta,
5014,2026-09-08,10:04,NUBE CENTRO,Mostrador,Americano,2,5000,Efectivo,C083
7525,2026-09-26,08:16,Nübe Altico,Mostrador,Tinto,1 und,3000,,
5116,2026-09-08,10:06,Nübe Altico,Mostrador,Capuchino,1,8500,Tarjeta,C142
7031,2026-09-23,11:20,Nübe Centro,Mostrador,Tinto,1,3000,Nequi,
2706,2026-08-22,07:43,Nübe Centro,Mostrador,Croissant,1,6000,Tarjeta,
3427,2026-08-27,08:45,Nübe El Altico,Mostrador,Americano,1,5000,Nequi,C200
1307,2026-08-12,07:55,Nübe El Altico,Mostrador,Croissant,1,6000,Tarjeta,
1851,2026-08-16,15:41,Nübe Centro,Mostrador,Croissant,2,6000,TARJETA,
2968,2026-08-23,19:43,Nübe Altico,Mostrador,Croissant,1,6000,Nequi,
599,2026-08-07,09:37,Nübe Altico,Mostrador,Tinto,1 und,3000,Efectivo,
3048,2026-08-24,16:33,Nübe Centro,Mostrador,Americano,3,5000,EFECTIVO,
7307,2026-09-25,09:19,Nübe Altico,Mostrador,Capuchino,2,8500,Tarjeta,
7286,2026-09-25,09:15,Nübe Centro,Mostrador,Capuchino,1,8500,Nequi,
3687,2026-08-29,16:26,Nübe Centro,Mostrador,Tinto,1,3000,Nequi,
1527,2026-08-14,14:59,Nübe Altico,Mostrador,Croisant,1,6000,Efectivo,C256
2526,2026-08-21,14:31,NUBE CENTRO,Mostrador,Croissant,1,6000,Tarjeta,
2702,2026-08-22,10:48,Nübe Centro,Mostrador,Tinto,1,3000,Efectivo,
1597,2026-08-15,09:48,Nübe Centro,Mostrador,Tinto,1,3000,Nequi,C089
6607,2026-09-19,16:21,Nübe Altico,Domicilio,Croissant,1,6000,Nequi,
1329,2026-08-13,07:07,NUBE CENTRO,Domicilio,Croissant,1,6000,Efectivo,
6169,2026-09-17,11:21,Nübe Centro,Mostrador,Frappé de café,1,11000,NEQUI,C252
4111,2026-09-01,09:34,Nübe Centro,Mostrador,Latte,1,9000,Efectivo,
424,2026-08-06,17:11,Nübe Altico,Mostrador,Americano,3,5000,Tarjeta,C045
660,2026-08-08,11:22,Nübe Centro,Mostrador,Tinto,1,3000,Tarjeta,C129
2522,2026-08-21,11:37,Nübe Centro,Mostrador,Chocolate caliente,1,7500,Nequi,C018
4877,2026-09-06,20:27,Nübe Altico,Domicilio,Tinto,1 und,3000,Tarjeta,
5013,2026-09-08,17:17,Nübe Centro,Domicilio,Latte,1,9000,Tarjeta,
7231,25/09/2026,12:13,Nübe Centro,Mostrador,Tinto,1,3000,Efectivo,
6187,2026-09-17,09:54,Nübe Centro,Mostrador,Latte,1,9000,Efectivo,C071
3369,2026-08-27,08:37,Nübe Centro,Mostrador,Croissant,1,6000,Efectivo,C211
7544,2026-09-27,13:06,Nübe Centro,Mostrador,Capuchino,1,8500,Efectivo,C135
2698,2026-08-22,15:49,Nübe Centro,Mostrador,Tinto,2,3000,EFECTIVO,C019
6677,2026-09-20,06:11,Nübe Centro,Mostrador,Tinto,2,3000,Nequi,
5083,2026-09-08,10:14,Nübe Altico,Domicilio,Chocolate caliente,2,7500,Nequi,
5624,2026-09-12,17:03,Nübe Altico,Mostrador,Chocolate caliente,1,$7.500,Nequi,C093
719,2026-08-08,12:53,Nübe Centro,Mostrador,Frappé de café,3,11000,Tarjeta,C177
4225,02/09/2026,08:03,Nübe Centro,Mostrador,Latte,1 und,9000,Nequi,
2518,2026-08-21,09:35,NUBE CENTRO,Mostrador,Chocolate caliente,1,7500,Tarjeta,C021
6170,2026-09-17,08:57,Nübe Centro,Mostrador,Latte,3,9000,Efectivo,
611,2026-08-07,14:07,Nübe Altico,Mostrador,Tinto,3,$3.000,Efectivo,
693,2026-08-08,14:11,Nübe Centro,Mostrador,Latte,1,9000,Nequi,C211
7015,2026-09-23,11:02,Nübe Centro,Mostrador,Croissant,1,6000,Tarjeta,C017
1706,2026-08-15,12:13,Nübe Altico,Mostrador,Tinto,2,3000,Nequi,C004
2037,2026-08-17,08:00,Nübe Altico,Mostrador,Capuchino,1,8500,Efectivo,C088
662,2026-08-08,16:59,Nübe Centro,Domicilio,tinto,1,3000,Tarjeta,
5041,08/09/2026,08:22,centro,Mostrador,Latte,1,9000,Nequi,
781,2026-08-08,19:53,NUBE ALTICO,Domicilio,Croissant de almendras,0,8000,Nequi,
4514,2026-09-04,13:09,Nübe Altico,Mostrador,Tinto,1,3000,Tarjeta,
4443,2026-09-04,08:56,Nübe Centro,Mostrador,Tinto,3,3000,Nequi,C162
884,2026-08-09,10:23,Nübe Centro,Mostrador,latte,1,$9.000,Nequi,
1392,13/08/2026,11:55,Nübe Centro,Mostrador,Chocolate caliente,1,7500,Efectivo,
2368,2026-08-20,19:31,Nübe Centro,Mostrador,Chocolate caliente,3,7500,Nequi,
213,2026-08-04,10:56,Nübe Altico,Mostrador,CAPUCHINO,3,8500,Efectivo,
6334,18/09/2026,09:28,Nube Centro ,Mostrador,americano,1,5000,Efectivo,
7428,2026-09-26,17:03,Nübe Centro,Domicilio,Croissant,1,6000,Efectivo,
4344,2026-09-03,09:56,Nübe Centro,Mostrador,Tinto,2 und,3000,EFECTIVO,
778,2026-08-08,07:24,Nübe Altico,Mostrador,Tinto,1,3000,Tarjeta,
7124,2026-09-24,18:21,Nübe Centro,Domicilio,CROISSANT ,1,6000,NEQUI,
632,2026-08-07,17:29,altico,Domicilio,Capuchino,1,8500,Efectivo,C220
2280,2026-08-19,06:21,Nübe Centro,Mostrador,Frappé de café,1,11000,EFECTIVO,
3185,2026-08-25,15:07,Nübe Altico,Mostrador,Chocolate caliente,1 und,7500,Tarjeta,
5553,12/09/2026,16:03,Nübe Centro,Domicilio,Frappé de café,2,11000,TARJETA,
1201,2026-08-12,09:39,Nübe Centro,Domicilio,Croissant,1,6000,Tarjeta,
6368,2026-09-18,13:38,Nübe Centro,Mostrador,Frappé de café,1,11000,Nequi,
3769,29/08/2026,13:37,Nübe Altico,Mostrador,tinto,1,3000,Nequi,
4812,2026-09-06,13:54,Nübe Centro,Mostrador,Tinto,1,3000,Efectivo,
2198,2026-08-18,07:21,Nübe Altico,Mostrador,Frappé de café,1,11000,Efectivo,
57,2026-08-03,19:50,Nübe Centro,Mostrador,Croissant,1,$6.000,Efectivo,
4306,2026-09-03,06:12,Nübe Centro,Mostrador,Americano,1,5000,Nequi,C051
6666,2026-09-20,06:39,NUBE CENTRO,Mostrador,Americano,2,5000,Nequi,
3595,2026-08-28,07:19,Nübe Altico,Mostrador,Tinto,1,3000,Efectivo,
6012,2026-09-15,09:27,Nübe Altico,Mostrador,Croissant de almendras,1,8000,Tarjeta,
5841,2026-09-14,08:35,Nübe Centro,Mostrador,Americano,1,5000,Tarjeta,C256
4722,2026-09-05,07:55,Nübe Altico,Mostrador, LATTE,1,9000,Tarjeta,
1251,2026-08-12,10:39,Nübe Centro,Domicilio,Croissant,1,6000,Efectivo,C029
5024,2026-09-08,13:12,Nübe Centro,Mostrador,Tinto,1,3000,Tarjeta,
3082,2026-08-24,07:31,NUBE ALTICO,Domicilio,Chocolate caliente,1,7500,Efectivo,
2296,19/08/2026,11:04,Nübe Altico,Mostrador,Latte,2,9000,Tarjeta,C088
7095,2026-09-23,16:40,Nübe Altico,Mostrador,Tinto,1,3000,Efectivo,C138
4045,2026-08-31,12:59,Nübe Altico,Mostrador,Croissant de almendras,1,8000,Efectivo,
2770,2026-08-22,07:28,Nübe Altico,Domicilio,Croissant,1,6000,Efectivo,C017
4411,2026-09-03,09:54,Nübe Altico,Mostrador,latte,1,9000,TARJETA,
3746,2026-08-29,17:20,Nübe Altico,Mostrador,TINTO,1,3000,Efectivo,
1330,2026-08-13,12:35,Nübe Centro,Mostrador,chocolate caliente,1,7500,NEQUI,C192
1308,2026-08-12,10:22,Nübe Altico,Mostrador,Capuchino,1,8500,,
2249,2026-08-19,10:06,Nübe Centro,Mostrador,Tinto,1,$3.000,Nequi,C052
6513,2026-09-19,10:13,Nübe Centro,Mostrador,Americano,1,$5.000,Efectivo,
1022,2026-08-10,10:13,Nübe Centro,Mostrador,Chocolate caliente,2,7500,Efectivo,
4079,2026-09-01,15:39,Nübe Centro,Mostrador,Frappé de café,3,$11.000,Tarjeta,
928,2026-08-09,09:13,Nübe Centro,Mostrador,Tinto,2,3000,TARJETA,
2315,2026-08-19,15:58,Nübe Altico,Mostrador,latte,2,9000,Nequi,C116
5407,11/09/2026,19:55,Nübe Centro,Mostrador,TINTO,1,3000,Tarjeta,
3689,2026-08-29,17:55,Nübe Centro,Mostrador,tinto,1,$3.000,Tarjeta,
3935,2026-08-31,16:20,Nübe Centro,Domicilio,Latte,1,9000,Nequi,C047
5992,2026-09-15,12:05,Nübe Centro,Mostrador,Latte,1,9000,Nequi,
3780,2026-08-29,14:36,Nübe Altico,Mostrador,Capuchino,1 und,8500,Efectivo,
1013,2026-08-10,06:20,Nübe Centro,Mostrador,Capuchino,3,8500,Nequi,
3282,2026-08-26,11:54,Nübe Altico,Mostrador,Frappé de café,1,11000,Nequi,
6185,2026-09-17,11:12,Nübe Centro,Mostrador,Frappé de café,1,11000,Tarjeta,C053
7151,2026-09-24,10:29,Nübe Centro,Mostrador,Tinto,1,3000,Nequi,C155
402,2026-08-06,08:54,Nübe Centro,Mostrador,Americano,2,$5.000,Nequi,
2146,2026-08-18,06:06,Nübe Centro,Mostrador,Americano,1,5000,Efectivo,
6650,2026-09-20,08:15,Nübe Centro,Mostrador,Latte,1,9000,NEQUI,
173,2026-08-04,14:28,Nübe Centro,Domicilio,Chocolate caliente,1,7500,Tarjeta,C030
6407,2026-09-18,07:04,Nübe Altico,Mostrador,Croissant,1 und,6000,NEQUI,
3582,2026-08-28,07:07,Nübe Altico,Mostrador,Chocolate caliente,1 und,7500,Efectivo,
2625,2026-08-22,07:21,Nübe Centro,Mostrador,Tinto,1,3000,Nequi,C292
747,08/08/2026,10:52,Nübe Centro,Mostrador,Tinto,1,3000,Tarjeta,
1643,15/08/2026,08:22,Nübe Centro,Mostrador,Croissant,1,6000,Tarjeta,
322,2026-08-05,09:17,NUBE ALTICO,Mostrador,Americano,2,5000,,C159
5934,2026-09-14,11:49,Nübe Altico,Mostrador,Frappe de cafe,1,11000,Nequi,C275
5059,2026-09-08,10:06,centro,Mostrador,Latte,1 und,9000,Nequi,
6623,2026-09-19,19:28,Nübe Altico,Mostrador,Latte,2,9000,Nequi,
2881,2026-08-23,09:28,Nübe Centro,Mostrador,Croissant,1,6000,Nequi,C054
2997,2026-08-24,08:27,Nübe Centro,Mostrador,Tinto,2,$3.000,Nequi,C185
6919,2026-09-22,18:29,Nübe Centro,Mostrador,Latte,1,9000,Efectivo,C274
7607,2026-09-27,17:52,Nübe Centro,Mostrador,TINTO,1,3000,Nequi,C154
1143,11/08/2026,11:00,Nübe Centro,Domicilio,Frappé de café,2,11000,Tarjeta,C074
692,2026-08-08,12:54,Nübe Centro,Mostrador,americano,2,5000,,
1329,2026-08-13,07:07,Nübe Centro,Domicilio,Croissant de almendras,1,$8.000,Efectivo,
4254,2026-09-02,15:57,Nübe Centro,Mostrador,Latte,1,9000,Efectivo,
6225,2026-09-17,07:28,Nübe Centro,Mostrador,croissant de almendras,1,8000,Nequi,C129
5315,2026-09-10,16:30,Nübe Centro,Mostrador,Capuchino,1,8500,Efectivo,
4172,01/09/2026,06:46,Nübe Altico,Mostrador,CROISSANT ,1 und,6000,Tarjeta,
4536,2026-09-04,10:17,NUBE ALTICO,Mostrador,Latte,1,9000,Efectivo,C177
2163,2026-08-18,17:13,Nübe Altico,Mostrador,Chocolate caliente,1,7500,Nequi,C182
3119,2026-08-25,12:11,Nübe Centro,Domicilio,Chocolate caliente,1 und,7500,Efectivo,C095
6472,2026-09-19,07:52,Nübe Centro,Domicilio,Capuccino,1,8500,Efectivo,C005
17,2026-08-03,11:55,Nübe Centro,Mostrador,Croissant de almendras,1,8000,Nequi,
6493,19/09/2026,16:38,Nübe Centro,Mostrador,Capuchino,1,8500,Efectivo,C118
5907,2026-09-14,08:31,Nübe Altico,Mostrador,croissant,1,$6.000,Efectivo,
7014,2026-09-23,12:58,Nübe Centro,Domicilio,Chocolate caliente,1,$7.500,Efectivo,
4607,2026-09-05,18:42,Nübe Centro,Mostrador,CROISSANT ,2,6000,Nequi,
950,2026-08-09,16:30,Nübe Altico,Mostrador,croissant de almendras,1,8000,Nequi,
2262,19/08/2026,15:14,Nübe Centro,Mostrador,Capuchino,1 und,$8.500,Nequi,
3450,2026-08-27,13:10,Nübe El Altico,Mostrador,Croissant de almendras,1,8000,Efectivo,C054
4901,2026-09-07,15:30,Nübe Centro,Mostrador,Americano,1,5000,Nequi,C066
7252,2026-09-25,16:31,Nübe Centro,Mostrador,Croissant de almendras,1,8000,Tarjeta,C196
566,2026-08-07,16:28,Nübe Centro,Mostrador, LATTE,1,9000,Efectivo,
612,2026-08-07,10:12,Nübe Altico,Mostrador,AMERICANO,1,5000,Tarjeta,C292
1528,14/08/2026,07:22,Nübe Altico,Mostrador,Croissant de almendras,1,8000,Efectivo,C265
1124,2026-08-11,07:43,Nübe Centro,Mostrador,Tinto,1,3000,Nequi,
3325,2026-08-27,07:32,Nübe Centro,Mostrador,Chocolate caliente,1,7500,Efectivo,C274
4415,03/09/2026,17:27,Nübe Altico,Domicilio,Croissant de almendras,3,8000,Efectivo,C237
4588,2026-09-05,10:01,Nübe Centro,Domicilio,Americano,1,5000,Tarjeta,
2176,2026-08-18,09:52,Nübe El Altico,Mostrador,Latte,1,9000,Nequi,C009
7003,23/09/2026,08:41,Nübe Centro,Mostrador,Croissant de almendras,1,$8.000,,
3524,2026-08-28,07:21,Nübe Centro,Mostrador,Frappé de café,1,11000,Nequi,C014
4323,2026-09-03,10:31,NUBE CENTRO,Mostrador,Capuchino,2,8500,Tarjeta,C197
3047,2026-08-24,08:06,Nübe Centro,Mostrador,Frappe de cafe,1,11000,Nequi,C119
6055,2026-09-16,07:14,centro,Domicilio,Frappé de café,1,11000,Nequi,C141
1842,16/08/2026,07:37,Nübe Centro,Mostrador,Frappé de café,1 und,11000,Nequi,
6278,2026-09-17,07:44,Nübe Altico,Mostrador,Croissant,1,6000,Nequi,C116
3722,2026-08-29,11:05,Nübe El Altico,Mostrador,Frappé de café,1,11000,Nequi,
3240,2026-08-26,16:27,Nübe Centro,Mostrador,Capuccino,1,8500,Tarjeta,
5404,2026-09-11,09:36,Nübe Centro,Mostrador,Americano,1,5000,Efectivo,C185
1117,2026-08-11,09:25,NUBE CENTRO,Domicilio,Capuchino,1,,Efectivo,
966,2026-08-09,20:55,Nübe Altico,Domicilio,croissant,1,6000,Efectivo,C044
308,2026-08-05,18:32,Nübe Altico,Mostrador,Croissant,1,6000,Efectivo,
2292,2026-08-19,08:03,Nübe Altico,Domicilio,CAPUCHINO,1,8500,Tarjeta,
6975,22/09/2026,08:43,Nübe Altico,Mostrador,croissant,1,6000,Nequi,C008
7177,2026-09-24,08:22,NUBE ALTICO,Mostrador,Tinto,1,3000,NEQUI,C015
828,2026-08-08,17:19,Nübe Altico,Mostrador,Latte,2,9000,Efectivo,
6408,2026-09-18,10:52,Nübe Altico,Mostrador,Americano,1,$5.000,TARJETA,C184
4008,2026-08-31,19:47,Nübe Altico,Mostrador,Latte,1,9000,Nequi,C252
7143,2026-09-24,17:54,Nübe Centro,Mostrador,Capuchino,1,8500,EFECTIVO,C186
879,09/08/2026,07:42,Nübe Centro,Mostrador,Capuchino,3,8500,NEQUI,C267
3983,2026-08-31,09:29,Nübe Centro,Domicilio,Latte,1,9000,Tarjeta,C210
2450,2026-08-21,09:15,Nübe Centro,Domicilio,Croisant,1,6000,Nequi,
3402,2026-08-27,11:13,Nübe Altico,Mostrador,Capuchino,1,8500,Tarjeta,
3550,2026-08-28,14:14,Nübe Altico,Mostrador,frappé de café,1,11000,Tarjeta,
7342,2026-09-25,11:10,Nübe Altico,Mostrador,Capuccino,1,8500,Nequi,C077
5124,2026-09-08,06:57,Nübe Altico,Domicilio,Croissant,0,6000,Nequi,C059
1034,2026-08-10,13:33,Nübe Centro,Mostrador,Capuchino,2,8500,Efectivo,
3352,2026-08-27,15:53,Nübe Centro,Mostrador,Tinto,1,$3.000,Efectivo,C093
2388,20/08/2026,16:36,Nübe Centro,Domicilio,Croissant,1,6000,Tarjeta,
4681,2026-09-05,13:01,Nübe Altico,Domicilio,Chocolate caliente,1,7500,Nequi,
2789,2026-08-22,08:09,Nübe Altico,Mostrador,Latte,1,9000,Tarjeta,
5383,2026-09-10,16:06,Nübe Altico,Mostrador,Croissant,1,6000,Nequi,C115
2641,2026-08-22,09:50,centro,Mostrador,tinto,1,3000,Nequi,
1154,2026-08-11,15:41,Nübe Altico,Mostrador,Latte,1,$9.000,Nequi,
6478,19/09/2026,20:00,NUBE CENTRO,Mostrador,Frappe de cafe,1,$11.000,Nequi,C212
2593,2026-08-21,06:02,Nübe Altico,Mostrador,Croissant,1,$6.000,Tarjeta,
2861,2026-08-23,07:19,Nübe Centro,Mostrador,Tinto,1,3000,Tarjeta,
6361,2026-09-18,08:59,Nübe Centro,Mostrador,Croissant,1,6000,Tarjeta,
7474,2026-09-26,10:16,Nübe Altico,Mostrador,Americano,1,,TARJETA,
3068,2026-08-24,17:09,Nübe Altico,Domicilio,Croissant,0,6000,Efectivo,
5161,09/09/2026,17:32,Nube Centro ,Domicilio,Latte,1 und,9000,Efectivo,
4812,2026-09-06,13:54,Nübe Centro,Mostrador,Americano,2,5000,Efectivo,
3994,2026-08-31,11:48,Nübe Centro,Domicilio,Tinto,1,3000,Nequi,C190
7223,2026-09-24,10:30,Nübe Altico,Mostrador,Tinto ,1,3000,Nequi,
1179,11/08/2026,14:39,NUBE ALTICO,Mostrador,Americano,1,$5.000,Tarjeta,C293
3441,2026-08-27,10:36,Nübe Altico,Mostrador,Croissant,2,6000,Nequi,C293
2928,2026-08-23,19:23,Nübe Altico,Mostrador,Tinto ,1,3000,Tarjeta,
3787,2026-08-30,20:53,Nübe Centro,Mostrador,Tinto,1,3000,Nequi,
4797,2026-09-06,09:23,Nübe Centro,Domicilio,Croissant,2,6000,Efectivo,
688,2026-08-08,18:51,Nube Centro ,Domicilio,Latte,2,9000,Nequi,
1802,2026-08-16,09:56,Nübe Centro,Mostrador,Croissant,,$6.000,Efectivo,C035
3558,2026-08-28,18:36,Nübe Altico,Mostrador,Capuchino,1,8500,Efectivo,
2392,2026-08-20,06:10,Nübe Centro,Mostrador,Croissant,1,6000,Tarjeta,C011
3995,2026-08-31,07:03,Nübe Altico,Domicilio,Capuchino,1,8500,Nequi,
5697,2026-09-13,10:54,Nübe Centro,Mostrador,Frappé de café,3,11000,Tarjeta,
4742,2026-09-06,09:57,Nübe Centro,Mostrador, LATTE,1,9000,Efectivo,
1541,2026-08-14,13:50,Nübe Altico,Mostrador,Capuchino,3,8500,Nequi,
7377,2026-09-26,15:47,Nübe Centro,Mostrador,Tinto,1,3000,Efectivo,
380,06/08/2026,15:56,Nübe Centro,Mostrador,tinto,1,3000,Nequi,C119
2263,2026-08-19,16:56,Nübe Centro,Mostrador,Croissant,1,6000,NEQUI,C112
2687,22/08/2026,12:18,Nube Centro ,Mostrador,Croissant,1,6000,Efectivo,
6968,2026-09-22,14:12,Nübe Altico,Mostrador,Americano,1,5000,Efectivo,
2452,21/08/2026,08:37,Nübe Centro,Mostrador,Capuchino,1,8500,Efectivo,C192
435,2026-08-06,07:22,altico,Mostrador,Capuchino,2,8500,Tarjeta,C218
463,2026-08-06,07:28,Nübe Altico,Mostrador,Croissant,1,6000,Tarjeta,
2511,2026-08-21,07:46,Nübe Centro,Domicilio,AMERICANO,1 und,5000,Nequi,
1909,2026-08-16,08:50,Nübe Altico,Domicilio,Croissant,1,6000,Tarjeta,
5556,2026-09-12,13:45,Nube Centro ,Domicilio,Americano,1,5000,Efectivo,
6790,2026-09-21,18:04,Nübe Centro,Mostrador,AMERICANO,1,5000,Nequi,C157
5963,15/09/2026,14:58,Nübe Centro,Mostrador,Chocolate caliente,1,$7.500,Efectivo,
6529,2026-09-19,07:43,Nübe Centro,Mostrador,Tinto,2,3000,Tarjeta,
4198,02/09/2026,15:20,Nübe Centro,Mostrador,Croissant de almendras,2,8000,Efectivo,
1137,11/08/2026,17:54,Nübe Centro,Mostrador,Frappé de café,1,11000,Nequi,C130
3844,30/08/2026,16:23,Nübe Centro,Mostrador,Americano,1,5000,Tarjeta,
2572,2026-08-21,15:17,Nübe Altico,Mostrador,Latte,1,9000,Nequi,C123
1600,2026-08-15,18:51,Nübe Centro,Mostrador,Tinto,1,3000,Tarjeta,C118
7537,2026-09-27,14:50,Nübe Centro,Mostrador,Croissant de almendras,1 und,8000,Efectivo,
912,09/08/2026,08:04,Nübe Centro,Mostrador,Latte,1 und,9000,Nequi,C186
7294,2026-09-25,17:17,Nübe Centro,Mostrador, LATTE,2,9000,Nequi,
5061,2026-09-08,17:37,Nübe Centro,Mostrador,Tinto,1,3000,Nequi,C220
7493,2026-09-26,09:52,Nübe Altico,Mostrador,Tinto,1,3000,Nequi,C241
4967,2026-09-07,08:43,Nübe El Altico,Mostrador,Americano,1,$5.000,NEQUI,
3383,2026-08-27,17:04,Nübe Centro,Mostrador,Latte,1,9000,Tarjeta,C144
6880,2026-09-21,11:37,Nübe El Altico,Domicilio,Tinto,1,3000,Tarjeta,
5989,15/09/2026,08:45,Nübe Centro,Domicilio,Chocolate caliente,3,7500,Tarjeta,C042
5572,2026-09-12,17:44,Nübe Centro,Mostrador,Americano,1,5000,Efectivo,C030
5337,2026-09-10,15:33,Nübe Altico,Domicilio,chocolate caliente,1,7500,Nequi,C024
1563,2026-08-14,07:53,Nübe Altico,Mostrador,americano,1,5000,Tarjeta,
3335,2026-08-27,07:37,Nübe Centro,Domicilio,Tinto,2,3000,Tarjeta,
6312,2026-09-18,08:24,Nübe Centro,Mostrador,Croissant,1,6000,Efectivo,
6625,2026-09-19,13:52,Nübe Altico,Mostrador,Tinto,1,3000,Tarjeta,C204
4404,2026-09-03,12:08,Nübe Altico,Mostrador,Frappé de café,3,11000,TARJETA,C142
437,2026-08-06,14:13,Nübe Altico,Mostrador,Americano,1,5000,Tarjeta,C256
2531,2026-08-21,07:05,Nübe Centro,Domicilio,Capuchino,1,8500,Nequi,C118
757,2026-08-08,09:15,Nübe Centro,Domicilio,Capuchino,1,8500,Nequi,
2642,2026-08-22,10:04,Nübe Centro,Mostrador,Capuchino,1 und,8500,EFECTIVO,C217
6134,2026-09-16,08:21,Nübe Altico,Mostrador,Chocolate caliente,1,7500,Nequi,
3608,2026-08-29,11:52,Nübe Centro,Mostrador,Croissant,1,6000,Tarjeta,
6503,2026-09-19,08:17,Nübe Centro,Domicilio,Tinto,1,3000,Nequi,C223
5439,2026-09-11,08:12,Nübe Centro,Mostrador,Croissant de almendras,1,8000,Nequi,
4668,2026-09-05,16:41,Nübe Altico,Mostrador,Capuchino,1,8500,Efectivo,C288
4931,2026-09-07,14:52,Nübe Centro,Mostrador,Capuchino,1,8500,Tarjeta,C077
3618,2026-08-29,10:06,Nübe Centro,Mostrador,Tinto,1,,Tarjeta,
6413,2026-09-18,09:00,Nübe Altico,Mostrador,Frappé de café,1 und,11000,Nequi,
6540,19/09/2026,16:37,Nübe Centro,Mostrador,Tinto,1,3000,Nequi,C108
95,2026-08-03,08:22,Nübe Altico,Mostrador,Croissant,1,6000,NEQUI,
5975,2026-09-15,13:58,Nübe Centro,Mostrador,Croissant de almendras,1,8000,Efectivo,
7116,2026-09-24,16:17,Nübe Centro,Mostrador,Latte,2,9000,Efectivo,C289
3084,2026-08-24,07:43,Nübe Altico,Mostrador,Capuchino,3,8500,Efectivo,
5285,2026-09-10,17:58,Nübe Centro,Mostrador,Croissant,3 und,6000,,
5284,10/09/2026,07:34,Nübe Centro,Mostrador,Chocolate caliente,1,7500,Efectivo,
5962,2026-09-15,09:45,Nübe Centro,Mostrador,Capuchino,1,8500,Nequi,
6507,2026-09-19,10:50,NUBE CENTRO,Mostrador,Capuccino,2,8500,EFECTIVO,
3867,2026-08-30,19:07,Nübe Altico,Domicilio,Latte,1,9000,Nequi,C041
4156,2026-09-01,10:41,Nübe Altico,Mostrador,Croissant,1,$6.000,Efectivo,
6050,2026-09-16,10:41,Nübe Centro,Mostrador,Croissant,1,6000,Nequi,C004
1088,2026-08-10,10:32,Nübe Altico,Mostrador,Americano,1,5000,Nequi,C174
4169,2026-09-01,09:54,Nübe Altico,Mostrador,Capuchino,1,8500,Tarjeta,
6885,2026-09-21,07:16,Nübe Altico,Mostrador,Tinto,1,3000,Nequi,
5003,2026-09-08,14:18,Nübe Centro,Domicilio,Capuchino,2,8500,Efectivo,
5437,2026-09-11,11:56,NUBE CENTRO,Mostrador,Croissant de almendras,1 und,8000,Efectivo,
5065,2026-09-08,06:48,Nübe Centro,Mostrador,Americano,1,5000,Nequi,C068
1844,2026-08-16,15:47,Nübe Centro,Mostrador,Latte,1,9000,Tarjeta,C106
7323,2026-09-25,07:20,Nübe Altico,Domicilio,Frappé de café,1,11000,Tarjeta,C216
5569,2026-09-12,10:51,Nübe Centro,Domicilio,Croissant,1,6000,Nequi,
4833,2026-09-06,13:32,Nübe Centro,Mostrador,Tinto,1,3000,Efectivo,
3119,2026-08-25,12:11,Nübe Centro,Domicilio,Americano,1,5000,,C095
7645,2026-09-27,17:25,Nübe Altico,Mostrador,Latte,2,9000,Tarjeta,
4709,2026-09-05,10:37,Nübe Altico,Mostrador,Frappé de café,1,11000,Nequi,
1189,2026-08-11,15:05,Nübe Altico,Mostrador,Croissant,2,6000,Efectivo,
5185,2026-09-09,07:28,Nübe Centro,Domicilio,Croissant,1,6000,Tarjeta,
3291,2026-08-26,15:42,Nübe Altico,Mostrador,Americano,1,5000,Efectivo,C201
4409,03/09/2026,08:45,Nübe Altico,Mostrador,Capuchino,1,8500,Efectivo,
5127,2026-09-08,18:02,Nübe Altico,Domicilio,Americano,1,5000,Tarjeta,
6855,2026-09-21,06:14,Nübe Altico,Mostrador,Croissant de almendras,2,8000,Efectivo,
2343,2026-08-20,10:58,Nübe Centro,Mostrador,Tinto,1,3000,Tarjeta,C182
3208,2026-08-26,10:46,Nübe Centro,Mostrador,Capuchino,1,8500,EFECTIVO,
1762,2026-08-15,15:23,Nübe Altico,Mostrador,Croissant,1,6000,Efectivo,C168
6995,2026-09-22,11:06,Nübe Altico,Domicilio,Americano,1,5000,Nequi,
3751,2026-08-29,19:42,Nübe Altico,Mostrador,Croissant de almendras,1,8000,Efectivo,
1858,2026-08-16,11:17,Nübe Altico,Domicilio,Frappé de café,1,11000,Tarjeta,
2985,2026-08-24,09:35,Nübe Centro,Mostrador,croissant de almendras,1,8000,Efectivo,
1787,2026-08-16,15:52,Nübe Centro,Mostrador,Chocolate caliente,1,7500,Efectivo,
6445,2026-09-18,08:37,Nübe Altico,Mostrador,Croissant,1,6000,Efectivo,
5417,2026-09-11,09:01,Nübe Centro,Mostrador,Latte,1,$9.000,Tarjeta,
6864,2026-09-21,07:47,Nübe Altico,Domicilio,Capuchino,1,8500,Nequi,
5515,2026-09-11,07:36,Nübe Altico,Mostrador,Tinto,1,3000,Tarjeta,C296
4635,2026-09-05,07:51,Nübe Centro,Domicilio,Tinto,1,3000,Tarjeta,C051
5035,2026-09-08,12:56,Nübe Centro,Mostrador, Capuchino ,1,8500,Efectivo,
2097,2026-08-18,08:27,Nübe Centro,Mostrador,Chocolate  caliente,1,7500,EFECTIVO,
5724,2026-09-13,07:58,Nübe Centro,Mostrador,Tinto,1,3000,Efectivo,
6704,2026-09-20,19:55,Nübe Centro,Mostrador,Croissant,1,6000,Efectivo,C065
4331,2026-09-03,15:31,Nube Centro ,Mostrador,Americano,1,5000,Efectivo,
2784,2026-08-22,11:30,Nübe Altico,Mostrador,Latte,1,9000,,C223
6899,2026-09-22,10:33,Nübe Centro,Domicilio,Croissant,2,6000,Tarjeta,C116
2978,2026-08-24,12:34,Nübe Centro,Mostrador,americano,1,5000,Efectivo,
5087,08/09/2026,18:58,Nübe Altico,Mostrador,croissant de almendras,1,,Efectivo,C124
5597,2026-09-12,16:02,Nübe Centro,Mostrador,Croissant,1,6000,Tarjeta,C280
1132,11/08/2026,10:04,NUBE CENTRO,Mostrador,Tinto,2,3000,Efectivo,C265
7041,2026-09-23,07:36,Nübe Centro,Domicilio,Frappé de café,1,11000,Tarjeta,
3860,2026-08-30,08:39,NUBE CENTRO,Mostrador,Latte,1,9000,Tarjeta,C168
115,2026-08-04,12:14,Nübe Centro,Mostrador,Americano,1,5000,Efectivo,
30,2026-08-03,10:35,Nübe Centro,Mostrador,Croissant de almendras,1,8000,Nequi,
3814,2026-08-30,08:01,Nübe Centro,Mostrador,Croissant,1,6000,Tarjeta,
1902,2026-08-16,07:49,Nübe Altico,Mostrador,Tinto,1,3000,Efectivo,C261
1473,14/08/2026,09:23,Nübe Centro,Domicilio,Tinto,1,$3.000,Efectivo,
3473,2026-08-28,16:31,Nübe Centro,Mostrador,Capuchino,1,8500,Tarjeta,C115
3599,2026-08-29,15:39,Nübe Centro,Mostrador,Tinto,1,3000,Nequi,C160
3595,28/08/2026,07:19,Nübe Altico,Mostrador,Chocolate  caliente,1,7500,Efectivo,
1634,2026-08-15,10:09,Nübe Centro,Mostrador,Croissant de almendras,1,$8.000,Efectivo,C202
7578,2026-09-27,18:04,NUBE CENTRO,Mostrador,Frappé de café,2,11000,Nequi,C299
4001,2026-08-31,17:28,Nübe Altico,Mostrador,Tinto,1,,Efectivo,
2480,2026-08-21,09:37,Nübe Centro,Mostrador,Tinto,2,3000,Efectivo,
2489,21/08/2026,14:57,Nübe Centro,Mostrador,Croissant,1,,EFECTIVO,
2272,2026-08-19,18:38,Nübe Centro,Mostrador,Capuchino,1,8500,Tarjeta,
2391,2026-08-20,08:57,Nübe Centro,Mostrador,Americano,1,5000,Tarjeta,C239
5369,2026-09-10,08:00,Nübe Altico,Domicilio,Capuchino,2,8500,Efectivo,
1317,2026-08-12,15:22,Nübe Altico,Mostrador,Croissant,1,6000,EFECTIVO,
5511,2026-09-11,16:15,Nübe Altico,Mostrador,Latte,1,9000,Tarjeta,
3928,2026-08-31,07:28,Nübe Centro,Mostrador,Americano,2,5000,Efectivo,
1602,2026-08-15,14:50,Nübe Centro,Mostrador,Croissant de almendras,3,8000,Efectivo,C160
6064,2026-09-16,19:52,Nübe Centro,Mostrador,Frappé de café,1,11000,Tarjeta,
6302,2026-09-18,16:12,Nübe Centro,Mostrador,Latte,1,9000,Nequi,
7647,2026-09-27,14:04,Nübe Altico,Mostrador,Latte,1,9000,,
2127,2026-08-18,18:06,Nübe Centro,Domicilio,Tinto,1,3000,Efectivo,
3636,2026-08-29,08:49,Nübe Centro,Mostrador,Capuccino,2,8500,Tarjeta,
4787,2026-09-06,09:17,Nübe Centro,Domicilio,croissant de almendras,1,8000,Tarjeta,
2865,2026-08-23,07:43,NUBE CENTRO,Mostrador,Capuchino,1 und,8500,Efectivo,C155
1847,2026-08-16,11:44,Nübe Centro,Domicilio,Capuchino,1,8500,Efectivo,
1278,2026-08-12,14:00,Nübe Altico,Mostrador,Frappé de café,1,11000,Nequi,C040
514,2026-08-07,11:23,Nübe Centro,Mostrador,Croissant,1,6000,Efectivo,
2004,2026-08-17,08:48,NUBE CENTRO,Domicilio,Americano,1,5000,Tarjeta,
1677,2026-08-15,13:59,Nübe Centro,Mostrador,Croissant,1,6000,Tarjeta,
1499,2026-08-14,20:04,Nübe Centro,Mostrador,Capuchino,1,$8.500,Efectivo,
3019,2026-08-24,18:17,Nübe Centro,Domicilio,Croissant de almendras,1,8000,Efectivo,C208
5249,2026-09-10,16:31,Nübe Centro,Mostrador,Croissant,2,6000,Efectivo,
3230,2026-08-26,07:37,Nübe Centro,Domicilio,Capuchino,2,8500,Tarjeta,
1594,2026-08-15,10:08,Nube Centro ,Mostrador,Tinto,1,3000,NEQUI,
7407,26/09/2026,17:08,Nübe Centro,Domicilio,Chocolate caliente,1,7500,Nequi,C200
7226,2026-09-24,10:25,Nübe Altico,Mostrador,Croissant,1,6000,Efectivo,
1383,2026-08-13,10:10,Nübe Centro,Mostrador,Croissant de almendras,1,$8.000,EFECTIVO,
1900,2026-08-16,11:49,Nübe Altico,Mostrador,CAPUCHINO,1,8500,Nequi,C217
1607,2026-08-15,13:58,Nübe Centro,Mostrador,americano,1,5000,Nequi,C191
6510,2026-09-19,14:34,Nübe Centro,Mostrador,Capuchino,1,8500,Nequi,C066
6331,2026-09-18,09:24,Nübe Centro,Domicilio,Tinto,1,3000,Efectivo,C295
5090,2026-09-08,15:27,Nübe Altico,Mostrador,Croissant de almendras,1,8000,Tarjeta,C059
2728,2026-08-22,08:42,Nübe Altico,Mostrador,Latte,1,,Nequi,
6334,2026-09-18,09:28,Nübe Centro,Mostrador,Capuchino,1,8500,Efectivo,
6004,2026-09-15,12:35,Nübe Altico,Mostrador,Tinto,1,3000,Tarjeta,C248
5693,2026-09-13,15:31,Nübe Centro,Mostrador,Capuchino,1,8500,Nequi,C109
2983,2026-08-24,13:40,Nübe Centro,Mostrador,Capuchino,1,,Efectivo,C140
1591,2026-08-15,09:38,Nübe Centro,Mostrador,Americano,1,5000,Tarjeta,C293
6472,2026-09-19,07:52,Nübe Centro,Domicilio,Chocolate caliente,1,7500,Efectivo,C005
3354,27/08/2026,09:44,Nübe Centro,Mostrador,Latte,2,9000,Tarjeta,C019
2378,2026-08-20,19:18,Nübe Centro,Mostrador,Tinto,1,3000,Nequi,C268
3661,2026-08-29,09:59,Nübe Centro,Mostrador,Croissant de almendras,1,8000,Tarjeta,
4596,05/09/2026,07:03,Nübe Centro,Mostrador,Croissant,1,6000,Tarjeta,
126,04/08/2026,12:03,Nübe Centro,Mostrador, LATTE,1,9000,Tarjeta,C037
2752,2026-08-22,13:55,Nübe Altico,Domicilio,Americano,1 und,5000,Tarjeta,C028
249,2026-08-05,14:18,Nübe Centro,Mostrador,Americano,1,5000,EFECTIVO,C298
2975,2026-08-24,16:45,Nübe Centro,Mostrador,Croissant,2,6000,EFECTIVO,
7371,2026-09-26,19:42,Nübe Centro,Mostrador,Tinto,1,3000,Efectivo,
3283,26/08/2026,16:35,Nübe Altico,Mostrador,Capuchino,1,8500,Tarjeta,
1298,2026-08-12,09:17,Nübe Altico,Mostrador,Croissant de almendras,1,8000,Nequi,C249
4168,01/09/2026,09:04,Nübe Altico,Mostrador,americano,1,5000,Efectivo,
4524,2026-09-04,08:45,Nübe Altico,Domicilio,Capuchino,1,8500,Nequi,
7510,2026-09-26,08:39,Nübe Altico,Domicilio,Tinto,1,3000,Tarjeta,
1722,15/08/2026,14:47,Nübe Altico,Mostrador,Chocolate caliente,1,7500,Tarjeta,C058
5660,13/09/2026,14:10,Nübe Centro,Mostrador,Capuchino,1,8500,Nequi,C202
3716,2026-08-29,07:07,Nübe Altico,Mostrador,Latte,1,9000,Efectivo,C165
6403,2026-09-18,15:20,Nübe Altico,Mostrador,Americano,1,5000,Tarjeta,C234
7283,2026-09-25,13:27,Nübe Centro,Mostrador,Latte,1,9000,Nequi,C242
7672,2026-09-27,08:49,Nübe Altico,Domicilio,Croissant de almendras,1,8000,Efectivo,
7182,2026-09-24,18:40,Nübe El Altico,Mostrador,Latte,1,9000,Tarjeta,
3657,2026-08-29,15:40,Nübe Centro,Mostrador,Croissant almendras,1,8000,Efectivo,
2181,2026-08-18,07:58,Nübe Altico,Mostrador,Croissant de almendras,1,8000,Nequi,
899,2026-08-09,07:38,Nübe Centro,Domicilio,Croissant,1,6000,Tarjeta,
5749,2026-09-13,10:31,Nübe Altico,Mostrador,Americano,1 und,5000,Nequi,
3006,2026-08-24,06:03,Nübe Centro,Mostrador,Americano,2,5000,Tarjeta,
2978,2026-08-24,12:34,Nübe Centro,Mostrador,Capuchino,1,8500,Efectivo,
2562,2026-08-21,20:12,Nübe Altico,Domicilio,Capuchino,1,8500,Nequi,C298
5053,2026-09-08,12:27,Nübe Centro,Mostrador,Tinto,1,3000,Tarjeta,
2964,2026-08-23,10:10,Nübe Altico,Domicilio,Latte,2,9000,Tarjeta,
389,2026-08-06,10:32,Nübe Centro,Mostrador,Chocolate caliente,2,7500,Efectivo,C123
659,2026-08-08,06:24,Nübe Centro,Domicilio,Chocolate caliente,1,7500,Efectivo,C168
1824,2026-08-16,09:12,Nübe Centro,Mostrador,Americano,1,5000,Nequi,C279
1049,2026-08-10,16:31,Nübe Centro,Mostrador,Frappé de café,1,11000,Nequi,C234
4675,2026-09-05,11:10,Nübe Altico,Domicilio,Capuchino,1,8500,Nequi,
4543,2026-09-04,16:01,Nübe Altico,Mostrador,Croissant de almendras,1,8000,Efectivo,
3669,2026-08-29,08:55,Nübe Centro,Mostrador,Latte,1,9000,Nequi,C067
538,07/08/2026,12:46,Nübe Centro,Domicilio,Tinto,2,3000,Efectivo,
2728,22/08/2026,08:42,Nübe Altico,Mostrador,Capuchino,1,8500,Nequi,
4664,2026-09-05,20:13,Nübe Altico,Domicilio,Croissant de almendras,1,8000,Tarjeta,C049
5440,2026-09-11,15:18,Nübe Centro,Mostrador,Croissant,1,6000,Tarjeta,
4074,2026-09-01,06:19,Nübe Centro,Domicilio,Capuchino,1,8500,Tarjeta,
1444,2026-08-14,08:19,Nübe Centro,Mostrador,Frappé de café,1,$11.000,Efectivo,
5125,2026-09-08,11:01,Nübe Altico,Mostrador,Croissant,3,6000,Tarjeta,C209
3878,2026-08-30,06:55,Nübe Altico,Mostrador,Tinto,1,3000,Nequi,
6973,2026-09-22,12:46,Nübe Altico,Mostrador,Tinto,1,3000,Efectivo,C049
5160,2026-09-09,07:37,Nübe Centro,Mostrador,Latte,1,9000,Nequi,
543,2026-08-07,06:25,Nübe Centro,Mostrador,chocolate caliente,2,$7.500,,
667,2026-08-08,17:24,Nübe Centro,Mostrador,croissant de almendras,1,8000,Efectivo,
4717,2026-09-05,09:07,Nübe Altico,Mostrador,Latte,1,9000,Efectivo,
4294,2026-09-02,07:11,Nübe Altico,Mostrador,Croissant de almendras,1,$8.000,Efectivo,C041
53,2026-08-03,07:25,centro,Mostrador,Latte,1,9000,Nequi,
7398,2026-09-26,08:24,NUBE CENTRO,Domicilio,Capuchino,1,8500,EFECTIVO,C024
3605,2026-08-29,11:45,Nübe Centro,Mostrador,Latte,1,9000,Efectivo,
3531,2026-08-28,08:08,Nübe Centro,Mostrador,Capuchino,2,8500,Tarjeta,
816,2026-08-08,19:48,Nübe Altico,Mostrador,Latte,1,9000,Tarjeta,
2411,20/08/2026,16:47,Nübe Altico,Domicilio,Croissant,1,6000,Efectivo,
3966,2026-08-31,14:26,Nübe Centro,Domicilio,Latte,1,9000,Efectivo,C001
3043,24/08/2026,17:23,Nübe Centro,Mostrador,Americano,1,5000,Nequi,C254
6345,2026-09-18,19:44,Nübe Centro,Mostrador,Americano,2,5000,Nequi,
1862,2026-08-16,08:47,altico,Mostrador,Chocolate  caliente,1,7500,Nequi,
6148,2026-09-16,17:13,Nübe Altico,Mostrador,Tinto,3,3000,Efectivo,C065
2193,2026-08-18,08:01,Nübe Altico,Mostrador,croissant de almendras,1,8000,Tarjeta,
1706,15/08/2026,12:13,Nübe Altico,Mostrador,Capuchino,1,$8.500,Nequi,C004
2288,2026-08-19,07:30,Nübe Altico,Mostrador,Croissant,1 und,$6.000,Efectivo,C269
495,07/08/2026,07:32,Nübe Centro,Domicilio,Croissant,1,6000,Efectivo,C076
309,05/08/2026,10:11,Nübe Altico,Domicilio,Tinto,1,3000,Efectivo,
4106,2026-09-01,13:28,Nübe Centro,Mostrador,Chocolate caliente,1,7500,Nequi,
3951,2026-08-31,16:19,Nübe Centro,Mostrador,Americano,1,5000,Nequi,
6798,2026-09-21,17:29,Nübe Centro,Mostrador,CROISSANT ,1,6000,Nequi,C274
1713,2026-08-15,16:49,Nübe Altico,Mostrador,Americano,1,5000,Efectivo,
3592,2026-08-28,13:33,Nübe Altico,Mostrador,Latte,1,9000,Tarjeta,
4414,2026-09-03,12:33,Nübe Altico,Mostrador,Tinto,1,3000,Efectivo,C150
5095,2026-09-08,07:50,Nübe Altico,Mostrador,Americano,1,5000,Nequi,C245
2750,2026-08-22,09:07,Nübe Altico,Mostrador,Latte,1,9000,Nequi,C211
1240,2026-08-12,08:48,Nübe Centro,Mostrador,Tinto,1,3000,Nequi,
7204,2026-09-24,10:07,Nübe El Altico,Mostrador,Croissant,1,6000,Efectivo,C096
3780,2026-08-29,14:36,altico,Mostrador,Croissant de almendras,1,$8.000,EFECTIVO,
3250,2026-08-26,07:32,centro,Domicilio,Tinto,1,3000,Nequi,
6274,2026-09-17,08:35,Nübe Altico,Mostrador,Americano,1,5000,Tarjeta,C161
316,2026-08-05,07:47,Nübe Altico,Mostrador,Latte,1,9000,Tarjeta,
3500,2026-08-28,16:12,Nübe Centro,Mostrador,Tinto,2,3000,Tarjeta,
1568,2026-08-14,10:04,Nübe Altico,Mostrador,Americano,2,5000,Tarjeta,C009
6847,2026-09-21,13:12,altico,Mostrador,Americano,1,5000,Efectivo,C287
1650,2026-08-15,11:11,Nübe Centro,Mostrador,Capuchino,1,8500,Tarjeta,
7456,2026-09-26,14:08,Nübe Altico,Domicilio,Croissant,1,6000,Nequi,C108
7157,2026-09-24,15:49,Nübe Centro,Domicilio,Croissant,2,6000,Efectivo,C111
2844,2026-08-23,08:27,Nübe Centro,Mostrador,americano,1,5000,Efectivo,
1915,2026-08-17,17:59,Nübe Centro,Mostrador, LATTE,1,9000,Tarjeta,
1278,2026-08-12,14:00,Nübe Altico,Mostrador,Tinto,1,3000,Nequi,C040
177,2026-08-04,09:00,Nübe Altico,Domicilio,Late,1,9000,TARJETA,C051
231,05/08/2026,09:10,Nübe Centro,Mostrador,Croissant,1,$6.000,Efectivo,
4641,2026-09-05,15:35,Nübe Centro,Mostrador,Capuchino,1,8500,Efectivo,
264,05/08/2026,09:58,Nübe Centro,Mostrador,Latte,1,9000,Tarjeta,C110
6495,2026-09-19,15:10,Nübe Centro,Mostrador,Croissant,1 und,6000,Efectivo,
6209,2026-09-17,08:56,Nübe Centro,Mostrador,Tinto,1,3000,Tarjeta,
6008,2026-09-15,16:09,Nübe Altico,Domicilio,Chocolate caliente,2,7500,Efectivo,C237
5126,2026-09-08,17:05,Nübe Altico,Mostrador,Chocolate caliente,1,7500,Nequi,
7019,2026-09-23,09:01,Nübe Centro,Mostrador,CAPUCHINO,2,8500,Efectivo,
2433,2026-08-20,07:44,Nübe El Altico,Domicilio,Croissant,2,6000,Nequi,C285
1262,12/08/2026,13:42,Nübe Centro,Mostrador,Croissant,1,6000,Nequi,
915,2026-08-09,09:55,Nübe Centro,Mostrador,Capuchino,1,$8.500,Tarjeta,
1803,2026-08-16,16:31,Nübe Centro,Domicilio,Croissant de almendras,1,8000,Nequi,
3440,2026-08-27,07:47,Nübe Altico,Mostrador,Croissant de almendras,2,8000,TARJETA,C090
1853,2026-08-16,19:13,Nübe Centro,Mostrador,Chocolate caliente,1,7500,Nequi,C071
717,2026-08-08,07:54,Nübe Centro,Domicilio,Americano,1,5000,Efectivo,
1740,15/08/2026,14:33,Nübe Altico,Mostrador,Croissant,1,6000,Efectivo,C282
857,2026-08-09,07:55,Nube Centro ,Domicilio,Croissant,1,6000,Tarjeta,
4335,2026-09-03,07:15,Nübe Centro,Mostrador,Americano,1 und,5000,Efectivo,
2067,2026-08-17,14:02,Nübe Altico,Mostrador,capuchino,1,8500,Nequi,
6526,2026-09-19,12:15,Nübe Centro,Mostrador,Croisant,1,6000,Nequi,
5290,2026-09-10,17:02,Nübe Centro,Domicilio,Americano,1,5000,Nequi,C257
6113,2026-09-16,12:56,centro,Mostrador,Tinto,1,$3.000,Tarjeta,
4637,2026-09-05,12:58,Nübe Centro,Mostrador,Frappé de café,1,11000,Nequi,C141
4892,2026-09-07,15:19,Nübe Centro,Mostrador,Latte,1,9000,Efectivo,C191
4490,2026-09-04,17:16,Nübe Centro,Mostrador,Croissant,1,6000,Efectivo,C094
6694,2026-09-20,08:45,Nübe Centro,Mostrador,Capuchino,1,8500,Efectivo,C286
5682,2026-09-13,16:16,Nübe Centro,Mostrador,Americano,1,5000,Efectivo,
2590,2026-08-21,09:05,Nübe Altico,Mostrador,Croissant,1,$6.000,Tarjeta,
817,2026-08-08,08:41,Nübe Altico,Mostrador,Croissant de almendras,1,8000,Nequi,
1208,2026-08-12,09:49,Nübe Centro,Mostrador,croissant,2,6000,Nequi,C062
1076,2026-08-10,09:54,NUBE ALTICO,Mostrador,Latte,2 und,9000,EFECTIVO,
2654,2026-08-22,09:05,Nübe Centro,Domicilio,Americano,1,5000,Nequi,C224
3801,2026-08-30,12:37,Nübe Centro,Mostrador,Chocolate caliente,1,7500,TARJETA,C026
1452,2026-08-14,08:05,Nübe Centro,Mostrador,Capuchino,1,8500,Nequi,C195
2120,2026-08-18,07:46,Nübe Centro,Mostrador,Tinto,1,3000,Efectivo,
376,2026-08-06,12:55,Nübe Centro,Mostrador,Frappé de café,1,11000,Efectivo,
1544,2026-08-14,08:35,Nübe Altico,Mostrador,Croissant de almendras,1,8000,Efectivo,C032
4676,2026-09-05,07:41,Nübe Altico,Mostrador,Tinto,2,3000,Efectivo,
5782,2026-09-13,16:03,Nübe Altico,Mostrador,Tinto,1,3000,Nequi,
1279,12/08/2026,16:08,Nübe Altico,Domicilio,Capuchino,1,8500,Nequi,
2331,2026-08-19,11:10,Nübe Altico,Mostrador,Capuchino,1,8500,Nequi,
2693,2026-08-22,16:38,NUBE CENTRO,Mostrador,Capuchino,2,8500,Nequi,
7496,2026-09-26,20:56,Nübe Altico,Domicilio,Croissant,1,6000,Nequi,C085
6428,2026-09-18,16:22,Nübe Altico,Mostrador,Chocolate  caliente,1,7500,Efectivo,
519,2026-08-07,18:22,Nübe Centro,Mostrador,Capuchino,2,8500,Efectivo,
2241,19/08/2026,08:01,Nübe Centro,Mostrador,Chocolate caliente,1,7500,Efectivo,C133
1415,2026-08-13,10:41,Nübe Altico,Mostrador,Croissant,1,6000,Tarjeta,
5536,2026-09-12,08:54,Nübe Centro,Domicilio,Croissant,1,6000,Tarjeta,C176
5821,2026-09-14,09:52,Nübe Centro,Mostrador,Latte,1,9000,Efectivo,
6988,2026-09-22,07:32,Nübe El Altico,Domicilio,americano,2,5000,Tarjeta,C177
414,2026-08-06,16:39,Nübe Altico,Mostrador,Latte,3,9000,Efectivo,
2448,21/08/2026,13:16,Nübe Centro,Mostrador,Latte,1,9000,Tarjeta,
1565,2026-08-14,14:12,Nübe Altico,Mostrador,Croissant,1,6000,Nequi,
5191,2026-09-09,16:53,Nübe Centro,Mostrador,Chocolate caliente,1,$7.500,Tarjeta,
2166,2026-08-18,07:19,Nübe Altico,Mostrador,Croissant de almendras,1,$8.000,Efectivo,
1090,2026-08-10,10:12,Nübe Altico,Mostrador,Latte,1,9000,Nequi,
671,2026-08-08,09:11,Nübe Centro,Domicilio,Capuchino,1,8500,Efectivo,
2411,20/08/2026,16:47,Nübe Altico,Domicilio,Croissant,1,6000,Efectivo,
2560,2026-08-21,18:38,Nübe Altico,Mostrador,Tinto,2 und,3000,NEQUI,
5583,2026-09-12,12:26,Nübe Centro,Mostrador,Chocolate caliente,1,7500,Efectivo,
6758,20/09/2026,17:23,Nübe El Altico,Domicilio,americano,1,5000,Efectivo,C031
4406,2026-09-03,11:16,Nübe Altico,Mostrador,Croissant,2,6000,Nequi,
7165,2026-09-24,15:31,Nübe Centro,Mostrador,Latte,3,9000,Nequi,
5102,2026-09-08,09:07,Nübe Altico,Mostrador,Tinto ,1,3000,Tarjeta,
3924,2026-08-31,07:15,Nübe Centro,Mostrador,Latte,1,9000,Tarjeta,
893,2026-08-09,07:21,Nübe Centro,Mostrador,Tinto,1,3000,Nequi,
1752,2026-08-15,15:20,Nübe El Altico,Mostrador,Capuchino,1,8500,Nequi,C210
6767,21/09/2026,15:47,Nübe Centro,Mostrador,Capuchino,1 und,8500,Tarjeta,
4774,2026-09-06,09:09,Nübe Centro,Mostrador,Americano,1,5000,Tarjeta,
903,2026-08-09,14:11,Nübe Centro,Mostrador,Frappé de café,1,11000,Nequi,
2661,22/08/2026,15:57,Nübe Centro,Mostrador,Chocolate caliente,1,7500,Tarjeta,C245
676,2026-08-08,15:26,Nübe Centro,Domicilio,Capuchino,1,8500,Efectivo,C297
7444,26/09/2026,20:35,Nübe Centro,Mostrador,Chocolate caliente,1,7500,Nequi,
4702,2026-09-05,16:09,Nübe Altico,Mostrador,Tinto,1,3000,NEQUI,C078
562,2026-08-07,19:23,Nübe Centro,Mostrador,Frappé de café,1,11000,Nequi,
2458,2026-08-21,20:16,Nübe Centro,Mostrador,Tinto,1,3000,NEQUI,
1588,2026-08-15,10:11,Nübe Centro,Mostrador,Tinto,3,$3.000,Nequi,C212
985,2026-08-09,20:19,Nübe Altico,Mostrador,Croissant,1,6000,Nequi,
5409,11/09/2026,08:50,Nübe Centro,Mostrador,Chocolate caliente,1,7500,Nequi,C080
2026,2026-08-17,10:11,Nübe Altico,Mostrador,Croissant,1,6000,EFECTIVO,
6661,20/09/2026,11:38,Nübe Centro,Mostrador,Frappé de café,1,11000,Efectivo,
260,2026-08-05,10:23,Nübe Centro,Mostrador,Americano,2,5000,Efectivo,
1922,2026-08-17,20:10,Nübe Centro,Mostrador,Frappé de café,1,11000,Efectivo,
5405,2026-09-11,16:11,Nübe Centro,Mostrador,Tinto,1,3000,Tarjeta,
3258,2026-08-26,07:43,Nübe Centro,Mostrador,Tinto,1,3000,Efectivo,C099
2754,2026-08-22,15:02,Nübe Altico,Mostrador,Croissant de almendras,1,8000,Nequi,
5089,2026-09-08,08:17,Nübe Altico,Mostrador,Chocolate caliente,1,,Tarjeta,C065
2040,2026-08-17,07:48,Nübe Altico,Mostrador,Croissant,1,6000,Efectivo,C132
6738,2026-09-20,09:30,Nübe Altico,Domicilio,Latte,1,,Tarjeta,
5346,2026-09-10,12:09,Nübe Altico,Mostrador,Croissant,1,,Nequi,C280
5843,2026-09-14,13:17,Nübe Centro,Mostrador,Americano,1,$5.000,Efectivo,
6654,2026-09-20,10:35,Nübe Centro,Mostrador, LATTE,1,9000,Nequi,
1457,2026-08-14,09:21,Nübe Centro,Mostrador,Tinto,2 und,3000,Nequi,
460,2026-08-06,11:11,Nübe Altico,Mostrador,Capuchino,2,8500,Efectivo,C284
2624,2026-08-22,07:02,Nübe Centro,Mostrador,Croissant,1,6000,EFECTIVO,
788,08/08/2026,07:37,Nübe Altico,Mostrador,Croissant,1,6000,Tarjeta,
2607,2026-08-22,08:16,Nübe Centro,Mostrador,Tinto,1,3000,Nequi,
6150,2026-09-16,12:54,Nübe Altico,Domicilio,Chocolate caliente,1,7500,EFECTIVO,
5777,2026-09-13,09:04,Nübe Altico,Mostrador,Capuchino,1,8500,Efectivo,
7583,2026-09-27,09:19,Nübe Centro,Mostrador,Croissant,2,6000,Efectivo,C005
2386,2026-08-20,07:50,Nübe Centro,Mostrador,Tinto,2,3000,Efectivo,
3985,2026-08-31,07:47,Nübe Centro,Mostrador,Chocolate caliente,1,7500,Efectivo,
5911,2026-09-14,10:19,Nübe Altico,Domicilio,Croissant,1,$6.000,Efectivo,
2026,2026-08-17,10:11,Nübe Altico,Mostrador,Americano,1,5000,Efectivo,
4232,2026-09-02,09:50,Nübe Centro,Mostrador,Croissant,2,$6.000,Tarjeta,
1979,2026-08-17,15:12,Nübe Centro,Mostrador,Capuchino,1,8500,Efectivo,
6168,2026-09-17,11:16,Nübe Centro,Mostrador,Tinto,1,3000,Nequi,
5742,2026-09-13,15:55,Nübe Centro,Domicilio,Frappé de café,2,11000,Efectivo,
2075,2026-08-17,11:53,Nübe Altico,Domicilio,Tinto,1,3000,Nequi,C211
2360,2026-08-20,12:56,Nübe Centro,Mostrador,Chocolate caliente,1,7500,Efectivo,C290
3839,2026-08-30,19:51,centro,Mostrador,Croissant de almendras,2,8000,Tarjeta,C216
2712,2026-08-22,08:24,Nübe Centro,Mostrador,Croissant,1,6000,Nequi,C078
3476,2026-08-28,10:22,Nübe Centro,Mostrador,Tinto,1,3000,Nequi,
1467,2026-08-14,08:38,Nübe Centro,Domicilio,Capuchino,2,$8.500,,
5942,2026-09-14,07:57,Nübe Altico,Mostrador,frappé de café,1,11000,Efectivo,C161
3011,2026-08-24,16:31,Nübe Centro,Mostrador,Capuchino,2,8500,Nequi,
1985,2026-08-17,07:58,NUBE CENTRO,Mostrador,Croisant,1,6000,Nequi,C161
5706,2026-09-13,12:12,Nübe Centro,Mostrador,Tinto,1,3000,Tarjeta,C253
7152,2026-09-24,12:16,Nübe Centro,Mostrador,Frappé de café,1,11000,Nequi,
4520,2026-09-04,11:29,NUBE ALTICO,Domicilio,Croissant de almendras,2,8000,Tarjeta,C260
3771,2026-08-29,09:33,Nübe Altico,Domicilio,Frappé de café,1,11000,Efectivo,C180
6070,2026-09-16,06:48,Nübe Centro,Mostrador,Americano,2 und,5000,Efectivo,
1559,2026-08-14,13:13,Nübe Altico,Mostrador,Frappe de cafe,1,11000,Efectivo,C294
3327,2026-08-27,16:03,Nübe Centro,Domicilio,Croissant,1 und,6000,Nequi,C248
2770,2026-08-22,07:28,Nübe Altico,Domicilio,Americano,1,5000,Efectivo,C017
4226,2026-09-02,13:55,NUBE CENTRO,Mostrador,latte,2,9000,Efectivo,
1223,2026-08-12,20:20,Nübe Centro,Mostrador,Capuccino,1,$8.500,Nequi,
2886,2026-08-23,18:36,Nübe Centro,Mostrador,Tinto,1,3000,Tarjeta,
2381,2026-08-20,11:36,Nübe Centro,Mostrador,croissant,2,6000,Nequi,
5867,2026-09-14,07:36,Nübe Centro,Mostrador,Capuchino,1,8500,Nequi,
3220,2026-08-26,08:17,Nübe Centro,Domicilio,Croissant,3,6000,Nequi,C069
4644,2026-09-05,12:04,Nübe Centro,Mostrador,Frappé de café,1,11000,Tarjeta,
5179,2026-09-09,07:38,Nübe Centro,Mostrador,Croissant,1,6000,Tarjeta,
2801,2026-08-23,09:37,NUBE CENTRO,Mostrador,Croissant de almendras,1,8000,Efectivo,C142
5788,2026-09-13,11:16,Nübe Altico,Domicilio,Chocolate caliente,1,7500,Tarjeta,C091
5022,08/09/2026,09:44,Nübe Centro,Domicilio,Croissant de almendras,1,8000,Nequi,
7089,2026-09-23,09:05,NUBE ALTICO,Mostrador,Croissant,1,6000,Tarjeta,C045
3602,2026-08-29,16:31,Nübe Centro,Mostrador,Frappé de café,1,11000,Nequi,C035
1810,2026-08-16,06:41,Nübe Centro,Mostrador,Croissant,1,6000,Nequi,
2456,2026-08-21,13:13,Nübe Centro,Domicilio,Croissant,1,$6.000,,
7608,2026-09-27,19:25,Nübe Centro,Mostrador,Tinto,1,3000,Efectivo,
1686,2026-08-15,11:21,centro,Mostrador,Americano,1,5000,Tarjeta,C276
1236,2026-08-12,09:03,Nübe Centro,Mostrador,Latte,1,9000,Tarjeta,C178
1693,15/08/2026,08:43,Nübe Centro,Mostrador,Tinto,1,3000,Efectivo,
808,2026-08-08,08:03,Nübe Altico,Mostrador,Croissant de almendras,1,8000,Efectivo,
7372,2026-09-26,18:41,Nübe Centro,Domicilio,Croissant,1,6000,Tarjeta,
864,2026-08-09,07:26,Nübe Centro,Domicilio,Tinto,1,3000,Nequi,C011
6806,21/09/2026,20:01,Nübe Centro,Mostrador,chocolate caliente,1,7500,Tarjeta,
5669,2026-09-13,16:01,Nübe Centro,Domicilio,Tinto,2,3000,Efectivo,C007
4838,2026-09-06,10:39,Nübe Altico,Mostrador,Croissant de almendras,1,8000,Tarjeta,
4159,2026-09-01,15:44,Nübe Altico,Domicilio,Chocolate caliente,1,$7.500,Tarjeta,
278,2026-08-05,16:01,Nübe Centro,Mostrador,Tinto,2,3000,EFECTIVO,
4295,02/09/2026,10:47,Nübe Altico,Mostrador,Frappé de café,1,,Nequi,
6035,2026-09-15,12:18,Nübe El Altico,Mostrador,Capuchino,1,8500,Tarjeta,
2808,2026-08-23,07:17,Nübe Centro,Mostrador,Latte,1,9000,Efectivo,
3982,31/08/2026,10:54,Nübe Centro,Mostrador,Capuchino,1,8500,Efectivo,C215
6748,2026-09-20,06:51,Nübe Altico,Mostrador,Tinto ,1 und,3000,Tarjeta,
4033,2026-08-31,10:05,Nübe Altico,Mostrador,Latte,2,9000,Efectivo,
762,2026-08-08,12:32,Nübe Centro,Mostrador,Chocolate caliente,1,$7.500,Tarjeta,
7326,2026-09-25,10:25,Nübe Altico,Mostrador,Tinto,1,3000,Nequi,C177
190,2026-08-04,17:16,Nübe Altico,Mostrador,Americano,1 und,5000,Nequi,
6680,2026-09-20,20:02,Nübe Centro,Mostrador,Capuchino,1,8500,Efectivo,
4255,02/09/2026,15:23,Nübe Centro,Mostrador,Americano,2 und,5000,Nequi,
5372,10/09/2026,10:41,Nübe Altico,Mostrador,Latte,1,9000,Tarjeta,C199
5176,2026-09-09,06:14,Nübe Centro,Mostrador, LATTE,1,$9.000,Nequi,C251
5203,2026-09-09,10:54,Nübe Altico,Mostrador,AMERICANO,1,5000,,
6378,2026-09-18,07:32,altico,Mostrador,Frappé de café,1,11000,Efectivo,
4779,2026-09-06,10:58,Nübe Centro,Mostrador,Croissant,1,6000,Efectivo,
3464,2026-08-28,16:32,Nübe Centro,Mostrador,Croissant,1,6000,,
2672,2026-08-22,06:08,Nübe Centro,Mostrador,Croissant,1,6000,Tarjeta,C284
5705,2026-09-13,11:06,Nübe Centro,Domicilio,AMERICANO,1,5000,Efectivo,C295
7329,25/09/2026,20:19,NUBE ALTICO,Mostrador,Croissant,1,$6.000,Tarjeta,
1613,2026-08-15,12:40,NUBE CENTRO,Mostrador,Frappé de café,1 und,11000,TARJETA,C229
2811,2026-08-23,09:18,Nübe Centro,Mostrador,Croissant,1,6000,Tarjeta,C141
3650,2026-08-29,09:18,centro,Mostrador,Americano,1,5000,Tarjeta,
7293,2026-09-25,08:24,Nübe Centro,Mostrador,Croissant de almendras,1,$8.000,Nequi,C040
1195,2026-08-11,07:06,Nübe Altico,Mostrador,Croissant,2,6000,Tarjeta,
1585,2026-08-15,09:11,Nübe Centro,Mostrador,Capuchino,1,8500,Efectivo,
1509,2026-08-14,07:25,Nübe Centro,Mostrador,Tinto,1,3000,Tarjeta,
5528,2026-09-12,11:43,Nübe Centro,Domicilio,Croissant de almendras,1,8000,Tarjeta,C213
5653,2026-09-12,07:29,Nübe Altico,Mostrador,Latte,2,9000,Nequi,
7546,2026-09-27,07:09,Nübe Centro,Mostrador,Croissant,2,6000,Nequi,
4125,2026-09-01,10:55,centro,Mostrador,Croissant,1,6000,Efectivo,
237,2026-08-05,10:25,Nübe Centro,Mostrador,Croissant de almendras,3,8000,Efectivo,C093
257,2026-08-05,17:24,Nübe Centro,Mostrador,Croissant,1,6000,NEQUI,
2838,2026-08-23,07:14,Nübe Centro,Mostrador,Chocolate caliente,1,7500,Tarjeta,
4386,2026-09-03,15:28,altico,Mostrador,Latte,1,9000,Tarjeta,C247
5559,2026-09-12,15:34,Nube Centro ,Mostrador,Tinto,1,3000,Efectivo,C113
5858,14/09/2026,11:41,Nube Centro ,Mostrador,Americano,1,5000,Tarjeta,C004
394,2026-08-06,17:21,Nübe Centro,Mostrador,Chocolate caliente,2,7500,Tarjeta,
3768,29/08/2026,09:51,Nübe Altico,Mostrador,Croissant,1,$6.000,Nequi,C279
1939,17/08/2026,16:14,Nübe Centro,Mostrador,Tinto,1,3000,Efectivo,
3954,31/08/2026,14:04,Nübe Centro,Mostrador,Chocolate caliente,1,7500,Nequi,
2055,2026-08-17,06:36,Nübe Altico,Domicilio,Chocolate caliente,1,7500,Tarjeta,
3967,2026-08-31,11:18,Nübe Centro,Mostrador,Capuchino,3,8500,Nequi,
918,2026-08-09,17:31,Nübe Centro,Mostrador,Chocolate caliente,2,7500,Nequi,C247
6779,2026-09-21,09:08,Nübe Centro,Domicilio,Americano,1,5000,Tarjeta,C083
2339,2026-08-20,11:29,Nübe Centro,Mostrador,tinto,1,3000,Nequi,
6835,2026-09-21,10:09,Nübe Centro,Mostrador,Capuchino,1,8500,Efectivo,
2218,2026-08-19,12:45,Nübe Centro,Mostrador,Croissant de almendras,2,8000,,
4836,06/09/2026,08:00,Nübe Centro,Mostrador,Tinto,1,3000,Nequi,
4459,2026-09-04,18:41,Nübe Centro,Mostrador,Chocolate caliente,1,7500,,
4798,2026-09-06,07:14,centro,Mostrador,Tinto,1,3000,Nequi,
66,2026-08-03,10:52,Nübe El Altico,Mostrador,tinto,1,3000,Efectivo,
1970,17/08/2026,15:58,Nübe Centro,Mostrador,Capuchino,1,8500,Tarjeta,
5820,2026-09-14,15:39,Nübe Centro,Mostrador,Tinto,1,3000,Efectivo,C291
3378,2026-08-27,16:49,Nübe Centro,Mostrador,Croissant de almendras,1,8000,Tarjeta,
3128,25/08/2026,14:46,Nübe Centro,Mostrador,Tinto,1,3000,Tarjeta,
3307,2026-08-26,08:32,Nübe Altico,Domicilio,Chocolate caliente,2 und,7500,Tarjeta,C134
3260,2026-08-26,06:28,Nübe Centro,Mostrador,Capuchino,1,8500,Tarjeta,
7388,26/09/2026,11:31,Nübe Centro,Mostrador,Americano,3,5000,Nequi,
4408,2026-09-03,08:46,Nübe El Altico,Mostrador,Tinto,1,$3.000,Efectivo,
2100,2026-08-18,15:44,Nübe Centro,Mostrador,Americano,1,5000,Efectivo,C041
5864,2026-09-14,20:41,Nübe Centro,Mostrador,Croissant,1,6000,Nequi,
846,2026-08-08,09:35,Nübe Altico,Mostrador,Tinto,1,3000,Nequi,C091
6945,2026-09-22,10:34,Nübe Centro,Mostrador,Croissant,1,6000,Tarjeta,C280
2826,2026-08-23,08:03,Nübe Centro,Mostrador,Croissant,1,6000,Nequi,C269
3936,2026-08-31,08:49,Nübe Centro,Mostrador,Chocolate  caliente,1,,Nequi,C275
6852,2026-09-21,17:04,Nübe Altico,Mostrador,Croissant,2,6000,Nequi,C036
1962,17/08/2026,16:51,Nübe Centro,Mostrador, LATTE,1,9000,Nequi,
1459,2026-08-14,13:02,Nübe Centro,Mostrador,Chocolate caliente,1,7500,Tarjeta,C004
2872,2026-08-23,15:09,Nübe Centro,Mostrador,Frappé de café,1,$11.000,Nequi,C287
5258,2026-09-10,18:12,Nübe Centro,Mostrador,Latte,1,9000,Nequi,C033
6655,2026-09-20,16:37,Nübe Centro,Domicilio,Croissant,1,6000,Efectivo,
956,2026-08-09,14:50,Nübe Altico,Mostrador,Latte,1,9000,Nequi,
5298,10/09/2026,15:08,Nübe Centro,Mostrador,Chocolate caliente,,7500,Tarjeta,C063
5708,2026-09-13,06:19,Nübe Centro,Domicilio,Tinto,2,3000,Nequi,C082
3733,29/08/2026,19:56,Nübe Altico,Mostrador,Tinto,2,3000,Efectivo,C062
2293,2026-08-19,14:55,Nübe Altico,Mostrador,Capuchino,1,8500,Nequi,C044
3724,2026-08-29,16:35,Nübe Altico,Mostrador,Chocolate caliente,1,7500,Nequi,C158
6460,19/09/2026,18:07,Nübe Centro,Domicilio,Tinto,2,3000,Tarjeta,
2306,2026-08-19,18:49,NUBE ALTICO,Mostrador,CAPUCHINO,1,8500,Efectivo,
6821,2026-09-21,17:32,Nübe Centro,Mostrador,Tinto,2,3000,Nequi,
5974,2026-09-15,07:36,Nube Centro ,Mostrador,Capuchino,1,8500,Nequi,
5253,2026-09-10,17:06,Nübe Centro,Domicilio,Capuchino,1,8500,Efectivo,C261
3268,2026-08-26,07:59,Nübe Altico,Mostrador,Croissant,2,6000,Nequi,
5472,2026-09-11,20:58,Nübe Altico,Mostrador,Americano,1 und,5000,Nequi,
5033,2026-09-08,12:12,Nübe Centro,Mostrador,Croissant,1,6000,Nequi,C092
6411,2026-09-18,11:31,Nübe Altico,Mostrador,Tinto,1 und,3000,Efectivo,
6196,2026-09-17,16:30,Nube Centro ,Domicilio,Chocolate caliente,1,7500,Efectivo,
1509,2026-08-14,07:25,Nübe Centro,Mostrador,Tinto,1,3000,Tarjeta,
935,2026-08-09,11:46,Nübe Centro,Mostrador,Americano,1,5000,Efectivo,
7294,2026-09-25,17:17,Nübe Centro,Mostrador,Capuchino,1,8500,Nequi,
775,2026-08-08,19:20,Nübe Altico,Mostrador,Capuchino,1,8500,Efectivo,
3310,2026-08-26,08:21,Nübe Altico,Domicilio,Croissant de almendras,1,8000,Efectivo,
1525,2026-08-14,09:24,Nübe Altico,Domicilio,Croissant,1,6000,,
3557,2026-08-28,17:48,Nübe Altico,Mostrador,Capuchino,1,8500,Tarjeta,C002
1100,2026-08-11,12:59,Nübe Centro,Mostrador,Tinto,1,3000,Tarjeta,
7670,2026-09-27,08:26,Nübe Altico,Mostrador,Croissant,2,6000,Tarjeta,C074
4140,2026-09-01,09:22,NUBE ALTICO,Mostrador,Latte,1,9000,Efectivo,C073
4346,03/09/2026,12:03,Nübe Centro,Mostrador,Croissant,1,6000,Efectivo,C231
528,2026-08-07,16:25,Nübe Centro,Mostrador,Croissant,1,6000,Efectivo,C154
4076,01/09/2026,16:06,Nübe Centro,Mostrador,Tinto,1,3000,Tarjeta,
4450,2026-09-04,07:32,Nübe Centro,Domicilio,Tinto,1,3000,Nequi,
2469,2026-08-21,12:39,Nübe Centro,Mostrador,Capuchino,1,8500,Efectivo,C173
2843,23/08/2026,19:02,Nübe Centro,Mostrador,Croissant de almendras,1,8000,Tarjeta,C187
5069,2026-09-08,06:33,Nübe Centro,Domicilio,croissant de almendras,2,8000,Efectivo,
635,2026-08-07,16:02,Nübe Altico,Domicilio,Croissant,2,6000,Efectivo,
3038,2026-08-24,15:44,Nübe Centro,Mostrador,AMERICANO,1,$5.000,Nequi,
7234,2026-09-25,07:02,Nübe Centro,Mostrador,Croissant,1,6000,Nequi,
7608,2026-09-27,19:25,Nübe Centro,Mostrador,Tinto,1,3000,Efectivo,
3869,2026-08-30,12:25,Nübe Altico,Domicilio,Americano,1,,Efectivo,
4228,2026-09-02,14:03,Nübe Centro,Mostrador,Americano,1,5000,Nequi,C048
1155,2026-08-11,11:32,Nübe Altico,Mostrador,Latte,1,9000,Efectivo,
4522,2026-09-04,09:16,Nübe Altico,Mostrador,Croissant,1,6000,Efectivo,
4795,2026-09-06,16:31,Nübe Centro,Mostrador,Latte,1,9000,Tarjeta,
6661,2026-09-20,11:38,Nübe Centro,Mostrador,Croissant de almendras,1,8000,Efectivo,
3700,2026-08-29,14:53,Nübe Centro,Mostrador,Tinto,1 und,3000,Efectivo,C168
4978,2026-09-07,09:08,Nübe Altico,Mostrador,Croissant de almendras,1,8000,Tarjeta,C013
1482,2026-08-14,14:12,Nübe Centro,Mostrador,Capuchino,2,8500,Nequi,
2822,2026-08-23,16:52,Nübe Centro,Mostrador,Capuchino,1,8500,Tarjeta,C123
5153,2026-09-09,16:42,Nübe Centro,Mostrador,Capuchino,1,,Tarjeta,
7491,2026-09-26,07:34,Nübe Altico,Domicilio,Americano,1,5000,Efectivo,C216
6559,2026-09-19,08:33,Nübe Altico,Mostrador,Tinto,1,3000,Efectivo,
4070,2026-09-01,10:36,Nübe Centro,Mostrador,Croissant de almendras,1,8000,Nequi,
7401,2026-09-26,10:50,Nübe Centro,Mostrador,Capuchino,1,8500,Efectivo,
1177,11/08/2026,09:48,Nübe Altico,Mostrador,Croissant almendras,1,$8.000,Nequi,
5998,2026-09-15,17:05,Nübe Centro,Mostrador,Capuchino,1,8500,Nequi,C222
1986,2026-08-17,08:59,Nübe Centro,Mostrador,Chocolate caliente,1 und,7500,Tarjeta,
559,07/08/2026,13:26,Nübe Centro,Mostrador,Croissant,1,6000,Nequi,
5877,2026-09-14,11:31,Nübe Centro,Mostrador,Capuchino,3,8500,TARJETA,
5035,08/09/2026,12:56,Nübe Centro,Mostrador,Americano,1 und,5000,Efectivo,
747,08/08/2026,10:52,Nübe Centro,Mostrador,Tinto,1,3000,Tarjeta,
4781,2026-09-06,12:24,Nübe Centro,Mostrador,Tinto,2,$3.000,Nequi,
104,2026-08-03,08:33,Nübe Altico,Mostrador,capuchino,2,8500,Nequi,C015
5979,2026-09-15,09:20,Nübe Centro,Mostrador,Tinto,1,$3.000,Efectivo,
5132,2026-09-09,08:09,Nübe Centro,Mostrador,Croissant,1 und,6000,Efectivo,C179
1739,2026-08-15,20:32,Nübe Altico,Domicilio,Tinto ,1,3000,Tarjeta,
7036,2026-09-23,19:33,Nübe Centro,Mostrador,Croissant,1,6000,Tarjeta,C095
5986,2026-09-15,08:04,centro,Domicilio,Capuchino,1,8500,Nequi,
5900,2026-09-14,09:24,Nübe Altico,Mostrador,Latte,2,9000,Tarjeta,C065
365,2026-08-06,18:08,Nübe Centro,Domicilio,Croissant,1,6000,Efectivo,C228
7642,2026-09-27,10:28,Nübe Altico,Mostrador,americano,1,5000,Nequi,C175
6724,20/09/2026,06:30,Nübe Altico,Mostrador,TINTO,,3000,Nequi,C212
4498,04/09/2026,20:03,Nübe Centro,Domicilio,Tinto,1,3000,Efectivo,C048
5647,2026-09-12,17:30,Nübe Altico,Domicilio,Capuccino,1,8500,Tarjeta,C296
1580,2026-08-15,15:29,Nübe Centro,Mostrador,Chocolate caliente,1,7500,Nequi,
4700,2026-09-05,16:12,Nübe Altico,Mostrador,AMERICANO,1,5000,Efectivo,C109
6238,17/09/2026,10:00,Nübe Centro,Mostrador,Latte,2,9000,Efectivo,C096
3207,26/08/2026,09:31,Nübe Centro,Mostrador,Chocolate caliente,2,7500,Efectivo,C055
1239,2026-08-12,11:47,Nübe Centro,Mostrador,Croissant,2,6000,Efectivo,C260
4207,2026-09-02,20:01,Nübe Centro,Mostrador, Capuchino ,1,8500,Efectivo,
2684,2026-08-22,16:29,Nübe Centro,Mostrador,Tinto,1,3000,Nequi,C254
5026,2026-09-08,07:12,Nübe Centro,Mostrador,Croissant de almendras,1,8000,Efectivo,
5673,2026-09-13,14:14,Nübe Centro,Mostrador,Latte,1,$9.000,Nequi,C004
4862,2026-09-06,20:39,Nübe El Altico,Domicilio,Americano,2 und,5000,Efectivo,
3077,2026-08-24,07:28,Nübe Altico,Domicilio,Capuchino,1,8500,Nequi,
6695,2026-09-20,07:56,Nübe Centro,Mostrador,Croissant,1,6000,Nequi,
2903,23/08/2026,14:42,Nübe Altico,Domicilio,Capuchino,1 und,$8.500,Nequi,
4418,2026-09-03,16:33,Nübe Altico,Domicilio,Croissant,2,6000,Nequi,
3719,2026-08-29,08:48,Nübe Altico,Mostrador,Chocolate caliente,1,7500,Nequi,C232
1757,2026-08-15,14:49,Nübe Altico,Domicilio,Tinto,1,3000,Efectivo,
3525,2026-08-28,07:33,Nübe Centro,Domicilio,Tinto,1,3000,Nequi,
538,07/08/2026,12:46,Nübe Centro,Domicilio,Tinto,2,3000,Efectivo,
5562,2026-09-12,09:42,Nübe Centro,Mostrador,Americano,1,5000,Tarjeta,
7284,2026-09-25,08:57,Nübe Centro,Domicilio,Croissant,2,6000,Efectivo,C210
5930,2026-09-14,18:47,Nübe Altico,Domicilio,Croissant,1,6000,Nequi,C270
6047,2026-09-16,16:35,Nube Centro ,Domicilio,Croissant,1,6000,Tarjeta,
4494,2026-09-04,09:09,Nübe Centro,Mostrador,frappé de café,1,11000,,
4862,2026-09-06,20:39,Nübe Altico,Domicilio,tinto,2,,Efectivo,
5422,2026-09-11,09:29,Nübe Centro,Mostrador,Capuchino,1,8500,NEQUI,
90,2026-08-03,06:25,Nübe Altico,Domicilio,Tinto,1,3000,Efectivo,
3514,2026-08-28,11:35,Nübe Centro,Mostrador,Croissant de almendras,1,8000,Tarjeta,
254,2026-08-05,12:25,Nübe Centro,Mostrador,Chocolate caliente,1,7500,Nequi,
3387,2026-08-27,08:46,Nübe Centro,Domicilio,TINTO,1,$3.000,Nequi,
6834,2026-09-21,16:32,Nübe Centro,Domicilio,Tinto,1,3000,Nequi,
4647,2026-09-05,19:01,Nübe Centro,Mostrador,Latte,3,9000,Tarjeta,
4046,31/08/2026,09:38,Nübe Altico,Mostrador,Croissant,1,6000,Nequi,
1273,2026-08-12,08:42,Nübe Altico,Mostrador,Croissant,1,6000,Nequi,
2742,2026-08-22,13:56,Nübe Altico,Mostrador,Chocolate caliente,1,7500,Nequi,C099
1071,2026-08-10,09:09,Nübe Altico,Mostrador,americano,1,5000,,
1094,2026-08-11,09:21,Nübe Centro,Mostrador,Capuchino,1,8500,Nequi,
7616,2026-09-27,18:21,Nübe Centro,Mostrador,Capuchino,1,8500,Tarjeta,
964,09/08/2026,11:33,Nübe Altico,Mostrador,Frappe de cafe,1,$11.000,Nequi,
5039,2026-09-08,12:58,Nübe Centro,Mostrador,Capuchino,1,8500,Tarjeta,
5241,2026-09-09,11:45,Nübe Altico,Mostrador,Chocolate caliente,1,7500,Tarjeta,
5131,2026-09-09,09:44,Nübe Centro,Mostrador,Croissant,1,6000,Nequi,C066
7127,2026-09-24,07:49,Nübe Centro,Mostrador,Americano,1,5000,Efectivo,C021
4318,2026-09-03,07:25,Nübe Centro,Mostrador,Latte,1,$9.000,Tarjeta,C241
4874,2026-09-06,20:56,Nübe Altico,Mostrador,Latte,1,9000,Tarjeta,
6532,2026-09-19,06:32,Nübe Centro,Mostrador,Tinto,1,3000,NEQUI,
3367,2026-08-27,09:52,centro,Domicilio,Croissant de almendras,2 und,8000,Tarjeta,C141
3070,2026-08-24,10:13,Nübe El Altico,Mostrador,Late,1,9000,Efectivo,C180
4579,2026-09-05,07:23,Nübe Centro,Mostrador,Croissant de almendras,1,8000,Nequi,
6081,2026-09-16,07:19,Nübe Centro,Mostrador,Croissant,1,$6.000,Tarjeta,
1599,15/08/2026,10:15,NUBE CENTRO,Mostrador,Frappé de café,1,11000,Efectivo,
3686,2026-08-29,06:02,Nübe Centro,Mostrador,Americano,1,5000,Nequi,C237
3158,25/08/2026,09:56,Nübe Centro,Mostrador,Latte,1,9000,Efectivo,
3186,2026-08-25,13:07,Nübe Altico,Mostrador,Latte,2,,Tarjeta,
3656,2026-08-29,09:57,Nübe Centro,Domicilio,Tinto,1,$3.000,Nequi,
1106,2026-08-11,18:30,Nübe Centro,Mostrador,americano,1,5000,Tarjeta,
2216,2026-08-19,10:18,Nübe Centro,Mostrador,Chocolate caliente,1,7500,Tarjeta,
7608,2026-09-27,19:25,Nübe Centro,Mostrador,Americano,1,5000,Efectivo,
6773,21/09/2026,09:07,Nübe Centro,Domicilio,Capuchino,1,$8.500,Tarjeta,C204
6327,2026-09-18,10:11,Nübe Centro,Mostrador,Croissant de almendras,1,8000,Tarjeta,
677,2026-08-08,20:14,Nübe Centro,Mostrador,Chocolate caliente,1,7500,Efectivo,C116
5474,11/09/2026,09:03,altico,Mostrador,Tinto,3,$3.000,Efectivo,C265
2125,2026-08-18,06:10,Nübe Centro,Mostrador,Frappé de café,2,11000,EFECTIVO,
6099,2026-09-16,08:00,Nube Centro ,Mostrador,Latte,2,9000,Efectivo,C197
6199,2026-09-17,12:14,Nübe Centro,Mostrador,Latte,1,9000,Nequi,C266
1008,2026-08-10,08:52,NUBE CENTRO,Mostrador,Capuchino,1,8500,Nequi,
2936,2026-08-23,14:31,Nübe Altico,Mostrador,Latte,1,9000,Efectivo,
4302,2026-09-03,15:02,Nübe Centro,Mostrador,Croissant,1,6000,Tarjeta,
765,2026-08-08,08:17,Nübe Altico,Mostrador,Capuchino,1,8500,NEQUI,
3235,2026-08-26,13:25,Nübe Centro,Mostrador, Capuchino ,1,8500,Tarjeta,
7327,2026-09-25,15:52,Nübe Altico,Mostrador,Capuchino,2,8500,Efectivo,C272
6751,2026-09-20,11:31,Nübe Altico,Mostrador,Tinto,1,3000,Tarjeta,C186
4113,2026-09-01,06:56,Nübe Centro,Mostrador,Croissant,2,6000,Nequi,
7109,2026-09-24,07:30,centro,Mostrador,Tinto,1,3000,Efectivo,C119
1772,2026-08-16,17:36,Nübe Centro,Mostrador,Chocolate caliente,1,7500,Tarjeta,C070
4732,05/09/2026,10:43,Nübe Altico,Mostrador,Chocolate caliente,1,7500,Tarjeta,
1537,2026-08-14,07:20,Nübe Altico,Domicilio,Latte,1,9000,Efectivo,C034
1764,2026-08-15,15:49,Nübe Altico,Mostrador,Croissant de almendras,1,8000,Nequi,
824,2026-08-08,09:26,Nübe Altico,Domicilio,Capuchino,3,8500,Efectivo,C034
3934,2026-08-31,07:25,Nübe Centro,Mostrador,Croissant,1,6000,Efectivo,C137
7541,2026-09-27,07:33,Nübe Centro,Mostrador,Capuchino,1,8500,TARJETA,C003
5518,2026-09-11,16:44,Nübe El Altico,Mostrador,Chocolate caliente,1,7500,Efectivo,
7636,27/09/2026,10:13,Nübe Altico,Mostrador,Americano,1,5000,Efectivo,
4701,2026-09-05,14:53,Nübe Altico,Mostrador,Latte,1,,Efectivo,
3883,2026-08-30,19:31,Nübe Altico,Mostrador,latte,1,$9.000,Tarjeta,C225
6581,19/09/2026,13:41,Nübe Altico,Mostrador,Croissant de almendras,1,8000,Efectivo,C063
799,2026-08-08,15:58,Nübe Altico,Mostrador,croissant,1,6000,Nequi,
796,2026-08-08,09:04,Nübe Altico,Domicilio,Tinto,1,3000,Efectivo,C243
4179,2026-09-02,19:10,Nübe Centro,Mostrador,Capuchino,1,8500,Efectivo,
7126,24/09/2026,15:00,Nübe Centro,Mostrador,Frappé de café,3,11000,Tarjeta,C141
4956,07/09/2026,10:09,Nübe Altico,Mostrador,Chocolate caliente,1,7500,Nequi,C104
6978,2026-09-22,13:06,Nübe Altico,Mostrador,Croissant,1,6000,Efectivo,C069
5055,2026-09-08,07:25,Nübe Centro,Mostrador,Latte,1,9000,Tarjeta,
7213,24/09/2026,11:48,Nübe Altico,Mostrador,Capuchino,1,8500,Efectivo,C076
3842,2026-08-30,16:15,centro,Mostrador,Croissant de almendras,1,$8.000,NEQUI,
554,2026-08-07,13:14,Nübe Centro,Domicilio,Americano,1,5000,EFECTIVO,
4996,2026-09-07,07:39,Nübe Altico,Mostrador,Croissant de almendras,1 und,$8.000,Nequi,C185
336,06/08/2026,13:14,centro,Domicilio,Tinto,2,3000,,C250
1116,2026-08-11,11:00,Nübe Centro,Mostrador,Tinto,1,3000,TARJETA,
3759,2026-08-29,15:24,Nübe Altico,Mostrador,Capuchino,1,8500,Efectivo,C274
1091,2026-08-11,06:20,Nübe Centro,Mostrador,Croissant,2,6000,Efectivo,C005
2281,2026-08-19,17:08,NUBE CENTRO,Mostrador,TINTO,1,3000,Tarjeta,C016
6614,19/09/2026,08:55,Nübe Altico,Mostrador,Chocolate caliente,3,7500,Efectivo,
6976,2026-09-22,16:57,Nübe Altico,Domicilio,Croissant,1,,Nequi,
1712,2026-08-15,11:45,Nübe Altico,Mostrador,Tinto ,1,3000,Efectivo,
4266,2026-09-02,09:52,Nübe Altico,Domicilio,Croissant,1,6000,Efectivo,
2543,2026-08-21,07:56,Nübe Altico,Mostrador,Capuchino,1,$8.500,Tarjeta,
7356,2026-09-25,10:58,Nübe Altico,Mostrador,latte,1,9000,Tarjeta,C025
4939,2026-09-07,07:06,Nübe Centro,Mostrador,Croissant de almendras,2,8000,Efectivo,C133
7076,2026-09-23,09:58,Nübe Altico,Mostrador,Croissant,1,6000,Efectivo,
988,2026-08-09,10:37,Nübe Altico,Mostrador,Capuchino,1,$8.500,Efectivo,C274
6707,2026-09-20,07:52,Nübe Altico,Mostrador,Croissant almendras,1,8000,Tarjeta,C252
7128,2026-09-24,15:24,Nübe Centro,Mostrador,Tinto,1,3000,Efectivo,
6667,2026-09-20,07:27,NUBE CENTRO,Mostrador,Tinto,1,3000,Efectivo,
1364,2026-08-13,12:07,Nübe Centro,Mostrador,Croissant,2,6000,Nequi,
3947,2026-08-31,12:34,Nübe Centro,Mostrador,Croissant,1,6000,Tarjeta,
1260,2026-08-12,18:26,Nübe Centro,Mostrador,Frappé de café,1 und,11000,Tarjeta,C064
2942,2026-08-23,10:05,Nübe Altico,Mostrador,Croissant,1,6000,Tarjeta,
6411,2026-09-18,11:31,Nübe Altico,Mostrador,Croissant,1,6000,Efectivo,
3511,2026-08-28,11:15,Nübe Centro,Mostrador,Chocolate caliente,1,7500,Nequi,
1937,2026-08-17,15:32,Nübe Centro,Mostrador,frappé de café,1,11000,Tarjeta,
2451,2026-08-21,06:04,Nübe Centro,Mostrador,Capuchino,2,8500,Tarjeta,
1996,2026-08-17,20:54,Nübe Centro,Mostrador,Croissant de almendras,2,,Nequi,C109
1192,2026-08-11,18:28,Nübe Altico,Domicilio,Croissant,1,6000,Tarjeta,
4304,2026-09-03,16:06,Nübe Centro,Mostrador,Croissant,2,6000,Tarjeta,
5263,2026-09-10,08:17,Nübe Centro,Mostrador,Croissant,1,6000,Efectivo,
6651,2026-09-20,08:24,Nübe Centro,Mostrador,Tinto,1,3000,Tarjeta,
3722,29/08/2026,11:05,Nübe Altico,Mostrador,Tinto,1,3000,Nequi,
3715,2026-08-29,12:07,Nübe Altico,Mostrador,Capuchino,1,8500,Nequi,
3035,2026-08-24,07:31,Nübe Centro,Mostrador,Latte,1,9000,EFECTIVO,
7506,2026-09-26,09:55,Nübe Altico,Domicilio,Capuchino,1,8500,Tarjeta,
5876,2026-09-14,08:24,Nübe Centro,Domicilio,Capuchino,1,$8.500,Tarjeta,
4738,2026-09-05,11:05,Nübe Altico,Mostrador,Frappé de café,1,11000,Efectivo,C279
2113,2026-08-18,12:14,Nübe Centro,Domicilio,Frappé de café,1,11000,Tarjeta,C272
3903,2026-08-30,10:52,Nübe Altico,Mostrador,Capuchino,1,8500,Tarjeta,
2057,2026-08-17,14:28,Nübe Altico,Mostrador,Croissant,1,,Efectivo,
5514,2026-09-11,10:57,Nübe Altico,Mostrador,Chocolate  caliente,1,7500,Nequi,C185
6456,2026-09-19,10:17,Nübe Centro,Mostrador,Americano,1,5000,Efectivo,
4502,2026-09-04,08:25,Nübe Centro,Mostrador,Capuchino,3,8500,Tarjeta,C187
5765,2026-09-13,09:33,Nübe Altico,Mostrador,tinto,3,3000,Nequi,C078
2691,2026-08-22,15:32,Nübe Centro,Mostrador,Capuchino,1,8500,Efectivo,
6927,2026-09-22,10:20,Nübe Centro,Mostrador,Americano,2,5000,Tarjeta,C151
4531,2026-09-04,12:45,Nübe Altico,Mostrador,Chocolate caliente,1,7500,Nequi,
6257,2026-09-17,09:41,Nübe Altico,Mostrador,Capuchino,1,8500,Nequi,
913,2026-08-09,08:43,Nübe Centro,Mostrador,Chocolate caliente,1,7500,Nequi,C203
7397,2026-09-26,12:59,Nübe Centro,Domicilio,Capuchino,1,8500,,
6195,2026-09-17,10:21,Nübe Centro,Mostrador,Tinto,1,3000,Nequi,
2399,2026-08-20,11:39,Nübe Centro,Mostrador,Frappé de café,1,11000,Nequi,
554,2026-08-07,13:14,Nübe Centro,Domicilio,Croissant,1,6000,EFECTIVO,
340,2026-08-06,07:51,Nübe Centro,Domicilio,Late,1,9000,Nequi,
2893,2026-08-23,08:32,Nübe Centro,Mostrador,Americano,1,5000,Efectivo,
6351,2026-09-18,18:12,Nübe Centro,Mostrador,Latte,2,9000,Tarjeta,
363,2026-08-06,11:21,Nübe Centro,Mostrador,Capuchino,1,8500,Efectivo,C008
4688,2026-09-05,14:15,altico,Mostrador,Croissant de almendras,3,8000,Tarjeta,
661,2026-08-08,07:09,Nübe Centro,Mostrador,Croissant,3,6000,Nequi,
1871,2026-08-16,16:16,Nübe Altico,Domicilio,Capuchino,1,8500,Tarjeta,
1684,15/08/2026,09:12,Nübe Centro,Mostrador,Croissant,1,6000,Efectivo,
1203,2026-08-12,20:06,centro,Mostrador,Latte,1,9000,Efectivo,
5863,2026-09-14,12:46,Nübe Centro,Domicilio,Latte,1,9000,Nequi,C100
2648,2026-08-22,11:04,Nübe Centro,Mostrador,Croissant,1,6000,Efectivo,
5811,2026-09-14,10:53,Nübe Centro,Mostrador,Frappé de café,1,11000,Nequi,
3646,29/08/2026,09:43,Nübe Centro,Mostrador,Capuchino,1,8500,Nequi,
1915,17/08/2026,17:59,Nübe Centro,Mostrador,Tinto,1,3000,Tarjeta,
7568,2026-09-27,08:48,Nübe Centro,Mostrador,Capuchino,1,8500,Nequi,
5273,10/09/2026,10:00,Nübe Centro,Mostrador,Croissant,1,6000,Nequi,
6774,2026-09-21,14:43,Nübe Centro,Mostrador,Latte,1,9000,Efectivo,C228
2658,2026-08-22,06:57,Nübe Centro,Mostrador,Capuchino,1,8500,,
3246,2026-08-26,11:24,Nübe Centro,Mostrador,americano,1,5000,Nequi,C261
4352,2026-09-03,17:01,Nübe Centro,Mostrador,Chocolate caliente,1,$7.500,Nequi,C113
4529,2026-09-04,13:26,Nübe Altico,Domicilio,Americano,2,5000,Nequi,C145
1052,2026-08-10,18:35,Nübe Centro,Mostrador,Tinto,1,3000,Tarjeta,
4740,2026-09-06,16:45,Nübe Centro,Domicilio,Americano,1,5000,Efectivo,
3711,2026-08-29,07:08,NUBE CENTRO,Mostrador,Tinto,1,$3.000,Efectivo,C107
4656,2026-09-05,20:42,Nübe Centro,Domicilio,Frappé de café,1,11000,Efectivo,C093
6869,21/09/2026,09:15,Nübe Altico,Mostrador,Tinto,1,3000,NEQUI,C251
2656,2026-08-22,08:11,Nübe Centro,Mostrador,Croissant de almendras,1,8000,Efectivo,C295
3022,2026-08-24,10:15,Nübe Centro,Mostrador,Capuchino,1,8500,Nequi,
6188,17/09/2026,08:33,Nübe Centro,Mostrador,Capuchino,1,8500,Efectivo,C269
5699,2026-09-13,10:57,Nübe Centro,Mostrador,Croissant de almendras,1,8000,Efectivo,
72,2026-08-03,19:24,Nübe Altico,Mostrador,Croisant,1,6000,NEQUI,
207,2026-08-04,09:56,Nübe El Altico,Mostrador,Chocolate caliente,1,7500,Tarjeta,
2492,2026-08-21,07:30,Nübe Centro,Mostrador,Chocolate caliente,1,7500,Efectivo,
891,2026-08-09,08:09,Nübe Centro,Mostrador,Latte,2,9000,Efectivo,C214
610,2026-08-07,09:45,Nübe Altico,Mostrador,Chocolate caliente,2,$7.500,Efectivo,C089
6631,2026-09-20,17:18,Nübe Centro,Mostrador,Chocolate caliente,1,7500,Tarjeta,C151
3989,2026-08-31,17:34,Nübe Centro,Mostrador,Croissant de almendras,1,8000,Tarjeta,C275
6429,2026-09-18,17:21,Nübe Altico,Mostrador,Capuchino,1,8500,Nequi,
367,2026-08-06,07:49,Nübe Centro,Mostrador,Tinto,1,$3.000,Efectivo,
3993,2026-08-31,09:30,NUBE CENTRO,Domicilio,Croissant de almendras,1,8000,Tarjeta,C255
3288,2026-08-26,08:55,Nübe Altico,Mostrador,Capuchino,1,8500,Nequi,C203
5866,14/09/2026,19:31,Nübe Centro,Mostrador,Chocolate caliente,2,7500,Tarjeta,C159
2885,2026-08-23,14:28,Nübe Centro,Mostrador,Croissant,2,6000,Efectivo,
913,2026-08-09,08:43,Nübe Centro,Mostrador,Capuchino,1,8500,Nequi,C203
451,2026-08-06,14:20,Nübe Altico,Mostrador,Tinto,1,3000,Tarjeta,C205
5658,2026-09-13,11:13,Nübe Centro,Domicilio,Capuchino,1,8500,Nequi,
6782,21/09/2026,07:30,Nübe Centro,Mostrador,Latte,1,9000,Efectivo,
2471,2026-08-21,10:23,Nübe Centro,Mostrador,Croisant,1,6000,Efectivo,
5601,2026-09-12,13:13,Nübe Centro,Mostrador,Chocolate  caliente,1,7500,,C189
3078,2026-08-24,08:04,Nübe Altico,Mostrador,Late,1,9000,Nequi,
740,2026-08-08,16:33,Nübe Centro,Mostrador,Americano,1 und,5000,Tarjeta,
4073,2026-09-01,08:04,Nübe Centro,Domicilio,Americano,1,5000,Nequi,C125
5016,08/09/2026,13:17,Nübe Centro,Mostrador,Tinto,1,3000,Tarjeta,C300
3992,2026-08-31,06:43,Nübe Centro,Mostrador,Croissant de almendras,1,$8.000,Tarjeta,
1374,13/08/2026,09:23,Nübe Centro,Mostrador,Croissant,2,6000,Nequi,
3811,2026-08-30,09:29,Nübe Centro,Mostrador,Croissant,1,6000,EFECTIVO,C058
2504,2026-08-21,07:17,Nübe Centro,Mostrador,Tinto,1,3000,Nequi,
3460,2026-08-28,08:43,Nübe Centro,Domicilio,Capuchino,1,8500,Efectivo,C217
575,2026-08-07,16:13,Nübe Altico,Domicilio,Chocolate caliente,1,7500,Efectivo,
5329,2026-09-10,11:04,Nübe Centro,Mostrador,Croissant,1 und,6000,Nequi,
2796,2026-08-22,07:46,Nübe Altico,Mostrador,AMERICANO,1,5000,Tarjeta,
3808,2026-08-30,07:07,Nübe Centro,Domicilio,Tinto,1,3000,Tarjeta,
2453,2026-08-21,09:21,Nübe Centro,Domicilio,Americano,1,5000,Efectivo,
5093,2026-09-08,08:40,altico,Mostrador,Americano,1,5000,Nequi,
2929,2026-08-23,09:49,Nübe Altico,Domicilio,Capuchino,1,8500,Efectivo,C206
2364,2026-08-20,15:32,Nübe Centro,Domicilio,Croissant,1,6000,Efectivo,C164
4617,05/09/2026,16:26,Nübe Centro,Mostrador,Capuchino,1,8500,Efectivo,C179
1761,2026-08-15,08:53,Nübe Altico,Mostrador,Croissant,1 und,6000,Tarjeta,
900,2026-08-09,12:35,Nübe Centro,Mostrador,CROISSANT ,1,6000,Tarjeta,C126
6600,2026-09-19,15:04,Nübe Altico,Mostrador,Tinto,1,3000,Efectivo,C035
6547,2026-09-19,07:36,Nübe Altico,Mostrador,Croissant,1,6000,Tarjeta,C138
1028,2026-08-10,19:51,Nübe Centro,Mostrador,Americano,1,5000,Tarjeta,
905,2026-08-09,10:15,Nübe Centro,Mostrador,Croissant,1,$6.000,Efectivo,C231
6050,2026-09-16,10:41,Nübe Centro,Mostrador,Chocolate caliente,1,7500,Nequi,C004
6093,16/09/2026,07:14,Nübe Centro,Mostrador,Croissant,1,6000,Tarjeta,C027
3278,26/08/2026,10:12,Nübe Altico,Mostrador,Capuchino,2,$8.500,Nequi,
5772,2026-09-13,10:53,Nübe Altico,Mostrador,americano,1,5000,Efectivo,C151
4401,2026-09-03,16:37,Nübe Altico,Domicilio,Late,1,9000,Efectivo,C154
6458,2026-09-19,15:26,Nübe Centro,Mostrador,Latte,1,9000,Tarjeta,
6235,2026-09-17,08:24,Nübe Centro,Mostrador,Frappé de café,1,11000,TARJETA,
3973,2026-08-31,17:49,Nübe Centro,Mostrador,Americano,1,5000,Efectivo,C061
5458,2026-09-11,07:00,Nübe Centro,Mostrador,Chocolate caliente,2,7500,Tarjeta,
2592,2026-08-21,20:57,Nübe El Altico,Mostrador,Chocolate caliente,1,,Nequi,
461,2026-08-06,07:13,Nübe Altico,Mostrador,Croissant,1,6000,Nequi,C168
1498,2026-08-14,09:46,Nübe Centro,Domicilio,Croissant,3,6000,Efectivo,C013
5924,2026-09-14,13:49,Nübe Altico,Mostrador,croissant de almendras,2,8000,Nequi,
5914,2026-09-14,16:25,Nübe Altico,Mostrador,Croissant de almendras,1,8000,Tarjeta,C172
563,2026-08-07,17:37,Nübe Centro,Domicilio,americano,1,5000,Nequi,
6326,2026-09-18,15:14,Nübe Centro,Mostrador,Capuccino,1,8500,Tarjeta,C254
45,03/08/2026,08:56,Nübe Centro,Mostrador,Croissant,1,6000,Efectivo,
3509,2026-08-28,07:34,Nübe Centro,Mostrador,Tinto,1,3000,Efectivo,
4006,31/08/2026,17:12,Nübe Altico,Mostrador, LATTE,2,$9.000,Tarjeta,C008
7063,2026-09-23,16:50,Nübe Altico,Domicilio,Latte,1,9000,Tarjeta,
3790,2026-08-30,18:37,Nübe Centro,Mostrador,Capuchino,1,8500,Tarjeta,
1427,2026-08-13,15:50,Nübe Altico,Mostrador,Croissant,1,6000,TARJETA,C152
1220,2026-08-12,12:41,Nübe Centro,Mostrador,Tinto,2,3000,Tarjeta,
2818,2026-08-23,12:15,Nübe Centro,Mostrador,Croissant de almendras,1,8000,EFECTIVO,
4466,2026-09-04,10:35,Nübe Centro,Domicilio,Croissant de almendras,1,8000,Efectivo,
4005,2026-08-31,10:09,Nübe Altico,Mostrador,Capuchino,1,8500,Efectivo,C295
3910,2026-08-30,09:57,Nübe Altico,Mostrador,americano,1,5000,Tarjeta,
5988,2026-09-15,08:09,Nübe Centro,Domicilio,Croissant,1,6000,Nequi,C085
7591,2026-09-27,18:04,Nübe Centro,Mostrador,Chocolate caliente,1,7500,Tarjeta,
901,2026-08-09,12:28,Nübe Centro,Mostrador,Frappé de café,1,11000,Efectivo,C104
6001,2026-09-15,17:10,Nübe Altico,Mostrador, Capuchino ,1,,Efectivo,
5644,2026-09-12,09:15,Nübe El Altico,Domicilio,Croissant de almendras,3,$8.000,TARJETA,
7419,2026-09-26,09:33,Nübe Centro,Mostrador,Latte,1,9000,Tarjeta,C120
1661,2026-08-15,18:06,Nübe Centro,Mostrador,Tinto,2,3000,TARJETA,
5961,2026-09-15,08:16,Nübe Centro,Mostrador,CROISSANT ,1,6000,Nequi,C084
205,2026-08-04,09:22,NUBE ALTICO,Mostrador,chocolate caliente,1,7500,Tarjeta,
5195,2026-09-09,10:41,Nübe Centro,Mostrador,Frappe de cafe,1,11000,Efectivo,
3382,2026-08-27,17:05,Nübe Centro,Mostrador,Latte,2,9000,Efectivo,
1817,2026-08-16,12:14,Nübe Centro,Domicilio,Tinto,1,3000,Efectivo,C012
2781,2026-08-22,12:03,Nübe El Altico,Mostrador,Croissant,1,6000,Nequi,
5059,2026-09-08,10:06,Nübe Centro,Mostrador,Capuchino,1,8500,Nequi,
6759,2026-09-20,18:44,Nübe Altico,Mostrador,Croissant de almendras,1,8000,,
4093,2026-09-01,14:50,Nübe Centro,Domicilio,Croissant,1,6000,Efectivo,
1024,10/08/2026,09:06,Nübe Centro,Mostrador,Americano,2,5000,,
1349,2026-08-13,18:00,Nübe Centro,Mostrador,frappé de café,2 und,11000,Nequi,C228
4881,2026-09-06,12:36,Nübe Altico,Domicilio,Croissant de almendras,2,8000,Nequi,C072
2045,2026-08-17,08:38,Nübe Altico,Domicilio,Croissant,2,6000,Efectivo,
4419,2026-09-03,10:36,Nübe Altico,Mostrador,Tinto,1,3000,Tarjeta,C271
849,2026-08-08,18:52,Nübe Altico,Domicilio,Chocolate caliente,1,7500,Efectivo,
4642,2026-09-05,10:26,Nübe Centro,Domicilio,Frappé de café,1,11000,Tarjeta,C216
3794,2026-08-30,17:03,Nübe Centro,Mostrador,Capuchino,1,8500,Nequi,
3948,2026-08-31,07:34,Nübe Centro,Mostrador,americano,1,5000,Nequi,C299
2217,2026-08-19,07:48,Nübe Centro,Mostrador,Capuchino,1,8500,Efectivo,
2766,22/08/2026,07:51,Nübe Altico,Mostrador,Croissant,1,$6.000,Tarjeta,
6732,2026-09-20,08:53,Nübe Altico,Domicilio,Americano,0,5000,Tarjeta,C271
4284,2026-09-02,13:05,Nübe Altico,Mostrador,Croissant,1,6000,Tarjeta,C021
4399,2026-09-03,09:34,Nübe El Altico,Mostrador,Croissant,1,6000,Efectivo,C108
6120,2026-09-16,08:43,Nübe Altico,Mostrador,Croissant de almendras,1,8000,Efectivo,C140
1602,2026-08-15,14:50,centro,Mostrador,CAPUCHINO,1,8500,Efectivo,C160
4474,2026-09-04,15:09,Nübe Centro,Mostrador,Croissant de almendras,1,8000,Efectivo,C154
4770,2026-09-06,08:06,Nübe Centro,Mostrador, Capuchino ,2,$8.500,Nequi,C056
2412,2026-08-20,11:16,Nübe Altico,Mostrador,CAPUCHINO,1,8500,Efectivo,
1113,2026-08-11,09:58,Nübe Centro,Mostrador,Chocolate caliente,2,7500,Tarjeta,C242
3024,2026-08-24,16:21,Nübe Centro,Mostrador,Americano,1,5000,Tarjeta,
3356,27/08/2026,19:11,Nübe Centro,Domicilio,Capuchino,1,8500,Efectivo,C142
6884,2026-09-21,08:09,Nübe Altico,Mostrador,Croissant,2,6000,Efectivo,
4479,2026-09-04,08:56,centro,Mostrador,Americano,1,5000,Nequi,C295
5294,2026-09-10,13:50,Nübe Centro,Mostrador,Tinto,1,3000,Nequi,
5628,2026-09-12,15:20,Nübe Altico,Domicilio,Capuchino,2,$8.500,Nequi,
3266,2026-08-26,10:09,Nübe Altico,Mostrador,Capuchino,1,8500,Efectivo,
6743,2026-09-20,19:34,Nübe Altico,Mostrador,Chocolate caliente,1,7500,Efectivo,
4406,2026-09-03,11:16,Nübe Altico,Mostrador,Latte,2,9000,Nequi,
170,2026-08-04,10:58,Nübe Centro,Mostrador,Chocolate caliente,1,7500,Efectivo,
6349,2026-09-18,08:13,Nübe Centro,Mostrador,Croissant,1,6000,,C046
4321,2026-09-03,12:33,Nübe Centro,Domicilio,Americano,1,5000,Tarjeta,
4543,2026-09-04,16:01,Nübe Altico,Mostrador,Croissant de almendras,1,8000,Efectivo,
1462,2026-08-14,13:53,Nübe Centro,Mostrador,Croissant,1,6000,Nequi,
821,2026-08-08,16:38,Nübe Altico,Mostrador,Capuchino,1 und,8500,,
6442,18/09/2026,08:18,Nübe Altico,Mostrador,Croissant,2,6000,Efectivo,
7631,2026-09-27,06:20,Nübe Altico,Mostrador,Americano,1,5000,Nequi,C200
5884,2026-09-14,11:10,Nübe Centro,Domicilio,Croissant,1,$6.000,EFECTIVO,C036
251,2026-08-05,08:26,Nübe Centro,Mostrador,Croisant,2,$6.000,Tarjeta,
980,2026-08-09,20:39,Nübe Altico,Domicilio,Croissant de almendras,1,8000,Nequi,
2952,2026-08-23,13:20,Nübe Altico,Mostrador,Tinto,1,$3.000,Efectivo,
6869,2026-09-21,09:15,Nübe Altico,Mostrador,Americano,1,5000,Nequi,C251
4354,2026-09-03,08:04,Nübe Centro,Mostrador,americano,1,5000,Efectivo,C067
801,08/08/2026,09:33,Nübe Altico,Mostrador,Croissant de almendras,1,8000,Nequi,
2689,2026-08-22,15:10,Nübe Centro,Mostrador,Croissant,1,6000,Nequi,
6744,2026-09-20,16:30,Nübe Altico,Domicilio,Capuchino,2,,Efectivo,
2465,21/08/2026,10:10,Nübe Centro,Mostrador,Tinto,1,3000,Tarjeta,C096
3182,2026-08-25,10:00,altico,Mostrador,TINTO,1,3000,Nequi,C008
2199,2026-08-18,16:27,Nübe Altico,Mostrador, Capuchino ,1,8500,Nequi,
3926,2026-08-31,06:14,Nübe Centro,Mostrador,CAPUCHINO,1,8500,Efectivo,
106,2026-08-03,07:46,Nübe Altico,Mostrador,Croisant,1,6000,Efectivo,
6656,2026-09-20,16:23,Nübe Centro,Mostrador,Frappé de café,1,11000,Nequi,
3705,2026-08-29,11:01,Nübe Centro,Mostrador,Frappé de café,1,11000,Tarjeta,C151
1964,2026-08-17,09:21,Nübe Centro,Mostrador,Capuchino,1,8500,NEQUI,C044
6126,2026-09-16,15:55,Nübe Altico,Mostrador,Americano,1,5000,Tarjeta,
990,2026-08-09,08:25,Nübe Altico,Mostrador,chocolate caliente,1,7500,Efectivo,
7404,2026-09-26,12:58,Nübe Centro,Mostrador,Tinto,3,$3.000,EFECTIVO,C043
5976,2026-09-15,07:52,Nübe Centro,Mostrador,Capuccino,1,8500,Nequi,C097
3548,2026-08-28,09:43,Nübe Altico,Mostrador,Americano,1,5000,Efectivo,
5843,14/09/2026,13:17,Nübe Centro,Mostrador,Tinto,1,3000,Efectivo,
5119,2026-09-08,11:26,Nübe Altico,Mostrador,Americano,1,5000,Nequi,
1474,2026-08-14,07:53,Nübe Centro,Domicilio,AMERICANO,1,5000,Tarjeta,
4998,2026-09-07,13:05,Nübe Altico,Domicilio,Capuchino,1,8500,Tarjeta,C249
2602,2026-08-22,10:49,Nübe Centro,Mostrador,Chocolate caliente,1,7500,Efectivo,
3545,2026-08-28,09:30,Nübe Altico,Mostrador,Croissant de almendras,1,8000,,
3416,27/08/2026,15:54,Nübe Altico,Mostrador,Latte,1,9000,Nequi,C094
5050,2026-09-08,15:35,Nübe Centro,Mostrador,Croissant,1,6000,Efectivo,C161
4174,2026-09-01,15:50,Nübe Altico,Mostrador,Americano,2,5000,Efectivo,C286
1262,2026-08-12,13:42,Nübe Centro,Mostrador,Americano,1,5000,Nequi,
24,03/08/2026,09:44,Nübe Centro,Mostrador,Capuchino,1,8500,Nequi,
7132,2026-09-24,09:22,Nübe Centro,Mostrador,Croissant de almendras,1,8000,Tarjeta,
3804,2026-08-30,10:26,Nübe Centro,Mostrador,Croissant,1,6000,Efectivo,
5512,2026-09-11,10:03,Nübe Altico,Mostrador,Americano,1,5000,Tarjeta,C229
7386,2026-09-26,16:30,Nübe Centro,Mostrador,Latte,1,9000,Tarjeta,C036
2777,22/08/2026,12:11,Nübe Altico,Mostrador,Frappé de café,1,11000,TARJETA,
3080,2026-08-24,13:15,Nübe Altico,Mostrador,Croissant,1,6000,Tarjeta,
7622,2026-09-27,18:28,Nübe Altico,Mostrador,Frappé de café,3,11000,Nequi,
6642,2026-09-20,16:47,Nübe Centro,Mostrador,Croissant,1,6000,Tarjeta,C180
339,2026-08-06,13:09,Nübe Centro,Mostrador,Americano,1,5000,Efectivo,
2930,2026-08-23,09:09,Nübe Altico,Domicilio,Frappé de café,1,$11.000,Efectivo,C275
297,2026-08-05,17:06,Nübe Altico,Mostrador,Capuchino,,8500,Efectivo,
5436,2026-09-11,17:02,Nübe Centro,Mostrador,Capuccino,1,8500,Efectivo,C176
7236,2026-09-25,11:50,NUBE CENTRO,Domicilio,Croissant,2,6000,Nequi,
6253,2026-09-17,14:49,Nübe Altico,Mostrador,Frappé de café,1,11000,Nequi,C220
758,2026-08-08,13:08,Nübe Centro,Domicilio,Frappé de café,3 und,11000,Nequi,C036
6644,2026-09-20,18:07,Nübe Centro,Domicilio,Tinto,1,3000,Efectivo,
609,2026-08-07,12:22,Nübe Altico,Mostrador,Latte,1,9000,Efectivo,
5694,2026-09-13,08:24,Nübe Centro,Mostrador,Croissant,1,,Nequi,
2320,2026-08-19,07:20,Nübe Altico,Mostrador,Croissant de almendras,1,8000,Nequi,
2999,2026-08-24,10:01,Nübe Centro,Mostrador,capuchino,1,8500,Efectivo,C031
3601,2026-08-29,08:34,Nübe Centro,Mostrador,Americano,1,5000,,C193
5035,2026-09-08,12:56,Nübe Centro,Mostrador,Croissant de almendras,1,8000,Efectivo,
4891,2026-09-07,15:52,Nübe Centro,Mostrador,Capuchino,1,8500,Tarjeta,C293
5836,2026-09-14,12:15,Nübe Centro,Domicilio,Frappé de café,1,11000,EFECTIVO,
3081,2026-08-24,08:22,Nübe Altico,Mostrador,Croissant,1,6000,Nequi,
1144,2026-08-11,07:45,Nübe Centro,Domicilio,Americano,2,$5.000,Efectivo,
281,2026-08-05,10:40,Nübe Altico,Mostrador,Chocolate caliente,1,7500,Efectivo,
345,2026-08-06,13:54,Nübe Centro,Mostrador,Americano,2,5000,Tarjeta,
1746,2026-08-15,10:47,Nübe Altico,Mostrador,Croissant,1,6000,Nequi,C162
7120,2026-09-24,10:22,Nübe Centro,Mostrador,Frappé de café,1,11000,Efectivo,C102
7074,2026-09-23,08:37,Nübe Altico,Mostrador,Croissant,1,6000,Tarjeta,
7022,2026-09-23,10:40,Nübe Centro,Mostrador,Frappé de café,1,$11.000,Nequi,
4352,2026-09-03,17:01,centro,Mostrador,Frappé de café,2,11000,Nequi,C113
4364,2026-09-03,17:20,Nübe Centro,Mostrador,CROISSANT ,1,6000,Efectivo,
534,2026-08-07,09:19,Nübe Centro,Domicilio,Croissant,1,6000,Nequi,
3147,2026-08-25,17:43,Nübe Centro,Mostrador,Capuchino,1,8500,Nequi,
1384,2026-08-13,10:01,Nübe Centro,Mostrador,Capuccino,1,8500,Efectivo,C038
4679,2026-09-05,07:44,Nübe Altico,Domicilio,Croissant,1,$6.000,Tarjeta,
250,05/08/2026,13:33,Nübe Centro,Mostrador,Capuchino,1,$8.500,Tarjeta,
3638,2026-08-29,15:07,Nübe Centro,Mostrador,americano,1,5000,Tarjeta,
7048,2026-09-23,10:55,Nübe Centro,Mostrador,Croissant,1,6000,Efectivo,C140
6913,2026-09-22,09:12,Nübe Centro,Domicilio,Tinto,2,3000,Tarjeta,
600,2026-08-07,08:19,Nübe Altico,Mostrador,Chocolate caliente,1,7500,Tarjeta,
2419,2026-08-20,07:29,Nübe Altico,Mostrador,Americano,1,5000,TARJETA,C240
3003,2026-08-24,15:43,Nübe Centro,Mostrador,Croissant de almendras,1,8000,Efectivo,
6947,2026-09-22,09:12,Nübe Centro,Mostrador,Chocolate caliente,,7500,NEQUI,
6335,2026-09-18,08:14,Nübe Centro,Mostrador,americano,1,5000,Efectivo,
6229,2026-09-17,07:40,Nübe Centro,Mostrador,Tinto,1,$3.000,Nequi,C007
5150,2026-09-09,18:30,Nübe Centro,Mostrador,Chocolate caliente,1,7500,Efectivo,C124
2854,2026-08-23,15:37,NUBE CENTRO,Mostrador,Americano,1,$5.000,Nequi,
6559,2026-09-19,08:33,Nübe Altico,Mostrador,Tinto,1,3000,Efectivo,
177,2026-08-04,09:00,Nübe Altico,Domicilio,Americano,1,5000,Tarjeta,C051
3943,2026-08-31,15:59,Nübe Centro,Mostrador,Croissant de almendras,2,8000,,
2473,2026-08-21,08:32,Nübe Centro,Domicilio,Tinto,1,3000,TARJETA,C097
689,2026-08-08,08:16,Nübe Centro,Mostrador,Tinto,1,3000,Tarjeta,
4631,05/09/2026,16:21,Nube Centro ,Mostrador,Croissant,2,6000,Efectivo,
199,2026-08-04,18:18,altico,Domicilio,Croissant de almendras,1,8000,EFECTIVO,
4222,2026-09-02,08:45,Nübe Centro,Mostrador,Frappé de café,1,11000,NEQUI,C018
5395,2026-09-10,18:30,altico,Mostrador,Croissant,1,6000,Tarjeta,C214
5533,2026-09-12,10:24,Nübe Centro,Mostrador,Capuchino,1,8500,Nequi,
6719,2026-09-20,16:31,Nübe Altico,Mostrador,Americano,1,5000,Efectivo,
7052,2026-09-23,11:22,Nübe Centro,Domicilio,CAPUCHINO,1,$8.500,Efectivo,
2694,2026-08-22,10:54,Nübe Centro,Mostrador,Croissant,1,6000,Nequi,
479,2026-08-07,15:03,Nübe Centro,Mostrador,Croissant de almendras,1 und,8000,Tarjeta,
6270,2026-09-17,14:50,Nübe Altico,Mostrador,Croissant,1,6000,Nequi,
2369,20/08/2026,07:21,Nübe Centro,Mostrador,Tinto,1,3000,Efectivo,
825,2026-08-08,19:12,Nübe El Altico,Mostrador,Croissant,1,6000,Tarjeta,
3432,2026-08-27,15:35,Nübe Altico,Mostrador,Croissant,1,6000,Efectivo,C073
6434,2026-09-18,16:48,Nübe Altico,Mostrador,Croissant,1,6000,Tarjeta,C194
5678,2026-09-13,15:29,Nübe Centro,Domicilio,Frappé de café,1,11000,Nequi,
6811,21/09/2026,06:01,Nübe Centro,Mostrador,Americano,1,5000,,C202
5947,2026-09-14,09:56,Nübe Altico,Mostrador,Americano,1,$5.000,Efectivo,
2219,2026-08-19,07:02,Nübe Centro,Domicilio,Croissant,1 und,6000,Tarjeta,C119
1904,2026-08-16,10:05,Nübe Altico,Domicilio,Chocolate caliente,2,7500,Nequi,
522,2026-08-07,20:16,Nübe Centro,Mostrador,Capuchino,1,$8.500,Efectivo,
3190,2026-08-25,17:03,Nübe Altico,Mostrador,Chocolate caliente,2,7500,Nequi,C040
584,2026-08-07,13:39,Nübe Altico,Mostrador,Croissant,1,6000,Tarjeta,C213
1192,2026-08-11,18:28,Nübe Altico,Domicilio,Latte,3,9000,Tarjeta,
1470,14/08/2026,07:19,Nübe Centro,Mostrador,Croissant,1,6000,NEQUI,C209
1414,2026-08-13,15:27,Nübe Altico,Mostrador,Americano,2,5000,Efectivo,
1877,2026-08-16,10:41,Nübe Altico,Mostrador,Frappé de café,1,11000,Efectivo,
4601,2026-09-05,08:11,Nübe Centro,Domicilio,Tinto,1,3000,Nequi,C211
2216,2026-08-19,10:18,Nübe Centro,Mostrador,Croissant,2,6000,Tarjeta,
7332,25/09/2026,10:36,Nübe Altico,Domicilio,Latte,1,9000,,
1894,2026-08-16,09:17,Nübe Altico,Mostrador,Capuchino,1,8500,Tarjeta,C244
751,2026-08-08,07:29,Nübe Centro,Mostrador,AMERICANO,1,$5.000,Nequi,
7510,2026-09-26,08:39,Nübe Altico,Domicilio,Frappé de café,1,11000,Tarjeta,
1751,2026-08-15,10:17,Nübe Altico,Mostrador,Latte,1,9000,,C031
862,2026-08-09,10:39,Nübe Centro,Mostrador,Latte,2,9000,Nequi,
2096,2026-08-18,09:18,Nübe Centro,Mostrador,Croissant,1,6000,Nequi,
7480,26/09/2026,07:45,Nübe Altico,Domicilio,Capuccino,1,8500,Nequi,
1910,2026-08-16,17:16,Nübe Altico,Mostrador,Tinto,1,3000,Nequi,
4542,2026-09-04,10:46,Nübe Altico,Mostrador,Latte,3 und,9000,NEQUI,
1238,2026-08-12,07:28,Nübe Centro,Mostrador,TINTO,2,$3.000,Tarjeta,
133,2026-08-04,18:18,Nübe Centro,Mostrador,Latte,1,9000,Nequi,
2776,2026-08-22,16:36,altico,Mostrador,Croissant de almendras,1,8000,TARJETA,C105
1006,2026-08-10,10:41,Nübe Centro,Mostrador,Tinto,1,3000,Nequi,
1136,2026-08-11,16:13,Nübe Centro,Mostrador,CAPUCHINO,1,8500,Efectivo,
5910,2026-09-14,16:15,Nübe Altico,Domicilio,Frappé de café,1,11000,Efectivo,
7368,26/09/2026,19:38,Nübe Centro,Mostrador,Americano,1,5000,Efectivo,
1985,2026-08-17,07:58,Nübe Centro,Mostrador,Capuchino,1,8500,Nequi,C161
5985,2026-09-15,20:03,Nübe Centro,Mostrador,chocolate caliente,3,7500,Nequi,
6802,2026-09-21,15:43,Nube Centro ,Mostrador,Croisant,1,6000,Efectivo,
488,2026-08-07,10:26,Nübe Centro,Domicilio,Croissant,2,6000,Tarjeta,
7289,2026-09-25,15:39,Nübe Centro,Mostrador,Croissant de almendras,1,8000,Efectivo,
2706,2026-08-22,07:43,Nübe Centro,Mostrador,Americano,1,5000,Tarjeta,
6020,2026-09-15,19:06,Nübe Altico,Domicilio,Tinto,1,3000,Nequi,
4565,2026-09-05,13:21,Nübe Centro,Mostrador,Capuchino,1,$8.500,Nequi,C163
3285,2026-08-26,17:11,Nübe Altico,Mostrador,Croissant,1,6000,Efectivo,C126
2343,2026-08-20,10:58,Nübe Centro,Mostrador,Americano,,5000,Tarjeta,C182
470,2026-08-07,09:34,Nübe Centro,Mostrador,Latte,2,$9.000,Nequi,C293
436,06/08/2026,07:56,altico,Mostrador,Capuccino,1,8500,Tarjeta,
1661,2026-08-15,18:06,Nübe Centro,Mostrador,Chocolate caliente,2,7500,Tarjeta,
2598,2026-08-21,12:43,Nübe Altico,Domicilio,Chocolate caliente,1,7500,Nequi,
2866,2026-08-23,17:49,Nübe Centro,Mostrador,Croissant,1,6000,Nequi,
7035,23/09/2026,11:21,Nübe Centro,Mostrador,Capuchino,1,8500,Nequi,C114
6866,21/09/2026,09:20,Nübe Altico,Domicilio, Capuchino ,1,$8.500,Tarjeta,
7030,2026-09-23,12:33,Nübe Centro,Mostrador,Capuchino,1,8500,Nequi,C237
3353,2026-08-27,09:03,NUBE CENTRO,Domicilio,Frappé de café,2,$11.000,Tarjeta,
1502,2026-08-14,09:10,centro,Domicilio,Croissant de almendras,1,8000,Efectivo,
6848,2026-09-21,09:49,Nübe Altico,Mostrador,Tinto,1,3000,Efectivo,C073
7041,2026-09-23,07:36,Nübe Centro,Domicilio,Capuchino,1,8500,Tarjeta,
2202,2026-08-18,07:33,Nübe Altico,Mostrador,Tinto,1,3000,Tarjeta,
6765,2026-09-21,17:56,Nübe Centro,Domicilio,Capuchino,1,8500,Tarjeta,C299
347,2026-08-06,17:17,Nübe Centro,Mostrador,Americano,2,5000,Tarjeta,
4530,2026-09-04,09:02,Nübe Altico,Mostrador,Capuchino,2,8500,Efectivo,C275
346,2026-08-06,09:57,Nübe Centro,Domicilio,Tinto,1,3000,Nequi,
5973,2026-09-15,16:13,Nübe Centro,Domicilio,Croissant,1,6000,Tarjeta,
2336,2026-08-20,07:44,Nübe Centro,Domicilio,Croissant de almendras,2,8000,Nequi,C168
996,2026-08-09,17:09,Nübe Altico,Mostrador,Croissant,2,6000,Nequi,C133
802,2026-08-08,17:22,Nübe Altico,Mostrador, Capuchino ,1,8500,Efectivo,
445,2026-08-06,07:09,altico,Mostrador,Chocolate caliente,1,7500,Nequi,
1488,2026-08-14,14:20,Nübe Centro,Mostrador,Tinto,1,3000,Efectivo,C005
7322,2026-09-25,07:51,Nübe Altico,Mostrador,Croissant,1,6000,Tarjeta,C256
6619,2026-09-19,07:52,Nübe Altico,Mostrador,Americano,1,5000,Efectivo,C220
344,2026-08-06,12:57,Nübe Centro,Domicilio,Capuchino,1,8500,EFECTIVO,
859,2026-08-09,10:36,Nübe Centro,Mostrador,Tinto,1,$3.000,Nequi,C274
5756,2026-09-13,17:37,Nübe Altico,Mostrador,Frappé de café,1,11000,Efectivo,
3881,2026-08-30,17:56,Nübe Altico,Mostrador,Tinto,1,3000,Tarjeta,
50,2026-08-03,10:19,Nübe Centro,Mostrador,Croissant,2,6000,Efectivo,C103
1749,2026-08-15,18:42,Nübe Altico,Domicilio,Croissant de almendras,1,8000,Tarjeta,C165
3569,2026-08-28,19:35,NUBE ALTICO,Mostrador,Chocolate caliente,1,7500,Nequi,C239
6854,2026-09-21,11:23,Nübe Altico,Domicilio,Americano,1,5000,Tarjeta,C171
7115,2026-09-24,17:57,Nübe Centro,Mostrador,Capuchino,1 und,8500,Tarjeta,C009
3933,2026-08-31,08:25,Nübe Centro,Mostrador,Croissant,1,6000,Nequi,C218
1338,2026-08-13,08:41,Nübe Centro,Mostrador, LATTE,1,9000,NEQUI,
5586,2026-09-12,18:48,centro,Mostrador,Latte,2,9000,Nequi,
5446,2026-09-11,14:49,Nübe Centro,Mostrador,Croissant,1,6000,Efectivo,C106
1261,2026-08-12,13:28,Nübe Centro,Mostrador,Tinto,1,3000,Tarjeta,C033
2094,2026-08-18,09:35,Nübe Centro,Domicilio,Croissant,1,6000,Nequi,
2514,2026-08-21,07:10,Nübe Centro,Domicilio, LATTE,1,$9.000,Nequi,C015
2425,2026-08-20,10:17,Nübe Altico,Domicilio,Americano,1,5000,TARJETA,C255
7194,2026-09-24,13:23,Nübe Altico,Domicilio,Americano,1,5000,Tarjeta,
4399,03/09/2026,09:34,Nübe Altico,Mostrador,AMERICANO,1,5000,Efectivo,C108
6116,2026-09-16,15:49,Nübe Altico,Domicilio,chocolate caliente,1,7500,Efectivo,
2134,2026-08-18,09:44,Nübe Centro,Mostrador,Croissant,1 und,$6.000,Efectivo,
6891,2026-09-22,09:01,Nübe Centro,Mostrador,Croissant,3 und,$6.000,EFECTIVO,
7556,2026-09-27,13:01,Nube Centro ,Mostrador,Latte,1,9000,Nequi,
4036,2026-08-31,08:55,Nübe Altico,Mostrador,Late,1,9000,Nequi,
1500,2026-08-14,10:39,Nübe Centro,Mostrador,Capuchino,1,8500,Nequi,
6095,16/09/2026,19:24,Nübe Centro,Mostrador,TINTO,1,3000,Tarjeta,
6169,2026-09-17,11:21,Nübe Centro,Mostrador,Latte,1,$9.000,Nequi,C252
3265,2026-08-26,09:51,Nübe Altico,Mostrador,Capuchino,1,8500,Tarjeta,C157
5502,2026-09-11,19:30,Nübe Altico,Domicilio,Croissant,2,6000,Efectivo,C171
525,2026-08-07,08:01,Nübe Centro,Mostrador,tinto,2,3000,EFECTIVO,
6494,2026-09-19,16:25,NUBE CENTRO,Mostrador,Latte,1,9000,Nequi,
6942,2026-09-22,07:37,Nübe Centro,Mostrador,Croissant,1,6000,Tarjeta,
466,2026-08-06,07:37,Nübe Altico,Mostrador,Capuchino,1 und,8500,Tarjeta,
6284,17/09/2026,09:45,Nübe Altico,Mostrador,Tinto,2,,Nequi,
1359,2026-08-13,09:51,Nübe Centro,Mostrador,Tinto,3,3000,Nequi,
5784,2026-09-13,19:18,Nübe Altico,Mostrador,Croissant,1,6000,Nequi,C300
2882,23/08/2026,18:34,Nübe Centro,Mostrador,Tinto,1,3000,Tarjeta,C146
6459,2026-09-19,13:05,Nübe Centro,Mostrador,Croissant,1,6000,Efectivo,
2065,2026-08-17,18:50,Nübe Altico,Mostrador,Chocolate caliente,1,7500,Efectivo,
7548,2026-09-27,09:29,Nübe Centro,Mostrador,Chocolate caliente,1,7500,Nequi,C050
7633,27/09/2026,16:32,Nübe Altico,Domicilio,Capuchino,1,8500,Tarjeta,
6652,2026-09-20,17:38,Nübe Centro,Mostrador,Americano,1,$5.000,NEQUI,
6318,2026-09-18,08:40,Nübe Centro,Mostrador,Tinto,1,3000,Efectivo,C089
1025,10/08/2026,11:48,Nübe Centro,Mostrador,Tinto,1,3000,Nequi,C101
6552,19/09/2026,06:44,Nübe Altico,Mostrador,Croissant almendras,1,8000,Tarjeta,
5736,2026-09-13,09:50,Nübe Centro,Mostrador,AMERICANO,1,$5.000,Efectivo,
2534,2026-08-21,09:17,Nübe Altico,Domicilio,Tinto,2,3000,Efectivo,
4296,2026-09-02,11:09,Nübe Altico,Mostrador,Latte,1,9000,Nequi,
5411,2026-09-11,11:10,Nübe Centro,Mostrador,Americano,1,5000,Nequi,
1355,2026-08-13,13:23,centro,Mostrador,CROISSANT ,,6000,Tarjeta,
5307,2026-09-10,12:32,Nübe Centro,Domicilio,TINTO,1,3000,Tarjeta,C235
4446,2026-09-04,09:24,Nübe Centro,Domicilio,Chocolate  caliente,3,7500,,
7508,2026-09-26,13:05,Nübe Altico,Mostrador,Croissant,1,6000,Nequi,
2007,17/08/2026,17:59,Nübe Centro,Mostrador,Croissant de almendras,1,8000,Efectivo,
1741,2026-08-15,08:02,Nübe Altico,Domicilio,Latte,1,9000,Nequi,
1667,2026-08-15,13:43,centro,Mostrador,Frappé de café,1,11000,Tarjeta,
5839,2026-09-14,08:06,Nübe Centro,Mostrador,latte,1,9000,Efectivo,C131
6235,17/09/2026,08:24,Nübe Centro,Mostrador,Croissant,1,6000,Tarjeta,
4654,2026-09-05,08:13,Nübe Centro,Domicilio,Americano,3,5000,Efectivo,
1114,2026-08-11,07:11,Nübe Centro,Mostrador,Chocolate caliente,2,7500,EFECTIVO,
112,2026-08-04,08:50,Nübe Centro,Domicilio,Chocolate caliente,2,7500,Tarjeta,
5463,2026-09-11,09:01,Nübe Centro,Mostrador,AMERICANO,1,5000,Nequi,
4434,2026-09-04,14:33,Nübe Centro,Mostrador,Latte,1,9000,Nequi,
6657,2026-09-20,10:39,Nübe Centro,Domicilio,Croissant,1,6000,Tarjeta,
3675,29/08/2026,17:22,Nübe Centro,Mostrador,Latte,1,9000,Nequi,C068
5129,2026-09-08,07:36,Nübe Altico,Domicilio,Tinto,1,3000,Tarjeta,C282
4934,2026-09-07,08:31,Nübe Centro,Mostrador,Croissant almendras,1,8000,Tarjeta,
5573,2026-09-12,08:32,NUBE CENTRO,Mostrador,Tinto,1,,Nequi,
4198,02/09/2026,15:20,Nübe Centro,Mostrador,Croissant de almendras,2,8000,Efectivo,
3276,2026-08-26,19:39,Nübe Altico,Mostrador, Capuchino ,1 und,8500,Tarjeta,
2343,2026-08-20,10:58,Nübe Centro,Mostrador,Croissant,2,6000,Tarjeta,C182
7406,2026-09-26,07:11,Nübe Centro,Mostrador,Croissant,1,6000,Efectivo,
2732,2026-08-22,16:55,Nübe Altico,Domicilio,Croissant,1,6000,Efectivo,C007
877,2026-08-09,15:42,Nübe Centro,Mostrador,Croissant,3,6000,Nequi,C268
1368,2026-08-13,09:10,Nübe Centro,Mostrador,Americano,0,5000,,
7366,2026-09-26,09:44,Nübe Centro,Domicilio,Latte,1,9000,Nequi,
6812,2026-09-21,08:52,Nübe Centro,Mostrador,Late,1,9000,Tarjeta,C045
2683,2026-08-22,10:52,Nübe Centro,Domicilio,Capuccino,1,8500,Nequi,
4632,2026-09-05,17:50,Nübe Centro,Mostrador,Frappé de café,1,11000,Nequi,
1967,2026-08-17,07:51,Nübe Centro,Domicilio,Capuchino,1,8500,Efectivo,
6635,20/09/2026,12:59,Nübe Centro,Mostrador,Latte,1,9000,Nequi,
7166,24/09/2026,16:38,Nübe Centro,Domicilio,CAPUCHINO,3,8500,Tarjeta,
7016,2026-09-23,09:03,Nübe Centro,Mostrador,Latte,1,9000,Nequi,C213
1875,2026-08-16,08:23,Nübe Altico,Mostrador,Croissant,1,6000,Efectivo,C292
4423,2026-09-03,16:40,Nübe Altico,Domicilio,Latte,2,$9.000,Efectivo,C165
321,2026-08-05,15:42,Nübe Altico,Mostrador,Tinto,1,3000,Tarjeta,
803,2026-08-08,17:00,Nübe Altico,Mostrador,Americano,1,5000,Nequi,
78,03/08/2026,17:11,Nübe Altico,Mostrador,Americano,1,5000,Efectivo,C074
3764,2026-08-29,15:50,Nübe Altico,Mostrador,latte,1,9000,Nequi,
7381,2026-09-26,07:00,centro,Domicilio,Frappé de café,1,11000,Efectivo,C259
6516,2026-09-19,13:17,Nübe Centro,Domicilio,Croissant,2,6000,Tarjeta,
4079,2026-09-01,15:39,Nübe Centro,Mostrador,Americano,1,5000,Tarjeta,
4357,2026-09-03,15:58,Nübe Centro,Domicilio,Capuchino,1,8500,Efectivo,C291
5296,2026-09-10,08:09,Nübe Centro,Mostrador,Americano,1,5000,Nequi,C264
7192,2026-09-24,18:09,Nübe Altico,Mostrador,Capuchino,2,8500,Efectivo,C247
4848,2026-09-06,09:08,Nübe Altico,Mostrador,Americano,1,5000,Tarjeta,
4100,2026-09-01,16:41,Nübe Centro,Domicilio,Latte,1,9000,Nequi,
2709,2026-08-22,07:34,Nübe Centro,Mostrador,Americano,2 und,5000,Nequi,C229
45,2026-08-03,08:56,Nübe Centro,Mostrador,Americano,1,$5.000,Efectivo,
6134,2026-09-16,08:21,NUBE ALTICO,Mostrador,Croissant,1,6000,NEQUI,
5336,2026-09-10,10:42,Nübe Altico,Domicilio,Tinto,1,3000,Tarjeta,C193
4694,2026-09-05,06:01,Nübe Altico,Domicilio,TINTO,1,3000,Nequi,
5882,2026-09-14,17:21,Nübe Centro,Mostrador,Chocolate caliente,1,7500,Nequi,C073
1426,2026-08-13,08:37,Nübe Altico,Mostrador,Tinto,1,3000,Nequi,
430,2026-08-06,17:10,Nübe Altico,Mostrador,Latte,1,9000,Efectivo,
5818,2026-09-14,08:36,Nübe Centro,Mostrador,Late,3,9000,Nequi,C262
7348,2026-09-25,10:08,Nübe Altico,Mostrador,Croissant,3,6000,Efectivo,
1913,2026-08-17,12:48,Nübe Centro,Mostrador, LATTE,2,9000,Efectivo,
7522,2026-09-26,16:04,Nübe Altico,Mostrador,Capuchino,1,8500,Tarjeta,C282
921,2026-08-09,13:59,Nübe Centro,Mostrador,AMERICANO,1 und,5000,Nequi,C224
1522,2026-08-14,20:13,Nübe Altico,Mostrador,Capuchino,1,8500,Efectivo,
5762,2026-09-13,11:55,Nübe Altico,Domicilio,Capuchino,1 und,$8.500,Nequi,
61,03/08/2026,18:17,Nübe Centro,Mostrador,Capuchino,1,8500,Efectivo,C259
3326,2026-08-27,12:23,Nübe Centro,Mostrador,Croissant de almendras,2,$8.000,Efectivo,C234
6984,2026-09-22,10:44,Nübe Altico,Mostrador,Latte,2,9000,Efectivo,
6381,2026-09-18,12:00,Nübe Altico,Mostrador,Croissant de almendras,1,8000,Efectivo,
5552,2026-09-12,08:36,Nübe Centro,Mostrador,Tinto,1,3000,Tarjeta,
1342,2026-08-13,07:43,Nübe Centro,Mostrador,Latte,1,9000,EFECTIVO,
6731,2026-09-20,15:38,Nübe Altico,Mostrador,Capuchino,1,8500,Efectivo,
984,2026-08-09,08:43,Nübe Altico,Mostrador,Latte,2 und,9000,,
7119,2026-09-24,07:45,Nübe Centro,Mostrador,Latte,1,$9.000,NEQUI,C053
427,2026-08-06,09:39,Nübe Altico,Mostrador,Croissant de almendras,2,8000,Efectivo,
3626,2026-08-29,17:19,Nübe Centro,Mostrador,Tinto,1,3000,Efectivo,
3366,2026-08-27,08:03,Nübe Centro,Mostrador,Tinto,3,3000,Tarjeta,C214
1070,2026-08-10,18:51,Nübe El Altico,Mostrador,Croissant almendras,2 und,8000,Tarjeta,
4640,2026-09-05,17:12,Nübe Centro,Domicilio,Tinto,1,3000,Efectivo,
7043,2026-09-23,17:24,Nübe Centro,Mostrador,Frappé de café,1,11000,Nequi,
3791,2026-08-30,16:50,Nübe Centro,Mostrador,Americano,1,$5.000,Nequi,C201
6376,2026-09-18,09:46,Nübe Altico,Mostrador,Latte,1,9000,Tarjeta,
136,04/08/2026,12:44,Nübe Centro,Mostrador, Capuchino ,2,8500,Nequi,C099
5149,2026-09-09,16:59,Nübe Centro,Mostrador,Croissant de almendras,1,8000,Efectivo,
3282,2026-08-26,11:54,Nübe Altico,Mostrador,Croissant,1,6000,Nequi,
5618,2026-09-12,19:43,Nübe Altico,Mostrador,Latte,1,$9.000,Nequi,
4281,2026-09-02,14:59,NUBE ALTICO,Mostrador,Capuchino,1,8500,Nequi,C215
4673,2026-09-05,09:02,Nübe Altico,Mostrador,Croissant,1,6000,NEQUI,C043
1791,2026-08-16,10:31,Nübe Centro,Mostrador,Latte,1,9000,Nequi,
6202,2026-09-17,09:11,Nübe Centro,Mostrador,Chocolate caliente,1,7500,Nequi,C270
62,2026-08-03,09:25,Nübe Centro,Domicilio,Frappé de café,1,11000,Nequi,
4169,2026-09-01,09:54,Nübe Altico,Mostrador,Tinto,2,3000,Tarjeta,
919,2026-08-09,08:27,Nübe Centro,Mostrador,Chocolate caliente,1,7500,Efectivo,C273
7638,2026-09-27,08:30,Nübe Altico,Mostrador,chocolate caliente,1,7500,Tarjeta,C090
2233,2026-08-19,09:13,Nübe Centro,Domicilio,CAPUCHINO,1,8500,EFECTIVO,
4935,2026-09-07,12:58,Nübe Centro,Mostrador,Capuchino,2,8500,Efectivo,C094
1454,2026-08-14,13:12,Nübe Centro,Mostrador,Americano,1,5000,Tarjeta,
4400,2026-09-03,14:11,Nübe Altico,Mostrador,Frappé de café,1,11000,Nequi,
5905,2026-09-14,08:05,Nübe Altico,Mostrador,Capuchino,1,8500,Nequi,C234
5796,2026-09-13,16:23,Nübe Altico,Domicilio,Chocolate  caliente,1,7500,Efectivo,
925,2026-08-09,12:20,Nübe Centro,Mostrador,Americano,1,5000,Efectivo,C139
206,2026-08-04,10:49,Nübe Altico,Domicilio,Chocolate caliente,1,7500,Efectivo,
6304,2026-09-18,18:16,NUBE CENTRO,Mostrador,Americano,3,,Efectivo,
3765,2026-08-29,08:34,Nübe Altico,Mostrador,Croissant,1,6000,Efectivo,C120
7084,2026-09-23,14:39,altico,Mostrador,Tinto,1,3000,Efectivo,C143
2911,2026-08-23,08:26,Nübe Altico,Domicilio,Latte,2,9000,Tarjeta,
746,2026-08-08,15:15,Nübe Centro,Mostrador,Latte,1,9000,Nequi,C132
5500,2026-09-11,12:51,Nübe Altico,Mostrador,Frappé de café,1,11000,Efectivo,
2912,2026-08-23,09:22,altico,Mostrador,Tinto,1 und,3000,Nequi,
2803,2026-08-23,10:10,Nübe Centro,Mostrador,Capuchino,1,8500,Tarjeta,C264
1548,2026-08-14,11:18,Nübe Altico,Domicilio,Croissant de almendras,1,8000,Efectivo,
1900,2026-08-16,11:49,Nübe Altico,Mostrador,Croissant,1,6000,Nequi,C217
2347,2026-08-20,16:42,centro,Mostrador,Tinto,1 und,3000,Efectivo,
4999,2026-09-07,15:15,Nübe Altico,Mostrador,Latte,2,9000,Efectivo,C278
456,2026-08-06,07:03,Nübe Altico,Domicilio,Croissant,2,,Efectivo,
5185,2026-09-09,07:28,Nübe Centro,Domicilio,Latte,1,9000,Tarjeta,
7359,2026-09-25,14:15,Nübe El Altico,Mostrador,Capuchino,1,8500,Nequi,C172
3386,2026-08-27,09:15,Nübe Centro,Mostrador,Tinto ,1,3000,Nequi,
3728,2026-08-29,10:44,Nübe Altico,Domicilio,Latte,1,9000,Nequi,
6921,2026-09-22,08:06,Nübe Centro,Mostrador,Capuchino,1,8500,Tarjeta,C111
2975,2026-08-24,16:45,Nübe Centro,Mostrador,Chocolate caliente,1,$7.500,Efectivo,
6603,2026-09-19,09:51,Nübe Altico,Mostrador,Croisant,1,6000,Efectivo,C186
2569,21/08/2026,19:30,Nübe Altico,Mostrador,Latte,1,9000,Tarjeta,C039
6010,15/09/2026,12:38,Nübe Altico,Mostrador,Capuchino,2 und,8500,TARJETA,
4705,2026-09-05,09:16,Nübe Altico,Mostrador,Americano,1,5000,Efectivo,C249
7460,2026-09-26,18:43,altico,Mostrador,Latte,1,9000,Efectivo,C227
2634,2026-08-22,11:29,Nübe Centro,Mostrador,Frappe de cafe,1,11000,NEQUI,
6000,15/09/2026,07:56,Nübe Centro,Mostrador,Croissant,1,6000,Efectivo,
1209,2026-08-12,08:27,Nübe Centro,Domicilio,Latte,1,9000,Efectivo,C266
1132,2026-08-11,10:04,Nübe Centro,Mostrador,Croissant,3,6000,Efectivo,C265
6637,20/09/2026,17:23,Nübe Centro,Domicilio,Croissant,2,6000,Tarjeta,
7393,2026-09-26,16:56,Nübe Centro,Domicilio,Latte,1,9000,Tarjeta,C109
4369,2026-09-03,19:16,Nübe Centro,Mostrador,Croissant almendras,2,8000,Nequi,
29,2026-08-03,15:18,Nübe Centro,Domicilio,Capuchino,1,8500,Nequi,C043
6368,2026-09-18,13:38,Nübe Centro,Mostrador,Capuchino,1,8500,Nequi,
1306,2026-08-12,10:34,Nübe Altico,Mostrador,Latte,1,9000,Efectivo,C287
790,2026-08-08,11:01,Nübe El Altico,Mostrador,Tinto,1,3000,Tarjeta,
299,2026-08-05,11:30,Nübe Altico,Mostrador,Latte,1 und,9000,Tarjeta,
5709,2026-09-13,19:40,Nübe Centro,Mostrador,CROISSANT ,1,$6.000,Nequi,
3196,2026-08-25,10:54,Nübe Altico,Mostrador,CROISSANT ,1,6000,,
1387,2026-08-13,08:54,Nübe Centro,Mostrador,Capuchino,1,8500,Efectivo,
4639,2026-09-05,17:56,Nübe Centro,Domicilio,croissant de almendras,1,8000,Nequi,C149
679,2026-08-08,09:43,Nübe Centro,Mostrador,Tinto,1,3000,Tarjeta,C001
6570,2026-09-19,11:46,Nübe Altico,Mostrador,Capuchino,1,8500,Tarjeta,
3614,2026-08-29,15:10,Nübe Centro,Mostrador,Latte,1,,Nequi,
1762,2026-08-15,15:23,Nübe Altico,Mostrador,Capuchino,1,8500,Efectivo,C168
7562,2026-09-27,08:56,Nübe Centro,Mostrador,croissant de almendras,2,8000,Tarjeta,
135,2026-08-04,08:18,Nübe Centro,Domicilio,Tinto,1,3000,Tarjeta,
4089,2026-09-01,07:53,Nübe Centro,Domicilio,Americano,1,5000,,C041
3198,2026-08-25,11:17,Nübe Altico,Mostrador,Tinto,1,3000,Efectivo,C233
2735,2026-08-22,19:32,Nübe Altico,Mostrador,Chocolate caliente,1,7500,EFECTIVO,C155
779,2026-08-08,15:06,Nübe Altico,Domicilio,Americano,1,5000,EFECTIVO,C013
6259,2026-09-17,16:47,Nübe Altico,Mostrador,Tinto,1,,NEQUI,
2665,2026-08-22,16:49,Nübe Centro,Mostrador,Americano,1,5000,Efectivo,
2597,2026-08-21,20:34,Nübe Altico,Mostrador,Capuchino,1,,Nequi,C073
1332,2026-08-13,06:30,Nübe Centro,Mostrador,Croissant de almendras,1,8000,Tarjeta,
6994,2026-09-22,18:32,Nübe El Altico,Mostrador,capuchino,1 und,8500,Tarjeta,C047
3039,24/08/2026,14:49,Nübe Centro,Mostrador,Frappé de café,1,11000,EFECTIVO,
7516,2026-09-26,09:37,Nübe Altico,Mostrador,Latte,1,9000,Nequi,C149
5703,2026-09-13,08:03,Nübe Centro,Mostrador,croissant,1,$6.000,Tarjeta,
256,2026-08-05,12:32,Nübe Centro,Domicilio,chocolate caliente,,7500,Efectivo,C259
1355,2026-08-13,13:23,Nübe Centro,Mostrador,Americano,1,5000,Tarjeta,
89,2026-08-03,08:38,Nübe El Altico,Mostrador,Capuchino,2,8500,Nequi,
3699,2026-08-29,08:02,Nübe Centro,Mostrador,Croissant,1,6000,Tarjeta,
2298,2026-08-19,18:13,Nübe Altico,Mostrador,Americano,,5000,Nequi,
1395,2026-08-13,09:28,Nübe Altico,Mostrador,latte,1,9000,Efectivo,
5403,2026-09-11,14:58,Nübe Centro,Domicilio,Croissant,2,6000,Tarjeta,
7569,2026-09-27,09:36,centro,Mostrador,Frappé de café,1,11000,Nequi,C011
4792,2026-09-06,08:30,Nübe Centro,Mostrador,Tinto,1,3000,Nequi,
3365,2026-08-27,07:21,Nübe Centro,Mostrador,Tinto,1,3000,Nequi,
5916,2026-09-14,18:31,Nübe Altico,Mostrador,Croissant,1,6000,Tarjeta,
5042,2026-09-08,09:12,Nübe Centro,Mostrador,Capuchino,2,8500,Nequi,C179
4110,2026-09-01,08:18,Nube Centro ,Mostrador,Chocolate caliente,1,7500,Tarjeta,C052
4844,2026-09-06,09:32,Nübe Altico,Domicilio,Chocolate caliente,2,7500,Tarjeta,C204
3179,2026-08-25,07:55,Nübe Altico,Mostrador,Croissant de almendras,1,8000,Nequi,
2704,2026-08-22,17:36,Nübe Centro,Mostrador,Tinto,1,3000,Nequi,C039
715,08/08/2026,10:28,Nübe Centro,Mostrador,Americano,1,5000,Nequi,
2795,2026-08-22,17:25,Nübe Altico,Domicilio,Chocolate caliente,1,7500,Tarjeta,
1670,2026-08-15,12:01,Nübe Centro,Mostrador,Capuchino,1,8500,Tarjeta,
4019,2026-08-31,07:31,Nübe Altico,Mostrador,TINTO,1,3000,Efectivo,C018
3559,2026-08-28,08:48,Nübe Altico,Mostrador,tinto,1,,Tarjeta,
2637,2026-08-22,09:46,Nübe Centro,Mostrador,Capuchino,1 und,8500,Nequi,C142
5417,2026-09-11,09:01,Nübe Centro,Mostrador,Croissant de almendras,2,8000,Tarjeta,
732,2026-08-08,09:22,Nübe Centro,Mostrador,Croissant,1,6000,Tarjeta,
7157,2026-09-24,15:49,Nübe Centro,Domicilio,Latte,1,9000,Efectivo,C111
2247,2026-08-19,16:15,Nübe Centro,Mostrador, Capuchino ,1,8500,Nequi,
69,2026-08-03,09:45,Nübe Altico,Mostrador,Croissant de almendras,1,8000,Tarjeta,
5013,2026-09-08,17:17,Nübe Centro,Domicilio,Capuchino,3,8500,Tarjeta,
7060,2026-09-23,19:35,Nübe Centro,Mostrador,Latte,1,$9.000,Nequi,
7643,2026-09-27,10:01,Nübe Altico,Mostrador,Tinto,1,,Nequi,
2722,22/08/2026,14:50,Nübe Altico,Mostrador,Tinto,2,3000,Nequi,
2385,20/08/2026,11:02,Nübe Centro,Mostrador,Late,1,9000,Nequi,C157
6660,20/09/2026,06:56,Nübe Centro,Mostrador,Americano,1,5000,Efectivo,C257
4684,2026-09-05,06:46,NUBE ALTICO,Domicilio,Croissant de almendras,1,8000,Tarjeta,C142
1576,2026-08-14,09:01,Nübe Altico,Mostrador,Capuchino,1,8500,Efectivo,
2400,2026-08-20,15:18,Nübe Centro,Mostrador,Tinto,1,3000,Efectivo,
4632,2026-09-05,17:50,Nübe Centro,Mostrador,Capuchino,1,8500,Nequi,
3805,2026-08-30,10:36,Nübe Centro,Domicilio,Americano,3,5000,Tarjeta,
4768,2026-09-06,15:38,Nübe Centro,Mostrador,Croissant,1,6000,Nequi,
6268,2026-09-17,10:25,Nübe Altico,Mostrador,Americano,1,5000,Efectivo,
690,2026-08-08,06:21,Nübe Centro,Mostrador,Americano,1,,,C037
4756,2026-09-06,15:08,Nübe Centro,Mostrador,Americano,2,5000,Tarjeta,
1928,2026-08-17,18:34,Nübe Centro,Mostrador,Chocolate caliente,1,7500,Tarjeta,
3521,2026-08-28,13:24,Nübe Centro,Mostrador,Croissant de almendras,1,8000,Efectivo,
3930,2026-08-31,16:46,Nübe Centro,Mostrador,Capuchino,1,8500,Efectivo,
2693,2026-08-22,16:38,Nübe Centro,Mostrador,Latte,1,9000,Nequi,
2882,2026-08-23,18:34,Nübe Centro,Mostrador,frappé de café,1,11000,Tarjeta,C146
3840,2026-08-30,08:11,Nube Centro ,Mostrador,Croissant,1,6000,Efectivo,
5778,2026-09-13,16:37,Nübe Altico,Domicilio,Capuchino,2,8500,Efectivo,
6931,2026-09-22,09:47,Nübe Centro,Mostrador,Americano,1,$5.000,Nequi,
17,2026-08-03,11:55,Nübe Centro,Mostrador,Latte,3,9000,Nequi,
2808,2026-08-23,07:17,Nübe Centro,Mostrador,Croissant almendras,1,8000,Efectivo,
4380,2026-09-03,07:11,altico,Mostrador,Latte,1,9000,Tarjeta,C267
5997,2026-09-15,07:10,NUBE CENTRO,Mostrador,Tinto,1,$3.000,,C272
1870,2026-08-16,14:50,Nübe El Altico,Mostrador,Latte,2,9000,Nequi,
6443,2026-09-18,09:54,Nübe Altico,Mostrador,Tinto,1,3000,Tarjeta,
3999,31/08/2026,18:51,Nübe Altico,Mostrador,Tinto,1,3000,Nequi,C141
332,2026-08-06,08:43,Nübe Centro,Mostrador,Chocolate caliente,1,7500,TARJETA,
2476,2026-08-21,16:50,Nübe Centro,Mostrador,chocolate caliente,1,7500,Tarjeta,C077
4551,2026-09-04,15:05,Nübe Altico,Domicilio,Croissant,3,6000,Efectivo,
1937,2026-08-17,15:32,Nübe Centro,Mostrador,Chocolate caliente,1 und,$7.500,Tarjeta,
7364,26/09/2026,06:01,Nübe Centro,Mostrador,Latte,1,9000,TARJETA,
512,2026-08-07,07:30,Nübe Centro,Mostrador,Chocolate caliente,1,$7.500,Tarjeta,C250
3156,2026-08-25,18:56,Nübe Centro,Mostrador,Tinto,1,3000,Efectivo,C157
6431,2026-09-18,19:21,Nübe Altico,Domicilio,Croissant de almendras,1,8000,Efectivo,
2047,2026-08-17,10:36,Nübe Altico,Mostrador,Americano,1,,Nequi,C160
2015,2026-08-17,07:32,Nübe Altico,Mostrador,Americano,2,5000,Nequi,C189
1980,2026-08-17,16:33,Nübe Centro,Domicilio,Tinto,1,3000,Efectivo,
5303,2026-09-10,07:04,Nübe Centro,Domicilio,Tinto,1,3000,Nequi,
2370,2026-08-20,14:30,Nübe Centro,Domicilio,Croissant de almendras,1,8000,Efectivo,C043
2414,2026-08-20,12:06,Nübe Altico,Mostrador,Latte,2 und,9000,Nequi,
1455,2026-08-14,11:10,Nübe Centro,Mostrador,Chocolate  caliente,1,$7.500,Nequi,C285
4017,31/08/2026,08:45,Nübe Altico,Mostrador,Latte,1,$9.000,Efectivo,C223
7350,2026-09-25,07:45,Nübe Altico,Mostrador,Tinto,1,3000,Efectivo,
5511,2026-09-11,16:15,Nübe Altico,Mostrador,Capuchino,1,$8.500,Tarjeta,
7093,2026-09-23,08:48,Nübe Altico,Mostrador,Croissant de almendras,1,$8.000,Nequi,
1005,2026-08-10,09:07,Nübe Centro,Domicilio,Capuchino,1,8500,Nequi,
6817,2026-09-21,10:15,Nübe Centro,Mostrador,Chocolate  caliente,1,7500,Efectivo,
1412,2026-08-13,13:47,Nübe Altico,Mostrador,Capuccino,1,8500,Efectivo,
190,2026-08-04,17:16,Nübe Altico,Mostrador,Tinto,1,3000,Nequi,
5673,2026-09-13,14:14,Nübe Centro,Mostrador,Capuchino,1,8500,NEQUI,C004
3414,27/08/2026,17:41,Nübe Altico,Mostrador,Capuchino,1,8500,Nequi,
5907,2026-09-14,08:31,Nübe Altico,Mostrador,Latte,1,9000,Efectivo,
6500,2026-09-19,19:08,Nübe Centro,Mostrador,Croissant,2,6000,NEQUI,C212
2849,2026-08-23,11:11,Nübe Centro,Mostrador,Croissant de almendras,1,8000,Tarjeta,
4196,2026-09-02,09:20,Nübe Centro,Domicilio,Capuchino,1,8500,Efectivo,C091
6590,2026-09-19,08:15,NUBE ALTICO,Mostrador,Tinto,1,3000,Nequi,C194
1066,2026-08-10,19:11,Nübe Altico,Mostrador,Tinto,1,3000,Nequi,
6517,2026-09-19,07:52,Nübe Centro,Domicilio,Americano,1,5000,Nequi,
787,2026-08-08,16:22,Nübe Altico,Domicilio,Americano,1,$5.000,Nequi,
2755,2026-08-22,08:24,Nübe Altico,Mostrador,Croissant,1,6000,Nequi,
4731,2026-09-05,08:06,Nübe Altico,Mostrador,Americano,1,5000,Tarjeta,C042
2915,2026-08-23,18:58,altico,Mostrador,Croissant,1,6000,Tarjeta,
2802,2026-08-23,08:26,Nübe Centro,Mostrador,Americano,3,5000,Tarjeta,C028
2064,2026-08-17,12:43,Nübe Altico,Mostrador,Chocolate caliente,1,7500,Efectivo,
5460,2026-09-11,15:57,Nübe Centro,Mostrador,Croissant de almendras,1,8000,Tarjeta,
5297,2026-09-10,09:39,Nübe Centro,Mostrador,Croissant,1,6000,Nequi,
6245,2026-09-17,12:22,Nübe Altico,Mostrador,Latte,1,9000,Nequi,
2303,19/08/2026,12:59,Nübe El Altico,Mostrador,Tinto,2,3000,Nequi,
5365,2026-09-10,19:54,Nübe Altico,Domicilio,Croissant de almendras,2,8000,Tarjeta,
1389,2026-08-13,18:03,Nübe Centro,Mostrador,Capuchino,,$8.500,Nequi,C175
4389,03/09/2026,11:51,Nübe Altico,Mostrador,Americano,3,5000,Tarjeta,
1569,2026-08-14,16:32,Nübe Altico,Mostrador,Croissant de almendras,1,8000,Efectivo,
7626,2026-09-27,10:27,Nübe Altico,Mostrador,Tinto,1,3000,Nequi,C295
5680,2026-09-13,07:44,Nübe Centro,Mostrador,Croissant de almendras,1,8000,Tarjeta,
5142,2026-09-09,12:25,centro,Mostrador,Late,1,9000,Tarjeta,C213
2884,2026-08-23,16:18,Nübe Centro,Mostrador,Frappé de café,1,11000,Tarjeta,
3030,2026-08-24,07:26,centro,Domicilio,Capuchino,1,8500,Nequi,
727,2026-08-08,08:11,Nübe Centro,Mostrador,Latte,1 und,9000,Efectivo,C121
4227,2026-09-02,09:17,Nübe Centro,Domicilio,Croissant,1,6000,Tarjeta,
5700,2026-09-13,13:28,Nübe Centro,Mostrador,Frappé de café,1,11000,Nequi,
2202,2026-08-18,07:33,Nübe Altico,Mostrador,Croissant,1,6000,Tarjeta,
1285,2026-08-12,08:54,altico,Mostrador,Tinto,2 und,3000,Efectivo,
4959,2026-09-07,09:49,Nübe Altico,Mostrador,Americano,2,5000,TARJETA,
2494,2026-08-21,09:53,Nübe Centro,Mostrador,Latte,1,$9.000,Efectivo,
6763,20/09/2026,12:34,Nübe Altico,Mostrador,Croissant,1,6000,Efectivo,
4365,2026-09-03,08:23,Nube Centro ,Domicilio,Frappe de cafe,1,11000,Efectivo,C258
242,2026-08-05,18:06,Nübe Centro,Mostrador,Capuchino,1,8500,Efectivo,
3844,2026-08-30,16:23,Nübe Centro,Mostrador,tinto,1,3000,Tarjeta,
7057,23/09/2026,09:17,Nübe Centro,Mostrador,Capuchino,1 und,8500,Tarjeta,C275
4541,2026-09-04,08:11,Nübe Altico,Mostrador,Tinto,1,3000,TARJETA,C205
6900,2026-09-22,12:39,Nube Centro ,Mostrador,Capuccino,2,8500,Efectivo,
1194,2026-08-11,18:53,Nübe Altico,Domicilio,Frappé de café,1,11000,Nequi,
6683,2026-09-20,09:12,Nübe Centro,Mostrador,tinto,1,3000,Efectivo,
2856,23/08/2026,08:40,Nube Centro ,Domicilio,Tinto,1,3000,NEQUI,C099
1078,2026-08-10,09:24,Nübe Altico,Mostrador,Croissant,1,6000,Efectivo,
5252,2026-09-10,10:44,Nübe Centro,Domicilio,Croissant,1,6000,Tarjeta,
1700,2026-08-15,12:36,Nübe Centro,Mostrador,Tinto,3,3000,Efectivo,
1727,2026-08-15,13:04,Nübe Altico,Mostrador,Americano,1,5000,TARJETA,C033
3052,2026-08-24,20:10,Nübe Altico,Mostrador,Tinto,1,3000,Nequi,C062
1916,2026-08-17,12:09,Nübe Centro,Mostrador,Tinto,2,3000,Nequi,C043
5619,2026-09-12,10:25,Nübe Altico,Mostrador,Croissant,1,,Efectivo,
858,09/08/2026,12:06,Nübe Centro,Mostrador,Frappé de café,1,11000,Tarjeta,
2197,2026-08-18,10:53,Nübe Altico,Mostrador,Americano,1,5000,Nequi,
7290,2026-09-25,09:24,Nübe Centro,Mostrador,Tinto,1,3000,Nequi,
6125,2026-09-16,12:15,Nübe Altico,Mostrador,Tinto,1,3000,Efectivo,C048
1783,2026-08-16,08:45,Nübe Centro,Mostrador,Croissant,2,6000,Efectivo,C126
2577,2026-08-21,09:23,Nübe Altico,Mostrador,Americano,1,5000,Efectivo,C284
3540,2026-08-28,13:36,Nübe Altico,Mostrador,Latte,2,9000,Efectivo,
7635,2026-09-27,07:28,NUBE ALTICO,Mostrador,Croissant,1,6000,Tarjeta,
1665,2026-08-15,16:48,Nübe Centro,Mostrador,Croissant,1,$6.000,Tarjeta,C015
5195,2026-09-09,10:41,Nübe Centro,Mostrador,Croissant,1 und,6000,Efectivo,
3501,2026-08-28,10:51,Nübe Centro,Mostrador,Croissant,1,6000,Efectivo,
2436,2026-08-20,07:25,Nübe Altico,Mostrador,Latte,1,9000,Efectivo,C060
5605,2026-09-12,08:34,Nübe Altico,Domicilio,Latte,1,9000,Nequi,
5830,2026-09-14,17:53,Nübe Centro,Domicilio,Tinto,1,3000,Nequi,
1680,2026-08-15,13:08,Nübe Centro,Mostrador,Latte,1,9000,Efectivo,C200
1055,2026-08-10,14:03,Nübe Centro,Domicilio,Chocolate caliente,2,7500,TARJETA,
4700,2026-09-05,16:12,Nübe Altico,Mostrador,Late,1,9000,Efectivo,C109
3619,29/08/2026,15:07,Nübe Centro,Mostrador,Capuchino,,8500,Efectivo,
6252,2026-09-17,16:42,Nübe Altico,Domicilio,Croissant,1,6000,Efectivo,
6674,2026-09-20,09:30,Nübe Centro,Mostrador,Croissant,1,$6.000,Tarjeta,
4720,05/09/2026,08:03,Nübe Altico,Mostrador,Latte,1,9000,Tarjeta,C153
6111,2026-09-16,09:06,Nübe Centro,Domicilio,Latte,1,9000,Nequi,
6998,2026-09-23,07:28,Nübe Centro,Mostrador,Latte,1,9000,Nequi,C134
3477,2026-08-28,16:15,Nübe Centro,Mostrador,Frappé de café,1,11000,Nequi,
5965,2026-09-15,17:13,Nübe Centro,Mostrador, Capuchino ,3,8500,Nequi,C019
5289,2026-09-10,07:00,Nube Centro ,Mostrador,Capuchino,1,8500,Nequi,
926,2026-08-09,15:32,Nübe Centro,Domicilio,Latte,1,9000,Tarjeta,C124
5822,2026-09-14,09:16,Nübe Centro,Mostrador,Tinto,1,3000,Efectivo,C230
1742,2026-08-15,20:19,Nübe Altico,Mostrador,Tinto,3,3000,Nequi,
6231,17/09/2026,07:02,Nübe Centro,Mostrador,Tinto,1,3000,Efectivo,C064
123,04/08/2026,08:03,NUBE CENTRO,Mostrador,Chocolate caliente,1,7500,Nequi,C255
4459,04/09/2026,18:41,Nübe Centro,Mostrador,Americano,1,5000,Efectivo,
4220,2026-09-02,19:14,Nübe Centro,Mostrador,Americano,1,5000,EFECTIVO,
1905,2026-08-16,06:32,Nübe Altico,Mostrador,Croissant de almendras,1,8000,Tarjeta,
7369,2026-09-26,15:43,Nübe Centro,Mostrador,Capuchino,1,8500,Efectivo,
6193,2026-09-17,13:09,Nübe Centro,Mostrador,Americano,1,5000,Efectivo,C157
4816,2026-09-06,09:54,centro,Mostrador,Tinto,1,3000,Efectivo,C069
4004,2026-08-31,14:08,Nübe Altico,Mostrador,Croissant de almendras,1,8000,Nequi,C283
5169,2026-09-09,15:24,Nübe Centro,Mostrador,tinto,2,3000,Tarjeta,
4384,2026-09-03,10:13,NUBE ALTICO,Mostrador,Croissant,1,$6.000,Tarjeta,
6673,2026-09-20,19:20,Nube Centro ,Mostrador,Tinto,3,3000,Efectivo,C172
921,2026-08-09,13:59,Nübe Centro,Mostrador,AMERICANO,1 und,5000,Nequi,C224
1879,2026-08-16,09:25,Nübe Altico,Mostrador,Croissant,1,6000,Nequi,C188
7171,2026-09-24,10:29,Nübe Centro,Domicilio,Frappe de cafe,3,$11.000,Nequi,C184
6417,2026-09-18,14:05,Nübe Altico,Domicilio,Capuchino,1,8500,Efectivo,C263
128,2026-08-04,07:46,Nübe Centro,Mostrador,Capuchino,2,8500,Efectivo,
5540,12/09/2026,08:15,Nübe Centro,Mostrador,CROISSANT ,1,6000,Nequi,
6932,2026-09-22,08:23,Nübe Centro,Mostrador,Tinto,3,3000,Nequi,
4646,2026-09-05,12:15,Nübe Centro,Domicilio,Croissant de almendras,1,8000,Tarjeta,C269
3761,29/08/2026,08:40,Nübe Altico,Domicilio,Frappé de café,1,11000,Tarjeta,
7451,2026-09-26,12:18,Nübe Centro,Mostrador,capuchino,1,8500,Efectivo,
3286,2026-08-26,07:51,Nübe Altico,Mostrador,Americano,1,5000,Nequi,
5423,11/09/2026,20:56,centro,Mostrador,Capuchino,1,8500,Efectivo,C127
6851,2026-09-21,10:16,Nübe Altico,Mostrador,Tinto,1,3000,Tarjeta,
4993,2026-09-07,11:11,Nübe Altico,Mostrador,Capuchino,1,8500,Efectivo,
2604,2026-08-22,09:10,Nübe Centro,Mostrador,Tinto,1,3000,Tarjeta,
4813,2026-09-06,11:46,Nübe Centro,Domicilio,Croissant de almendras,1,8000,Efectivo,
2096,2026-08-18,09:18,Nübe Centro,Mostrador,Tinto,1,3000,Nequi,
111,2026-08-04,14:54,Nübe Centro,Domicilio,Tinto,1,3000,Nequi,
4433,04/09/2026,09:47,Nübe Centro,Mostrador,Latte,2,9000,Nequi,
6912,2026-09-22,11:49,centro,Mostrador,Capuchino,1,8500,Efectivo,
5674,2026-09-13,10:40,Nübe Centro,Mostrador,Croissant,1,6000,Nequi,
6676,2026-09-20,19:42,Nübe Centro,Mostrador,Tinto,1,3000,Tarjeta,
7659,2026-09-27,15:21,Nübe Altico,Domicilio,Tinto,2,3000,Efectivo,C284
7345,2026-09-25,08:07,Nübe Altico,Mostrador,Latte,1,9000,Efectivo,
7656,2026-09-27,17:23,Nübe Altico,Domicilio,Late,1,$9.000,Tarjeta,C205
2039,2026-08-17,13:25,Nübe Altico,Mostrador,Croisant,1,6000,Tarjeta,
2454,2026-08-21,09:27,Nübe Centro,Mostrador,Chocolate caliente,2,7500,Efectivo,
4090,01/09/2026,10:24,Nübe Centro,Mostrador,Tinto,1,3000,Efectivo,C259
7265,2026-09-25,18:22,Nübe Centro,Mostrador,Tinto,1,$3.000,Nequi,
6318,18/09/2026,08:40,Nube Centro ,Mostrador,croissant,1,$6.000,Efectivo,C089
5284,2026-09-10,07:34,Nübe Centro,Mostrador,Americano,1,5000,Efectivo,
3773,2026-08-29,18:46,Nübe Altico,Mostrador,Americano,1,5000,Nequi,
2250,2026-08-19,08:18,Nübe Centro,Domicilio,Americano,1,5000,Efectivo,
3404,2026-08-27,18:38,Nübe Altico,Mostrador,AMERICANO,1 und,5000,Nequi,C082
3994,2026-08-31,11:48,Nübe Centro,Domicilio,Croissant,2,6000,NEQUI,C190
5389,2026-09-10,13:27,Nübe Altico,Mostrador,capuchino,2,8500,Efectivo,
5054,08/09/2026,14:25,Nübe Centro,Domicilio,Frappé de café,1,11000,Efectivo,C004
2116,2026-08-18,07:11,Nübe Centro,Mostrador,Croissant de almendras,1,8000,Tarjeta,C287
1468,2026-08-14,07:40,Nübe Centro,Mostrador,Tinto,1,$3.000,Efectivo,
5191,09/09/2026,16:53,NUBE CENTRO,Mostrador,Late,3 und,9000,Tarjeta,
7523,2026-09-26,20:50,Nübe Altico,Domicilio,Croissant,1,6000,Nequi,C205
6281,2026-09-17,18:16,Nübe Altico,Mostrador,Capuccino,1,8500,EFECTIVO,
1280,2026-08-12,11:33,Nübe Altico,Mostrador,Croissant,2,$6.000,Tarjeta,
6865,2026-09-21,11:43,Nübe Altico,Mostrador,Croissant,1,6000,Nequi,
422,2026-08-06,14:29,Nübe Altico,Mostrador,Chocolate caliente,2,7500,Nequi,C135
4321,2026-09-03,12:33,NUBE CENTRO,Domicilio,Croissant,1,6000,Tarjeta,
275,2026-08-05,15:55,Nübe Centro,Mostrador,Frappé de café,1,11000,Tarjeta,C066
3826,30/08/2026,16:42,Nübe Centro,Mostrador,Chocolate caliente,1,7500,Nequi,
7637,2026-09-27,15:55,Nübe Altico,Mostrador,Croissant de almendras,1,8000,Efectivo,
7310,25/09/2026,07:29,Nübe Altico,Domicilio,Tinto,1,3000,Nequi,
6140,2026-09-16,10:39,Nübe El Altico,Domicilio,Capuchino,1,8500,Tarjeta,
7514,2026-09-26,07:22,Nübe Altico,Domicilio,Tinto,1,3000,Nequi,
2058,2026-08-17,15:18,Nübe Altico,Mostrador,Americano,1,5000,Nequi,C086
6567,2026-09-19,09:08,Nübe Altico,Mostrador,Tinto,1 und,,Tarjeta,C299
1640,2026-08-15,08:04,Nübe Centro,Mostrador,Americano,2,5000,Nequi,
6103,2026-09-16,14:12,Nübe Centro,Mostrador,Americano,1,5000,Nequi,C164
3912,2026-08-30,07:45,Nübe El Altico,Mostrador,Latte,1 und,9000,Efectivo,
587,07/08/2026,12:14,Nübe Altico,Mostrador,Tinto,1,3000,Efectivo,
3542,2026-08-28,08:35,Nübe Altico,Mostrador,Croissant,1,6000,Efectivo,
2304,2026-08-19,16:44,Nübe Altico,Mostrador,Capuchino,1,8500,Nequi,
7436,2026-09-26,11:42,Nübe Centro,Domicilio,Americano,1,5000,Nequi,
7566,2026-09-27,15:10,Nübe Centro,Mostrador,Frappé de café,1,11000,NEQUI,
7334,2026-09-25,06:22,Nübe Altico,Mostrador,Croissant,1,6000,Efectivo,C083
2247,2026-08-19,16:15,Nübe Centro,Mostrador,Latte,1,9000,Nequi,
6220,2026-09-17,09:59,NUBE CENTRO,Mostrador,Tinto,1,3000,Tarjeta,C161
273,2026-08-05,11:52,Nübe Centro,Mostrador,frappé de café,1,11000,Nequi,
3048,2026-08-24,16:33,Nübe Centro,Mostrador,Frappé de café,2,11000,Efectivo,
2148,2026-08-18,13:31,Nübe Centro,Mostrador,Chocolate caliente,1,7500,Efectivo,C255
2944,2026-08-23,06:08,Nübe Altico,Mostrador,Americano,1,5000,Efectivo,C263
3162,2026-08-25,07:59,Nube Centro ,Mostrador,Capuchino,2,8500,Tarjeta,
837,2026-08-08,07:00,Nübe Altico,Domicilio,Croissant de almendras,3,8000,Tarjeta,
2935,2026-08-23,16:21,Nübe Altico,Mostrador,Croissant de almendras,1,8000,Efectivo,C147
3974,2026-08-31,07:02,Nübe Centro,Mostrador,Capuchino,1,8500,Nequi,
4101,2026-09-01,16:59,Nübe Centro,Mostrador,Tinto,1,3000,Efectivo,
497,2026-08-07,11:12,Nübe Centro,Mostrador,Croissant,1 und,$6.000,NEQUI,
7250,2026-09-25,10:21,centro,Mostrador,Capuchino,1,8500,Efectivo,
546,2026-08-07,09:20,Nübe Centro,Domicilio,Chocolate caliente,1,7500,Nequi,
4157,2026-09-01,09:11,Nübe El Altico,Domicilio,Croissant,1,6000,Tarjeta,
770,2026-08-08,15:30,Nübe El Altico,Domicilio,Croissant de almendras,1,8000,Efectivo,C045
957,2026-08-09,09:25,Nübe Altico,Mostrador,Capuchino,1,$8.500,Tarjeta,
7536,2026-09-27,09:27,Nübe Centro,Mostrador,croissant de almendras,1,8000,Efectivo,C102
6513,2026-09-19,10:13,Nübe Centro,Mostrador,Croissant almendras,1,8000,Efectivo,
7096,2026-09-23,07:43,Nübe Altico,Mostrador,Latte,2 und,9000,Nequi,C158
754,2026-08-08,17:34,Nübe Centro,Mostrador,Croissant de almendras,1,8000,Nequi,
494,2026-08-07,11:30,Nübe Centro,Mostrador,Croissant,1,6000,Efectivo,C285
3476,2026-08-28,10:22,Nübe Centro,Mostrador,Americano,1,5000,NEQUI,
2606,2026-08-22,06:27,Nube Centro ,Mostrador,Americano,1,5000,Tarjeta,C087
4413,2026-09-03,12:20,Nübe Altico,Domicilio,Tinto,1,3000,NEQUI,C226
2188,2026-08-18,07:13,Nübe Altico,Mostrador,Tinto,1,$3.000,Tarjeta,
6487,2026-09-19,06:15,Nübe Centro,Domicilio,Americano,1,5000,TARJETA,
2929,2026-08-23,09:49,Nübe Altico,Domicilio,Croissant de almendras,1,8000,Efectivo,C206
489,07/08/2026,17:15,Nübe Centro,Domicilio,Chocolate caliente,3,$7.500,Tarjeta,C194
4822,2026-09-06,08:23,Nübe Centro,Mostrador,Latte,1,9000,Efectivo,
2824,2026-08-23,16:07,Nübe Centro,Mostrador,Chocolate caliente,1,,TARJETA,
7351,2026-09-25,15:02,Nübe Altico,Mostrador,Chocolate caliente,1,7500,Tarjeta,
1914,2026-08-17,08:10,Nübe Centro,Domicilio, Capuchino ,1,8500,Tarjeta,C003
6862,2026-09-21,15:44,Nübe Altico,Mostrador,chocolate caliente,2,7500,Tarjeta,
778,2026-08-08,07:24,Nübe Altico,Mostrador,Americano,1,5000,Tarjeta,
5699,2026-09-13,10:57,Nübe Centro,Mostrador,Croissant,1,6000,Efectivo,
1886,2026-08-16,13:21,Nübe Altico,Mostrador,AMERICANO,1,5000,EFECTIVO,
5262,2026-09-10,14:25,Nübe Centro,Domicilio,Capuchino,1,$8.500,Tarjeta,C138
4325,2026-09-03,15:27,Nübe Centro,Mostrador,Tinto,1,$3.000,Nequi,
6823,2026-09-21,10:12,Nübe Centro,Mostrador,Croissant,1,6000,Tarjeta,C052
460,2026-08-06,11:11,Nübe Altico,Mostrador,Tinto,3,$3.000,Efectivo,C284
6119,2026-09-16,08:57,Nübe Altico,Mostrador,Capuchino,1,8500,Nequi,C224
1806,2026-08-16,08:24,Nübe Centro,Mostrador,Croissant,3,6000,Efectivo,
166,2026-08-04,14:55,Nübe Centro,Mostrador,Capuchino,1,8500,Nequi,C008
5330,2026-09-10,09:55,Nübe Altico,Mostrador,Chocolate caliente,1,7500,Nequi,C078
4357,2026-09-03,15:58,Nübe Centro,Domicilio,Tinto,1,3000,Efectivo,C291
7238,2026-09-25,10:12,Nübe Centro,Mostrador,Tinto,1,3000,Tarjeta,C045
1489,2026-08-14,10:06,Nübe Centro,Mostrador,Latte,2,9000,Efectivo,C110
5518,2026-09-11,16:44,Nübe Altico,Mostrador,Capuccino,1,8500,Efectivo,
7266,2026-09-25,15:41,Nübe Centro,Mostrador,Americano,2,5000,Efectivo,C233
7447,2026-09-26,18:16,NUBE CENTRO,Mostrador,Capuchino,1,$8.500,Tarjeta,
617,07/08/2026,10:36,Nübe Altico,Domicilio,Croissant,1,6000,Nequi,C202
1672,2026-08-15,10:45,Nübe Centro,Mostrador,Capuchino,3,8500,Efectivo,C241
719,08/08/2026,12:53,Nübe Centro,Mostrador,Americano,3,5000,Tarjeta,C177
3328,27/08/2026,15:51,Nübe Centro,Mostrador,Croissant,1,6000,Tarjeta,C138
7333,2026-09-25,07:16,Nübe Altico,Mostrador,Frappé de café,1,11000,Nequi,C282
5924,2026-09-14,13:49,Nübe Altico,Mostrador,Frappé de café,3,11000,Nequi,
1311,2026-08-12,18:49,Nübe Altico,Mostrador,Chocolate caliente,2,7500,Nequi,
335,06/08/2026,08:48,Nübe Centro,Mostrador,Tinto,1,3000,Tarjeta,
5729,2026-09-13,16:31,Nübe Centro,Domicilio,Americano,1,5000,Efectivo,C279
3360,27/08/2026,07:23,Nübe Centro,Mostrador,latte,2,9000,EFECTIVO,C164
5430,2026-09-11,10:37,Nübe Centro,Mostrador,Croissant,3,6000,Tarjeta,C195
2334,19/08/2026,11:44,Nübe Altico,Mostrador,Tinto,1,3000,NEQUI,C259
2764,2026-08-22,12:03,Nübe Altico,Mostrador,Tinto,1,3000,Nequi,C298
233,2026-08-05,08:04,Nübe Centro,Mostrador,Capuchino,1 und,8500,Tarjeta,
3528,28/08/2026,09:16,Nübe Centro,Domicilio,Croissant,1,6000,Efectivo,
6852,2026-09-21,17:04,Nübe Altico,Mostrador,Latte,1,9000,Nequi,C036
171,2026-08-04,08:28,NUBE CENTRO,Domicilio,Capuchino,1,8500,Tarjeta,
3259,2026-08-26,16:28,Nübe Centro,Mostrador,Tinto,1,3000,Efectivo,
6772,2026-09-21,18:34,Nübe Centro,Mostrador,Capuchino,1,$8.500,Tarjeta,
6032,2026-09-15,07:51,Nübe El Altico,Domicilio,Latte,1,$9.000,Efectivo,
622,2026-08-07,07:42,Nübe Altico,Mostrador,Croissant,1,6000,Efectivo,
6996,2026-09-23,07:03,Nube Centro ,Domicilio,Chocolate caliente,1,7500,Tarjeta,
1057,2026-08-10,15:38,NUBE CENTRO,Mostrador,Americano,3,5000,Efectivo,
7569,2026-09-27,09:36,Nübe Centro,Mostrador,Capuchino,2,8500,NEQUI,C011
7012,2026-09-23,07:41,Nübe Centro,Domicilio,Tinto,1,3000,Efectivo,
1003,2026-08-09,10:11,Nübe Altico,Mostrador,Croissant,2,6000,TARJETA,
470,2026-08-07,09:34,Nübe Centro,Mostrador,Americano,1 und,5000,Nequi,C293
1150,2026-08-11,16:47,Nübe Altico,Mostrador,Croissant de almendras,1,8000,Nequi,C162
4144,2026-09-01,12:12,Nübe Altico,Mostrador,Chocolate caliente,1,,Tarjeta,
6769,21/09/2026,07:37,Nübe Centro,Mostrador,Croissant,1,6000,Nequi,C184
4772,2026-09-06,18:40,Nübe Centro,Mostrador,Capuchino,1,8500,Nequi,
2027,2026-08-17,10:22,Nübe Altico,Mostrador,Croissant de almendras,1,8000,Nequi,
430,2026-08-06,17:10,Nübe Altico,Mostrador,Capuchino,1,8500,Efectivo,
2718,2026-08-22,14:16,Nübe Altico,Mostrador,croissant de almendras,1,8000,Nequi,
5597,2026-09-12,16:02,Nübe Centro,Mostrador,Latte,1,9000,Tarjeta,C280
1493,2026-08-14,10:53,Nübe Centro,Mostrador,Croissant,1,$6.000,Nequi,
5528,2026-09-12,11:43,Nübe Centro,Domicilio,Tinto,1,3000,Tarjeta,C213
2922,2026-08-23,07:59,Nübe Altico,Mostrador,Tinto,1,$3.000,EFECTIVO,C178
5398,2026-09-11,17:56,Nübe Centro,Mostrador,Americano,,5000,Nequi,C248
2026,2026-08-17,10:11,Nübe Altico,Mostrador,Americano,1,5000,Efectivo,
3472,2026-08-28,12:40,Nübe Centro,Mostrador,Latte,3,$9.000,Efectivo,
1578,15/08/2026,07:21,Nübe Centro,Domicilio,Chocolate caliente,1,7500,Efectivo,
3999,2026-08-31,18:51,Nübe Altico,Mostrador,Croissant de almendras,1,8000,Nequi,C141
974,2026-08-09,16:21,Nübe Altico,Mostrador,Capuchino,1,8500,Efectivo,
6872,21/09/2026,19:38,Nübe Altico,Mostrador,Capuchino,1,8500,Nequi,C135
2364,2026-08-20,15:32,Nübe Centro,Domicilio,Latte,1,$9.000,Efectivo,C164
1212,2026-08-12,17:43,Nübe Centro,Mostrador,Capuchino,1,8500,EFECTIVO,
6550,2026-09-19,09:53,Nübe Altico,Mostrador,Latte,1,$9.000,Nequi,
4690,2026-09-05,14:36,Nübe Altico,Domicilio,Tinto,2,3000,Nequi,C167
1743,2026-08-15,06:37,Nübe Altico,Mostrador, Capuchino ,1,$8.500,Efectivo,C125
3963,2026-08-31,14:45,Nübe Centro,Mostrador, LATTE,1,9000,Tarjeta,
5095,2026-09-08,07:50,Nübe Altico,Mostrador,Croissant de almendras,1,8000,Nequi,C245
3311,2026-08-26,08:17,Nübe Altico,Mostrador,Tinto,1 und,3000,Nequi,
5713,2026-09-13,07:46,Nübe Centro,Mostrador,Croissant,3,6000,Tarjeta,
3075,2026-08-24,10:32,Nübe Altico,Mostrador,Capuchino,1,8500,Tarjeta,
2724,2026-08-22,15:04,Nübe Altico,Mostrador,Tinto,1,3000,Tarjeta,
2911,2026-08-23,08:26,Nübe Altico,Domicilio, Capuchino ,1,8500,Tarjeta,
5862,2026-09-14,10:38,Nübe Centro,Mostrador,Capuchino,1,8500,Efectivo,C299
3680,29/08/2026,16:15,Nübe Centro,Domicilio,Latte,1,9000,Nequi,
1724,15/08/2026,11:03,Nübe Altico,Mostrador,Frappé de café,1,11000,Nequi,C114
538,2026-08-07,12:46,Nübe Centro,Domicilio,capuchino,1,8500,Efectivo,
1015,10/08/2026,07:58,Nübe Centro,Mostrador,CAPUCHINO,1,,Efectivo,C162
1553,14/08/2026,06:20,Nübe Altico,Mostrador,Capuchino,2,8500,Efectivo,C071
351,2026-08-06,08:37,Nübe Centro,Mostrador,Croissant de almendras,1,8000,EFECTIVO,C191
2957,2026-08-23,15:03,Nübe Altico,Mostrador,croissant de almendras,2,8000,Efectivo,
7054,23/09/2026,10:38,Nübe Centro,Mostrador,Frappé de café,2 und,11000,Tarjeta,
2921,2026-08-23,06:56,Nübe Altico,Domicilio,Americano,1,5000,Efectivo,
6147,2026-09-16,11:41,Nübe Altico,Mostrador,Capuccino,3,8500,Tarjeta,C263
2812,2026-08-23,15:22,Nübe Centro,Mostrador,tinto,1,3000,Efectivo,
371,2026-08-06,11:57,Nübe Centro,Mostrador,Latte,1,9000,Tarjeta,C035
3697,2026-08-29,09:34,Nübe Centro,Mostrador,Chocolate caliente,1,7500,Efectivo,
4758,2026-09-06,17:25,Nübe Centro,Domicilio,Capuchino,1,8500,Nequi,
644,2026-08-07,08:11,Nübe Altico,Mostrador,Croissant,1,6000,Nequi,
1622,2026-08-15,07:05,Nübe Centro,Mostrador,Tinto,1,3000,Efectivo,
4591,2026-09-05,13:59,Nübe Centro,Mostrador,tinto,1,3000,TARJETA,C115
4189,2026-09-02,09:44,centro,Mostrador,Capuchino,1,8500,Nequi,
3719,2026-08-29,08:48,Nübe Altico,Mostrador,Croissant,0,6000,Nequi,C232
4361,2026-09-03,12:34,Nübe Centro,Mostrador,Tinto,1,3000,Tarjeta,C028
6650,2026-09-20,08:15,Nübe Centro,Mostrador,Capuchino,1,8500,Nequi,
2806,2026-08-23,09:05,Nübe Centro,Domicilio,Chocolate caliente,1,7500,Efectivo,C044
1279,2026-08-12,16:08,Nübe Altico,Domicilio,Croisant,1,6000,Nequi,
3028,2026-08-24,10:35,Nübe Centro,Mostrador,Americano,1,5000,Tarjeta,
3166,25/08/2026,09:22,Nübe Altico,Domicilio,Croissant,1,6000,Efectivo,
6707,20/09/2026,07:52,Nübe Altico,Mostrador,Americano,2,5000,Tarjeta,C252
2747,2026-08-22,17:03,Nübe Altico,Mostrador,Tinto,1,3000,EFECTIVO,C281
533,2026-08-07,11:19,Nübe Centro,Domicilio,Latte,1,9000,Tarjeta,
5483,2026-09-11,17:02,Nübe Altico,Mostrador,chocolate caliente,1,7500,Tarjeta,
3518,2026-08-28,07:18,Nübe Centro,Domicilio,Tinto,1,3000,Tarjeta,C189
5099,2026-09-08,19:52,Nübe Altico,Mostrador,Latte,1,9000,Nequi,C256
4042,2026-08-31,18:16,Nübe Altico,Domicilio,Americano,1,5000,Nequi,C216
3409,2026-08-27,19:03,Nübe Altico,Mostrador,Capuchino,2,$8.500,Nequi,C128
6300,2026-09-18,07:23,Nübe Centro,Mostrador,CROISSANT ,2,6000,Tarjeta,
4775,2026-09-06,09:21,Nübe Centro,Mostrador,Latte,1,9000,Nequi,
3880,2026-08-30,09:49,Nübe Altico,Mostrador,Frappé de café,1,11000,EFECTIVO,C221
301,2026-08-05,11:14,Nübe Altico,Mostrador,Capuchino,1,8500,,
3065,2026-08-24,12:50,Nübe Altico,Mostrador,Chocolate caliente,3,7500,Tarjeta,
1698,2026-08-15,10:51,Nübe Centro,Mostrador,Latte,1,9000,Efectivo,C091
4765,2026-09-06,20:49,centro,Mostrador,Latte,1,9000,Nequi,
4801,2026-09-06,09:09,Nübe Centro,Mostrador,Chocolate caliente,1,7500,Nequi,C280
1181,2026-08-11,08:00,Nübe Altico,Mostrador,Latte,1,9000,Nequi,
293,2026-08-05,07:15,Nübe Altico,Mostrador,Tinto,1,3000,Tarjeta,
5239,2026-09-09,09:43,Nübe Altico,Mostrador,Americano,1,5000,Efectivo,
5411,2026-09-11,11:10,Nübe Centro,Mostrador,Tinto,1,,Nequi,
6977,22/09/2026,07:36,Nübe Altico,Mostrador,Latte,1,$9.000,Nequi,
1100,2026-08-11,12:59,Nübe Centro,Mostrador,Croissant,2,6000,Tarjeta,
6768,2026-09-21,06:30,Nübe Centro,Mostrador,Croissant,1,6000,Efectivo,
3182,2026-08-25,10:00,Nübe Altico,Mostrador,Capuchino,1,8500,Nequi,C008
4339,2026-09-03,18:09,Nübe Centro,Mostrador,Tinto,2,3000,Efectivo,
1849,2026-08-16,08:32,Nübe Centro,Mostrador,Capuchino,1,8500,TARJETA,
3186,2026-08-25,13:07,Nübe Altico,Mostrador,Tinto,1,3000,Tarjeta,
5996,2026-09-15,18:16,Nübe Centro,Mostrador,americano,1,5000,TARJETA,
5676,2026-09-13,17:05,Nübe Centro,Mostrador,Capuchino,1,8500,Efectivo,C175
6871,2026-09-21,14:52,Nübe Altico,Mostrador,croissant,1 und,6000,TARJETA,
5934,2026-09-14,11:49,altico,Mostrador,Americano,1,5000,Nequi,C275
150,2026-08-04,19:40,Nübe Centro,Mostrador,Tinto,1,3000,TARJETA,C300
3064,2026-08-24,10:49,Nübe Altico,Mostrador,Croissant de almendras,1,8000,Efectivo,C032
6311,2026-09-18,14:21,Nübe Centro,Mostrador,Croissant,1,6000,EFECTIVO,
707,2026-08-08,12:57,Nübe Centro,Mostrador,Capuchino,1,$8.500,Efectivo,C215
6152,16/09/2026,06:18,Nübe Altico,Mostrador,Capuchino,1,8500,Nequi,
3325,2026-08-27,07:32,Nübe Centro,Mostrador,Latte,2,9000,Efectivo,C274
5397,2026-09-10,19:17,Nübe Altico,Mostrador,Capuccino,1,8500,Tarjeta,C147
5141,2026-09-09,08:33,Nübe Centro,Mostrador,Americano,1,5000,Nequi,
6475,2026-09-19,19:13,Nübe Centro,Mostrador,Croissant,2,6000,Tarjeta,C179
3501,2026-08-28,10:51,Nübe Centro,Mostrador,Americano,1,5000,Efectivo,
1517,2026-08-14,16:22,Nübe Centro,Mostrador,Americano,3,5000,Nequi,
1833,2026-08-16,17:17,Nübe Centro,Mostrador,Croissant,1,6000,Nequi,
1500,2026-08-14,10:39,Nübe Centro,Mostrador,Croissant,2,6000,Nequi,
1128,2026-08-11,11:17,Nübe Centro,Domicilio,capuchino,1,8500,Nequi,C274
1892,2026-08-16,08:18,altico,Domicilio,Croissant,1,6000,Efectivo,
1785,2026-08-16,07:56,Nübe Centro,Domicilio,Americano,1,5000,NEQUI,C086
6697,2026-09-20,15:56,Nübe Centro,Mostrador,Croissant de almendras,1,$8.000,Nequi,
2161,2026-08-18,10:35,Nübe Centro,Domicilio,Latte,2,9000,Efectivo,C093
4077,2026-09-01,17:38,Nübe Centro,Mostrador,Tinto ,1,3000,Efectivo,
1969,2026-08-17,10:42,Nübe Centro,Mostrador,Croissant,1 und,$6.000,Efectivo,C096
3588,2026-08-28,07:33,Nübe Altico,Mostrador,Croisant,1,6000,Efectivo,C132
4737,2026-09-05,10:17,altico,Mostrador,chocolate caliente,1,7500,Nequi,
6566,2026-09-19,09:39,Nübe Altico,Domicilio,Capuchino,1,8500,EFECTIVO,
3316,2026-08-26,17:36,Nübe Altico,Mostrador,Tinto,1,3000,Efectivo,C185
3671,2026-08-29,17:54,Nübe Centro,Mostrador,Tinto,1,3000,Nequi,C194
6722,2026-09-20,10:50,Nübe Altico,Mostrador,Tinto,1,3000,,
1835,2026-08-16,12:54,Nübe Centro,Mostrador,Tinto,1,3000,Nequi,C015
6908,22/09/2026,10:31,Nübe Centro,Mostrador,Croissant,1,6000,Nequi,C264
5970,2026-09-15,07:10,Nübe Centro,Mostrador,Frappé de café,1,11000,Efectivo,C110
7180,2026-09-24,08:06,Nübe Altico,Mostrador,Croissant,1,6000,Nequi,C212
3092,2026-08-24,10:59,Nübe Altico,Domicilio,Croissant de almendras,1,8000,Nequi,
4365,2026-09-03,08:23,Nübe Centro,Domicilio,Latte,1,9000,Efectivo,C258
5988,2026-09-15,08:09,Nübe Centro,Domicilio,Tinto,2,3000,NEQUI,C085
6249,2026-09-17,09:00,Nübe El Altico,Mostrador,Frappé de café,1,11000,Efectivo,
764,2026-08-08,07:48,Nübe Centro,Domicilio,tinto,1,3000,Efectivo,C133
1384,2026-08-13,10:01,Nübe Centro,Mostrador,Tinto,1,3000,Efectivo,C038
2328,2026-08-19,18:52,Nübe Altico,Mostrador,americano,1,5000,Efectivo,
4076,2026-09-01,16:06,Nübe Centro,Mostrador,Croissant,1,6000,,
3469,2026-08-28,10:13,Nübe Centro,Mostrador,americano,1,5000,Nequi,C222
437,2026-08-06,14:13,Nübe Altico,Mostrador,Croissant,1,,Tarjeta,C256
4667,2026-09-05,08:35,Nübe Altico,Mostrador,Tinto ,1 und,3000,Tarjeta,
5296,2026-09-10,08:09,Nübe Centro,Mostrador,Croissant,2,6000,Nequi,C264
6646,2026-09-20,09:13,Nübe Centro,Mostrador,Croisant,1,6000,Nequi,
2401,2026-08-20,16:32,Nübe Centro,Domicilio,Chocolate caliente,3,7500,Nequi,
4918,2026-09-07,15:02,Nübe Centro,Mostrador,Croissant,2 und,6000,Tarjeta,C288
4627,05/09/2026,06:45,Nübe Centro,Mostrador,Tinto,1,3000,Nequi,
6497,2026-09-19,09:56,Nübe Centro,Mostrador,Frappé de café,1,,Efectivo,
7279,2026-09-25,10:16,Nübe Centro,Mostrador,Croissant,1,6000,Nequi,
290,2026-08-05,16:25,Nübe Altico,Mostrador,Frappé de café,1,11000,Efectivo,
3101,2026-08-25,09:16,Nübe Centro,Domicilio,Latte,2,9000,Tarjeta,C126
2111,2026-08-18,15:09,NUBE CENTRO,Mostrador,frappé de café,1,$11.000,Nequi,C090
3668,2026-08-29,10:51,Nübe Centro,Mostrador,Latte,1,,Efectivo,C131
7059,2026-09-23,09:53,Nübe Centro,Mostrador,Croissant,1 und,6000,Efectivo,C292
103,2026-08-03,18:55,Nübe Altico,Mostrador,Tinto,1,$3.000,Tarjeta,C147
5952,2026-09-15,16:55,Nübe Centro,Mostrador,Croissant almendras,1,8000,Nequi,C191
7587,2026-09-27,09:39,Nübe Centro,Mostrador,Croissant,3,6000,Nequi,C237
6814,21/09/2026,11:05,Nübe Centro,Mostrador,Capuchino,1,8500,Efectivo,
4986,07/09/2026,18:11,Nübe Altico,Mostrador,Latte,1,9000,Tarjeta,C072
153,2026-08-04,07:54,Nübe Centro,Mostrador,Tinto,1,3000,Efectivo,
1497,2026-08-14,12:23,Nübe Centro,Mostrador,Capuchino,1,8500,Tarjeta,C270
6785,2026-09-21,09:34,Nübe Centro,Mostrador,Tinto,1,3000,Tarjeta,
184,2026-08-04,10:44,Nübe Altico,Domicilio,Americano,1 und,$5.000,Efectivo,C156
1623,2026-08-15,06:40,Nübe Centro,Mostrador,Capuchino,3,8500,TARJETA,C275
1199,2026-08-12,07:30,Nübe Centro,Mostrador,Capuchino,1,8500,Efectivo,
4515,04/09/2026,08:50,Nübe Altico,Domicilio,Latte,1,$9.000,Nequi,
3338,2026-08-27,10:25,Nübe Centro,Domicilio,CROISSANT ,1,6000,Nequi,C051
2245,2026-08-19,09:40,Nübe Centro,Domicilio,Frappé de café,1,11000,Efectivo,C111
992,2026-08-09,07:34,Nübe Altico,Mostrador,Croissant,1,6000,Nequi,
6853,2026-09-21,15:24,Nübe Altico,Mostrador,Americano,2,5000,,
5335,2026-09-10,09:45,NUBE ALTICO,Mostrador,Croissant,1,$6.000,TARJETA,
3483,2026-08-28,08:02,NUBE CENTRO,Mostrador,Croissant,2 und,6000,Nequi,
7226,2026-09-24,10:25,Nübe Altico,Mostrador,Croissant de almendras,1,8000,Efectivo,
5918,2026-09-14,07:57,Nübe Altico,Mostrador,Tinto,1,3000,EFECTIVO,
3513,2026-08-28,10:08,Nübe Centro,Mostrador,Croissant de almendras,1,8000,EFECTIVO,
3784,2026-08-29,08:18,Nübe Altico,Mostrador,Croissant de almendras,1,8000,Tarjeta,
6913,2026-09-22,09:12,Nübe Centro,Domicilio,Americano,1,$5.000,Tarjeta,
756,2026-08-08,18:48,Nübe Centro,Mostrador,tinto,1,3000,Efectivo,
892,2026-08-09,16:13,Nübe Centro,Mostrador,Chocolate caliente,2,7500,Nequi,C050
866,2026-08-09,08:26,Nübe Centro,Domicilio,Frappe de cafe,1,11000,Tarjeta,
146,2026-08-04,06:59,Nübe Centro,Mostrador,Chocolate caliente,1 und,7500,NEQUI,
1867,2026-08-16,13:38,Nübe Altico,Mostrador,Capuchino,2,8500,Efectivo,
6232,17/09/2026,14:33,Nübe Centro,Mostrador,Latte,1,9000,Nequi,
3157,2026-08-25,13:20,Nübe Centro,Domicilio,Chocolate caliente,1,$7.500,Nequi,C009
3394,2026-08-27,13:20,Nübe Centro,Mostrador,Latte,1 und,9000,Nequi,
3757,2026-08-29,08:28,Nübe Altico,Domicilio,Americano,1,5000,Efectivo,
168,2026-08-04,16:45,Nübe Centro,Mostrador,Americano,1,5000,Efectivo,
5466,2026-09-11,09:22,Nübe Centro,Mostrador,Capuchino,1,$8.500,Nequi,C135
7146,2026-09-24,09:45,Nübe Centro,Domicilio,Croissant de almendras,1,8000,Tarjeta,
4339,2026-09-03,18:09,Nübe Centro,Mostrador,Croissant de almendras,1,8000,Efectivo,
1083,2026-08-10,12:10,Nübe Altico,Mostrador,Chocolate caliente,2,7500,Efectivo,C027
1662,2026-08-15,12:13,Nübe Centro,Mostrador,Latte,1,9000,Nequi,
5039,2026-09-08,12:58,Nübe Centro,Mostrador,Croissant de almendras,1,8000,Tarjeta,
5477,2026-09-11,11:35,Nübe Altico,Mostrador,Latte,1,9000,NEQUI,
2009,2026-08-17,13:44,Nübe Centro,Mostrador,Croissant,1,6000,Tarjeta,
676,08/08/2026,15:26,Nübe Centro,Domicilio,americano,1,5000,Efectivo,C297
625,2026-08-07,19:14,Nübe Altico,Mostrador,Latte,1,9000,Efectivo,
7139,2026-09-24,10:55,Nübe Centro,Mostrador,Americano,1,5000,TARJETA,C197
6588,2026-09-19,07:13,Nübe Altico,Domicilio,Croissant,1 und,$6.000,Nequi,
4267,2026-09-02,13:56,Nübe El Altico,Mostrador,Capuchino,1,8500,Nequi,
6707,20/09/2026,07:52,Nübe Altico,Mostrador,Americano,2,5000,Tarjeta,C252
5718,2026-09-13,14:29,Nübe Centro,Mostrador,Croissant,1 und,6000,Tarjeta,C081
850,08/08/2026,17:40,Nübe Altico,Domicilio,Americano,1,5000,Tarjeta,C286
572,2026-08-07,08:35,Nübe Altico,Mostrador,Capuchino,2,8500,Efectivo,C181
3596,28/08/2026,13:41,Nübe Altico,Domicilio,Capuchino,1,8500,Tarjeta,
3393,2026-08-27,08:24,Nübe Centro,Mostrador,Americano,1,5000,Tarjeta,C061
7063,2026-09-23,16:50,Nübe Altico,Domicilio,Croissant,2,6000,Tarjeta,
1158,2026-08-11,14:54,Nübe Altico,Mostrador,Croissant,1,6000,Nequi,
4270,2026-09-02,13:36,Nübe Altico,Mostrador,Tinto,1,3000,Efectivo,
6005,2026-09-15,11:26,Nübe Altico,Mostrador,Croissant,1,6000,Efectivo,C121
6740,2026-09-20,10:07,Nübe Altico,Mostrador,Capuchino,1,8500,Tarjeta,
3516,2026-08-28,10:20,Nübe Centro,Domicilio,tinto,2,3000,Tarjeta,C219
7102,2026-09-23,09:56,Nübe Altico,Domicilio,Latte,1 und,9000,Nequi,C168
622,07/08/2026,07:42,Nübe Altico,Mostrador,Capuchino,2,8500,Efectivo,
1518,2026-08-14,18:41,Nübe Centro,Domicilio,Capuchino,1,8500,Nequi,
6303,18/09/2026,08:08,Nübe Centro,Mostrador,Croissant de almendras,1,8000,TARJETA,
6662,2026-09-20,10:32,Nübe Centro,Mostrador,Latte,1,,Nequi,C171
244,2026-08-05,08:34,NUBE CENTRO,Mostrador,Croissant almendras,1,8000,Tarjeta,
2242,2026-08-19,09:14,Nübe Centro,Mostrador,Frappé de café,1,11000,Nequi,C020
4858,2026-09-06,09:33,Nübe Altico,Domicilio,Frappé de café,1,11000,Tarjeta,
1471,2026-08-14,08:45,Nübe Centro,Mostrador,Tinto,1 und,3000,Efectivo,C201
405,2026-08-06,06:35,Nübe Centro,Domicilio,americano,2,,Tarjeta,C060
1628,15/08/2026,10:07,Nube Centro ,Mostrador,tinto,1,3000,Efectivo,
838,08/08/2026,12:38,Nübe Altico,Mostrador,latte,1,9000,Efectivo,
6068,16/09/2026,19:30,Nübe Centro,Mostrador,Americano,1,5000,Tarjeta,C172
4657,2026-09-05,10:45,Nübe Centro,Mostrador,Croissant,3,6000,EFECTIVO,C139
5222,2026-09-09,08:45,Nübe Altico,Mostrador,Capuchino,1,8500,EFECTIVO,
3929,2026-08-31,08:23,Nübe Centro,Mostrador,Croissant,1,$6.000,Efectivo,
580,2026-08-07,19:45,Nübe Altico,Domicilio,americano,3,5000,Nequi,
4556,04/09/2026,17:48,Nübe Altico,Mostrador,Tinto,1,3000,Efectivo,C114
4813,2026-09-06,11:46,Nübe Centro,Domicilio,Croissant,1 und,6000,Efectivo,
4664,2026-09-05,20:13,NUBE ALTICO,Domicilio,Frappé de café,1,11000,Tarjeta,C049
3172,2026-08-25,08:54,Nübe Altico,Mostrador,Croissant,2,6000,Efectivo,C047
2730,2026-08-22,13:24,Nübe Altico,Mostrador,Tinto,1 und,3000,Tarjeta,C247
7222,2026-09-24,19:55,Nübe Altico,Mostrador,Tinto,1,3000,Efectivo,
3898,2026-08-30,07:15,NUBE ALTICO,Domicilio,Croissant,1,6000,Nequi,C263
5604,2026-09-12,10:47,Nübe Centro,Mostrador,Capuchino,1,8500,Efectivo,
1017,2026-08-10,09:24,Nübe Centro,Domicilio,Capuchino,1,8500,Efectivo,
3742,29/08/2026,08:38,Nübe Altico,Mostrador,Croissant,2,6000,Efectivo,C151
4755,2026-09-06,14:58,Nübe Centro,Domicilio,Croissant,1,6000,Efectivo,
4677,2026-09-05,18:53,Nübe El Altico,Domicilio,Frappé de café,1,11000,Efectivo,
4501,2026-09-04,10:34,Nübe Centro,Mostrador,Tinto,1,3000,Tarjeta,C110
3551,28/08/2026,19:33,Nübe Altico,Mostrador,Capuchino,2,8500,Tarjeta,
1652,2026-08-15,20:29,Nübe Centro,Mostrador,Latte,1,9000,Nequi,
1037,2026-08-10,10:57,Nube Centro ,Mostrador,Tinto,1,3000,Nequi,
5130,09/09/2026,20:39,Nübe Centro,Domicilio,Capuchino,1,8500,Tarjeta,
5561,2026-09-12,09:36,Nübe Centro,Mostrador,Tinto,1,3000,,C030
7589,2026-09-27,08:13,Nübe Centro,Mostrador,Latte,2,9000,Tarjeta,C102
1376,2026-08-13,09:00,Nübe Centro,Domicilio,Latte,3,9000,Efectivo,
4526,2026-09-04,08:18,Nübe Altico,Mostrador,Croissant,2,6000,Tarjeta,
7245,2026-09-25,08:48,Nübe Centro,Mostrador,Croissant,1,6000,Efectivo,
4922,2026-09-07,07:39,Nübe Centro,Mostrador,croissant de almendras,1,8000,Nequi,
2857,2026-08-23,16:41,Nübe Centro,Mostrador,Croissant,1,6000,Nequi,
1716,15/08/2026,17:23,Nübe Altico,Mostrador,Tinto,1,3000,Efectivo,
5344,2026-09-10,08:27,Nübe Altico,Mostrador,croissant,1,$6.000,Nequi,C165
6601,2026-09-19,07:16,Nübe Altico,Mostrador,Croissant,1,$6.000,Nequi,C171
6536,2026-09-19,08:30,centro,Mostrador,Croissant,1,6000,Tarjeta,C221
3547,2026-08-28,09:20,Nübe Altico,Mostrador,Tinto,1,3000,Nequi,
7170,2026-09-24,18:44,Nübe Centro,Domicilio,Americano,1,5000,Efectivo,C060
3506,2026-08-28,12:07,Nübe Centro,Mostrador,Latte,2,9000,Efectivo,C271
2190,2026-08-18,08:34,NUBE ALTICO,Mostrador,tinto,1,3000,NEQUI,
4152,2026-09-01,08:26,Nübe Altico,Mostrador,Latte,1,9000,Nequi,C144
1182,11/08/2026,09:33,Nübe Altico,Mostrador,Chocolate caliente,1,7500,Tarjeta,
3903,2026-08-30,10:52,altico,Mostrador,Tinto ,1,3000,Tarjeta,
7319,2026-09-25,12:47,Nübe Altico,Mostrador,Capuchino,1 und,8500,Tarjeta,
4524,2026-09-04,08:45,Nübe Altico,Domicilio,Croissant de almendras,3,8000,Nequi,
583,2026-08-07,11:27,Nübe Altico,Mostrador,tinto,2,3000,Nequi,C030
1086,2026-08-10,15:18,Nübe Altico,Mostrador,Croissant de almendras,1,8000,Tarjeta,
5925,2026-09-14,18:32,Nübe Altico,Domicilio,Croissant,3,6000,Nequi,
5762,2026-09-13,11:55,Nübe Altico,Domicilio,Croissant de almendras,2,8000,Nequi,
1157,2026-08-11,07:52,Nübe Altico,Mostrador,Tinto,3,3000,Nequi,
7176,2026-09-24,16:56,Nübe Centro,Domicilio,Chocolate caliente,1,7500,Efectivo,
2149,2026-08-18,15:29,Nübe Centro,Mostrador,Chocolate caliente,1,7500,Efectivo,
5025,2026-09-08,15:02,Nübe Centro,Mostrador,Tinto,3,3000,Tarjeta,
1266,2026-08-12,11:38,Nübe Centro,Mostrador,Chocolate caliente,1,7500,Efectivo,
7321,2026-09-25,18:50,Nübe Altico,Domicilio,Frappé de café,1,11000,Tarjeta,C227
3753,2026-08-29,11:46,Nübe El Altico,Mostrador,Croissant,1,$6.000,NEQUI,C096
863,2026-08-09,14:55,Nübe Centro,Mostrador,Croissant de almendras,3,8000,Nequi,
5804,2026-09-13,08:38,Nübe Altico,Mostrador,Latte,2,9000,Efectivo,
4898,2026-09-07,12:44,Nübe Centro,Mostrador,Chocolate caliente,2 und,7500,Tarjeta,C067
614,2026-08-07,07:24,Nübe Altico,Mostrador,Late,1,$9.000,Nequi,
4806,2026-09-06,15:29,Nübe Centro,Mostrador,Latte,1,$9.000,Nequi,
6599,19/09/2026,16:29,Nübe Altico,Domicilio,Croissant almendras,1,$8.000,Efectivo,
4429,2026-09-03,07:00,Nübe Altico,Mostrador,Croissant,1,6000,Tarjeta,C100
4509,04/09/2026,07:45,Nübe Altico,Mostrador,Croissant de almendras,2,8000,TARJETA,C168
876,2026-08-09,10:35,centro,Mostrador,Americano,1,5000,Efectivo,C292
968,2026-08-09,12:32,NUBE ALTICO,Mostrador,Chocolate caliente,1,$7.500,Nequi,
4753,2026-09-06,16:32,NUBE CENTRO,Domicilio,Croissant,1,6000,Nequi,
5859,2026-09-14,17:38,Nübe Centro,Domicilio,Latte,2,9000,Nequi,
4311,2026-09-03,16:19,Nübe Centro,Mostrador,AMERICANO,2,5000,Tarjeta,C147
2661,2026-08-22,15:57,Nübe Centro,Mostrador,Croissant,1,6000,Tarjeta,C245
2130,2026-08-18,09:43,NUBE CENTRO,Mostrador,Tinto,1,3000,EFECTIVO,
1803,2026-08-16,16:31,Nübe Centro,Domicilio,Latte,2,$9.000,Nequi,
6291,2026-09-18,17:03,Nübe Centro,Mostrador,CROISSANT ,2,6000,NEQUI,
2579,2026-08-21,13:43,Nübe Altico,Domicilio,Capuchino,1,8500,Efectivo,C171
6659,20/09/2026,08:44,Nübe Centro,Mostrador,Americano,2,5000,Efectivo,
1376,2026-08-13,09:00,Nübe Centro,Domicilio,Croissant de almendras,1,$8.000,Efectivo,
3125,2026-08-25,08:51,Nübe Centro,Domicilio,Capuchino,1,8500,Nequi,C235
5785,2026-09-13,09:05,Nübe Altico,Mostrador,Americano,1,5000,Tarjeta,
1400,2026-08-13,18:29,Nübe Altico,Mostrador,Chocolate caliente,2,7500,Efectivo,
898,2026-08-09,08:19,Nübe Centro,Mostrador,Tinto,3,3000,Tarjeta,
1016,2026-08-10,10:42,Nübe Centro,Mostrador,Croissant de almendras,1,8000,EFECTIVO,C287
5517,2026-09-11,08:12,Nübe Altico,Mostrador,Chocolate caliente,2,7500,Tarjeta,C215
7275,2026-09-25,15:35,Nübe Centro,Mostrador,Americano,1,5000,Tarjeta,C109
4552,2026-09-04,06:07,Nübe Altico,Mostrador,Tinto,1,3000,Nequi,C081
981,2026-08-09,17:14,Nübe Altico,Domicilio,Latte,1,9000,Nequi,C299
894,2026-08-09,08:44,Nübe Centro,Mostrador,Americano,1,5000,Tarjeta,
1011,2026-08-10,11:25,Nübe Centro,Mostrador,Capuchino,1,8500,Efectivo,C183
683,08/08/2026,08:10,Nübe Centro,Mostrador,Chocolate caliente,1,7500,Tarjeta,C276
4460,2026-09-04,08:42,Nübe Centro,Mostrador,Capuchino,1,8500,Efectivo,
4437,2026-09-04,12:03,Nübe Centro,Mostrador,Tinto,1,3000,TARJETA,
1847,2026-08-16,11:44,Nübe Centro,Domicilio,Croissant,1,6000,Efectivo,
3985,2026-08-31,07:47,Nube Centro ,Mostrador,Americano,1,5000,Efectivo,
5732,2026-09-13,17:12,Nübe Centro,Domicilio,Frappe de cafe,2,11000,Efectivo,
1529,14/08/2026,13:03,Nübe Altico,Domicilio,Latte,1,9000,Efectivo,
2860,2026-08-23,17:45,Nübe Centro,Mostrador,Tinto,1,3000,TARJETA,C131
527,2026-08-07,11:30,Nübe Centro,Mostrador,Capuchino,2,8500,Nequi,
6863,21/09/2026,08:17,Nübe Altico,Mostrador,Capuccino,1,8500,Tarjeta,
29,2026-08-03,15:18,Nübe Centro,Domicilio,americano,1,5000,Nequi,C043
599,2026-08-07,09:37,Nübe Altico,Mostrador,Capuchino,1,$8.500,Efectivo,
5056,2026-09-08,07:54,Nübe Centro,Domicilio,Capuchino,3,$8.500,Nequi,C084
7618,2026-09-27,15:40,Nübe Altico,Domicilio,CROISSANT ,1,6000,Nequi,
602,2026-08-07,11:00,NUBE ALTICO,Mostrador,Americano,1,5000,Efectivo,C086
4139,2026-09-01,08:39,Nübe Altico,Mostrador,Tinto,1,3000,Efectivo,
4401,2026-09-03,16:37,Nübe Altico,Domicilio,Americano,3,5000,Efectivo,C154
5199,2026-09-09,10:26,Nübe Altico,Domicilio,Croissant de almendras,1,8000,Nequi,
634,2026-08-07,14:19,Nübe Altico,Mostrador,Tinto,1,3000,Nequi,
3299,2026-08-26,18:21,Nübe Altico,Domicilio,Croissant,1 und,6000,Efectivo,C091
5611,2026-09-12,10:33,Nübe Altico,Domicilio,Americano,1,5000,Nequi,
2537,2026-08-21,16:16,Nübe Altico,Mostrador,Capuchino,1,8500,NEQUI,
6875,2026-09-21,07:42,Nübe Altico,Mostrador,Croissant,1,$6.000,Efectivo,
782,08/08/2026,10:52,Nübe Altico,Mostrador,Americano,2,5000,Nequi,
1146,11/08/2026,09:03,Nübe Centro,Domicilio, Capuchino ,3,,Efectivo,
6873,2026-09-21,17:03,Nübe Altico,Mostrador,Latte,3,$9.000,Tarjeta,C105
3683,2026-08-29,09:55,Nübe Centro,Domicilio,Capuchino,1,8500,Efectivo,
5201,09/09/2026,08:12,Nübe Altico,Mostrador,Chocolate caliente,1,$7.500,Efectivo,
750,2026-08-08,07:33,Nübe Centro,Mostrador,Chocolate caliente,3,7500,Tarjeta,C161
1333,2026-08-13,08:50,Nübe Centro,Mostrador,Capuchino,1,$8.500,Efectivo,
631,2026-08-07,15:57,Nübe Altico,Mostrador,croissant,1,6000,Efectivo,
6113,2026-09-16,12:56,Nübe Centro,Mostrador,Croissant,1,6000,Tarjeta,
6052,2026-09-16,09:43,Nübe Centro,Mostrador,Tinto,1,3000,Nequi,
6959,2026-09-22,07:22,NUBE ALTICO,Mostrador,Croissant,,6000,Nequi,C004
6903,2026-09-22,08:53,Nübe Centro,Mostrador,Frappé de café,2,11000,NEQUI,
3514,2026-08-28,11:35,Nübe Centro,Mostrador,Croissant,2,$6.000,Tarjeta,
3371,2026-08-27,15:06,Nübe Centro,Mostrador,Croissant,1,$6.000,Nequi,C041
1417,2026-08-13,15:42,Nübe Altico,Mostrador,Latte,1,9000,Nequi,C300
407,2026-08-06,14:13,Nübe Centro,Mostrador,Croissant,2,6000,Efectivo,
6671,2026-09-20,09:06,centro,Mostrador,Americano,1,5000,Tarjeta,
1246,2026-08-12,16:08,Nübe Centro,Mostrador,frappé de café,1,11000,Efectivo,
1081,2026-08-10,10:25,Nübe Altico,Mostrador,AMERICANO,2,5000,Efectivo,
1291,2026-08-12,09:46,Nübe El Altico,Mostrador,Tinto ,2,$3.000,Nequi,C097
6881,2026-09-21,12:24,Nübe Altico,Mostrador,Americano,1,5000,Efectivo,
2120,2026-08-18,07:46,Nübe Centro,Mostrador,Croissant,1,6000,Efectivo,
4030,2026-08-31,07:04,Nübe Altico,Mostrador,Chocolate caliente,1,$7.500,Efectivo,
5340,2026-09-10,12:55,Nübe Altico,Domicilio,chocolate caliente,1,7500,Nequi,
7436,2026-09-26,11:42,Nube Centro ,Domicilio,Chocolate caliente,1,7500,Nequi,
6963,2026-09-22,16:38,Nübe Altico,Mostrador,Capuchino,1,8500,Nequi,
183,2026-08-04,09:33,Nübe El Altico,Mostrador,Latte,1,9000,Efectivo,
1504,2026-08-14,09:56,Nübe Centro,Mostrador,chocolate caliente,1,7500,Nequi,C023
4416,2026-09-03,17:54,Nübe Altico,Domicilio,Croissant de almendras,1,8000,Tarjeta,C212
6422,2026-09-18,07:54,Nübe Altico,Mostrador,Americano,1,5000,Efectivo,
6907,2026-09-22,08:24,Nübe Centro,Mostrador,Croissant,1,6000,Efectivo,
6021,2026-09-15,14:46,Nübe El Altico,Mostrador,Croissant,1,6000,Tarjeta,C239
70,2026-08-03,09:53,Nübe Altico,Mostrador,Croissant,,6000,Tarjeta,C248
7653,2026-09-27,07:04,Nübe Altico,Mostrador,Americano,1,5000,Efectivo,C159
6179,2026-09-17,10:33,Nübe Centro,Mostrador,Latte,3,9000,Efectivo,C136
5320,10/09/2026,19:50,Nübe Centro,Domicilio,Americano,1,5000,Nequi,C252
535,2026-08-07,09:52,Nübe Centro,Domicilio,Capuchino,3,8500,Efectivo,
3658,2026-08-29,10:55,Nübe Centro,Mostrador,Capuchino,1,8500,Nequi,
6101,2026-09-16,16:11,Nübe Centro,Mostrador,Capuchino,1,$8.500,Tarjeta,C015
2908,23/08/2026,07:04,Nübe Altico,Mostrador,Tinto,1,3000,Tarjeta,
7032,2026-09-23,10:31,Nübe Centro,Mostrador,Capuchino,1,8500,Nequi,
2340,2026-08-20,07:18,Nübe Centro,Mostrador,Capuchino,1,8500,Nequi,C059
1056,2026-08-10,08:34,Nübe Centro,Domicilio,Croissant,2,6000,TARJETA,C062
1793,2026-08-16,15:39,Nübe Centro,Mostrador,croissant de almendras,1,8000,Efectivo,
5036,2026-09-08,08:50,Nübe Centro,Mostrador,Tinto,1,3000,Tarjeta,
5806,2026-09-13,19:21,NUBE ALTICO,Mostrador,Croissant de almendras,1,8000,Nequi,C017
199,04/08/2026,18:18,Nübe Altico,Domicilio,Tinto,1,3000,Efectivo,
6562,2026-09-19,13:59,Nübe Altico,Mostrador,Americano,1,5000,Nequi,C197
5538,2026-09-12,14:01,Nübe Centro,Domicilio,croissant de almendras,1,8000,,
4567,2026-09-05,07:41,Nübe Centro,Mostrador,Tinto,1,3000,Nequi,
3520,2026-08-28,10:32,Nube Centro ,Mostrador,Croissant,1,6000,Tarjeta,
3387,2026-08-27,08:46,Nübe Centro,Domicilio,Latte,1,9000,,
6749,2026-09-20,10:10,Nübe Altico,Mostrador,Americano,1,5000,Efectivo,C239
6557,2026-09-19,09:08,Nübe Altico,Mostrador, LATTE,1,9000,NEQUI,C269
4803,2026-09-06,08:07,Nube Centro ,Mostrador,Americano,1 und,$5.000,Nequi,
3373,2026-08-27,17:01,Nübe Centro,Mostrador,Croissant,1,6000,Efectivo,
600,2026-08-07,08:19,Nübe Altico,Mostrador,Croissant,1,6000,Tarjeta,
2216,2026-08-19,10:18,Nübe Centro,Mostrador,Tinto,1,3000,Tarjeta,
7262,2026-09-25,09:26,Nübe Centro,Mostrador,Croissant de almendras,1,$8.000,Efectivo,C260
3408,2026-08-27,10:29,Nübe Altico,Mostrador,Latte,1,9000,Nequi,
249,2026-08-05,14:18,Nübe Centro,Mostrador,Frappé de café,1,11000,Efectivo,C298
3367,27/08/2026,09:52,Nübe Centro,Domicilio,Croissant,1,$6.000,Tarjeta,C141
2059,2026-08-17,07:01,Nübe Altico,Mostrador,Croissant,2,6000,Efectivo,
3990,2026-08-31,12:50,Nübe Centro,Mostrador,Croissant,1,6000,Efectivo,
5130,2026-09-09,20:39,Nübe Centro,Domicilio,Chocolate caliente,1,7500,TARJETA,
7624,2026-09-27,09:37,Nübe Altico,Mostrador,Tinto,1,3000,Tarjeta,
1468,2026-08-14,07:40,Nübe Centro,Mostrador,Capuchino,1,8500,EFECTIVO,
7208,2026-09-24,14:19,Nübe Altico,Domicilio,Croissant de almendras,1,8000,Nequi,C058
3490,2026-08-28,15:18,NUBE CENTRO,Mostrador,Americano,1,5000,Nequi,C299
2532,2026-08-21,08:11,Nübe Centro,Mostrador,Tinto,1,3000,Efectivo,C132
6092,2026-09-16,11:27,Nübe Centro,Domicilio,Tinto,1,3000,Nequi,C047
3496,2026-08-28,10:58,Nübe Centro,Mostrador,Americano,3,5000,Efectivo,C102
155,2026-08-04,18:29,Nübe Centro,Domicilio,Latte,1,$9.000,Nequi,C171
648,2026-08-07,07:24,Nübe Altico,Domicilio,Capuchino,1 und,8500,Tarjeta,C232
3492,2026-08-28,17:02,Nübe Centro,Domicilio,Tinto,1,3000,Efectivo,C172
4930,2026-09-07,07:59,Nübe Centro,Mostrador, LATTE,1,9000,Nequi,
4372,2026-09-03,07:08,Nübe Altico,Mostrador,Croissant,2,6000,Nequi,
3448,2026-08-27,08:46,Nübe Altico,Mostrador,Latte,1,9000,Nequi,
7563,2026-09-27,13:06,Nübe Centro,Mostrador,Latte,1,9000,Tarjeta,
5618,2026-09-12,19:43,Nübe Altico,Mostrador,Americano,1,5000,Nequi,
3111,2026-08-25,08:20,Nübe Centro,Mostrador,Capuchino,1,8500,Efectivo,
2371,2026-08-20,08:06,Nübe Centro,Domicilio,Latte,2,9000,Nequi,C228
219,2026-08-04,10:16,Nübe Altico,Domicilio,Americano,1,5000,Efectivo,
5418,2026-09-11,07:21,Nübe Centro,Mostrador,Tinto,2,3000,Tarjeta,
2678,2026-08-22,20:34,Nübe Centro,Mostrador,Tinto,1 und,3000,Efectivo,C257
6224,2026-09-17,07:27,centro,Mostrador,Croissant de almendras,3,$8.000,Nequi,
3072,2026-08-24,09:08,Nübe Altico,Mostrador,Croissant de almendras,1,8000,Tarjeta,C184
124,2026-08-04,08:11,Nübe Centro,Mostrador, Capuchino ,,8500,Tarjeta,
5849,2026-09-14,09:09,Nübe Centro,Mostrador,Capuchino,1,8500,Tarjeta,
3210,26/08/2026,19:43,Nübe Centro,Mostrador,Tinto,1,3000,Nequi,
649,2026-08-07,10:44,altico,Mostrador,Croissant de almendras,1,8000,Tarjeta,C105
2917,23/08/2026,15:57,Nübe Altico,Mostrador,Americano,1 und,5000,TARJETA,
257,2026-08-05,17:24,NUBE CENTRO,Mostrador,capuchino,1,8500,Nequi,
1956,2026-08-17,13:10,Nübe Centro,Mostrador,Frappé de café,2,11000,Nequi,
1624,15/08/2026,09:56,Nübe Centro,Mostrador,croissant,1,6000,Nequi,C236
1394,2026-08-13,09:45,Nübe Altico,Mostrador,Croisant,1,6000,Efectivo,
4479,2026-09-04,08:56,Nübe Centro,Mostrador,TINTO,1,3000,Nequi,C295
3845,2026-08-30,07:06,Nübe Centro,Mostrador,Tinto ,1,3000,Tarjeta,C143
3512,2026-08-28,07:27,Nübe Centro,Mostrador,Tinto,1,3000,Tarjeta,
3506,2026-08-28,12:07,Nübe Centro,Mostrador,Croissant,3,6000,Efectivo,C271
1932,2026-08-17,17:04,Nübe Centro,Mostrador,Latte,1,9000,Tarjeta,
5498,2026-09-11,10:21,Nübe Altico,Mostrador,Frappé de café,1 und,11000,Efectivo,
5603,2026-09-12,16:10,Nübe Centro,Domicilio,Latte,1,9000,Efectivo,
2644,2026-08-22,17:51,Nübe Centro,Mostrador,Latte,3,9000,Efectivo,
6909,2026-09-22,17:00,Nübe Centro,Mostrador,Capuchino,1,8500,Nequi,
1009,2026-08-10,09:15,Nübe Centro,Mostrador,Croissant,2,6000,Efectivo,C076
6702,2026-09-20,14:27,Nübe Centro,Mostrador,Capuchino,1,8500,Efectivo,C200
6068,2026-09-16,19:30,Nübe Centro,Mostrador,croissant de almendras,1,8000,Tarjeta,C172
6939,2026-09-22,20:42,Nübe Centro,Mostrador,Croissant,1,6000,Tarjeta,
6002,2026-09-15,19:53,Nübe Altico,Mostrador,Tinto,1,3000,Tarjeta,
7370,2026-09-26,17:44,Nübe Centro,Domicilio,tinto,3,3000,Efectivo,
3823,2026-08-30,17:35,Nübe Centro,Mostrador,Americano,1,,Efectivo,
3227,2026-08-26,09:57,Nübe Centro,Mostrador,Americano,2,5000,Efectivo,
2894,2026-08-23,19:18,Nübe Centro,Mostrador,Capuchino,2,8500,Efectivo,C262
7615,2026-09-27,17:32,Nübe Centro,Mostrador,Capuchino,1,8500,Efectivo,
6436,2026-09-18,18:43,Nübe Altico,Domicilio,Tinto,1,$3.000,Tarjeta,C232
4824,2026-09-06,09:38,Nübe Centro,Mostrador,Latte,1,$9.000,Efectivo,C066
4503,04/09/2026,07:47,Nübe Centro,Mostrador,Croissant de almendras,1,$8.000,Efectivo,C004
7612,2026-09-27,08:28,Nübe Centro,Mostrador,Latte,1,9000,Efectivo,C002
1512,2026-08-14,12:54,Nübe Centro,Domicilio,Tinto,2,3000,Efectivo,C189
3710,2026-08-29,08:08,Nübe Centro,Mostrador,Croissant de almendras,1,$8.000,Nequi,C122
5280,2026-09-10,09:51,Nübe Centro,Domicilio,Croissant de almendras,1,8000,Efectivo,C211
5994,2026-09-15,08:04,Nübe Centro,Mostrador,Croissant de almendras,1,$8.000,NEQUI,
3408,2026-08-27,10:29,Nübe Altico,Mostrador,AMERICANO,2,5000,Nequi,
7101,23/09/2026,08:22,Nübe Altico,Mostrador,Latte,1 und,$9.000,Nequi,
3851,2026-08-30,20:54,Nübe Centro,Mostrador,Americano,2,5000,Efectivo,
6610,2026-09-19,15:09,Nübe Altico,Mostrador,Croissant de almendras,1,8000,Nequi,C289
7065,2026-09-23,10:29,Nübe Altico,Mostrador,Tinto,1,3000,Nequi,C111
1808,2026-08-16,18:59,Nübe Centro,Mostrador,Croissant almendras,1,8000,Nequi,C249
6796,21/09/2026,08:01,Nübe Centro,Mostrador,Americano,1,5000,Nequi,
3655,2026-08-29,09:56,Nübe Centro,Mostrador,Croissant,1,6000,Nequi,
1759,2026-08-15,10:45,Nübe Altico,Domicilio,Tinto,1,3000,Tarjeta,C169
6283,17/09/2026,09:32,Nübe Altico,Mostrador,Latte,1,9000,Nequi,
2619,2026-08-22,17:03,Nübe Centro,Mostrador,Americano,3,5000,Tarjeta,C174
928,2026-08-09,09:13,Nübe Centro,Mostrador,Americano,1,5000,Tarjeta,
705,2026-08-08,17:29,Nübe Centro,Domicilio,Americano,0,5000,Nequi,C196
6831,2026-09-21,07:35,Nübe Centro,Mostrador,Latte,2 und,9000,Tarjeta,
5126,2026-09-08,17:05,Nübe Altico,Mostrador,TINTO,1,3000,Nequi,
1307,2026-08-12,07:55,Nübe Altico,Mostrador,Frappé de café,2,11000,Tarjeta,
2053,2026-08-17,10:16,Nübe Altico,Mostrador,Capuccino,2,8500,Efectivo,
3672,2026-08-29,18:39,Nübe Centro,Mostrador,Croissant,1,,Tarjeta,
5051,2026-09-08,18:29,Nübe Centro,Mostrador,Americano,1,5000,Tarjeta,
5360,10/09/2026,10:41,Nübe Altico,Domicilio,Chocolate caliente,2,7500,Tarjeta,
6708,2026-09-20,09:17,Nübe Altico,Mostrador,Tinto,1,3000,Efectivo,
1895,16/08/2026,11:05,Nübe Altico,Domicilio,latte,1,9000,Efectivo,
2622,2026-08-22,09:17,Nübe Centro,Mostrador,Capuchino,2 und,8500,Efectivo,
388,06/08/2026,12:19,Nübe Centro,Mostrador,Chocolate caliente,1,7500,Nequi,
2433,2026-08-20,07:44,altico,Domicilio,Capuchino,1,8500,Nequi,C285
1060,10/08/2026,06:34,Nübe Altico,Mostrador,Croissant,1 und,$6.000,Nequi,C217
919,09/08/2026,08:27,Nübe Centro,Mostrador,Croissant,1,6000,Efectivo,C273
6091,2026-09-16,16:40,Nübe Centro,Mostrador,Croissant almendras,2 und,8000,Tarjeta,
5544,12/09/2026,09:39,Nübe Centro,Domicilio,Americano,1,5000,Nequi,
2933,2026-08-23,11:35,Nübe Altico,Mostrador,Croissant de almendras,1,8000,NEQUI,
5766,2026-09-13,09:43,Nübe Altico,Mostrador,Tinto,1,3000,Tarjeta,
5715,2026-09-13,16:27,Nübe Centro,Mostrador,Capuchino,1,8500,Efectivo,
2314,19/08/2026,10:16,Nübe Altico,Mostrador,Croissant,1,6000,Nequi,C081
790,2026-08-08,11:01,Nübe Altico,Mostrador,Chocolate caliente,1,7500,Tarjeta,
7422,2026-09-26,10:48,Nübe Centro,Domicilio,Latte,1,9000,Nequi,C245
1794,2026-08-16,12:25,NUBE CENTRO,Mostrador,frappé de café,3,11000,Efectivo,C069
5856,2026-09-14,16:21,Nübe Centro,Mostrador,Americano,2,5000,NEQUI,
1543,2026-08-14,10:46,Nübe Altico,Domicilio,Latte,1,9000,Nequi,C161
1371,13/08/2026,16:47,Nübe Centro,Mostrador,Tinto,3 und,3000,Nequi,C134
2909,2026-08-23,15:50,Nübe Altico,Domicilio,Capuchino,1,8500,Tarjeta,
2459,2026-08-21,10:51,Nübe Centro,Mostrador,Tinto,1,3000,Efectivo,
1733,2026-08-15,10:50,Nübe Altico,Mostrador,Latte,1,9000,Efectivo,
2859,2026-08-23,15:19,NUBE CENTRO,Mostrador,Late,1,9000,Tarjeta,C129
2211,2026-08-19,15:31,Nübe Centro,Mostrador,Tinto,2,3000,,C057
3667,2026-08-29,11:15,Nübe Centro,Mostrador,Capuchino,1,8500,Tarjeta,C163
1697,2026-08-15,16:33,Nübe Centro,Mostrador,Americano,1,5000,Efectivo,
1425,2026-08-13,08:50,Nübe Altico,Domicilio,Croissant,2,6000,Tarjeta,
1846,16/08/2026,16:56,centro,Mostrador,Americano,2,5000,Nequi,C047
5651,2026-09-12,08:55,Nübe Altico,Mostrador,Tinto,1,3000,Nequi,C016
4094,01/09/2026,12:47,centro,Mostrador,Croissant de almendras,1,8000,Efectivo,C097
2196,18/08/2026,07:36,Nübe Altico,Mostrador,Croissant,2,6000,Tarjeta,C032
2664,2026-08-22,09:34,Nübe Centro,Mostrador,Croissant,,6000,Efectivo,C244
3118,2026-08-25,16:06,Nübe Centro,Mostrador,Latte,1 und,9000,Efectivo,
1088,2026-08-10,10:32,Nübe Altico,Mostrador,Tinto,1,3000,Nequi,C174
7509,2026-09-26,07:33,Nübe Altico,Mostrador,Frappé de café,1 und,11000,Efectivo,
3489,2026-08-28,10:00,Nübe Centro,Mostrador,Frappé de café,1,11000,Tarjeta,
537,2026-08-07,08:54,Nübe Centro,Mostrador,Tinto,1,3000,Nequi,C238
1254,2026-08-12,12:19,NUBE CENTRO,Mostrador,Croissant,1,6000,Nequi,
4256,2026-09-02,18:19,Nube Centro ,Mostrador,Croisant,2,6000,Tarjeta,C102
2667,2026-08-22,18:42,Nübe Centro,Domicilio,Capuchino,2,,Efectivo,
1777,2026-08-16,16:10,Nübe Centro,Domicilio,Croissant,1,6000,Tarjeta,C103
4018,2026-08-31,07:49,Nübe El Altico,Mostrador,Croissant,1,$6.000,Efectivo,C178
3348,27/08/2026,20:30,Nübe Centro,Domicilio,Americano,1,5000,Tarjeta,C182
508,2026-08-07,09:44,Nübe Centro,Mostrador,Americano,1,5000,Efectivo,
1877,2026-08-16,10:41,Nübe Altico,Mostrador,Latte,2,9000,Efectivo,
5125,2026-09-08,11:01,NUBE ALTICO,Mostrador,Americano,1,5000,Tarjeta,C209
6353,2026-09-18,07:49,NUBE CENTRO,Mostrador,Chocolate caliente,1,7500,,C088
2941,2026-08-23,06:29,Nübe Altico,Mostrador,Americano,1,5000,Tarjeta,
426,2026-08-06,13:37,Nübe Altico,Mostrador,Frappé de café,1,11000,Efectivo,C153
6098,2026-09-16,06:12,Nube Centro ,Mostrador,Tinto,1,3000,Nequi,
6156,2026-09-16,20:05,Nübe Altico,Mostrador,Croissant de almendras,2,8000,Efectivo,C111
889,09/08/2026,09:48,Nübe Centro,Mostrador,Latte,3,9000,Nequi,
305,2026-08-05,16:35,Nübe Altico,Mostrador,Capuchino,1,8500,Nequi,C192
7327,2026-09-25,15:52,Nübe Altico,Mostrador,Chocolate caliente,1,7500,Efectivo,C272
1885,2026-08-16,15:03,Nübe Altico,Mostrador,Croissant,1,6000,Efectivo,C241
7619,2026-09-27,17:07,Nübe Altico,Mostrador,Capuchino,1,8500,Efectivo,
4719,2026-09-05,08:50,Nübe Altico,Domicilio,Americano,1,5000,Efectivo,C160
1506,14/08/2026,07:51,Nübe Centro,Mostrador,Tinto,1,3000,Efectivo,C013
3876,2026-08-30,07:16,Nübe El Altico,Mostrador,Croissant,1,6000,Efectivo,
687,2026-08-08,09:40,Nübe Centro,Domicilio,tinto,1,3000,Efectivo,
3346,2026-08-27,09:15,Nübe Centro,Mostrador,Capuchino,1,8500,Efectivo,
1535,2026-08-14,09:10,Nübe Altico,Domicilio,Capuchino,1,$8.500,Tarjeta,
2582,2026-08-21,18:55,Nübe Altico,Domicilio,Americano,1,5000,Efectivo,
3237,2026-08-26,17:13,Nübe Centro,Domicilio,Capuchino,1,8500,Nequi,C197
4117,2026-09-01,09:30,Nübe Centro,Mostrador,Croissant,1,6000,,C134
7002,2026-09-23,06:51,Nübe Centro,Mostrador,Croissant,1,6000,Efectivo,C095
7050,23/09/2026,15:44,Nübe Centro,Mostrador,Americano,1,5000,Nequi,
1383,2026-08-13,10:10,Nübe Centro,Mostrador,Tinto,1,3000,Efectivo,
4282,2026-09-02,09:06,Nübe Altico,Mostrador,Croissant,1,6000,Efectivo,
7094,2026-09-23,08:35,Nübe Altico,Mostrador,Croissant,1,,Nequi,
7121,24/09/2026,17:54,Nübe Centro,Mostrador,Frappe de cafe,1,11000,Efectivo,
1004,2026-08-09,12:05,Nübe Altico,Domicilio,Croissant de almendras,1,8000,Efectivo,C269
2141,2026-08-18,15:04,Nübe Centro,Mostrador,Capuchino,1,8500,Efectivo,C083
2475,2026-08-21,07:15,Nübe Centro,Mostrador,Capuchino,1,8500,Nequi,
1798,2026-08-16,14:21,Nübe Centro,Mostrador,Tinto,1,3000,Nequi,
5496,2026-09-11,16:46,Nübe Altico,Mostrador,Tinto ,1,3000,,
5998,2026-09-15,17:05,Nübe Centro,Mostrador,Tinto,1,3000,Nequi,C222
4957,2026-09-07,16:13,Nübe Altico,Mostrador,Chocolate caliente,1,$7.500,Nequi,
3673,2026-08-29,08:35,Nübe Centro,Mostrador,Latte,1,,Efectivo,
5118,2026-09-08,15:17,Nübe Altico,Mostrador,Latte,1,9000,Efectivo,C272
4194,2026-09-02,17:59,Nübe Centro,Mostrador,Americano,1,5000,Tarjeta,
939,09/08/2026,07:04,NUBE CENTRO,Mostrador,TINTO,1,3000,Nequi,
5817,14/09/2026,12:48,Nübe Centro,Mostrador,Americano,1,$5.000,Nequi,C042
6349,2026-09-18,08:13,Nübe Centro,Mostrador,Tinto,1,3000,Efectivo,C046
3742,2026-08-29,08:38,Nübe Altico,Mostrador,Tinto,1 und,3000,Efectivo,C151
4863,2026-09-06,16:22,Nübe Altico,Mostrador,Americano,2,5000,Efectivo,
2511,2026-08-21,07:46,Nübe Centro,Domicilio,Latte,1,9000,Nequi,
5606,2026-09-12,11:35,Nübe El Altico,Mostrador,Frappé de café,1,11000,Tarjeta,C049
1056,10/08/2026,08:34,Nübe Centro,Domicilio,Americano,1,5000,Tarjeta,C062
1743,2026-08-15,06:37,Nübe Altico,Mostrador,Chocolate caliente,2,7500,Efectivo,C125
7483,2026-09-26,10:12,altico,Domicilio,Chocolate caliente,1,7500,Efectivo,
278,2026-08-05,16:01,Nübe Centro,Mostrador,Capuchino,1,$8.500,Efectivo,
958,2026-08-09,14:41,Nübe Altico,Domicilio,Chocolate caliente,1,,Nequi,
3043,2026-08-24,17:23,Nübe Centro,Mostrador,Capuccino,1,8500,Nequi,C254
5362,2026-09-10,07:14,Nübe Altico,Mostrador,Croissant,1,6000,Efectivo,
1406,2026-08-13,13:03,Nübe Altico,Mostrador,Tinto,1,3000,Efectivo,C061
7149,2026-09-24,16:44,Nübe Centro,Mostrador,Chocolate caliente,1,7500,Efectivo,C134
4474,2026-09-04,15:09,Nübe Centro,Mostrador,Tinto,1,3000,,C154
1109,2026-08-11,11:42,Nübe Centro,Mostrador,Americano,1,5000,Nequi,C182
2124,2026-08-18,08:08,Nübe Centro,Mostrador,Frappé de café,1,11000,Efectivo,
5769,2026-09-13,07:39,Nübe Altico,Mostrador,Croissant,2,6000,Tarjeta,
5078,2026-09-08,13:38,Nübe Altico,Mostrador,Latte,1,9000,Nequi,
3524,28/08/2026,07:21,Nübe Centro,Mostrador,Tinto,1,3000,Nequi,C014
5293,2026-09-10,06:16,Nübe Centro,Mostrador,Croissant de almendras,1,$8.000,EFECTIVO,
6254,17/09/2026,20:36,Nübe Altico,Mostrador,Tinto,1,3000,Efectivo,
282,2026-08-05,08:05,NUBE ALTICO,Mostrador,Croissant,1,6000,Tarjeta,
5557,2026-09-12,11:38,Nübe Centro,Mostrador,Latte,1,9000,Tarjeta,C216
4739,2026-09-05,16:58,Nübe Altico,Mostrador, Capuchino ,1,8500,EFECTIVO,
4309,2026-09-03,09:48,Nübe Centro,Mostrador,Americano,1,5000,Nequi,
7214,2026-09-24,14:24,Nübe Altico,Domicilio,Tinto,1,3000,Tarjeta,C167
7264,2026-09-25,07:18,Nübe Centro,Domicilio,Croissant,1,6000,Tarjeta,
3740,2026-08-29,10:26,Nübe Altico,Mostrador,Croissant,1,6000,Tarjeta,
7156,2026-09-24,13:12,Nübe Centro,Mostrador,Latte,1,9000,Nequi,C065
5295,2026-09-10,17:40,Nube Centro ,Mostrador,Americano,1,5000,Efectivo,
2765,2026-08-22,09:36,Nübe Altico,Mostrador,Americano,1,5000,Tarjeta,C106
1276,2026-08-12,17:13,Nübe Altico,Domicilio,TINTO,1,3000,Nequi,C286
7467,2026-09-26,17:18,Nübe Altico,Mostrador,CAPUCHINO,1 und,8500,Tarjeta,
1942,2026-08-17,09:37,Nübe Centro,Mostrador,Croissant,1,6000,Nequi,C060
7391,26/09/2026,06:57,Nübe Centro,Mostrador,Tinto,2,3000,Efectivo,
407,2026-08-06,14:13,NUBE CENTRO,Mostrador,Latte,2,9000,Efectivo,
635,07/08/2026,16:02,Nübe Altico,Domicilio,Latte,3,9000,Efectivo,
3077,2026-08-24,07:28,Nübe Altico,Domicilio,TINTO,1,3000,Nequi,
5692,2026-09-13,14:22,Nübe Centro,Mostrador,CROISSANT ,2,6000,Tarjeta,C204
304,2026-08-05,14:55,Nübe Altico,Mostrador,Latte,1,9000,Tarjeta,
6609,2026-09-19,10:30,Nübe Altico,Mostrador,Croissant,1,6000,Efectivo,
5440,11/09/2026,15:18,Nübe Centro,Mostrador,Frappé de café,2,11000,Tarjeta,
6283,17/09/2026,09:32,Nübe Altico,Mostrador,Tinto,1,3000,Nequi,
5508,2026-09-11,11:26,Nübe El Altico,Domicilio,TINTO,1,3000,Tarjeta,
6747,2026-09-20,10:48,Nübe Altico,Mostrador,Latte,3,9000,Efectivo,
6448,2026-09-19,20:23,Nübe Centro,Domicilio,capuchino,1,,Tarjeta,C053
1219,2026-08-12,06:30,Nübe Centro,Domicilio,Croissant,1,6000,Efectivo,
1419,2026-08-13,12:29,Nübe Altico,Domicilio, Capuchino ,1,8500,Tarjeta,
7183,2026-09-24,09:24,Nübe Altico,Mostrador,Latte,1,9000,Efectivo,C273
2609,2026-08-22,08:26,centro,Mostrador,Tinto,1,3000,Nequi,
3252,2026-08-26,07:07,Nübe Centro,Mostrador,Americano,1,5000,Efectivo,C138
5373,2026-09-10,13:18,altico,Domicilio,Latte,1,9000,Efectivo,
6616,19/09/2026,14:02,Nübe Altico,Mostrador,Americano,1,$5.000,Nequi,
1378,13/08/2026,15:48,Nübe Centro,Mostrador,Capuchino,1,8500,Efectivo,
3228,26/08/2026,09:54,Nübe Centro,Mostrador,Americano,1,$5.000,Tarjeta,
4067,01/09/2026,08:29,Nübe Centro,Mostrador,Croissant,1,6000,Nequi,
650,07/08/2026,07:27,Nübe Altico,Mostrador, Capuchino ,1,8500,Efectivo,
2048,2026-08-17,12:49,Nübe Altico,Mostrador,Croissant,1,6000,Efectivo,C169
7187,2026-09-24,08:54,Nübe Altico,Mostrador,Tinto,2,3000,Nequi,C038
5429,2026-09-11,11:35,Nübe Centro,Mostrador,Frappé de café,2,11000,Tarjeta,
1358,2026-08-13,12:56,Nübe Centro,Mostrador,Latte,1,9000,Efectivo,C087
6061,2026-09-16,08:11,Nübe Centro,Mostrador,Croissant de almendras,2,8000,Efectivo,
4966,2026-09-07,17:59,Nübe Altico,Domicilio,Capuchino,1,8500,Tarjeta,C170
6232,17/09/2026,14:33,Nübe Centro,Mostrador,Latte,1,9000,Nequi,
3016,2026-08-24,20:08,Nübe Centro,Mostrador,Americano,1,5000,Efectivo,
6892,2026-09-22,17:44,Nübe Centro,Mostrador,Croissant,2,6000,,C213
4346,2026-09-03,12:03,Nübe Centro,Mostrador,Frappé de café,1,11000,Efectivo,C231
3030,24/08/2026,07:26,Nübe Centro,Domicilio,Chocolate caliente,1 und,7500,Nequi,
7509,2026-09-26,07:33,Nübe Altico,Mostrador,Tinto,1,3000,Efectivo,
2110,2026-08-18,17:43,Nübe Centro,Mostrador,Croissant,1,$6.000,Nequi,
6364,2026-09-18,13:25,Nübe Centro,Domicilio,Croissant de almendras,1 und,8000,Nequi,
1346,2026-08-13,18:53,Nübe Centro,Mostrador,Capuchino,1,8500,Nequi,C279
4954,2026-09-07,19:40,Nübe Altico,Mostrador,Croissant de almendras,2,$8.000,Efectivo,
2724,2026-08-22,15:04,altico,Mostrador,Chocolate caliente,1,7500,Tarjeta,
1884,2026-08-16,16:38,Nübe Altico,Mostrador,Americano,1,5000,Nequi,
2887,2026-08-23,10:05,Nübe Centro,Mostrador,Americano,1,$5.000,NEQUI,
315,2026-08-05,09:23,Nübe Altico,Mostrador,Tinto,1,3000,Efectivo,
4891,2026-09-07,15:52,Nübe Centro,Mostrador,Tinto ,1,3000,Tarjeta,C293
5445,11/09/2026,06:32,Nübe Centro,Mostrador,Tinto,1,3000,Efectivo,C142
3072,24/08/2026,09:08,Nübe Altico,Mostrador,Croisant,3,6000,Tarjeta,C184
3029,2026-08-24,11:05,Nübe Centro,Domicilio,Capuchino,2,8500,Efectivo,
1002,2026-08-09,11:47,Nübe Altico,Mostrador,CROISSANT ,1 und,6000,Nequi,
1547,2026-08-14,08:57,Nübe Altico,Mostrador,Croissant,2,6000,Tarjeta,C078
3439,2026-08-27,16:08,Nübe Altico,Mostrador,Americano,1,5000,Efectivo,C206
4576,2026-09-05,07:10,Nübe Centro,Mostrador,Frappé de café,1,11000,Efectivo,
2550,2026-08-21,12:51,Nübe Altico,Mostrador,Capuchino,1,8500,EFECTIVO,
1936,2026-08-17,14:28,Nübe Centro,Mostrador,frappé de café,1,11000,Tarjeta,
6354,2026-09-18,06:34,Nübe Centro,Mostrador,Tinto,1,3000,Efectivo,C286
108,2026-08-04,12:19,Nübe Centro,Domicilio,Capuchino,1,8500,Tarjeta,
1222,2026-08-12,15:43,Nübe Centro,Domicilio,TINTO,2,3000,NEQUI,
405,2026-08-06,06:35,Nübe Centro,Domicilio,Tinto,1,3000,Tarjeta,C060
1021,2026-08-10,20:56,Nübe Centro,Mostrador,Tinto,1,3000,Efectivo,
5287,2026-09-10,07:38,Nübe Centro,Domicilio,Croissant,1,$6.000,Efectivo,C103
2089,18/08/2026,16:10,Nübe Centro,Mostrador,Capuchino,3,8500,Efectivo,C098
6585,2026-09-19,11:22,Nübe Altico,Mostrador,Capuchino,1,8500,Nequi,C054
7058,2026-09-23,08:04,Nübe Centro,Mostrador,Croissant,2,6000,NEQUI,
5589,2026-09-12,08:11,Nübe Centro,Mostrador,Croissant de almendras,2 und,8000,Nequi,C151
3775,2026-08-29,09:54,Nübe Altico,Mostrador,Latte,1,9000,,
2244,2026-08-19,07:23,Nube Centro ,Mostrador,TINTO,1,3000,Efectivo,
7217,2026-09-24,10:07,Nübe Altico,Domicilio,Croissant de almendras,2,8000,Tarjeta,C135
3218,2026-08-26,10:22,Nübe Centro,Mostrador,Tinto,1,3000,Tarjeta,
3628,2026-08-29,09:58,Nübe Centro,Mostrador,Tinto,1,3000,Efectivo,
1135,2026-08-11,09:31,Nübe Centro,Mostrador,Croissant,1,6000,Nequi,C141
3838,30/08/2026,13:21,Nübe Centro,Domicilio,Capuchino,2,8500,Efectivo,C045
2008,2026-08-17,06:54,Nübe Centro,Mostrador,Croissant,1,,Efectivo,
2614,2026-08-22,11:07,Nübe Centro,Mostrador,Tinto,2 und,3000,TARJETA,
3694,29/08/2026,11:51,Nübe Centro,Mostrador,Tinto,1,3000,Efectivo,
7318,2026-09-25,07:59,Nübe Altico,Mostrador,TINTO,1,3000,Efectivo,C235
6572,19/09/2026,06:38,Nübe Altico,Mostrador,chocolate caliente,1,7500,Nequi,C281
2285,2026-08-19,10:48,Nübe Centro,Mostrador,Latte,2,9000,EFECTIVO,C186
6700,2026-09-20,08:21,Nübe Centro,Domicilio,Capuchino,1,8500,,
2805,2026-08-23,10:21,Nübe Centro,Mostrador,Americano,1,5000,Efectivo,
4616,2026-09-05,09:45,Nübe Centro,Mostrador,Tinto,1,3000,Nequi,
3905,2026-08-30,08:58,Nübe Altico,Mostrador,Chocolate caliente,3,7500,Nequi,
880,2026-08-09,07:19,Nube Centro ,Mostrador,Croissant,1,6000,Tarjeta,
6641,2026-09-20,17:13,Nübe Centro,Mostrador,Capuchino,1,8500,Efectivo,C141
6228,17/09/2026,08:34,Nübe Centro,Mostrador,Tinto,1,3000,Efectivo,C151
3918,2026-08-30,18:52,altico,Mostrador, Capuchino ,2,8500,Efectivo,C137
121,2026-08-04,09:21,Nübe Centro,Domicilio,Latte,2,9000,Tarjeta,
549,2026-08-07,13:21,Nübe Centro,Mostrador,Croissant de almendras,1,8000,Efectivo,
4860,2026-09-06,11:52,Nübe Altico,Mostrador,tinto,3,3000,Nequi,
4706,05/09/2026,16:51,Nübe Altico,Mostrador,Capuchino,1,8500,Nequi,
2980,2026-08-24,09:37,Nübe Centro,Mostrador,Latte,1,9000,Tarjeta,
7346,25/09/2026,16:05,Nübe Altico,Mostrador,Capuchino,1,8500,Efectivo,C107
3829,2026-08-30,15:25,Nübe Centro,Mostrador,Capuccino,1,8500,Efectivo,
176,2026-08-04,08:42,Nübe Altico,Domicilio,Croisant,1,6000,Nequi,C240
733,2026-08-08,14:46,Nübe Centro,Mostrador,Americano,2,5000,Nequi,
1774,2026-08-16,10:48,Nübe Centro,Mostrador,Tinto ,1,3000,EFECTIVO,
5887,2026-09-14,12:26,Nübe Centro,Mostrador,Croissant de almendras,1,8000,Efectivo,
3372,2026-08-27,19:34,Nübe Centro,Mostrador,Croissant de almendras,1,8000,Nequi,
7310,2026-09-25,07:29,Nübe Altico,Domicilio,Capuchino,1,8500,Nequi,
2627,2026-08-22,10:43,Nübe Centro,Domicilio,Frappe de cafe,2,11000,Tarjeta,
1286,2026-08-12,11:38,Nübe Altico,Domicilio,Capuchino,1,8500,Tarjeta,
7400,2026-09-26,18:30,Nübe Centro,Domicilio,Chocolate caliente,1,7500,Tarjeta,C234
2356,2026-08-20,19:50,NUBE CENTRO,Mostrador,Chocolate caliente,1,7500,Nequi,
5721,13/09/2026,09:51,Nübe Centro,Mostrador,Americano,1,$5.000,Nequi,
611,07/08/2026,14:07,Nübe Altico,Mostrador,Capuchino,1 und,8500,Efectivo,
3040,2026-08-24,12:14,Nübe Centro,Domicilio,Tinto,1,3000,Efectivo,
4712,2026-09-05,14:36,Nübe Altico,Mostrador,AMERICANO,2,5000,Nequi,
3863,2026-08-30,09:35,centro,Mostrador,Croissant,0,6000,Nequi,
7040,23/09/2026,15:33,centro,Mostrador,Croissant,1,6000,Nequi,
7669,2026-09-27,07:55,Nübe Altico,Mostrador,Capuchino,1,8500,Nequi,
6275,17/09/2026,07:52,Nübe Altico,Mostrador,Tinto,1,3000,Nequi,
1074,2026-08-10,07:36,Nübe Altico,Mostrador,Capuchino,1,8500,Tarjeta,C131
1752,2026-08-15,15:20,Nübe Altico,Mostrador,Tinto,2,3000,NEQUI,C210
4244,2026-09-02,07:06,Nübe Centro,Mostrador,Chocolate caliente,1,7500,Tarjeta,
2969,2026-08-23,07:55,Nübe Altico,Mostrador,Croissant,1,$6.000,Nequi,
5424,2026-09-11,09:26,Nübe Centro,Mostrador,Capuchino,2,8500,Nequi,
2797,2026-08-23,07:37,Nübe Centro,Mostrador,Croissant de almendras,1,8000,Tarjeta,C150
2907,2026-08-23,09:22,Nübe Altico,Mostrador,Latte,2,9000,Nequi,
3674,2026-08-29,09:47,Nübe Centro,Mostrador,Frappé de café,1,11000,Tarjeta,C043
7167,2026-09-24,13:00,Nübe Centro,Mostrador,Frappé de café,1,$11.000,Efectivo,
7414,2026-09-26,18:57,Nübe Centro,Domicilio,Americano,1,5000,Tarjeta,
228,2026-08-05,07:40,NUBE CENTRO,Mostrador,Croissant,3,6000,Efectivo,
5540,2026-09-12,08:15,Nübe Centro,Mostrador,Capuchino,1,8500,Nequi,
5069,2026-09-08,06:33,Nübe Centro,Domicilio,Latte,1,9000,Efectivo,
1494,2026-08-14,10:42,Nübe Centro,Domicilio,Croissant,2,6000,Nequi,C081
3101,2026-08-25,09:16,Nübe Centro,Domicilio,Latte,2,9000,Tarjeta,C126
1676,2026-08-15,13:00,Nube Centro ,Mostrador,Tinto,1 und,3000,Nequi,C125
7079,2026-09-23,09:39,Nübe Altico,Mostrador,Croissant de almendras,1,8000,Nequi,C057
7333,2026-09-25,07:16,Nübe Altico,Mostrador,Frappé de café,1,11000,Nequi,C282
5301,2026-09-10,12:09,NUBE CENTRO,Domicilio,Croissant de almendras,1,8000,Tarjeta,C292
3017,2026-08-24,13:42,Nübe Centro,Mostrador,Latte,1,9000,Efectivo,
2881,2026-08-23,09:28,Nübe Centro,Mostrador,Tinto,1 und,3000,Nequi,C054
3369,2026-08-27,08:37,Nübe Centro,Mostrador,Americano,1,5000,Efectivo,C211
5143,2026-09-09,15:48,Nübe Centro,Mostrador,Capuchino,1,8500,Nequi,
6713,2026-09-20,08:13,Nübe Altico,Mostrador,Americano,3,5000,Tarjeta,C050
5677,2026-09-13,20:16,Nübe Centro,Mostrador,Tinto,1,3000,Tarjeta,
1562,2026-08-14,09:27,Nübe Altico,Mostrador, Capuchino ,2,8500,Nequi,C151
5117,2026-09-08,07:34,Nübe Altico,Mostrador,Latte,1,9000,Efectivo,C249
6501,2026-09-19,08:28,Nübe Centro,Domicilio,Latte,2,$9.000,Efectivo,
3274,2026-08-26,11:46,Nübe Altico,Mostrador,Chocolate caliente,1,7500,Tarjeta,C166
6563,2026-09-19,10:48,Nübe Altico,Mostrador,Capuchino,1,8500,Efectivo,C144
6972,2026-09-22,13:56,Nübe Altico,Mostrador,Americano,1,5000,Tarjeta,
2382,2026-08-20,08:43,Nübe Centro,Mostrador,AMERICANO,2,5000,Efectivo,
73,2026-08-03,09:42,Nübe Altico,Mostrador,Tinto,3,3000,Efectivo,C196
1450,14/08/2026,12:47,Nübe Centro,Mostrador,Americano,1,5000,Efectivo,C126
5038,2026-09-08,10:51,Nübe Centro,Domicilio,Tinto,2,3000,Efectivo,
3379,2026-08-27,18:24,Nübe Centro,Mostrador,Croissant,2,6000,Efectivo,
1634,2026-08-15,10:09,Nübe Centro,Mostrador, LATTE,1,9000,Efectivo,C202
2507,2026-08-21,10:48,Nübe Centro,Mostrador,Croissant,2,6000,Tarjeta,
7442,2026-09-26,20:08,Nube Centro ,Mostrador,Latte,1,9000,Efectivo,C145
2133,2026-08-18,07:34,Nübe Centro,Mostrador,Frappé de café,1,$11.000,Nequi,C300
5326,2026-09-10,10:29,Nübe Centro,Mostrador,Croissant,2,,Efectivo,C131
7105,2026-09-23,06:05,Nübe Altico,Mostrador,Frappé de café,1,$11.000,Tarjeta,
5954,2026-09-15,06:01,Nübe Centro,Mostrador,Croissant,1,6000,Efectivo,
4272,2026-09-02,08:26,Nübe Altico,Mostrador,Tinto,1,3000,Tarjeta,C202
6126,2026-09-16,15:55,Nübe Altico,Mostrador,Frappé de café,1,11000,Tarjeta,
7168,24/09/2026,08:49,Nübe Centro,Mostrador,Capuchino,1,8500,Efectivo,
171,2026-08-04,08:28,Nübe Centro,Domicilio,Tinto,1,3000,Tarjeta,
5359,2026-09-10,20:40,Nübe Altico,Mostrador,Croissant,1,6000,Tarjeta,
2681,2026-08-22,08:02,Nübe Centro,Mostrador,Tinto,1,$3.000,Efectivo,C292
418,2026-08-06,14:24,Nübe Altico,Domicilio,CROISSANT ,1,6000,Nequi,
4121,2026-09-01,16:16,Nübe Centro,Domicilio,AMERICANO,1,5000,Efectivo,C264
58,2026-08-03,10:49,Nübe Centro,Mostrador,Capuchino,1,8500,Efectivo,
4347,2026-09-03,16:14,Nübe Centro,Mostrador,Chocolate caliente,2,7500,Nequi,C072
5506,2026-09-11,07:21,Nübe Altico,Mostrador,Latte,3,9000,Nequi,C126
6145,2026-09-16,08:15,Nübe Altico,Mostrador,Chocolate caliente,1,7500,Efectivo,C209
2055,2026-08-17,06:36,Nübe Altico,Domicilio,Croissant,1,6000,Tarjeta,
2651,2026-08-22,13:15,Nübe Centro,Domicilio,Tinto,1,3000,Efectivo,C279
3565,2026-08-28,19:14,Nübe Altico,Mostrador,latte,,9000,Tarjeta,C181
426,2026-08-06,13:37,Nübe Altico,Mostrador,Tinto,1,3000,Efectivo,C153
4156,2026-09-01,10:41,Nübe Altico,Mostrador,Capuchino,1,8500,Efectivo,
3788,2026-08-30,08:20,Nübe Centro,Mostrador,Croisant,1,6000,NEQUI,C245
3686,2026-08-29,06:02,Nübe Centro,Mostrador,Latte,1,9000,Nequi,C237
1238,2026-08-12,07:28,Nübe Centro,Mostrador,TINTO,2,$3.000,Tarjeta,
6776,2026-09-21,11:04,Nübe Centro,Mostrador,Capuchino,2,8500,Tarjeta,
6839,2026-09-21,12:00,centro,Mostrador,Tinto,1,3000,Nequi,
3215,2026-08-26,16:03,Nübe Centro,Mostrador,Croissant,2 und,6000,Nequi,
5786,2026-09-13,09:24,Nübe Altico,Mostrador,Capuchino,2,8500,Nequi,C203
6505,2026-09-19,07:48,Nübe Centro,Mostrador,Tinto,1,3000,Nequi,C193
422,2026-08-06,14:29,Nübe Altico,Mostrador,Americano,2,5000,Nequi,C135
5766,2026-09-13,09:43,Nübe Altico,Mostrador,Tinto,1,3000,Tarjeta,
1792,2026-08-16,06:24,Nübe Centro,Mostrador,Americano,2,5000,NEQUI,
4683,2026-09-05,12:58,Nübe Altico,Mostrador,CAPUCHINO,2,8500,Nequi,
6410,2026-09-18,07:46,NUBE ALTICO,Mostrador,Croissant de almendras,3,8000,Tarjeta,
1209,2026-08-12,08:27,Nübe Centro,Domicilio,Latte,1,9000,Efectivo,C266
6619,2026-09-19,07:52,Nübe Altico,Mostrador,Croissant,1,$6.000,Efectivo,C220
1561,14/08/2026,15:41,Nübe Altico,Domicilio,Croissant de almendras,1,8000,NEQUI,
698,2026-08-08,08:01,Nübe Centro,Domicilio,Americano,1,5000,Nequi,
842,2026-08-08,08:26,Nübe Altico,Mostrador,Croissant,3,6000,Efectivo,
479,2026-08-07,15:03,Nübe Centro,Mostrador,Croissant,1,$6.000,Tarjeta,
4757,2026-09-06,15:43,Nübe Centro,Mostrador,Tinto,1,3000,NEQUI,
6578,2026-09-19,12:36,Nübe Altico,Mostrador,Frappé de café,1,11000,Efectivo,
4502,2026-09-04,08:25,Nübe Centro,Mostrador,Latte,1,9000,Tarjeta,C187
14,2026-08-03,16:39,Nübe Centro,Mostrador,Croissant,1,6000,Nequi,C017
4164,2026-09-01,17:50,Nübe Altico,Mostrador,Croissant,1,6000,Nequi,C266
622,2026-08-07,07:42,Nübe Altico,Mostrador,Croissant,1,6000,Efectivo,
6922,2026-09-22,19:56,Nübe Centro,Mostrador,Tinto,1,3000,Efectivo,
155,2026-08-04,18:29,Nübe Centro,Domicilio,Capuchino,1,8500,Nequi,C171
3616,2026-08-29,09:48,Nübe Centro,Domicilio,Croissant de almendras,1,8000,Efectivo,C190
2769,2026-08-22,10:29,Nübe Altico,Mostrador,latte,1,9000,Efectivo,C153
7418,26/09/2026,09:54,centro,Domicilio,Croissant de almendras,1,8000,Efectivo,C203
2544,2026-08-21,10:28,Nübe Altico,Domicilio,Croissant,1,$6.000,Efectivo,
6408,2026-09-18,10:52,Nübe Altico,Mostrador,TINTO,2,3000,Tarjeta,C184
4306,2026-09-03,06:12,Nübe Centro,Mostrador,Americano,1,5000,Nequi,C051
4640,2026-09-05,17:12,Nübe Centro,Domicilio,CROISSANT ,1,$6.000,Efectivo,
7376,2026-09-26,17:04,Nübe Centro,Domicilio,Croissant almendras,2,8000,Tarjeta,C028
5891,2026-09-14,16:05,Nübe Altico,Mostrador,croissant de almendras,1,$8.000,Tarjeta,C112
1782,2026-08-16,17:12,Nübe Centro,Mostrador,Frappé de café,1,11000,Tarjeta,C124
7394,26/09/2026,16:44,Nübe Centro,Mostrador,Tinto,1,3000,Efectivo,
4590,2026-09-05,18:34,Nübe Centro,Mostrador,Latte,1,,Efectivo,C267
4208,2026-09-02,20:56,Nübe Centro,Mostrador,Capuchino,1,8500,Tarjeta,C201
4728,2026-09-05,18:44,Nübe Altico,Mostrador,Americano,2,5000,Nequi,C062
2037,2026-08-17,08:00,Nübe Altico,Mostrador,TINTO,1,3000,Efectivo,C088
6572,19/09/2026,06:38,Nübe Altico,Mostrador,Croissant,1,6000,Nequi,C281
3630,2026-08-29,15:13,Nübe Centro,Domicilio,Capuchino,1,8500,Efectivo,
6080,2026-09-16,16:30,NUBE CENTRO,Mostrador,Croissant de almendras,1,8000,Efectivo,C159
453,2026-08-06,11:14,Nübe Altico,Mostrador,Croissant de almendras,1,$8.000,Tarjeta,
3083,2026-08-24,07:02,Nübe Altico,Mostrador,Croissant,2,6000,Tarjeta,
4606,2026-09-05,09:15,Nübe Centro,Mostrador,Tinto,1,3000,Tarjeta,C273
92,03/08/2026,08:34,Nübe Altico,Domicilio,Americano,1,,Nequi,
4315,2026-09-03,11:26,Nübe Centro,Mostrador,Capuchino,1,8500,Efectivo,
2285,2026-08-19,10:48,NUBE CENTRO,Mostrador,Capuchino,1,8500,Efectivo,C186
4207,2026-09-02,20:01,Nübe Centro,Mostrador,Latte,1 und,9000,Efectivo,
3337,2026-08-27,06:00,centro,Mostrador,Capuchino,2,8500,Efectivo,C054
2573,2026-08-21,17:33,altico,Domicilio,Croissant,1,6000,Efectivo,
4949,2026-09-07,16:41,Nübe Altico,Domicilio,Latte,2,$9.000,Nequi,
4605,2026-09-05,09:30,Nübe Centro,Mostrador,Latte,1,$9.000,Tarjeta,
7473,2026-09-26,14:00,Nübe Altico,Mostrador,Croissant,1,6000,Efectivo,
6156,2026-09-16,20:05,Nübe Altico,Mostrador,Tinto ,3,3000,Efectivo,C111
2905,2026-08-23,11:29,altico,Mostrador,Latte,1,9000,Nequi,
2848,23/08/2026,08:29,Nübe Centro,Mostrador,Tinto,1,3000,Tarjeta,
7471,2026-09-26,15:26,Nübe Altico,Domicilio,Chocolate caliente,1,$7.500,Efectivo,C103
1062,10/08/2026,13:13,Nübe Altico,Mostrador,americano,1,5000,Efectivo,C060
6356,2026-09-18,12:38,Nübe Centro,Mostrador, Capuchino ,1,8500,Tarjeta,C176
5880,2026-09-14,19:15,Nübe Centro,Mostrador,Latte,1,9000,Efectivo,C276
7651,2026-09-27,07:14,Nübe Altico,Mostrador,Latte,1,9000,Tarjeta,C217
5332,2026-09-10,13:08,Nübe Altico,Domicilio,croissant de almendras,1,8000,EFECTIVO,
6150,2026-09-16,12:54,Nübe Altico,Domicilio,frappé de café,1,$11.000,Efectivo,
5380,2026-09-10,20:20,Nübe Altico,Mostrador,Latte,1,9000,TARJETA,
5722,2026-09-13,17:46,Nübe Centro,Mostrador,Frappé de café,1,11000,Tarjeta,C024
6384,2026-09-18,10:47,Nübe Altico,Mostrador,Capuchino,1,8500,Nequi,
3562,2026-08-28,10:17,Nübe Altico,Mostrador,Capuchino,1,8500,Nequi,C092
5181,09/09/2026,08:17,Nübe Centro,Mostrador,AMERICANO,1,5000,Tarjeta,C298
2820,2026-08-23,14:56,Nübe Centro,Mostrador,Frappé de café,3,11000,Efectivo,
4040,2026-08-31,16:43,Nübe Altico,Mostrador,Capuchino,1,8500,Nequi,
6054,2026-09-16,09:43,Nübe Centro,Mostrador,Tinto,1,3000,Tarjeta,C151
3002,2026-08-24,08:36,Nübe Centro,Mostrador,Croissant,1,6000,Efectivo,C187
3030,2026-08-24,07:26,centro,Domicilio,Capuchino,1,8500,Nequi,
5070,2026-09-08,14:28,Nübe Centro,Mostrador,Croissant,1,6000,Tarjeta,C216
6898,2026-09-22,14:17,Nübe Centro,Mostrador,Americano,2,5000,Tarjeta,
6589,19/09/2026,10:19,Nübe Altico,Domicilio,Tinto,1,3000,Nequi,
489,2026-08-07,17:15,Nübe Centro,Domicilio,Croissant,1,6000,Tarjeta,C194
7305,25/09/2026,06:25,Nübe Centro,Mostrador,Capuchino,1,$8.500,Efectivo,C190
5859,2026-09-14,17:38,Nübe Centro,Domicilio,Croissant,2,6000,Nequi,
4669,2026-09-05,12:45,Nübe El Altico,Domicilio,Tinto,1,3000,Nequi,
513,2026-08-07,09:58,Nübe Centro,Mostrador,Capuchino,1,8500,Efectivo,
3492,2026-08-28,17:02,Nübe Centro,Domicilio,Capuchino,3,8500,Efectivo,C172
87,2026-08-03,10:44,Nübe Altico,Domicilio,Frappé de café,1,11000,Tarjeta,
5251,2026-09-10,07:39,Nübe Centro,Mostrador,Croissant de almendras,1,8000,Tarjeta,C148
3447,2026-08-27,09:16,Nübe Altico,Domicilio,Croissant de almendras,1,8000,Nequi,
5515,2026-09-11,07:36,Nübe Altico,Mostrador,Americano,1,5000,Tarjeta,C296
2536,2026-08-21,11:01,Nübe Altico,Domicilio,Capuchino,1,8500,Nequi,
80,2026-08-03,08:01,Nübe Altico,Domicilio,Croissant de almendras,1,8000,Efectivo,
5562,2026-09-12,09:42,Nübe Centro,Mostrador, LATTE,2,9000,Tarjeta,
7467,26/09/2026,17:18,Nübe Altico,Mostrador,Tinto,1,3000,Tarjeta,
7245,2026-09-25,08:48,Nübe Centro,Mostrador,Capuchino,1,8500,Efectivo,
5068,2026-09-08,16:44,Nübe Centro,Mostrador,Capuchino,2,8500,Tarjeta,C240
320,2026-08-05,09:37,Nübe Altico,Mostrador,Croissant,1,6000,Nequi,
324,05/08/2026,20:13,Nübe Altico,Domicilio,Croissant,3,6000,Tarjeta,
7226,2026-09-24,10:25,Nübe Altico,Mostrador,Americano,1,5000,Efectivo,
6085,16/09/2026,09:40,Nübe Centro,Domicilio,Croissant,1 und,6000,Tarjeta,
1808,2026-08-16,18:59,Nübe Centro,Mostrador,Capuchino,1,$8.500,Nequi,C249
4097,2026-09-01,10:10,Nübe Centro,Mostrador,Croissant,2,$6.000,Efectivo,C283
4713,2026-09-05,16:37,Nübe Altico,Mostrador,Chocolate caliente,1,7500,Tarjeta,C098
222,2026-08-04,10:54,Nübe Altico,Mostrador,Croissant,1,6000,Tarjeta,
6674,20/09/2026,09:30,Nübe Centro,Mostrador,Tinto,2,3000,Tarjeta,
6930,2026-09-22,07:03,Nübe Centro,Mostrador,Croissant,,6000,Efectivo,
2551,2026-08-21,08:24,Nübe Altico,Mostrador,Croissant de almendras,1,8000,Tarjeta,
4885,2026-09-06,08:51,Nübe Altico,Domicilio,Tinto,1,,Tarjeta,
4462,2026-09-04,14:29,Nübe Centro,Mostrador,Croissant,1,6000,Nequi,C110
4638,2026-09-05,07:15,Nübe Centro,Domicilio,Americano,1,5000,Efectivo,
143,2026-08-04,07:18,Nübe Centro,Domicilio,Tinto ,1,$3.000,TARJETA,C127
2408,2026-08-20,15:54,Nübe Centro,Domicilio,Tinto,1,3000,Efectivo,
2079,17/08/2026,18:04,Nübe Altico,Mostrador,Americano,1,5000,Nequi,C001
639,2026-08-07,10:27,Nübe Altico,Domicilio,Croissant,2,6000,Nequi,C078
219,2026-08-04,10:16,Nübe Altico,Domicilio,Tinto,1 und,3000,Efectivo,
7162,2026-09-24,14:26,Nübe Centro,Mostrador,Croissant,1,6000,Tarjeta,
358,2026-08-06,17:48,Nübe Centro,Mostrador,Latte,1,9000,Efectivo,
6850,2026-09-21,16:57,Nübe Altico,Mostrador,Chocolate caliente,3,7500,Efectivo,C251
7454,2026-09-26,09:45,Nübe Altico,Mostrador,Latte,2,9000,Efectivo,
1486,2026-08-14,07:36,NUBE CENTRO,Mostrador,Croissant,1,6000,Efectivo,
2920,2026-08-23,15:53,Nübe Altico,Mostrador,Americano,,5000,Efectivo,
5829,2026-09-14,17:57,Nübe Centro,Mostrador,Croissant,2,6000,Efectivo,
7091,2026-09-23,07:12,Nübe Altico,Mostrador,Latte,1,9000,Tarjeta,
5897,14/09/2026,13:37,Nübe Altico,Mostrador,Tinto,1,3000,EFECTIVO,
1416,2026-08-13,09:36,Nübe Altico,Mostrador,Croissant,3,6000,Tarjeta,C110
2478,2026-08-21,14:59,Nübe Centro,Mostrador,Croissant,1,6000,Nequi,
5559,12/09/2026,15:34,Nübe Centro,Mostrador,americano,2,5000,Efectivo,C113
7613,2026-09-27,17:27,Nübe Centro,Mostrador,Tinto,1,3000,Nequi,
604,2026-08-07,08:21,Nübe Altico,Domicilio,Americano,,,EFECTIVO,
1974,17/08/2026,15:35,Nübe Centro,Mostrador,CROISSANT ,1,$6.000,Nequi,
3384,2026-08-27,18:44,Nübe Centro,Domicilio,Americano,1,5000,Tarjeta,
5226,2026-09-09,08:43,Nübe Altico,Mostrador,croissant de almendras,1,8000,Nequi,
5739,2026-09-13,09:24,Nübe Centro,Mostrador,Chocolate caliente,1,7500,Efectivo,C231
3587,2026-08-28,19:12,Nübe Altico,Mostrador,Croissant de almendras,1,8000,Nequi,C097
589,2026-08-07,09:21,Nübe Altico,Mostrador,capuchino,1,8500,Efectivo,
6915,2026-09-22,11:00,Nübe Centro,Domicilio,Tinto,1,3000,Tarjeta,
4735,05/09/2026,19:21,Nübe Altico,Mostrador,Croissant,2,6000,Tarjeta,C073
176,2026-08-04,08:42,Nübe Altico,Domicilio,Latte,1,9000,Nequi,C240
6999,2026-09-23,07:49,Nübe Centro,Mostrador,Croissant,1,6000,Tarjeta,C033
5261,2026-09-10,10:19,Nübe Centro,Domicilio,Tinto,1,3000,Efectivo,
4286,2026-09-02,19:31,Nübe Altico,Mostrador,Chocolate caliente,1,7500,Nequi,C174
6276,17/09/2026,09:01,Nübe Altico,Mostrador,Tinto,1,3000,Tarjeta,
5819,2026-09-14,11:06,Nübe Centro,Mostrador,Frappé de café,1,11000,Nequi,
4899,2026-09-07,15:51,Nübe Centro,Domicilio,Americano,1 und,5000,Efectivo,
5408,2026-09-11,20:10,Nübe Centro,Mostrador,Tinto,1,3000,Nequi,
6840,2026-09-21,16:05,Nübe Centro,Domicilio,Capuchino,2,8500,Tarjeta,C145
6497,19/09/2026,09:56,Nübe Centro,Mostrador,Croissant almendras,1,8000,Efectivo,
6254,2026-09-17,20:36,Nübe Altico,Mostrador,Americano,2,5000,Efectivo,
3296,2026-08-26,07:33,Nübe Altico,Domicilio,Tinto,1,$3.000,Nequi,
3802,2026-08-30,07:29,Nübe Centro,Mostrador,Tinto,2,3000,Nequi,
2116,2026-08-18,07:11,Nübe Centro,Mostrador,Tinto,3,3000,TARJETA,C287
3375,2026-08-27,18:16,Nübe Centro,Domicilio,Americano,1,$5.000,Nequi,
7140,24/09/2026,09:21,Nübe Centro,Mostrador,Croissant de almendras,1,8000,Tarjeta,C239
1872,2026-08-16,10:53,Nübe Altico,Domicilio,Croissant de almendras,2,8000,Tarjeta,C103
7051,2026-09-23,15:18,Nübe Centro,Domicilio,Croissant,1,6000,Nequi,
3331,2026-08-27,10:45,Nübe Centro,Mostrador,Capuchino,1,8500,Tarjeta,
1702,2026-08-15,19:07,Nübe Altico,Mostrador,Croissant,1,6000,Nequi,
4839,2026-09-06,10:38,Nübe Altico,Mostrador,Americano,1,5000,Nequi,
6604,2026-09-19,16:55,Nübe Altico,Mostrador,Croissant,2 und,6000,Nequi,
3170,2026-08-25,14:10,Nübe Altico,Mostrador,Chocolate caliente,1,7500,Nequi,C057
3449,2026-08-27,07:48,Nübe Altico,Domicilio,Croissant de almendras,1,8000,Nequi,C101
3760,2026-08-29,17:16,Nübe Altico,Domicilio,Croissant de almendras,1,8000,Nequi,
337,2026-08-06,09:35,Nübe Centro,Mostrador,Capuchino,1,8500,Efectivo,
1848,2026-08-16,17:58,Nübe Centro,Mostrador,Capuchino,1,8500,TARJETA,
6162,2026-09-16,18:30,Nübe Altico,Mostrador,Tinto,1,3000,Nequi,
6306,2026-09-18,08:58,Nübe Centro,Mostrador,Croissant de almendras,1,8000,Efectivo,
4940,2026-09-07,09:08,NUBE CENTRO,Mostrador,Americano,1,5000,Nequi,
4269,2026-09-02,10:06,Nübe Altico,Mostrador,Tinto,,3000,Efectivo,
651,2026-08-07,15:44,Nübe Altico,Mostrador,Capuchino,1,8500,Nequi,
5878,2026-09-14,10:56,Nübe Centro,Domicilio,Americano,1,5000,Tarjeta,
849,2026-08-08,18:52,Nübe Altico,Domicilio,Tinto,1,3000,Efectivo,
5085,2026-09-08,17:44,Nübe Altico,Mostrador,Tinto,1,3000,Tarjeta,
5891,2026-09-14,16:05,Nübe Altico,Mostrador,Tinto,1,3000,TARJETA,C112
3274,2026-08-26,11:46,Nübe Altico,Mostrador,Tinto ,1,$3.000,TARJETA,C166
3265,2026-08-26,09:51,Nübe Altico,Mostrador,Croissant,1,6000,Tarjeta,C157
4993,2026-09-07,11:11,Nübe Altico,Mostrador,Capuchino,1,8500,Efectivo,
2422,2026-08-20,16:33,Nübe Altico,Mostrador,Americano,1,5000,EFECTIVO,C037
960,2026-08-09,08:45,Nübe Altico,Mostrador,Americano,1,5000,Efectivo,C091
6808,2026-09-21,18:36,Nübe Centro,Domicilio,Tinto,1,3000,Nequi,
371,2026-08-06,11:57,Nübe Centro,Mostrador,Croissant,,6000,Tarjeta,C035
7445,2026-09-26,19:59,Nübe Centro,Mostrador,Americano,1,5000,Nequi,C235
2596,2026-08-21,08:41,Nübe Altico,Domicilio,Croissant de almendras,1,8000,Efectivo,
5977,2026-09-15,15:06,Nübe Centro,Mostrador,Capuchino,2,8500,Nequi,C248
5564,2026-09-12,14:51,Nübe Centro,Mostrador,Latte,1 und,9000,Tarjeta,
3482,2026-08-28,08:02,Nübe Centro,Mostrador,Latte,2,9000,Tarjeta,C074
397,2026-08-06,16:02,centro,Mostrador,Tinto,1,3000,Efectivo,
6861,2026-09-21,08:46,Nübe Altico,Mostrador,Capuchino,1,$8.500,Efectivo,
6258,2026-09-17,09:25,Nübe Altico,Mostrador,Chocolate caliente,2,7500,Efectivo,
743,2026-08-08,09:58,Nübe Centro,Mostrador,Croissant de almendras,1,8000,Nequi,C157
412,06/08/2026,09:09,Nübe Centro,Mostrador,Croissant,1,6000,NEQUI,
7118,2026-09-24,11:20,Nübe Centro,Mostrador,Croissant,1,6000,Nequi,C069
308,2026-08-05,18:32,Nübe Altico,Mostrador,Frappe de cafe,2,11000,Efectivo,
3751,2026-08-29,19:42,Nübe Altico,Mostrador,CROISSANT ,1,6000,Efectivo,
5288,2026-09-10,19:05,Nübe Centro,Domicilio, Capuchino ,1,8500,Efectivo,C213
1277,12/08/2026,07:38,Nübe Altico,Mostrador,Chocolate  caliente,1,7500,Efectivo,
4945,2026-09-07,11:43,Nübe Altico,Mostrador,Tinto,1,3000,NEQUI,C223
6672,20/09/2026,11:49,Nübe Centro,Mostrador,Frappé de café,1,11000,Efectivo,C139
7369,2026-09-26,15:43,Nübe Centro,Mostrador,Chocolate caliente,1,7500,Efectivo,
1610,15/08/2026,10:38,Nübe Centro,Mostrador,Frappé de café,2,11000,Efectivo,C184
5696,13/09/2026,07:00,Nübe Centro,Mostrador,Capuchino,2,8500,Efectivo,
1555,2026-08-14,09:35,Nübe Altico,Mostrador,croissant de almendras,2,8000,Efectivo,
15,2026-08-03,12:43,Nübe Centro,Mostrador,Capuchino,1,8500,Nequi,
1264,2026-08-12,14:31,Nübe Centro,Domicilio,Croissant,1,$6.000,Tarjeta,C189
1813,2026-08-16,08:15,Nübe Centro,Domicilio,Frappé de café,1,11000,,
38,03/08/2026,09:10,Nübe Centro,Mostrador,Chocolate caliente,2,7500,EFECTIVO,
5919,2026-09-14,11:02,Nübe Altico,Mostrador,Latte,1,9000,Efectivo,
3823,2026-08-30,17:35,Nübe Centro,Mostrador,Capuchino,1,8500,Efectivo,
7106,2026-09-23,19:40,Nübe Altico,Mostrador,Tinto,1,3000,Efectivo,C166
1790,2026-08-16,09:02,Nübe Centro,Mostrador,Croissant,1,6000,Nequi,C246
295,2026-08-05,15:49,Nübe Altico,Mostrador,Tinto,1,3000,TARJETA,C068
5815,2026-09-14,09:11,Nübe Centro,Domicilio,Americano,2,5000,Nequi,C056
3027,2026-08-24,16:43,Nübe Centro,Mostrador,Croissant,1,6000,Tarjeta,
7559,2026-09-27,15:38,Nübe Centro,Mostrador,Croissant,1,6000,Tarjeta,
3470,28/08/2026,18:08,Nübe Centro,Mostrador,Frappé de café,1,11000,Tarjeta,C208
835,2026-08-08,12:39,altico,Domicilio,Tinto,2,3000,Efectivo,
6762,2026-09-20,07:04,Nübe Altico,Mostrador,Tinto,1,3000,Efectivo,
2090,18/08/2026,13:27,Nübe Centro,Mostrador,Tinto,,3000,Tarjeta,C276
4666,2026-09-05,15:06,Nübe Altico,Domicilio,Capuchino,1,8500,Nequi,C204
3431,2026-08-27,08:50,Nübe Altico,Mostrador,Croissant de almendras,1,8000,Tarjeta,
4834,2026-09-06,07:22,Nübe Centro,Domicilio,Croissant,1,6000,Efectivo,
4276,2026-09-02,16:36,Nübe Altico,Mostrador,Capuchino,1,8500,Tarjeta,
1686,2026-08-15,11:21,Nübe Centro,Mostrador,Croissant,1,6000,Tarjeta,C276
3657,2026-08-29,15:40,Nübe Centro,Mostrador,Tinto,1,3000,Efectivo,
3138,2026-08-25,12:17,Nübe Centro,Mostrador,Americano,1,5000,Efectivo,
5273,2026-09-10,10:00,Nübe Centro,Mostrador,Americano,3,5000,Nequi,
1508,2026-08-14,08:12,Nübe Centro,Domicilio, Capuchino ,1,8500,Efectivo,
5350,2026-09-10,08:46,Nübe Altico,Mostrador,Capuccino,2,8500,NEQUI,C300
1135,2026-08-11,09:31,Nübe Centro,Mostrador,Tinto,1,3000,Nequi,C141
4276,2026-09-02,16:36,Nübe Altico,Mostrador,Latte,1,9000,Tarjeta,
3855,2026-08-30,09:51,Nübe Centro,Mostrador,Tinto,1,3000,Efectivo,
4112,2026-09-01,07:32,Nübe Centro,Domicilio,Americano,1,5000,Efectivo,
6103,2026-09-16,14:12,Nübe Centro,Mostrador,Capuchino,2,8500,Nequi,C164
4828,2026-09-06,11:13,Nübe Centro,Mostrador,Capuchino,1 und,8500,Efectivo,
3090,2026-08-24,11:52,Nübe Altico,Mostrador,Croissant de almendras,1,8000,Tarjeta,C130
1755,2026-08-15,17:57,NUBE ALTICO,Mostrador,Croissant,,$6.000,Tarjeta,
2337,20/08/2026,08:54,Nübe Centro,Mostrador,Tinto,1,3000,Tarjeta,
6136,2026-09-16,09:17,Nübe Altico,Mostrador, Capuchino ,1,8500,Tarjeta,
6985,2026-09-22,10:44,Nübe Altico,Mostrador,Tinto,1,3000,Efectivo,
7080,2026-09-23,11:45,Nübe Altico,Mostrador,Tinto,1,3000,Tarjeta,
5252,2026-09-10,10:44,Nübe Centro,Domicilio,Tinto,1,3000,Tarjeta,
7257,2026-09-25,18:12,Nübe Centro,Mostrador,Frappé de café,,11000,Nequi,
3151,2026-08-25,13:07,Nübe Centro,Domicilio,Croisant,1,6000,Nequi,
7395,2026-09-26,17:09,Nübe Centro,Mostrador,Capuchino,1 und,8500,Tarjeta,
722,2026-08-08,19:49,Nübe Centro,Domicilio,Capuccino,1,8500,Efectivo,
2020,2026-08-17,14:56,Nübe Altico,Mostrador,Croissant,3,6000,,
1466,2026-08-14,07:01,Nübe Centro,Mostrador,Latte,1,9000,Tarjeta,
7500,2026-09-26,09:24,Nübe Altico,Mostrador,Tinto,1,3000,NEQUI,
664,2026-08-08,08:21,NUBE CENTRO,Mostrador, Capuchino ,1,8500,Efectivo,
2472,2026-08-21,12:01,Nube Centro ,Mostrador,Capuchino,1,8500,Nequi,
4099,01/09/2026,08:59,Nübe Centro,Domicilio,Tinto,1,$3.000,NEQUI,
3847,30/08/2026,08:27,Nübe Centro,Domicilio,Capuchino,3,8500,Nequi,
1838,2026-08-16,07:49,Nübe Centro,Mostrador,Americano,1,5000,Tarjeta,
5842,2026-09-14,14:50,Nübe Centro,Mostrador,Americano,2 und,5000,Nequi,
3225,2026-08-26,18:41,Nübe Centro,Mostrador,Chocolate caliente,1,7500,Tarjeta,C172
5596,2026-09-12,17:49,Nube Centro ,Domicilio,Croissant,1,6000,Nequi,
4098,01/09/2026,10:23,Nübe Centro,Mostrador,Croissant almendras,1,8000,TARJETA,
32,2026-08-03,09:53,Nübe Centro,Mostrador,Capuchino,1,8500,Nequi,
2867,2026-08-23,12:30,Nübe Centro,Mostrador,Latte,2,9000,NEQUI,
403,2026-08-06,13:27,Nübe Centro,Mostrador,Capuchino,2,8500,Tarjeta,
3763,2026-08-29,18:07,Nübe Altico,Mostrador,Croissant de almendras,1,8000,Nequi,C141
4659,05/09/2026,14:17,Nübe Centro,Domicilio,Frappé de café,1,$11.000,,
6076,2026-09-16,15:48,Nübe Centro,Mostrador,CROISSANT ,,6000,Nequi,
3213,2026-08-26,11:41,Nübe Centro,Domicilio,Croissant de almendras,1,8000,Efectivo,C249
2585,2026-08-21,09:44,Nübe Altico,Mostrador,Frappé de café,2,11000,Tarjeta,C109
5796,2026-09-13,16:23,Nübe Altico,Domicilio,Capuchino,1,8500,Efectivo,
2397,2026-08-20,16:38,Nübe Centro,Mostrador,TINTO,1,3000,Nequi,C082
1096,2026-08-11,07:25,Nübe Centro,Mostrador,Croissant,1,6000,Nequi,C251
6419,2026-09-18,16:20,Nübe Altico,Mostrador,Croissant de almendras,1,,Nequi,
2855,2026-08-23,19:50,NUBE CENTRO,Mostrador,Tinto,3,3000,Tarjeta,
5781,2026-09-13,16:12,Nübe Altico,Mostrador,Tinto,1,3000,Nequi,C166
2506,2026-08-21,08:34,Nübe Centro,Domicilio,Croissant de almendras,1 und,8000,Efectivo,
6786,2026-09-21,13:22,Nübe Centro,Mostrador,Croissant,1,6000,Tarjeta,C253
6735,20/09/2026,08:16,Nübe Altico,Mostrador,Tinto,1,3000,Efectivo,
408,2026-08-06,19:38,Nübe Centro,Domicilio,tinto,1,3000,Efectivo,
3368,2026-08-27,13:04,Nübe Centro,Domicilio,Latte,2,9000,Tarjeta,C213
6851,2026-09-21,10:16,Nübe Altico,Mostrador,Croissant,1,$6.000,Tarjeta,
7543,2026-09-27,10:45,Nübe Centro,Mostrador,Americano,1,5000,Efectivo,
3320,2026-08-27,07:31,Nübe Centro,Mostrador,Croissant,2,6000,Efectivo,
3721,2026-08-29,15:45,Nübe Altico,Mostrador,Tinto,1,3000,Tarjeta,
2917,2026-08-23,15:57,Nübe Altico,Mostrador,Tinto,1,3000,Tarjeta,
6804,2026-09-21,10:48,Nübe Centro,Mostrador,Latte,1,9000,Nequi,
139,2026-08-04,08:10,Nübe Centro,Domicilio,Capuchino,1,8500,Efectivo,C153
7328,2026-09-25,17:40,Nübe Altico,Mostrador,Frappé de café,2,11000,Nequi,
5991,2026-09-15,09:21,Nübe Centro,Mostrador,Tinto,1,3000,Tarjeta,
3843,2026-08-30,16:11,Nübe Centro,Mostrador,Latte,1,9000,Efectivo,
1827,2026-08-16,07:40,Nübe Centro,Mostrador,Capuchino,1,8500,Nequi,C135
4785,2026-09-06,11:39,Nübe Centro,Mostrador,Croissant de almendras,1,$8.000,Tarjeta,C083
4060,2026-09-01,17:46,Nübe Centro,Mostrador,Croissant,1,6000,,
1440,2026-08-14,16:48,Nübe Centro,Mostrador,Tinto,1,3000,Nequi,
3857,2026-08-30,09:09,Nübe Centro,Domicilio,Croissant,1 und,$6.000,Nequi,C189
7606,2026-09-27,10:26,Nübe Centro,Mostrador,Latte,1,9000,Efectivo,
4049,31/08/2026,10:48,Nübe Altico,Mostrador,Croissant,1,6000,Nequi,C163
886,2026-08-09,17:17,Nübe Centro,Mostrador,Latte,2,9000,Tarjeta,
6857,2026-09-21,08:18,Nübe El Altico,Mostrador,Croissant,1,$6.000,Efectivo,
3226,2026-08-26,10:49,Nübe Centro,Mostrador,Tinto,1,3000,Tarjeta,C201
302,2026-08-05,07:44,Nübe Altico,Domicilio,croissant de almendras,1,8000,Tarjeta,
491,2026-08-07,17:39,Nübe Centro,Domicilio,Tinto,1,3000,Tarjeta,C240
3673,2026-08-29,08:35,Nübe Centro,Mostrador,Capuchino,1,8500,Efectivo,
3554,2026-08-28,16:26,Nübe Altico,Mostrador,Tinto,2,3000,Nequi,
2897,2026-08-23,07:05,Nübe Centro,Mostrador,Capuchino,1,8500,Efectivo,
3039,2026-08-24,14:49,Nübe Centro,Mostrador,Tinto,1,3000,Efectivo,
1557,2026-08-14,12:30,Nübe Altico,Mostrador,chocolate caliente,1,7500,Efectivo,
4443,2026-09-04,08:56,Nübe Centro,Mostrador,Americano,1,5000,Nequi,C162
2602,2026-08-22,10:49,Nübe Centro,Mostrador,Chocolate caliente,1,7500,Efectivo,
5657,2026-09-13,14:28,Nübe Centro,Mostrador,Americano,1,5000,Nequi,
6106,2026-09-16,06:33,Nübe Centro,Mostrador,Croissant de almendras,2,8000,TARJETA,C274
2653,22/08/2026,08:42,Nübe Centro,Mostrador,Croissant,2,6000,Tarjeta,C042
2427,2026-08-20,10:47,Nübe Altico,Domicilio,Capuchino,1,8500,Tarjeta,C295
252,2026-08-05,12:59,NUBE CENTRO,Domicilio,Tinto,1,3000,Tarjeta,C095
3488,2026-08-28,08:03,Nübe Centro,Mostrador,Croissant,1 und,6000,Efectivo,C061
2724,2026-08-22,15:04,Nübe Altico,Mostrador,CAPUCHINO,3,8500,Tarjeta,
292,2026-08-05,10:38,Nübe Altico,Mostrador,Chocolate caliente,1,$7.500,Tarjeta,C079
6483,2026-09-19,11:37,Nübe Centro,Mostrador,Frappé de café,1,11000,Nequi,C183
1315,2026-08-12,09:58,Nübe Altico,Mostrador,Tinto,1,3000,Efectivo,
5416,2026-09-11,15:07,Nübe Centro,Mostrador,Capuchino,1,8500,Nequi,C204
5884,14/09/2026,11:10,Nübe Centro,Domicilio,Capuchino,,8500,Efectivo,C036
7051,2026-09-23,15:18,Nübe Centro,Domicilio,Tinto,1,3000,Nequi,
4367,03/09/2026,16:47,Nübe Centro,Mostrador,chocolate caliente,1,7500,Nequi,
1437,2026-08-13,11:41,Nübe Altico,Mostrador,Latte,2,9000,NEQUI,C294
7250,2026-09-25,10:21,Nübe Centro,Mostrador,Croissant de almendras,1,8000,Efectivo,
6966,2026-09-22,08:41,Nübe Altico,Mostrador,Chocolate caliente,1,7500,Nequi,
704,2026-08-08,12:02,Nübe Centro,Mostrador,Chocolate caliente,1,7500,Tarjeta,
4343,2026-09-03,11:06,Nübe Centro,Domicilio,Croissant,1,6000,Efectivo,
5978,2026-09-15,07:46,Nube Centro ,Domicilio,Latte,1,9000,EFECTIVO,C296
7554,27/09/2026,14:59,Nübe Centro,Domicilio,Capuchino,1,8500,Nequi,C249
2807,2026-08-23,09:56,Nübe Centro,Mostrador,TINTO,2,3000,Tarjeta,C231
7256,25/09/2026,08:03,Nübe Centro,Mostrador,Croissant de almendras,1,8000,Nequi,C141
3417,2026-08-27,12:00,Nübe Altico,Domicilio,Tinto,1,3000,Efectivo,
297,2026-08-05,17:06,Nübe Altico,Mostrador,Croissant,1,6000,Efectivo,
5122,2026-09-08,09:03,Nübe Altico,Mostrador,Latte,1,9000,Efectivo,
1511,2026-08-14,19:40,Nübe Centro,Domicilio,Capuchino,1,8500,Tarjeta,C123
6917,2026-09-22,18:14,Nübe Centro,Mostrador,Frappé de café,3,11000,Tarjeta,
7406,2026-09-26,07:11,Nübe Centro,Mostrador, LATTE,1,9000,Efectivo,
5718,2026-09-13,14:29,centro,Mostrador,Americano,1,5000,Tarjeta,C081
7215,2026-09-24,08:44,Nübe Altico,Mostrador,americano,1,5000,Nequi,
6883,2026-09-21,08:06,Nübe Altico,Domicilio,croissant,1,6000,Nequi,C232
6397,2026-09-18,18:01,Nübe Altico,Mostrador,Croissant,1,6000,Tarjeta,C042
6704,20/09/2026,19:55,NUBE CENTRO,Mostrador,Chocolate caliente,1,7500,Efectivo,C065
386,2026-08-06,11:40,Nübe Centro,Mostrador,Croissant,1,6000,Tarjeta,C206
1132,2026-08-11,10:04,Nübe Centro,Mostrador,Croissant de almendras,1,8000,Efectivo,C265
6560,2026-09-19,10:29,Nübe Altico,Mostrador,Tinto,1,3000,Nequi,C106
6783,21/09/2026,08:35,Nübe Centro,Mostrador,Croissant,2,6000,Tarjeta,
5883,2026-09-14,18:08,Nübe Centro,Mostrador,CROISSANT ,1,$6.000,Tarjeta,C259
6658,20/09/2026,16:58,Nübe Centro,Mostrador,Frappé de café,1,11000,Nequi,
5107,2026-09-08,17:34,Nübe El Altico,Mostrador,Croissant de almendras,1,8000,Tarjeta,
47,03/08/2026,13:54,centro,Domicilio,Frappé de café,1,$11.000,Nequi,C017
6745,20/09/2026,09:14,Nübe Altico,Mostrador,Croissant,1,6000,Efectivo,C039
3272,2026-08-26,12:10,Nübe Altico,Mostrador,Chocolate caliente,1,7500,Efectivo,
6856,2026-09-21,11:08,Nübe Altico,Mostrador,Croissant,1,6000,Tarjeta,C184
2229,2026-08-19,11:39,Nübe Centro,Mostrador,Latte,1,9000,Efectivo,C175
6332,2026-09-18,16:14,Nübe Centro,Mostrador,Frappé de café,1,11000,Nequi,
1811,2026-08-16,09:20,Nübe Centro,Mostrador,Latte,1,9000,Efectivo,C141
7145,24/09/2026,12:58,Nübe Centro,Mostrador,Americano,1,5000,Nequi,
6658,2026-09-20,16:58,Nübe Centro,Mostrador,Latte,1,9000,Nequi,
703,2026-08-08,07:26,Nübe Centro,Mostrador,Tinto,2,3000,Efectivo,C144
7415,2026-09-26,17:18,Nübe Centro,Mostrador,AMERICANO,1,$5.000,Nequi,
6170,2026-09-17,08:57,Nübe Centro,Mostrador,Capuchino,1,$8.500,Efectivo,
1954,2026-08-17,15:03,Nübe Centro,Mostrador,Croissant de almendras,2,8000,Efectivo,C228
948,2026-08-09,11:22,Nübe Altico,Mostrador,Americano,1,5000,Nequi,C094
2556,2026-08-21,09:40,Nübe Altico,Domicilio,Croissant almendras,1,8000,Efectivo,C241
4849,2026-09-06,12:32,Nübe Altico,Mostrador,Capuchino,1,8500,Tarjeta,
6860,2026-09-21,18:55,Nübe Altico,Mostrador,Croissant,3,6000,Tarjeta,C233
547,2026-08-07,09:56,Nübe Centro,Mostrador,Capuccino,2,8500,Tarjeta,C038
5745,2026-09-13,16:45,centro,Domicilio,Croissant de almendras,1,8000,Efectivo,
804,2026-08-08,08:47,Nübe Altico,Mostrador,Chocolate caliente,1,7500,Nequi,
2726,2026-08-22,18:30,Nübe Altico,Domicilio,Latte,2,9000,Nequi,
6230,2026-09-17,11:18,Nübe Centro,Domicilio,Tinto,2,3000,TARJETA,
1291,2026-08-12,09:46,Nübe Altico,Mostrador,Croissant,1,6000,Nequi,C097
1146,2026-08-11,09:03,Nübe Centro,Domicilio,Tinto,1,3000,Efectivo,
6754,2026-09-20,07:48,Nübe Altico,Mostrador,Croissant,3,$6.000,Tarjeta,C097
3518,2026-08-28,07:18,Nübe Centro,Domicilio,Croissant,1,6000,Tarjeta,C189
3941,2026-08-31,08:27,Nübe Centro,Mostrador,Croissant de almendras,2,8000,Efectivo,
1910,2026-08-16,17:16,Nübe Altico,Mostrador,Chocolate caliente,1,7500,Nequi,
6679,20/09/2026,11:44,Nübe Centro,Domicilio,Tinto,2,3000,,
6615,19/09/2026,16:21,Nübe Altico,Mostrador,Capuchino,1,8500,Nequi,C158
6118,2026-09-16,16:47,Nübe Altico,Mostrador,Americano,1,5000,Efectivo,
4888,2026-09-07,11:00,Nübe Centro,Mostrador,Capuchino,2,$8.500,Nequi,
3525,2026-08-28,07:33,Nübe Centro,Domicilio,Capuchino,1,$8.500,NEQUI,
4967,2026-09-07,08:43,Nübe Altico,Mostrador,Capuchino,1,8500,Nequi,
6573,2026-09-19,11:48,Nübe Altico,Mostrador,Latte,1,9000,Tarjeta,C105
5927,2026-09-14,07:36,Nübe Altico,Mostrador,Croissant,2,6000,Nequi,
3349,2026-08-27,15:58,Nübe Centro,Domicilio,Chocolate caliente,1,7500,Tarjeta,C162
2593,2026-08-21,06:02,Nübe Altico,Mostrador,Americano,3,5000,Tarjeta,
4528,2026-09-04,10:24,Nübe El Altico,Mostrador,Capuchino,1,8500,Nequi,
6296,2026-09-18,18:41,Nübe Centro,Mostrador,Tinto,1,3000,Tarjeta,
7285,2026-09-25,08:29,Nübe Centro,Domicilio,Croissant,2,$6.000,Efectivo,
608,2026-08-07,08:17,Nübe Altico,Mostrador,Capuchino,2,8500,Efectivo,
1886,2026-08-16,13:21,Nübe El Altico,Mostrador,Latte,1,9000,EFECTIVO,
2180,18/08/2026,20:30,Nübe Altico,Mostrador,Latte,3,9000,Tarjeta,C023
7245,2026-09-25,08:48,Nübe Centro,Mostrador,Tinto,1,3000,Efectivo,
7433,2026-09-26,07:02,Nübe Centro,Domicilio,Americano,1,5000,Nequi,
1998,2026-08-17,09:43,Nübe Centro,Domicilio,Croissant,1,$6.000,Efectivo,
22,2026-08-03,18:35,Nübe Centro,Mostrador,Capuchino,1,8500,Tarjeta,
5049,2026-09-08,10:15,Nübe Centro,Mostrador,TINTO,1,3000,Nequi,C061
777,2026-08-08,19:36,Nübe Altico,Domicilio,Americano,1,5000,Tarjeta,C242
2815,2026-08-23,13:19,Nübe Centro,Mostrador,capuchino,1,8500,Nequi,
2639,2026-08-22,07:16,Nübe Centro,Mostrador,Latte,1,9000,Efectivo,C030
6838,2026-09-21,15:05,Nübe Centro,Mostrador,Tinto,1,3000,Tarjeta,
5277,2026-09-10,16:49,centro,Mostrador,Capuchino,1,8500,Tarjeta,C023
3594,28/08/2026,09:33,Nübe Altico,Mostrador,Tinto,1,3000,Efectivo,C171
3377,2026-08-27,08:28,Nübe Centro,Mostrador,Chocolate caliente,2,7500,Efectivo,C164
3195,2026-08-25,17:25,Nübe Altico,Mostrador,Capuchino,,8500,Nequi,
473,2026-08-07,16:05,Nübe Centro,Domicilio,Latte,1,9000,Nequi,
1585,2026-08-15,09:11,Nübe Centro,Mostrador,Late,3,9000,Efectivo,
743,2026-08-08,09:58,Nube Centro ,Mostrador,AMERICANO,1,5000,Nequi,C157
3607,29/08/2026,18:30,NUBE CENTRO,Mostrador,Croissant de almendras,1 und,8000,Efectivo,
3950,2026-08-31,07:21,Nübe Centro,Domicilio,Capuchino,1,8500,Nequi,C126
3739,2026-08-29,06:13,Nübe Altico,Mostrador,Croissant de almendras,2,8000,Efectivo,
6144,2026-09-16,10:41,Nübe Altico,Domicilio,Croissant de almendras,1,8000,Tarjeta,
5702,13/09/2026,07:02,Nübe Centro,Mostrador,Capuchino,2,8500,Tarjeta,
6468,2026-09-19,17:55,Nübe Centro,Mostrador,frappé de café,1,11000,Tarjeta,
1572,2026-08-14,07:36,Nübe Altico,Mostrador,Croissant de almendras,2,8000,Efectivo,C140
1002,2026-08-09,11:47,Nübe Altico,Mostrador,Tinto,1,3000,Nequi,
4518,04/09/2026,15:53,Nübe Altico,Mostrador,Croisant,1,6000,Tarjeta,C042
6000,2026-09-15,07:56,Nübe Centro,Mostrador,Latte,2 und,9000,,
1330,2026-08-13,12:35,Nübe Centro,Mostrador,Tinto,2,3000,NEQUI,C192
6269,2026-09-17,11:51,Nübe Altico,Mostrador,Tinto,1,3000,Tarjeta,
3893,2026-08-30,07:13,Nübe Altico,Mostrador,Croissant,1,$6.000,Tarjeta,
474,2026-08-07,15:44,Nübe Centro,Mostrador,Americano,2,5000,Nequi,
1053,2026-08-10,17:00,Nübe Centro,Mostrador,Frappé de café,,11000,Nequi,
5574,2026-09-12,08:03,NUBE CENTRO,Domicilio,Latte,1,9000,Tarjeta,
4836,2026-09-06,08:00,Nübe Centro,Mostrador,Croissant de almendras,1,8000,Nequi,
7440,2026-09-26,07:53,Nübe Centro,Mostrador,TINTO,1,3000,Tarjeta,
3152,2026-08-25,15:52,Nübe Centro,Mostrador,Chocolate caliente,1,7500,Nequi,C225
4964,07/09/2026,07:01,Nübe Altico,Mostrador, Capuchino ,1,8500,Tarjeta,
3185,2026-08-25,15:07,altico,Mostrador,Croissant de almendras,1,$8.000,Tarjeta,
165,2026-08-04,16:34,Nübe Centro,Mostrador,Americano,1,5000,Tarjeta,C158
4941,2026-09-07,08:39,Nübe Centro,Mostrador,Capuchino,1,8500,Nequi,C100
7273,2026-09-25,07:07,Nübe Centro,Mostrador,Chocolate caliente,1,7500,Tarjeta,
3317,2026-08-27,08:31,Nübe Centro,Mostrador,Capuchino,1,8500,Efectivo,
4750,2026-09-06,08:38,Nübe Centro,Mostrador,Chocolate caliente,1,7500,Efectivo,C092
5190,2026-09-09,06:07,Nübe Centro,Mostrador,CROISSANT ,1,6000,Tarjeta,C107
1238,2026-08-12,07:28,Nübe Centro,Mostrador,Croissant,1,6000,Tarjeta,
1982,2026-08-17,07:21,Nübe Centro,Mostrador,Croissant,1,$6.000,Nequi,
5425,2026-09-11,15:44,Nübe Centro,Mostrador,Croissant,1,6000,Nequi,
1957,2026-08-17,09:45,Nübe Centro,Domicilio,Tinto,1,3000,Efectivo,
4547,2026-09-04,10:57,NUBE ALTICO,Mostrador,chocolate caliente,2,7500,Nequi,
3534,2026-08-28,12:52,Nübe Altico,Mostrador,Frappé de café,1,11000,Tarjeta,C097
5021,2026-09-08,16:58,Nübe Centro,Mostrador,Croissant de almendras,1,8000,Efectivo,
4478,2026-09-04,17:46,Nübe Centro,Mostrador,Latte,1,9000,TARJETA,C248
3518,2026-08-28,07:18,Nübe Centro,Domicilio,Croissant,1,6000,Tarjeta,C189
5365,2026-09-10,19:54,Nübe Altico,Domicilio,Chocolate caliente,1,7500,Tarjeta,
3118,2026-08-25,16:06,Nübe Centro,Mostrador,Capuchino,2,8500,Efectivo,
3403,2026-08-27,08:02,NUBE ALTICO,Mostrador,Tinto,1,3000,Nequi,
753,2026-08-08,07:42,Nübe Centro,Domicilio,Latte,1,9000,Nequi,C143
4506,2026-09-04,15:12,Nübe Altico,Mostrador,Latte,1,$9.000,Efectivo,C287
2594,21/08/2026,15:26,Nübe Altico,Domicilio,Capuchino,1,8500,Efectivo,
807,2026-08-08,09:24,Nübe Altico,Domicilio,Americano,1,5000,Efectivo,C246
5502,2026-09-11,19:30,Nübe Altico,Domicilio,Croissant de almendras,1,8000,Efectivo,C171
6317,2026-09-18,17:11,Nübe Centro,Mostrador,Tinto,1,3000,TARJETA,C085
2093,2026-08-18,16:58,Nübe Centro,Mostrador,Tinto,1,3000,TARJETA,C200
187,2026-08-04,10:24,Nübe Altico,Mostrador,Chocolate caliente,1,7500,Tarjeta,
344,2026-08-06,12:57,Nübe Centro,Domicilio,Croissant de almendras,1,8000,Efectivo,
898,2026-08-09,08:19,Nübe Centro,Mostrador,Capuchino,1,8500,Tarjeta,
663,2026-08-08,06:30,Nübe Centro,Domicilio,Croissant,1,6000,Tarjeta,C139
1928,2026-08-17,18:34,Nübe Centro,Mostrador,Americano,1,5000,Tarjeta,
908,2026-08-09,15:20,Nübe Centro,Mostrador,capuchino,1 und,8500,Tarjeta,C238
493,2026-08-07,09:29,Nübe Centro,Mostrador,Chocolate caliente,1,7500,Nequi,C287
6255,2026-09-17,12:19,Nübe Altico,Mostrador,Capuchino,1,8500,Efectivo,
3174,2026-08-25,20:01,Nübe Altico,Mostrador,Capuchino,1,8500,Tarjeta,
7227,2026-09-24,18:05,Nübe Altico,Mostrador,Capuchino,0,8500,Efectivo,
2185,2026-08-18,13:29,Nübe Altico,Mostrador,croissant,1,6000,Efectivo,
6537,2026-09-19,16:44,centro,Domicilio,Chocolate caliente,1,7500,Nequi,
2243,2026-08-19,18:35,Nübe Centro,Mostrador,Tinto,1,3000,Efectivo,C003
356,2026-08-06,15:00,Nübe Centro,Mostrador,Croissant,1 und,6000,Tarjeta,
3311,26/08/2026,08:17,Nübe Altico,Mostrador,Capuchino,1,8500,Nequi,
122,2026-08-04,12:02,Nübe Centro,Mostrador,Tinto,3 und,3000,Efectivo,C206
7064,2026-09-23,09:38,Nübe Altico,Mostrador,Latte,1,9000,Tarjeta,C215
2959,2026-08-23,16:22,Nübe Altico,Mostrador,Chocolate caliente,1,7500,Nequi,C058
390,2026-08-06,15:20,Nübe Centro,Mostrador,Croissant,1,6000,Efectivo,C103
756,08/08/2026,18:48,Nübe Centro,Mostrador,chocolate caliente,1,,Efectivo,
7228,2026-09-24,08:49,Nübe Altico,Mostrador,Frappé de café,2,11000,Nequi,C011
845,2026-08-08,12:06,Nübe Altico,Domicilio,Capuchino,1,8500,,
2846,2026-08-23,19:38,Nübe Centro,Mostrador,Americano,1,5000,Tarjeta,C239
6372,18/09/2026,11:45,Nübe Centro,Mostrador,Croissant,2,6000,Tarjeta,C017
2148,2026-08-18,13:31,Nübe Centro,Mostrador,Americano,1 und,5000,Efectivo,C255
581,07/08/2026,08:12,Nübe Altico,Mostrador,Tinto,1,3000,Nequi,
3799,30/08/2026,07:18,Nübe Centro,Mostrador,Tinto,1,3000,Efectivo,C242
6646,2026-09-20,09:13,Nübe Centro,Mostrador,Chocolate caliente,2,7500,Nequi,
1674,15/08/2026,19:10,Nübe Centro,Mostrador,Capuchino,1,8500,Efectivo,
4743,2026-09-06,07:55,Nübe Centro,Domicilio,Croissant de almendras,1 und,8000,Tarjeta,
67,2026-08-03,07:03,Nübe Altico,Mostrador,Tinto,1,3000,Efectivo,
1877,2026-08-16,10:41,Nübe Altico,Mostrador,Capuchino,1,$8.500,Efectivo,
961,2026-08-09,10:49,Nübe Altico,Mostrador,CROISSANT ,1,6000,Efectivo,
7110,2026-09-24,13:49,Nübe Centro,Mostrador,Capuchino,1,8500,Nequi,
23,2026-08-03,11:05,Nübe Centro,Domicilio,latte,1,9000,Efectivo,C180
2097,18/08/2026,08:27,Nube Centro ,Mostrador,Frappé de café,2,11000,Efectivo,
2036,2026-08-17,16:37,altico,Mostrador,americano,1,5000,Nequi,C157
4281,2026-09-02,14:59,Nübe Altico,Mostrador,Americano,1,5000,Nequi,C215
319,2026-08-05,08:08,Nübe Altico,Mostrador,Croissant de almendras,2 und,8000,Tarjeta,C055
4334,2026-09-03,07:07,NUBE CENTRO,Mostrador,Tinto,1,3000,Tarjeta,
3792,2026-08-30,18:04,Nübe Centro,Mostrador,Americano,1,$5.000,Nequi,C146
6824,2026-09-21,08:27,Nübe Centro,Domicilio,Americano,1,5000,Nequi,
7357,2026-09-25,11:07,Nübe Altico,Mostrador,Chocolate  caliente,1,7500,Nequi,C275
2562,2026-08-21,20:12,Nübe Altico,Domicilio,Croissant,1,6000,Nequi,C298
3769,2026-08-29,13:37,Nübe Altico,Mostrador,Capuchino,2,8500,Nequi,
7540,2026-09-27,15:07,Nübe Centro,Mostrador,Latte,1,9000,Tarjeta,
7164,2026-09-24,19:45,Nübe Centro,Domicilio,Capuchino,1,8500,Efectivo,
3013,2026-08-24,09:52,Nübe Centro,Mostrador,Frappé de café,1,11000,Tarjeta,C036
7386,2026-09-26,16:30,Nübe Centro,Mostrador,Frappé de café,1 und,11000,Tarjeta,C036
3001,2026-08-24,15:06,Nübe Centro,Mostrador,Capuchino,1,8500,Nequi,
1571,2026-08-14,06:48,NUBE ALTICO,Mostrador,Croissant,1,6000,Nequi,
4403,03/09/2026,10:43,Nübe Altico,Mostrador,Chocolate caliente,2,7500,Tarjeta,
3290,26/08/2026,16:12,Nübe Altico,Mostrador,Americano,1,$5.000,Nequi,C211
4200,2026-09-02,15:33,Nübe Centro,Mostrador,Croissant de almendras,1,8000,Efectivo,
2593,2026-08-21,06:02,Nübe Altico,Mostrador,Tinto,1,3000,TARJETA,
361,2026-08-06,11:28,Nübe Centro,Mostrador,Capuchino,2,$8.500,Tarjeta,C110
6311,2026-09-18,14:21,Nübe Centro,Mostrador,Capuchino,1,8500,Efectivo,
4402,2026-09-03,15:02,Nübe Altico,Domicilio,Chocolate caliente,1,7500,Efectivo,
7284,2026-09-25,08:57,Nübe Centro,Domicilio,Croissant almendras,2 und,8000,Efectivo,C210
7255,2026-09-25,09:43,Nübe Centro,Mostrador,Frappé de café,1,11000,Efectivo,C120
4436,04/09/2026,11:38,centro,Domicilio,Capuchino,1,8500,Tarjeta,
4444,2026-09-04,11:02,Nübe Centro,Mostrador,Latte,1,$9.000,Nequi,C055
4164,2026-09-01,17:50,Nübe Altico,Mostrador,Capuchino,2,8500,NEQUI,C266
1632,2026-08-15,10:50,Nube Centro ,Domicilio,Chocolate caliente,1,7500,Efectivo,
4473,2026-09-04,08:20,Nübe Centro,Domicilio,Croissant,1,6000,Nequi,
5298,10/09/2026,15:08,Nübe Centro,Mostrador,Croissant de almendras,1,8000,Tarjeta,C063
5529,2026-09-12,20:01,NUBE CENTRO,Mostrador,Croissant,1,6000,Nequi,
6523,19/09/2026,08:18,Nübe Centro,Mostrador,Capuchino,1,$8.500,NEQUI,
6254,2026-09-17,20:36,Nübe Altico,Mostrador,Capuchino,1,$8.500,Efectivo,
2006,2026-08-17,10:52,Nübe Centro,Mostrador,Croissant de almendras,1,8000,Efectivo,
4576,2026-09-05,07:10,NUBE CENTRO,Mostrador,Americano,1,5000,,
5789,2026-09-13,18:08,Nübe Altico,Mostrador,Chocolate caliente,1,7500,Tarjeta,
6750,2026-09-20,07:13,Nübe Altico,Mostrador,Tinto,,$3.000,Nequi,C293
1413,2026-08-13,18:30,Nübe El Altico,Mostrador,CAPUCHINO,1,8500,Nequi,
2524,2026-08-21,09:03,Nübe Centro,Mostrador,Croissant,1,6000,Tarjeta,
5733,2026-09-13,10:42,Nübe Centro,Mostrador,croissant,1,6000,Nequi,
2906,2026-08-23,18:10,Nübe Altico,Mostrador,Capuchino,1 und,8500,Tarjeta,C258
7201,2026-09-24,16:33,Nübe Altico,Mostrador,Tinto,1,3000,Efectivo,
731,2026-08-08,13:47,Nübe Centro,Mostrador,Capuchino,1,8500,Tarjeta,
7027,2026-09-23,14:39,Nübe Centro,Mostrador,Americano,1,5000,Nequi,
1761,2026-08-15,08:53,Nübe Altico,Mostrador,TINTO,1,3000,Tarjeta,
5379,2026-09-10,13:43,Nübe Altico,Mostrador,Croisant,1,6000,EFECTIVO,C016
2264,2026-08-19,13:36,Nübe Centro,Mostrador,Croissant de almendras,1,8000,Efectivo,C091
4565,05/09/2026,13:21,Nübe Centro,Mostrador,Americano,1,5000,Nequi,C163
1641,2026-08-15,12:41,NUBE CENTRO,Domicilio,Croisant,2,6000,Nequi,
6395,2026-09-18,09:24,Nübe El Altico,Domicilio,Capuchino,1,8500,Tarjeta,
4711,2026-09-05,10:32,Nübe Altico,Mostrador,Croissant,1,6000,Efectivo,
1873,2026-08-16,09:35,Nübe Altico,Mostrador,Tinto,1,3000,Efectivo,
2452,2026-08-21,08:37,Nübe Centro,Mostrador,AMERICANO,1,5000,Efectivo,C192
7011,2026-09-23,08:25,Nübe Centro,Mostrador,Tinto,1,3000,Tarjeta,
4120,2026-09-01,10:40,Nübe Centro,Mostrador,Capuchino,1,8500,Efectivo,C274
6033,2026-09-15,14:41,Nübe Altico,Mostrador,Croissant,1,6000,Nequi,C091
6926,2026-09-22,10:02,NUBE CENTRO,Domicilio,Americano,2 und,5000,Nequi,C265
6812,2026-09-21,08:52,Nübe Centro,Mostrador,Croissant,2,$6.000,,C045
366,2026-08-06,14:29,Nübe Centro,Mostrador,Capuchino,1,8500,Nequi,
917,2026-08-09,09:16,Nübe Centro,Mostrador,CAPUCHINO,2,8500,Nequi,
6207,2026-09-17,12:54,Nübe Centro,Mostrador,Tinto,1,3000,Efectivo,C169
1287,2026-08-12,09:57,Nübe Altico,Mostrador,Croissant,1,6000,Nequi,
5158,09/09/2026,07:39,Nübe Centro,Domicilio,Croissant,2,6000,Nequi,
7049,2026-09-23,08:47,Nübe Centro,Domicilio,Americano,1,5000,Nequi,
1238,2026-08-12,07:28,Nübe Centro,Mostrador,Capuchino,1,8500,TARJETA,
5006,2026-09-08,10:25,centro,Domicilio,Latte,2,9000,Nequi,
2499,2026-08-21,11:37,Nübe Centro,Domicilio,Tinto,1,3000,Nequi,
7575,2026-09-27,12:13,Nübe Centro,Mostrador,Croissant,1,6000,Tarjeta,C004
454,2026-08-06,09:06,Nübe Altico,Mostrador,Croissant,1,6000,Nequi,C207
6805,2026-09-21,16:36,Nübe Centro,Mostrador,Croissant de almendras,1,8000,Tarjeta,C099
6941,2026-09-22,15:15,Nübe Centro,Mostrador,Capuchino,2,8500,EFECTIVO,
647,07/08/2026,09:47,Nübe Altico,Mostrador,Tinto,1,$3.000,Tarjeta,
6732,2026-09-20,08:53,Nübe Altico,Domicilio,Croissant,2,6000,TARJETA,C271
7249,2026-09-25,10:55,Nübe Centro,Mostrador,Capuchino,2,8500,Nequi,
516,2026-08-07,13:21,Nübe Centro,Mostrador,Latte,3,9000,EFECTIVO,C172
5986,2026-09-15,08:04,Nübe Centro,Domicilio,Croissant,3,$6.000,Nequi,
2359,20/08/2026,12:28,Nübe Centro,Domicilio,Croissant,1,6000,Tarjeta,
854,2026-08-09,18:29,Nübe Centro,Domicilio,Latte,1,9000,Nequi,
4163,2026-09-01,20:17,Nübe Altico,Mostrador,Latte,1,9000,Nequi,C123
6569,19/09/2026,07:20,Nübe Altico,Mostrador,Americano,1,5000,Efectivo,
483,2026-08-07,09:07,Nübe Centro,Domicilio,Croissant,1,6000,Nequi,
246,2026-08-05,16:32,Nübe Centro,Mostrador,Tinto,2,$3.000,Nequi,
1235,2026-08-12,08:03,Nübe Centro,Domicilio,Croissant,1,6000,TARJETA,C001
1125,2026-08-11,15:26,Nübe Centro,Mostrador,Chocolate caliente,2,7500,Efectivo,C266
7018,2026-09-23,14:07,Nübe Centro,Mostrador,Chocolate caliente,1,7500,Efectivo,
1836,2026-08-16,07:17,Nübe Centro,Mostrador,Croissant de almendras,1 und,8000,Efectivo,C252
523,2026-08-07,17:27,Nübe Centro,Domicilio,Capuchino,1,8500,Tarjeta,
5312,2026-09-10,09:24,Nübe Centro,Mostrador,AMERICANO,1,5000,Nequi,C220
2041,2026-08-17,10:36,Nübe Altico,Mostrador,Croissant,1,6000,Efectivo,C008
4685,2026-09-05,15:42,altico,Mostrador,Frappe de cafe,1,11000,Nequi,
6290,2026-09-18,16:56,Nübe Centro,Mostrador,Frappé de café,1,11000,Efectivo,
5157,2026-09-09,17:49,Nübe Centro,Domicilio,Tinto,1,3000,Nequi,
1737,2026-08-15,09:20,Nübe Altico,Domicilio,Latte,1,9000,Efectivo,
6807,21/09/2026,06:34,Nübe Centro,Mostrador,Chocolate caliente,2,7500,Efectivo,C213
2310,2026-08-19,09:44,Nübe Altico,Mostrador,Croissant,1,6000,Efectivo,C226
1004,2026-08-09,12:05,Nübe Altico,Domicilio,TINTO,1,3000,Efectivo,C269
6902,2026-09-22,10:19,Nübe Centro,Mostrador,CROISSANT ,1,6000,Nequi,
3290,26/08/2026,16:12,NUBE ALTICO,Mostrador,Capuchino,2,8500,NEQUI,C211
197,2026-08-04,13:16,Nübe Altico,Mostrador,Capuchino,1,8500,Nequi,
1932,17/08/2026,17:04,Nübe Centro,Mostrador,Frappé de café,1,11000,Tarjeta,
3139,2026-08-25,15:57,Nübe Centro,Mostrador,Americano,1,5000,Tarjeta,
7168,2026-09-24,08:49,Nübe Centro,Mostrador,Croissant de almendras,2,8000,Efectivo,
7299,2026-09-25,11:21,Nübe Centro,Domicilio,AMERICANO,2,5000,Nequi,
1104,11/08/2026,15:47,Nübe Centro,Mostrador,Tinto,1,3000,Tarjeta,
7351,2026-09-25,15:02,Nübe Altico,Mostrador,Croissant de almendras,1,8000,Tarjeta,
509,2026-08-07,14:14,Nübe Centro,Mostrador,Americano,1,5000,Nequi,
3784,2026-08-29,08:18,Nübe Altico,Mostrador,capuchino,1,8500,Tarjeta,
6464,2026-09-19,10:20,Nübe Centro,Mostrador,Tinto,1,3000,Nequi,
6046,2026-09-15,14:28,Nübe Altico,Mostrador,Croissant,1,6000,Efectivo,
5600,12/09/2026,19:50,Nübe Centro,Mostrador,Late,1,9000,Nequi,
845,2026-08-08,12:06,Nübe Altico,Domicilio,Croissant,1,6000,Tarjeta,
6914,2026-09-22,09:11,Nübe Centro,Mostrador,Croissant,3,6000,Efectivo,C262
6005,2026-09-15,11:26,Nübe Altico,Mostrador,Tinto ,1,3000,Efectivo,C121
5725,2026-09-13,07:01,Nübe Centro,Mostrador,Capuchino,1,8500,Nequi,
6826,2026-09-21,09:05,Nübe Centro,Mostrador,Tinto,1,,Nequi,C075
4492,2026-09-04,09:01,Nübe Centro,Mostrador,Capuchino,1,8500,Tarjeta,C033
4378,2026-09-03,17:20,Nübe Altico,Mostrador,Americano,1 und,5000,Nequi,
6701,2026-09-20,08:25,Nübe Centro,Domicilio,Tinto,1,$3.000,Nequi,C122
2333,19/08/2026,13:12,Nübe Altico,Mostrador,Capuchino,1,8500,,
1922,2026-08-17,20:10,Nübe Centro,Mostrador,Capuchino,1,8500,Efectivo,
1211,2026-08-12,08:56,Nübe Centro,Mostrador,croissant,1,$6.000,,
6403,2026-09-18,15:20,Nübe Altico,Mostrador,Croissant de almendras,1,$8.000,Tarjeta,C234
3552,2026-08-28,09:42,Nübe Altico,Mostrador,Croissant almendras,1,8000,Nequi,
2521,2026-08-21,17:47,Nübe Centro,Domicilio,Croissant,1 und,6000,Tarjeta,
5224,2026-09-09,12:44,Nübe Altico,Mostrador,croissant de almendras,2,$8.000,Tarjeta,
5294,2026-09-10,13:50,Nübe Centro,Mostrador,AMERICANO,1,5000,Nequi,
4933,2026-09-07,17:30,Nübe Centro,Domicilio,Tinto,2,3000,Efectivo,
2517,21/08/2026,13:20,Nübe Centro,Mostrador,Capuchino,2,,Tarjeta,
302,2026-08-05,07:44,Nübe Altico,Domicilio,chocolate caliente,3,7500,,
6994,2026-09-22,18:32,Nübe Altico,Mostrador,Croissant,0,6000,Tarjeta,C047
5304,2026-09-10,09:58,Nübe Centro,Domicilio,Americano,,5000,Nequi,
7555,2026-09-27,09:00,Nübe Centro,Mostrador,Croissant,1,6000,TARJETA,
1127,2026-08-11,15:43,Nübe Centro,Mostrador,Tinto,1,3000,Efectivo,
4494,2026-09-04,09:09,Nübe Centro,Mostrador,frappé de café,1,11000,,
496,2026-08-07,13:38,Nübe Centro,Mostrador,Capuchino,2,8500,Tarjeta,C056
7506,26/09/2026,09:55,Nübe Altico,Domicilio,AMERICANO,1,5000,Tarjeta,
5233,09/09/2026,15:10,altico,Mostrador,Croissant,2,6000,Efectivo,
4489,2026-09-04,17:06,Nübe Centro,Mostrador,Capuchino,1,8500,Nequi,
352,06/08/2026,11:40,Nübe Centro,Mostrador,Latte,1,9000,Tarjeta,C066
2866,2026-08-23,17:49,Nübe Centro,Mostrador,Americano,1,5000,Nequi,
2786,2026-08-22,17:35,Nübe Altico,Mostrador,Croissant,1,6000,Efectivo,C286
908,2026-08-09,15:20,Nübe Centro,Mostrador,capuchino,1 und,8500,Tarjeta,C238
4555,2026-09-04,09:39,Nübe Altico,Mostrador,Croissant,,6000,Tarjeta,C026
1170,2026-08-11,16:14,Nübe Altico,Domicilio,Tinto,1,3000,,C088
6861,2026-09-21,08:46,Nübe Altico,Mostrador,CROISSANT ,1,,Efectivo,
7196,24/09/2026,06:28,Nübe Altico,Mostrador,Tinto,1,3000,Nequi,
3727,2026-08-29,10:53,NUBE ALTICO,Mostrador,Tinto,1,3000,Tarjeta,C290
3050,2026-08-24,10:31,Nübe Centro,Mostrador,Latte,1,9000,,
7298,2026-09-25,09:34,Nübe Centro,Domicilio,Americano,1,5000,Efectivo,C260
2103,18/08/2026,13:01,Nübe Centro,Domicilio,Tinto,1,3000,Efectivo,C010
6288,2026-09-18,18:59,Nübe Centro,Mostrador,Frappe de cafe,3,11000,Nequi,
6281,2026-09-17,18:16,Nübe Altico,Mostrador,Tinto,1,3000,Efectivo,
4781,2026-09-06,12:24,Nübe Centro,Mostrador,Capuchino,1,8500,Nequi,
2761,2026-08-22,08:39,Nübe Altico,Mostrador,Latte,1,9000,Tarjeta,C175
3421,27/08/2026,17:45,Nübe Altico,Mostrador,croissant de almendras,1,$8.000,Nequi,
4486,2026-09-04,06:42,Nübe Centro,Mostrador,Croissant,1,6000,Tarjeta,
2160,2026-08-18,12:56,Nübe Centro,Mostrador,Latte,1,9000,Tarjeta,C237
4442,2026-09-04,08:12,Nübe Centro,Mostrador,Latte,1,9000,Nequi,
4127,2026-09-01,17:40,Nübe Centro,Mostrador,Americano,1,5000,Nequi,
1279,2026-08-12,16:08,Nübe Altico,Domicilio,Croisant,1,6000,Nequi,
4320,2026-09-03,07:56,Nübe Centro,Mostrador,Frappé de café,3,11000,Tarjeta,C197
3564,2026-08-28,06:59,altico,Mostrador,Croissant,1,6000,Efectivo,C241
6533,2026-09-19,09:37,Nübe Centro,Mostrador,Capuchino,1,8500,Tarjeta,
706,2026-08-08,07:04,Nübe Centro,Domicilio,Capuchino,3,8500,Tarjeta,
5655,2026-09-13,10:14,Nübe Centro,Mostrador,Capuchino,1,8500,Efectivo,C262
2563,2026-08-21,08:40,Nübe Altico,Mostrador,Chocolate caliente,2,$7.500,Nequi,
1760,2026-08-15,16:22,Nübe Altico,Mostrador,Americano,2,5000,Nequi,
1843,2026-08-16,18:11,Nübe Centro,Mostrador,TINTO,1,3000,Efectivo,
1270,12/08/2026,16:08,Nübe Centro,Mostrador,Croissant,1,$6.000,TARJETA,
5018,2026-09-08,16:53,Nübe Centro,Mostrador,Capuchino,1,8500,Nequi,
773,2026-08-08,16:22,Nübe Altico,Mostrador,Chocolate caliente,1,7500,NEQUI,
603,2026-08-07,12:27,Nübe Altico,Mostrador,Chocolate caliente,1,7500,Tarjeta,
814,2026-08-08,19:28,Nübe Altico,Domicilio,Croissant de almendras,2,8000,Efectivo,
3583,2026-08-28,17:44,Nübe Altico,Mostrador,Capuchino,1 und,$8.500,Tarjeta,C080
5605,2026-09-12,08:34,Nübe Altico,Domicilio,Croisant,1,6000,Nequi,
3428,27/08/2026,08:06,Nübe Altico,Mostrador,Americano,1,5000,NEQUI,
4671,2026-09-05,08:57,Nübe Altico,Domicilio,americano,1,5000,Tarjeta,
3108,2026-08-25,17:18,Nübe Centro,Mostrador, LATTE,1,9000,Nequi,
5600,2026-09-12,19:50,Nübe Centro,Mostrador,Croissant,2,6000,Nequi,
6125,16/09/2026,12:15,Nübe Altico,Mostrador,Americano,1,5000,Efectivo,C048
3145,2026-08-25,10:49,Nübe Centro,Mostrador,Croissant,1,6000,Tarjeta,C133
2145,2026-08-18,08:43,Nübe Centro,Mostrador,Tinto,1,3000,Efectivo,C185
2617,2026-08-22,19:23,NUBE CENTRO,Mostrador,Capuchino,1,8500,Efectivo,
1868,2026-08-16,17:54,Nübe Altico,Mostrador,Frappé de café,1,11000,Tarjeta,C225
2433,20/08/2026,07:44,altico,Domicilio,Tinto,1,3000,Nequi,C285
6150,2026-09-16,12:54,Nübe Altico,Domicilio,Croisant,1,6000,Efectivo,
6550,2026-09-19,09:53,Nübe Altico,Mostrador,Chocolate caliente,1,7500,Nequi,
4989,2026-09-07,15:07,Nübe Altico,Domicilio,Croissant,1,6000,Efectivo,C108
5381,2026-09-10,07:24,Nübe Altico,Mostrador,Croissant,1,6000,Nequi,C151
1085,2026-08-10,18:10,Nübe Altico,Mostrador,Americano,1,5000,Efectivo,C196
1185,2026-08-11,12:59,Nübe Altico,Mostrador,Latte,2,9000,Tarjeta,
4453,2026-09-04,07:17,Nübe Centro,Mostrador,Americano,1,$5.000,NEQUI,C083
5531,2026-09-12,16:24,Nübe Centro,Mostrador,Croissant,1,6000,Nequi,C078
7534,2026-09-27,10:03,Nube Centro ,Mostrador,AMERICANO,1,$5.000,Efectivo,C260
6859,21/09/2026,10:59,Nübe Altico,Mostrador,Chocolate caliente,1,7500,Efectivo,C211
4250,2026-09-02,09:03,Nübe Centro,Mostrador,Latte,1,9000,Efectivo,C044
4345,2026-09-03,16:18,Nübe Centro,Mostrador,Croissant,1,6000,Efectivo,
735,2026-08-08,07:09,Nübe Centro,Domicilio,Croissant,1,6000,Efectivo,C138
2355,2026-08-20,07:13,Nübe Centro,Mostrador,Americano,2,5000,Tarjeta,C082
5772,2026-09-13,10:53,Nübe Altico,Mostrador,Tinto,2,$3.000,Efectivo,C151
5392,2026-09-10,07:01,NUBE ALTICO,Mostrador,Capuchino,1,8500,Nequi,
4966,2026-09-07,17:59,Nübe Altico,Domicilio,Latte,2,9000,Tarjeta,C170
1323,2026-08-13,16:33,Nübe Centro,Mostrador,Tinto,1,3000,Efectivo,C058
4805,2026-09-06,11:16,NUBE CENTRO,Mostrador,Capuchino,1,8500,Efectivo,
4269,2026-09-02,10:06,Nübe Altico,Mostrador,Capuchino,2,8500,Efectivo,
5175,2026-09-09,09:41,Nübe Centro,Mostrador,Croissant de almendras,1,8000,Efectivo,C166
2273,2026-08-19,17:04,Nübe Centro,Mostrador,Latte,2,9000,Efectivo,
7035,2026-09-23,11:21,Nübe Centro,Mostrador,tinto,1,3000,Nequi,C114
5728,2026-09-13,09:57,Nübe Centro,Mostrador,Croissant,3,6000,Efectivo,
3304,2026-08-26,09:01,Nübe Altico,Domicilio,latte,1,9000,Nequi,
5707,2026-09-13,10:02,Nübe Centro,Mostrador,Capuchino,1,8500,Nequi,
6528,2026-09-19,12:36,Nübe Centro,Mostrador,Americano,1,5000,Nequi,C256
6219,2026-09-17,16:11,Nübe Centro,Domicilio,Capuchino,2,8500,NEQUI,C086
1530,2026-08-14,09:55,Nübe Altico,Mostrador,Latte,1,9000,Efectivo,C226
5995,2026-09-15,08:38,Nübe Centro,Mostrador,TINTO,1,3000,Nequi,C022
7131,2026-09-24,09:47,Nübe Centro,Domicilio,Tinto,1,3000,Nequi,
1513,2026-08-14,12:21,Nübe Centro,Mostrador,Latte,1,9000,Efectivo,C149
5635,2026-09-12,12:17,Nübe Altico,Mostrador,capuchino,1,8500,Nequi,C172
5004,2026-09-08,17:34,Nübe Centro,Mostrador,Frappé de café,1,$11.000,Efectivo,
5255,2026-09-10,14:53,Nübe Centro,Mostrador,Tinto,3,3000,Efectivo,C007
4680,2026-09-05,07:37,Nübe Altico,Mostrador,Tinto,1,$3.000,EFECTIVO,
1100,2026-08-11,12:59,Nübe Centro,Mostrador,Chocolate caliente,1,7500,Tarjeta,
4403,2026-09-03,10:43,Nübe Altico,Mostrador,Croissant,1,6000,Tarjeta,
6389,2026-09-18,16:00,Nübe Altico,Mostrador,Capuchino,1,8500,Tarjeta,
5138,2026-09-09,07:25,Nübe Centro,Mostrador,Tinto ,1,3000,Nequi,C036
7375,2026-09-26,07:29,Nübe Centro,Mostrador,Tinto,1,3000,Tarjeta,C095
729,2026-08-08,18:42,Nübe Centro,Domicilio,Tinto,1,3000,Nequi,C141
2045,2026-08-17,08:38,Nübe Altico,Domicilio,Latte,1,9000,Efectivo,
879,2026-08-09,07:42,Nübe Centro,Mostrador,Croissant,1,6000,NEQUI,C267
1948,2026-08-17,09:35,Nübe Centro,Mostrador,Capuchino,1,8500,Tarjeta,
38,03/08/2026,09:10,Nübe Centro,Mostrador,Frappé de café,2,11000,Efectivo,
251,2026-08-05,08:26,Nübe Centro,Mostrador,Croissant de almendras,1,8000,,
5815,2026-09-14,09:11,Nübe Centro,Domicilio,Latte,1,9000,Nequi,C056
5727,2026-09-13,18:59,Nübe Centro,Mostrador,Tinto,2 und,3000,Nequi,
4741,2026-09-06,08:57,centro,Mostrador,Croissant,1,6000,Nequi,
3868,2026-08-30,08:11,Nübe Altico,Mostrador,Capuchino,1,8500,Tarjeta,
3866,2026-08-30,06:14,Nübe Altico,Domicilio,Tinto,2,3000,Efectivo,
817,08/08/2026,08:41,Nübe Altico,Mostrador,Americano,1,5000,Nequi,
5481,2026-09-11,18:12,Nübe Altico,Mostrador,Capuchino,1,8500,Tarjeta,
7596,2026-09-27,11:39,Nübe Centro,Mostrador,Tinto,1,3000,Tarjeta,C173
2649,2026-08-22,13:01,Nübe Centro,Mostrador,Croissant de almendras,1,8000,Efectivo,C158
1524,2026-08-14,12:33,Nübe Altico,Domicilio,Frappé de café,1,11000,Efectivo,
4192,2026-09-02,17:26,Nübe Centro,Mostrador,Chocolate  caliente,1,7500,Nequi,
2184,2026-08-18,08:40,Nübe Altico,Mostrador,Frappé de café,1,11000,Efectivo,
7254,2026-09-25,09:12,Nübe Centro,Mostrador,Americano,2,5000,Nequi,C121
7280,25/09/2026,07:12,NUBE CENTRO,Domicilio,Capuchino,1,8500,Nequi,C263
2525,2026-08-21,11:57,Nübe Centro,Domicilio,Capuccino,1,8500,Tarjeta,C020
5367,10/09/2026,11:08,Nübe Altico,Mostrador,latte,1,9000,Nequi,
6351,18/09/2026,18:12,Nübe Centro,Mostrador,Tinto,2,3000,Tarjeta,
2314,2026-08-19,10:16,Nübe Altico,Mostrador,Latte,1,9000,Nequi,C081
6035,2026-09-15,12:18,Nübe Altico,Mostrador,Tinto,1,3000,Tarjeta,
3160,2026-08-25,16:50,Nübe Centro,Mostrador,Americano,1,5000,Tarjeta,C274
2557,2026-08-21,18:57,Nübe Altico,Mostrador,Latte,3,9000,Nequi,
5668,2026-09-13,18:40,Nübe Centro,Mostrador,Latte,1,9000,Nequi,
6578,19/09/2026,12:36,Nübe Altico,Mostrador,Latte,1,9000,Efectivo,
3289,2026-08-26,10:16,NUBE ALTICO,Domicilio,Latte,1,9000,Nequi,
3899,2026-08-30,13:28,Nübe Altico,Mostrador,Frappé de café,1,$11.000,Tarjeta,
2025,2026-08-17,18:28,Nübe Altico,Mostrador,Frappé de café,1,11000,Nequi,
6002,2026-09-15,19:53,Nübe Altico,Mostrador,Americano,1,5000,Tarjeta,
5371,2026-09-10,08:43,Nübe Altico,Domicilio,Tinto,1,3000,Tarjeta,C163
4210,2026-09-02,06:32,Nübe Centro,Mostrador,Tinto,2,3000,Nequi,
6636,2026-09-20,14:50,Nübe Centro,Mostrador,Croissant,2,6000,Nequi,C252
7191,24/09/2026,07:23,Nübe Altico,Mostrador,Capuchino,1,8500,Nequi,C003
7061,2026-09-23,08:40,Nübe Altico,Mostrador,Capuchino,1,$8.500,Tarjeta,
771,2026-08-08,10:41,Nübe Altico,Mostrador,Chocolate caliente,1,7500,Tarjeta,
1591,2026-08-15,09:38,Nübe Centro,Mostrador,tinto,2,3000,Tarjeta,C293
6673,2026-09-20,19:20,Nübe Centro,Mostrador,Americano,1,5000,EFECTIVO,C172
5710,2026-09-13,16:31,Nübe Centro,Mostrador,Chocolate caliente,1,7500,Efectivo,
7485,2026-09-26,11:56,Nübe Altico,Mostrador,Croissant,1,6000,Tarjeta,
6617,2026-09-19,07:38,Nübe Altico,Mostrador,Americano,1,5000,Nequi,C199
5812,2026-09-14,07:38,Nübe Centro,Mostrador,Latte,3,9000,NEQUI,
3323,2026-08-27,14:59,Nübe Centro,Mostrador,Americano,1,5000,Efectivo,
1430,2026-08-13,10:15,Nübe Altico,Mostrador,Americano,1,5000,Efectivo,
4762,2026-09-06,15:33,centro,Mostrador,Tinto,2,3000,Nequi,
3289,2026-08-26,10:16,Nübe Altico,Domicilio,Chocolate caliente,1,7500,Nequi,
486,2026-08-07,11:44,Nübe Centro,Mostrador,Chocolate caliente,1,7500,NEQUI,C239
1409,2026-08-13,15:03,Nübe Altico,Mostrador,Croissant,1,6000,Nequi,
4896,2026-09-07,12:01,Nübe Centro,Mostrador,Tinto,1,3000,Tarjeta,C230
6565,2026-09-19,06:52,Nübe Altico,Domicilio,Croissant,1,6000,Nequi,C021
2862,23/08/2026,10:12,Nübe Centro,Mostrador,Croissant,1,6000,Nequi,C021
1337,2026-08-13,17:09,Nübe Centro,Mostrador,Americano,1,5000,Tarjeta,
1905,2026-08-16,06:32,Nübe Altico,Mostrador,Capuchino,1,8500,Tarjeta,
2986,2026-08-24,16:20,Nübe Centro,Mostrador,Tinto,2,3000,Tarjeta,C255
4759,2026-09-06,16:11,Nübe Centro,Mostrador,Capuchino,1,8500,Nequi,
982,2026-08-09,08:53,Nübe Altico,Domicilio,Tinto,2,$3.000,Tarjeta,C294
1878,2026-08-16,12:18,Nübe Altico,Domicilio,Croissant,2,6000,Nequi,
3153,2026-08-25,08:17,Nübe Centro,Mostrador,Croissant,1,6000,Nequi,
6974,2026-09-22,09:55,Nübe Altico,Mostrador,Croissant de almendras,1,8000,Efectivo,C214
3772,2026-08-29,13:48,Nübe Altico,Domicilio,Croissant,1,6000,Tarjeta,
5548,2026-09-12,10:44,Nübe Centro,Mostrador,Croissant,1,6000,Tarjeta,C116
4383,2026-09-03,09:38,Nübe Altico,Mostrador,Croissant,2,$6.000,,
5886,2026-09-14,08:35,Nübe Centro,Mostrador,CAPUCHINO,1,8500,Nequi,C081
1362,2026-08-13,08:30,Nübe Centro,Mostrador,Croissant,2,6000,Efectivo,C167
2182,18/08/2026,15:11,Nübe Altico,Mostrador,Capuchino,1,8500,Efectivo,C205
1608,15/08/2026,15:13,Nübe Centro,Domicilio,Capuchino,1,8500,Nequi,C231
3341,2026-08-27,09:44,Nübe Centro,Domicilio,Croissant,1,6000,Efectivo,
1118,2026-08-11,08:06,Nübe Centro,Domicilio,Croissant de almendras,1,8000,TARJETA,
461,2026-08-06,07:13,Nübe Altico,Mostrador,Capuchino,3,8500,Nequi,C168
2938,2026-08-23,10:09,Nübe Altico,Mostrador,croissant,1,6000,Nequi,
6328,2026-09-18,20:34,Nübe Centro,Mostrador,Croissant,1,6000,NEQUI,
3175,2026-08-25,07:55,Nübe Altico,Domicilio,Tinto,1,3000,Efectivo,
1459,14/08/2026,13:02,Nübe Centro,Mostrador,Croisant,2,6000,Tarjeta,C004
1819,16/08/2026,14:59,Nübe Centro,Mostrador,Croissant de almendras,1 und,8000,Tarjeta,C170
3451,2026-08-27,16:26,Nübe Altico,Mostrador,Capuchino,1,8500,Efectivo,C089
2135,2026-08-18,07:48,NUBE CENTRO,Domicilio,Tinto,1,3000,Nequi,C046
5835,2026-09-14,11:14,centro,Domicilio,Frappé de café,2,$11.000,Nequi,C151
4998,2026-09-07,13:05,Nübe Altico,Domicilio,Americano,1,5000,Tarjeta,C249
2010,2026-08-17,15:24,Nübe Altico,Mostrador,Capuchino,1,8500,Tarjeta,
4173,01/09/2026,11:21,Nübe Altico,Mostrador,Tinto,2,3000,Tarjeta,
611,2026-08-07,14:07,Nübe Altico,Mostrador,Croissant de almendras,1,8000,Efectivo,
712,2026-08-08,14:49,Nübe Centro,Mostrador,Latte,1,9000,Tarjeta,
5328,2026-09-10,15:13,Nübe Centro,Domicilio,Croissant,1,6000,Tarjeta,
242,2026-08-05,18:06,centro,Mostrador,Frappé de café,3,11000,Efectivo,
2440,2026-08-20,08:47,Nübe Altico,Mostrador,TINTO,1,3000,TARJETA,
40,03/08/2026,12:01,Nübe Centro,Mostrador,Croissant almendras,1,8000,Tarjeta,C046
5082,2026-09-08,19:36,Nübe Altico,Mostrador,Capuchino,1,8500,Efectivo,C226
1929,2026-08-17,09:53,Nübe Centro,Mostrador,Frappé de café,1,11000,Nequi,C090
3360,27/08/2026,07:23,Nübe Centro,Mostrador,Croissant de almendras,2,8000,Efectivo,C164
7275,2026-09-25,15:35,Nübe Centro,Mostrador,Frappé de café,1,$11.000,Tarjeta,C109
2262,2026-08-19,15:14,Nübe Centro,Mostrador,Frappé de café,1,11000,Nequi,
2470,21/08/2026,19:59,Nübe Centro,Mostrador,Americano,1,5000,Tarjeta,
1082,2026-08-10,20:55,Nübe Altico,Mostrador,Croissant de almendras,1,8000,Efectivo,
1941,2026-08-17,09:25,Nübe Centro,Mostrador,Capuchino,1,8500,Nequi,
5361,2026-09-10,13:28,Nübe Altico,Domicilio,Latte,2,9000,Efectivo,
1173,2026-08-11,15:02,Nübe Altico,Domicilio, Capuchino ,,8500,Tarjeta,C006
1577,2026-08-14,07:39,Nübe Altico,Mostrador,Americano,1,5000,Efectivo,C212
5276,2026-09-10,16:08,Nübe Centro,Mostrador,Latte,1,$9.000,Tarjeta,
1840,2026-08-16,07:36,Nübe Centro,Mostrador,Chocolate caliente,1,7500,EFECTIVO,
320,2026-08-05,09:37,Nübe Altico,Mostrador,Capuchino,1,8500,Nequi,
2780,2026-08-22,10:30,Nübe Altico,Mostrador,Croissant,1,6000,,C178
946,2026-08-09,13:21,Nübe Altico,Mostrador,Frappé de café,2,$11.000,Tarjeta,C043
6310,18/09/2026,14:10,Nübe Centro,Mostrador,Croissant de almendras,1 und,8000,Tarjeta,
7007,2026-09-23,08:46,Nübe Centro,Mostrador,Croissant,1,6000,Nequi,C157
850,2026-08-08,17:40,Nübe Altico,Domicilio,Tinto,1,3000,TARJETA,C286
2210,2026-08-19,19:32,Nübe Centro,Mostrador,Tinto,2,3000,Efectivo,C144
7009,23/09/2026,08:33,Nübe Centro,Mostrador,Capuchino,1,8500,Efectivo,
2996,2026-08-24,07:30,Nübe Centro,Mostrador,Frappe de cafe,1 und,11000,NEQUI,C280
2292,2026-08-19,08:03,Nübe Altico,Domicilio,Croissant,,6000,Tarjeta,
5376,10/09/2026,09:47,Nübe Altico,Domicilio,Capuchino,1,$8.500,Efectivo,
7312,2026-09-25,10:56,Nübe El Altico,Mostrador,Croissant,1,6000,Efectivo,
1958,2026-08-17,10:33,Nübe Centro,Mostrador,Croissant,1,6000,Tarjeta,C268
4476,2026-09-04,10:13,Nübe Centro,Domicilio,Capuchino,1,8500,Efectivo,
2029,17/08/2026,09:45,Nübe Altico,Mostrador,Tinto,1,3000,Tarjeta,
4214,02/09/2026,09:04,Nübe Centro,Mostrador,Americano,1 und,5000,,
7658,2026-09-27,16:11,Nübe Altico,Mostrador,Latte,1,9000,EFECTIVO,C218
1214,2026-08-12,15:08,Nübe Centro,Domicilio,Latte,1,9000,Tarjeta,
3774,2026-08-29,20:09,Nübe Altico,Mostrador,Americano,1,5000,Nequi,C278
3725,2026-08-29,07:23,Nübe Altico,Mostrador,Croissant de almendras,1,8000,Efectivo,
3491,2026-08-28,09:16,Nübe Centro,Mostrador,Frappé de café,1,11000,Efectivo,C174
3395,2026-08-27,11:39,Nübe Altico,Domicilio,Capuchino,1,,Nequi,
2464,2026-08-21,18:12,Nübe Centro,Mostrador,Croissant,1 und,6000,Efectivo,
3797,2026-08-30,17:22,Nübe Centro,Mostrador,Latte,1,9000,Nequi,
3287,2026-08-26,17:32,Nübe Altico,Mostrador,Croissant,1,$6.000,Nequi,
6498,2026-09-19,08:08,Nübe Centro,Mostrador,Croissant,1,6000,Nequi,
4568,2026-09-05,12:23,Nübe Centro,Mostrador,Capuchino,1 und,$8.500,Tarjeta,
4902,2026-09-07,15:39,Nübe Centro,Mostrador, Capuchino ,1,8500,Efectivo,
2876,2026-08-23,08:05,Nübe Centro,Mostrador,Croissant,1,6000,Tarjeta,
1995,2026-08-17,09:46,Nübe Centro,Mostrador,Tinto,1,3000,Nequi,C141
6409,2026-09-18,08:18,Nübe Altico,Mostrador,Croissant almendras,1,8000,NEQUI,C226
5533,12/09/2026,10:24,Nübe Centro,Mostrador,tinto,1,3000,NEQUI,
889,2026-08-09,09:48,Nübe Centro,Mostrador,Croissant de almendras,1,8000,,
2101,2026-08-18,18:48,Nübe Centro,Mostrador,AMERICANO,1,5000,Nequi,
6260,17/09/2026,09:16,altico,Mostrador,Chocolate caliente,1,7500,Tarjeta,C187
2691,2026-08-22,15:32,Nübe Centro,Mostrador,Croissant,1,6000,Efectivo,
5601,2026-09-12,13:13,Nübe Centro,Mostrador,Tinto,1,3000,Nequi,C189
4865,2026-09-06,18:28,Nübe Altico,Domicilio,Croissant,1,6000,Nequi,
6433,2026-09-18,12:06,Nübe Altico,Domicilio,Frappé de café,1,11000,Tarjeta,
6507,2026-09-19,10:50,Nübe Centro,Mostrador,Americano,1,5000,Efectivo,
2980,2026-08-24,09:37,Nübe Centro,Mostrador,Capuchino,1,8500,TARJETA,
3248,2026-08-26,09:58,Nübe Centro,Mostrador,Americano,1,5000,,
4668,2026-09-05,16:41,Nübe Altico,Mostrador,Croissant,1,6000,Efectivo,C288
4580,2026-09-05,06:19,Nübe Centro,Mostrador, Capuchino ,1,8500,NEQUI,C300
2630,2026-08-22,17:21,Nübe Centro,Domicilio,Chocolate caliente,1 und,7500,NEQUI,
3546,2026-08-28,15:46,Nübe Altico,Mostrador,Latte,2,9000,Tarjeta,C050
4444,2026-09-04,11:02,Nube Centro ,Mostrador,Americano,1,5000,Nequi,C055
5614,12/09/2026,13:19,Nübe Altico,Mostrador,Tinto,1,3000,Nequi,
6788,2026-09-21,10:20,Nübe Centro,Mostrador,Tinto,1,3000,Nequi,
6592,2026-09-19,12:49,NUBE ALTICO,Mostrador,Capuchino,1,8500,Nequi,
1802,2026-08-16,09:56,Nübe Centro,Mostrador,Chocolate caliente,1,7500,Efectivo,C035
21,2026-08-03,10:33,Nübe Centro,Domicilio,Croissant de almendras,1,8000,Efectivo,C092
2763,2026-08-22,15:51,Nübe Altico,Domicilio,Tinto,2,3000,Nequi,
3615,29/08/2026,15:45,Nübe Centro,Mostrador,Croissant,1,6000,EFECTIVO,
2888,23/08/2026,15:08,Nübe Centro,Mostrador,Americano,1,5000,Efectivo,
1027,2026-08-10,15:33,Nübe Centro,Mostrador,Chocolate caliente,1,7500,Tarjeta,C108
7,2026-08-03,13:45,Nübe Centro,Mostrador,Tinto,1,3000,Nequi,
7610,2026-09-27,16:54,Nübe Centro,Mostrador,Tinto,1,3000,Nequi,C057
6101,2026-09-16,16:11,Nübe Centro,Mostrador,croissant de almendras,1,8000,Tarjeta,C015
6003,2026-09-15,06:29,Nübe Altico,Mostrador,Croissant,1 und,6000,EFECTIVO,C212
958,2026-08-09,14:41,Nübe Altico,Domicilio,Frappé de café,1,,Nequi,
7595,2026-09-27,19:30,Nübe Centro,Domicilio,frappé de café,1,11000,Tarjeta,
2628,2026-08-22,08:37,Nübe Centro,Mostrador,CROISSANT ,1,6000,Efectivo,
2194,2026-08-18,08:42,Nübe Altico,Domicilio,Americano,1,5000,Efectivo,
742,2026-08-08,15:20,Nübe Centro,Mostrador,Capuchino,3,8500,Efectivo,
5295,2026-09-10,17:40,Nübe Centro,Mostrador,latte,1,9000,Efectivo,
620,2026-08-07,17:40,Nübe Altico,Mostrador,Croissant,1,6000,Efectivo,
2588,2026-08-21,11:40,Nübe Altico,Domicilio,Croissant de almendras,3,,Efectivo,C026
3949,2026-08-31,11:19,Nübe Centro,Domicilio,Latte,1,9000,Efectivo,C041
4164,2026-09-01,17:50,Nübe Altico,Mostrador,Americano,1,5000,Nequi,C266
949,2026-08-09,18:17,Nübe Altico,Mostrador,Chocolate caliente,2,7500,Tarjeta,
7522,26/09/2026,16:04,Nübe Altico,Mostrador,Chocolate caliente,1,7500,Tarjeta,C282
7560,2026-09-27,15:57,Nube Centro ,Mostrador, LATTE,3,9000,Nequi,C040
4722,2026-09-05,07:55,Nübe Altico,Mostrador,Capuchino,1,8500,Tarjeta,
5115,2026-09-08,15:55,Nübe Altico,Mostrador,Tinto,1,3000,Efectivo,C163
5393,2026-09-10,17:09,Nübe Altico,Domicilio, Capuchino ,1,$8.500,Efectivo,C048
7591,2026-09-27,18:04,Nübe Centro,Mostrador,Tinto,2,3000,Tarjeta,
1816,2026-08-16,16:40,Nübe Centro,Mostrador,Frappe de cafe,1,$11.000,Efectivo,
1776,2026-08-16,10:02,Nübe Centro,Mostrador,Croissant de almendras,1,8000,Tarjeta,C133
169,2026-08-04,07:21,Nübe Centro,Domicilio,Capuchino,3,8500,EFECTIVO,C157
455,2026-08-06,09:19,Nübe Altico,Mostrador,Latte,1,9000,Efectivo,
806,08/08/2026,20:38,Nübe Altico,Mostrador,Croissant,1,$6.000,Efectivo,
6751,2026-09-20,11:31,Nübe Altico,Mostrador,croissant de almendras,1,8000,TARJETA,C186
179,2026-08-04,09:02,Nübe Altico,Mostrador,Americano,2,5000,Tarjeta,C047
701,2026-08-08,08:39,Nube Centro ,Domicilio, LATTE,1,9000,Nequi,C207
82,2026-08-03,10:59,Nübe Altico,Domicilio,Croissant,1,6000,Nequi,C057
3959,2026-08-31,06:28,Nübe Centro,Mostrador,Croissant,3,6000,Tarjeta,C260
7609,2026-09-27,09:38,Nübe Centro,Mostrador,Capuchino,1,8500,TARJETA,
3004,2026-08-24,14:01,Nübe Centro,Mostrador,Croissant,1,6000,Efectivo,
5514,2026-09-11,10:57,Nübe Altico,Mostrador,Croissant,1,$6.000,Nequi,C185
2351,2026-08-20,07:35,Nübe Centro,Mostrador,Latte,1,9000,Efectivo,
5825,2026-09-14,07:04,Nübe Centro,Mostrador,Latte,1,9000,Efectivo,C115
7144,2026-09-24,16:06,Nübe Centro,Mostrador,croissant de almendras,3,8000,Tarjeta,C083
145,2026-08-04,12:52,Nübe Centro,Mostrador,Capuccino,2,8500,Efectivo,C290
5550,12/09/2026,15:29,Nübe Centro,Domicilio,Tinto ,1,3000,Nequi,C124
3009,2026-08-24,09:36,centro,Mostrador,Tinto,3,3000,Nequi,
6218,2026-09-17,15:47,Nübe Centro,Mostrador,Capuchino,2,8500,NEQUI,
657,2026-08-08,11:21,Nübe Centro,Mostrador,Capuchino,2,8500,Nequi,C033
3318,27/08/2026,09:32,Nübe Centro,Mostrador,Croissant de almendras,1,8000,Efectivo,C168
7179,2026-09-24,08:33,Nübe Altico,Domicilio,Croissant,1,6000,NEQUI,C097
1560,2026-08-14,08:50,Nübe Altico,Mostrador,americano,1,5000,Efectivo,C174
6298,2026-09-18,18:30,Nübe Centro,Mostrador,croissant,1,6000,Nequi,
1769,2026-08-16,13:50,Nübe Centro,Mostrador,Americano,1,5000,Efectivo,
5939,2026-09-14,15:22,Nübe Altico,Mostrador,Croissant de almendras,1,8000,Efectivo,
7452,2026-09-26,13:59,Nübe Altico,Mostrador,Tinto,1,3000,Tarjeta,
5716,2026-09-13,07:19,Nübe Centro,Mostrador,Tinto,2,3000,Efectivo,
6941,22/09/2026,15:15,Nübe Centro,Mostrador,Americano,1,5000,Efectivo,
374,2026-08-06,12:41,Nübe Centro,Mostrador,Chocolate caliente,1,7500,Efectivo,C041
1343,2026-08-13,09:20,Nübe Centro,Domicilio,Chocolate  caliente,1,7500,Nequi,C041
2515,2026-08-21,16:38,Nube Centro ,Mostrador,Croissant de almendras,1,8000,Efectivo,
5322,2026-09-10,14:59,Nübe Centro,Mostrador,croissant,1,6000,Tarjeta,
7160,2026-09-24,17:35,Nübe Centro,Mostrador,Americano,3,5000,Tarjeta,
6342,2026-09-18,11:14,centro,Mostrador,Croisant,1,6000,Tarjeta,C265
1177,2026-08-11,09:48,Nübe Altico,Mostrador,Frappé de café,3,11000,Nequi,
698,2026-08-08,08:01,Nübe Centro,Domicilio,Chocolate caliente,2,7500,NEQUI,
2783,22/08/2026,15:02,Nübe Altico,Mostrador,Croisant,1,6000,Nequi,C071
4031,2026-08-31,15:25,Nübe Altico,Mostrador,croissant,3 und,6000,Tarjeta,C121
6003,2026-09-15,06:29,Nübe Altico,Mostrador,Chocolate caliente,1,7500,Efectivo,C212
827,2026-08-08,14:09,Nübe Altico,Mostrador,chocolate caliente,1,7500,Efectivo,C270
1123,2026-08-11,09:40,Nübe Centro,Mostrador,Frappé de café,1 und,11000,Efectivo,
290,2026-08-05,16:25,Nübe Altico,Mostrador,Tinto,1,3000,Efectivo,
772,2026-08-08,10:31,Nübe Altico,Domicilio,Latte,1,$9.000,Tarjeta,C282
3222,2026-08-26,08:14,Nübe Centro,Mostrador,Tinto,1,3000,Nequi,C053
3725,2026-08-29,07:23,Nübe Altico,Mostrador,tinto,1,$3.000,Efectivo,
378,2026-08-06,08:32,Nübe Centro,Domicilio,Americano,1,5000,Nequi,
3413,2026-08-27,11:41,altico,Mostrador,Croissant,1,6000,Nequi,C139
3822,2026-08-30,08:26,Nübe Centro,Domicilio,croissant de almendras,1,8000,Efectivo,
786,2026-08-08,12:57,Nübe Altico,Domicilio,Capuchino,1,8500,Tarjeta,C087
6197,17/09/2026,15:16,Nübe Centro,Mostrador,Tinto,1 und,3000,Efectivo,
1468,2026-08-14,07:40,Nübe Centro,Mostrador,Latte,,9000,Efectivo,
1848,2026-08-16,17:58,Nübe Centro,Mostrador,Latte,1,9000,Tarjeta,
1454,14/08/2026,13:12,Nübe Centro,Mostrador,Tinto,3,3000,Tarjeta,
4154,2026-09-01,11:57,Nübe Altico,Mostrador,Americano,1,5000,Tarjeta,C102
6821,2026-09-21,17:32,Nübe Centro,Mostrador,Croissant,1,6000,Nequi,
2897,23/08/2026,07:05,Nübe Centro,Mostrador,Tinto,1,3000,Efectivo,
7413,2026-09-26,07:20,Nube Centro ,Mostrador,Croissant,1,6000,Nequi,C298
7577,2026-09-27,07:50,Nübe Centro,Mostrador,Capuchino,1 und,8500,Efectivo,
2165,2026-08-18,08:02,Nübe Altico,Mostrador,Americano,1,5000,Efectivo,
1723,15/08/2026,16:34,Nübe Altico,Mostrador,Americano,2,5000,Tarjeta,
3832,2026-08-30,17:09,Nübe Centro,Mostrador,Tinto,1,3000,Tarjeta,
731,2026-08-08,13:47,Nübe Centro,Mostrador,Croissant,1,6000,Tarjeta,
2316,2026-08-19,09:05,Nübe Altico,Mostrador,Croissant de almendras,2,8000,Tarjeta,
2697,2026-08-22,14:23,Nübe Centro,Mostrador,Croissant de almendras,1,8000,EFECTIVO,C175
1909,2026-08-16,08:50,Nübe Altico,Domicilio,Americano,1,5000,Tarjeta,
159,2026-08-04,08:04,Nübe Centro,Mostrador,Croissant,2,6000,Tarjeta,
2861,2026-08-23,07:19,Nübe Centro,Mostrador,Croissant de almendras,1,$8.000,Tarjeta,
7540,2026-09-27,15:07,Nübe Centro,Mostrador,Tinto,1,,Tarjeta,
7089,2026-09-23,09:05,Nübe Altico,Mostrador,Capuchino,1,8500,Tarjeta,C045
7053,2026-09-23,06:48,NUBE CENTRO,Mostrador,Tinto,1,3000,Nequi,
4586,2026-09-05,08:57,Nübe Centro,Domicilio,Croissant,1,6000,Efectivo,
6066,2026-09-16,16:19,Nübe Centro,Mostrador,Chocolate caliente,1,$7.500,Nequi,
2342,2026-08-20,13:48,Nübe Centro,Mostrador,AMERICANO,1,5000,Efectivo,
5656,2026-09-13,09:46,Nübe Centro,Mostrador,Latte,2,9000,Efectivo,
6256,17/09/2026,11:07,Nübe Altico,Domicilio,Chocolate caliente,1,7500,Nequi,C052
6828,2026-09-21,08:51,Nube Centro ,Domicilio,Americano,1,,EFECTIVO,C079
3180,2026-08-25,11:26,Nübe Altico,Mostrador,Croissant,1,6000,Nequi,C180
2603,2026-08-22,13:07,Nübe Centro,Domicilio,Latte,1,9000,Nequi,
4493,04/09/2026,16:18,Nübe Centro,Mostrador,Latte,1,9000,Tarjeta,C176
3036,2026-08-24,19:14,Nübe Centro,Mostrador,Latte,1,9000,NEQUI,C095
2697,2026-08-22,14:23,Nübe Centro,Mostrador,Capuchino,1,8500,Efectivo,C175
1015,2026-08-10,07:58,Nübe Centro,Mostrador,Latte,1,9000,Efectivo,C162
5584,2026-09-12,06:52,Nübe Centro,Mostrador,Americano,1,5000,Tarjeta,
3665,29/08/2026,09:12,Nübe Centro,Mostrador,Americano,2,5000,Efectivo,
3457,2026-08-27,10:04,Nübe Altico,Mostrador,Croissant,1,6000,,
26,2026-08-03,10:17,Nübe Centro,Mostrador,Tinto,1,3000,Nequi,C138
3380,2026-08-27,15:24,Nübe Centro,Mostrador,Late,1,9000,Tarjeta,C019
5632,2026-09-12,08:43,Nübe Altico,Mostrador,Capuchino,1,8500,Tarjeta,
4270,2026-09-02,13:36,Nübe Altico,Mostrador,Capuchino,1,8500,Efectivo,
3698,2026-08-29,09:01,Nübe Centro,Mostrador,Croissant,1,6000,Nequi,C259
6194,2026-09-17,11:14,Nube Centro ,Mostrador,Tinto,1,3000,TARJETA,
2107,2026-08-18,08:34,Nübe Centro,Mostrador,Latte,1,9000,Nequi,
3068,2026-08-24,17:09,altico,Domicilio,TINTO,1,3000,Efectivo,
5871,2026-09-14,19:37,Nübe Centro,Mostrador,Capuchino,1,$8.500,Efectivo,C186
942,2026-08-09,18:45,Nube Centro ,Mostrador,Latte,1,9000,Efectivo,
709,2026-08-08,15:56,Nübe Centro,Mostrador,Croissant,1,$6.000,Efectivo,
2326,2026-08-19,08:01,Nübe Altico,Mostrador,Croissant,1,6000,Efectivo,C280
101,2026-08-03,08:03,Nübe Altico,Mostrador,Croissant,1 und,6000,Tarjeta,C101
3163,2026-08-25,07:42,Nübe Centro,Mostrador,Croissant,1,6000,Tarjeta,
4558,2026-09-04,08:58,Nübe Altico,Mostrador,Tinto,1,$3.000,Nequi,
3756,2026-08-29,09:35,Nübe Altico,Mostrador,Latte,2,9000,Efectivo,C257
2415,2026-08-20,09:56,Nübe Altico,Mostrador,Croissant de almendras,1,8000,Tarjeta,C269
353,2026-08-06,16:10,Nübe Centro,Mostrador,Croissant,2,6000,Nequi,
5100,2026-09-08,09:17,Nübe Altico,Mostrador,Tinto,1,$3.000,Tarjeta,
1176,2026-08-11,10:17,Nübe Altico,Mostrador,Croissant,3,6000,Efectivo,C283
323,2026-08-05,15:06,altico,Mostrador,Tinto,1,3000,Tarjeta,
1926,2026-08-17,08:54,Nübe Centro,Domicilio,Croissant de almendras,1,8000,Efectivo,C077
5979,2026-09-15,09:20,Nübe Centro,Mostrador,Latte,1 und,9000,Efectivo,
1799,2026-08-16,15:15,Nübe Centro,Mostrador,Chocolate caliente,1,7500,Tarjeta,C195
5172,2026-09-09,08:01,Nübe Centro,Mostrador,Capuchino,1,8500,Tarjeta,C297
79,2026-08-03,10:37,Nübe Altico,Domicilio,Croissant,1,$6.000,TARJETA,
6117,16/09/2026,17:18,NUBE ALTICO,Mostrador,Latte,,9000,Efectivo,C024
1730,15/08/2026,07:22,Nübe Altico,Mostrador,Capuchino,1,,NEQUI,
5455,2026-09-11,18:17,Nübe Centro,Mostrador,Capuchino,1,8500,Efectivo,
7046,2026-09-23,17:43,Nübe Centro,Domicilio,Latte,1,9000,Tarjeta,
1993,2026-08-17,11:29,Nübe Centro,Domicilio,Tinto,1,3000,Efectivo,
3029,2026-08-24,11:05,Nübe Centro,Domicilio,Chocolate caliente,1 und,7500,Efectivo,
3412,2026-08-27,11:49,Nübe Altico,Mostrador,Latte,1,9000,Nequi,
2551,2026-08-21,08:24,Nübe Altico,Mostrador,Tinto,1,3000,Tarjeta,
3317,2026-08-27,08:31,Nübe Centro,Mostrador,Capuchino,1,8500,Efectivo,
6572,2026-09-19,06:38,Nübe Altico,Mostrador,Americano,3,5000,Nequi,C281
4081,2026-09-01,15:52,Nübe Centro,Domicilio,Capuchino,2,8500,Tarjeta,C093
1122,2026-08-11,19:01,Nübe Centro,Domicilio,Latte,,9000,Nequi,C267
7487,2026-09-26,10:54,Nübe Altico,Mostrador,Tinto,2,3000,Nequi,C124
1558,2026-08-14,15:57,Nübe Altico,Mostrador,Croissant,2,6000,Efectivo,
7182,2026-09-24,18:40,NUBE ALTICO,Mostrador,Americano,1,5000,Tarjeta,
382,2026-08-06,13:57,Nübe Centro,Mostrador,Latte,1,9000,Tarjeta,
3019,2026-08-24,18:17,Nübe Centro,Domicilio,Americano,2,5000,Efectivo,C208
2783,2026-08-22,15:02,Nübe Altico,Mostrador,Chocolate caliente,1,7500,Nequi,C071
2087,2026-08-18,08:33,Nübe Centro,Domicilio,Capuchino,3,8500,Tarjeta,
3348,27/08/2026,20:30,Nübe Centro,Domicilio,Croissant,1,6000,Tarjeta,C182
7571,2026-09-27,15:19,Nübe Centro,Mostrador,Frappé de café,2,11000,Efectivo,
1174,11/08/2026,12:43,Nübe Altico,Mostrador,Latte,1,9000,Nequi,
6820,2026-09-21,19:46,Nübe Centro,Mostrador,Capuchino,1,8500,Efectivo,C009
181,2026-08-04,14:40,Nübe Altico,Mostrador,Latte,1,9000,Nequi,
4796,2026-09-06,09:23,Nübe Centro,Mostrador,Chocolate  caliente,1,7500,NEQUI,
601,2026-08-07,10:09,Nübe Altico,Mostrador,americano,1,5000,Efectivo,C140
474,2026-08-07,15:44,Nübe Centro,Mostrador,latte,1,9000,Nequi,
2323,2026-08-19,13:24,Nübe Altico,Mostrador,Croissant de almendras,1,8000,Efectivo,
5507,2026-09-11,16:28,Nübe Altico,Mostrador,Latte,1,9000,Efectivo,
7056,2026-09-23,08:16,Nübe Centro,Mostrador,Americano,1,5000,Nequi,
1242,2026-08-12,07:37,Nübe Centro,Mostrador,Frappé de café,2,$11.000,Nequi,
7575,2026-09-27,12:13,Nübe Centro,Mostrador,CAPUCHINO,1,8500,Tarjeta,C004
6857,2026-09-21,08:18,Nübe Altico,Mostrador,Americano,1,5000,Efectivo,
2940,23/08/2026,07:38,Nübe Altico,Domicilio,Croissant,1,6000,NEQUI,
2234,2026-08-19,11:38,Nübe Centro,Mostrador,Croissant de almendras,1,8000,Tarjeta,C232
2807,2026-08-23,09:56,Nübe Centro,Mostrador,Latte,1,9000,Tarjeta,C231
5007,2026-09-08,15:17,Nübe Centro,Mostrador,Tinto,1 und,3000,NEQUI,
1267,2026-08-12,10:50,Nübe Centro,Mostrador,Capuchino,1,8500,Nequi,
1439,2026-08-14,07:24,Nübe Centro,Mostrador,Tinto,1,3000,Tarjeta,C052
3854,2026-08-30,09:39,Nübe Centro,Mostrador,Tinto,1,3000,Efectivo,C276
6549,2026-09-19,07:57,Nübe Altico,Domicilio,Latte,1,$9.000,Nequi,C026
7655,2026-09-27,12:12,Nübe Altico,Mostrador,Americano,1,5000,Efectivo,C168
1526,2026-08-14,08:38,Nübe Altico,Mostrador,Frappé de café,1,11000,Tarjeta,C231
6816,2026-09-21,12:41,Nübe Centro,Mostrador,Tinto,1,$3.000,NEQUI,C071
6117,2026-09-16,17:18,Nübe Altico,Mostrador,Americano,1,5000,Efectivo,C024
5151,2026-09-09,10:06,Nübe Centro,Mostrador,Croissant,1,6000,Tarjeta,
49,2026-08-03,09:00,Nübe Centro,Mostrador,Capuchino,1,8500,Efectivo,C085
4706,2026-09-05,16:51,Nübe Altico,Mostrador,Tinto,1,3000,Nequi,
3817,2026-08-30,10:25,Nübe Centro,Mostrador,Tinto,1,3000,Nequi,
3587,28/08/2026,19:12,altico,Mostrador,Capuchino,2,8500,NEQUI,C097
7559,2026-09-27,15:38,Nübe Centro,Mostrador,Capuchino,3,8500,Tarjeta,
6352,2026-09-18,10:33,Nübe Centro,Mostrador,Americano,1,5000,Nequi,
5238,2026-09-09,07:17,Nübe Altico,Mostrador,Croissant de almendras,1,$8.000,Nequi,
2791,22/08/2026,12:56,Nübe Altico,Mostrador,Capuchino,2,8500,Tarjeta,
5740,2026-09-13,16:05,Nube Centro ,Mostrador,croissant,1 und,6000,Efectivo,C099
3418,2026-08-27,16:55,Nübe Altico,Mostrador,Chocolate caliente,2,7500,Nequi,
5358,2026-09-10,15:59,Nübe Altico,Domicilio,Latte,1,9000,,C198
6075,2026-09-16,15:23,Nübe Centro,Mostrador,Capuchino,2,8500,EFECTIVO,
4628,2026-09-05,19:37,Nübe Centro,Mostrador,Tinto,1,$3.000,Nequi,
1197,2026-08-12,08:15,Nübe Centro,Mostrador,Tinto,1,3000,TARJETA,
2518,2026-08-21,09:35,Nübe Centro,Mostrador,Tinto,2,3000,Tarjeta,C021
4053,2026-09-01,07:04,Nübe Centro,Mostrador,Capuchino,2,8500,Efectivo,
3355,2026-08-27,07:42,Nübe Centro,Mostrador,CROISSANT ,1,6000,Tarjeta,
5858,2026-09-14,11:41,NUBE CENTRO,Mostrador,Tinto,1,3000,Tarjeta,C004
6804,2026-09-21,10:48,centro,Mostrador,Americano,1,5000,NEQUI,
6334,2026-09-18,09:28,Nübe Centro,Mostrador,Latte,1,9000,Efectivo,
363,2026-08-06,11:21,Nübe Centro,Mostrador,Croissant,1,6000,Efectivo,C008
201,2026-08-04,10:49,Nübe Altico,Domicilio,Tinto ,2,3000,Tarjeta,
7296,2026-09-25,16:28,Nübe Centro,Mostrador,Tinto,1,3000,Tarjeta,
3249,2026-08-26,08:01,Nübe Centro,Mostrador,Tinto,2,3000,Efectivo,C082
2169,2026-08-18,16:20,Nübe Altico,Mostrador,Capuchino,1 und,8500,Nequi,C149
7344,2026-09-25,08:16,Nübe Altico,Mostrador,Capuchino,1,8500,Efectivo,
5640,2026-09-12,10:08,Nübe El Altico,Domicilio,Croissant almendras,1,8000,EFECTIVO,C294
7349,2026-09-25,16:36,Nübe Altico,Domicilio,Croissant,2,6000,Tarjeta,C118
420,2026-08-06,11:14,Nübe Altico,Mostrador,Capuchino,1,8500,Efectivo,
2185,2026-08-18,13:29,Nübe Altico,Mostrador,Frappé de café,1,11000,Efectivo,
1830,16/08/2026,10:00,Nübe Centro,Mostrador,Croissant,1,6000,Efectivo,C156
4814,2026-09-06,10:05,Nübe Centro,Mostrador,Croissant,1,6000,Tarjeta,
3725,2026-08-29,07:23,Nübe Altico,Mostrador,Chocolate caliente,1,7500,Efectivo,
1264,2026-08-12,14:31,Nübe Centro,Domicilio,Latte,1,9000,Tarjeta,C189
6463,2026-09-19,13:21,Nübe Centro,Mostrador,Tinto,1,$3.000,TARJETA,C153
4726,2026-09-05,15:43,Nübe Altico,Mostrador,Chocolate caliente,1,7500,Efectivo,C011
768,2026-08-08,14:30,Nübe Altico,Mostrador,Capuchino,1,8500,Tarjeta,
13,2026-08-03,09:08,Nübe Centro,Mostrador,Americano,2,5000,EFECTIVO,
1612,2026-08-15,08:39,Nübe Centro,Mostrador,Croissant almendras,2,$8.000,Tarjeta,
5838,2026-09-14,19:43,Nübe Centro,Domicilio,Croissant,1,$6.000,Efectivo,C230
3762,2026-08-29,20:31,Nübe Altico,Mostrador,Capuchino,1,8500,Efectivo,
2061,2026-08-17,16:28,Nübe Altico,Mostrador,Americano,2,$5.000,Tarjeta,C115
925,2026-08-09,12:20,Nübe Centro,Mostrador,Capuchino,,8500,Efectivo,C139
6770,2026-09-21,11:39,Nübe Centro,Domicilio,Croissant de almendras,1,8000,Tarjeta,
3221,2026-08-26,17:46,Nübe Centro,Mostrador,Americano,1,5000,Efectivo,
4118,01/09/2026,10:29,Nübe Centro,Mostrador,Capuchino,1,$8.500,Tarjeta,C133
6172,2026-09-17,16:46,Nübe Centro,Mostrador,Latte,1,9000,Nequi,
3121,2026-08-25,06:09,Nübe Centro,Mostrador,Croissant,1,6000,Tarjeta,
686,2026-08-08,16:54,Nübe Centro,Mostrador,Capuchino,2,8500,TARJETA,
2497,2026-08-21,08:04,Nübe Centro,Domicilio,Tinto,1,3000,Nequi,C282
467,2026-08-06,16:35,Nübe Altico,Mostrador,Capuchino,1,8500,Tarjeta,
4924,2026-09-07,11:19,centro,Mostrador,Latte,2,9000,Nequi,
5774,2026-09-13,16:35,Nübe Altico,Mostrador,Americano,1,5000,Tarjeta,C223
3089,24/08/2026,12:52,Nübe Altico,Mostrador,Capuccino,1,8500,Tarjeta,
4072,2026-09-01,08:55,Nübe Centro,Mostrador,Tinto,1,3000,Nequi,C280
6337,18/09/2026,15:52,Nübe Centro,Mostrador,Capuchino,1,8500,Nequi,C083
37,03/08/2026,08:26,Nübe Centro,Mostrador,Croissant,2,6000,Nequi,
1382,2026-08-13,14:54,Nübe Centro,Mostrador,Chocolate  caliente,2,7500,Nequi,
7292,2026-09-25,14:55,Nübe Centro,Mostrador,Croissant,1,6000,Nequi,
108,2026-08-04,12:19,Nübe Centro,Domicilio,Americano,1 und,5000,Tarjeta,
7290,2026-09-25,09:24,Nübe Centro,Mostrador,Capuchino,1,8500,Nequi,
3637,2026-08-29,11:04,Nübe Centro,Mostrador,Tinto,1,3000,Efectivo,
4319,2026-09-03,16:30,Nübe Centro,Mostrador,Croissant de almendras,2,8000,Nequi,C191
1442,14/08/2026,19:08,Nübe Centro,Domicilio,Capuchino,1,8500,Efectivo,
3718,29/08/2026,12:57,altico,Mostrador,Tinto,1,$3.000,Tarjeta,
1522,2026-08-14,20:13,Nübe Altico,Mostrador,Americano,1,5000,Efectivo,
6006,2026-09-15,10:58,Nübe Altico,Mostrador,Capuchino,1,8500,Tarjeta,C155
7258,2026-09-25,10:15,Nübe Centro,Domicilio,Capuchino,2,8500,Tarjeta,
6361,2026-09-18,08:59,centro,Mostrador,Americano,3,5000,Tarjeta,
360,2026-08-06,09:49,Nübe Centro,Domicilio, Capuchino ,1,8500,Efectivo,C095
5748,2026-09-13,16:25,altico,Mostrador,Capuchino,1,8500,Nequi,
5937,2026-09-14,17:09,Nübe Altico,Mostrador,Americano,1,5000,Efectivo,C034
818,2026-08-08,07:47,Nübe Altico,Mostrador,Croissant,1,6000,Tarjeta,
3209,2026-08-26,08:56,Nübe Centro,Mostrador,Chocolate caliente,1,7500,Nequi,C163
6240,2026-09-17,06:08,Nübe Centro,Mostrador,Latte,1,9000,Nequi,
6184,2026-09-17,08:42,Nübe Centro,Mostrador,Latte,1,9000,Efectivo,C271
5810,2026-09-14,08:36,Nübe Centro,Domicilio,AMERICANO,1,5000,Efectivo,
6997,2026-09-23,16:46,Nübe Centro,Mostrador,Chocolate caliente,1,7500,Nequi,
4287,2026-09-02,11:09,Nübe Altico,Mostrador,Americano,1,5000,Tarjeta,
4751,2026-09-06,17:59,Nübe Centro,Mostrador,croissant,2,6000,Efectivo,C121
4193,2026-09-02,15:53,Nübe Centro,Mostrador,Americano,1,$5.000,Efectivo,
429,2026-08-06,09:28,Nübe Altico,Domicilio,Tinto,2,3000,Nequi,
1605,2026-08-15,10:07,Nübe Centro,Mostrador,Americano,1,5000,,
2122,2026-08-18,11:00,Nübe Centro,Domicilio,Croissant de almendras,1 und,$8.000,Nequi,
415,2026-08-06,10:49,Nübe Altico,Mostrador,Americano,1,5000,Nequi,C041
7642,2026-09-27,10:28,Nübe Altico,Mostrador,Capuchino,2,8500,Nequi,C175
3568,2026-08-28,07:15,Nübe Altico,Mostrador,Americano,1,$5.000,Efectivo,
5791,2026-09-13,09:20,Nübe Altico,Mostrador,Croisant,1,6000,Efectivo,
3638,2026-08-29,15:07,Nübe Centro,Mostrador,Capuchino,1,$8.500,Tarjeta,
5967,2026-09-15,11:29,Nübe Centro,Domicilio,Capuchino,1,8500,Tarjeta,
6404,2026-09-18,08:47,Nübe Altico,Mostrador,Americano,1,$5.000,Nequi,C037
2869,2026-08-23,07:03,Nübe Centro,Domicilio,Capuchino,1,8500,Efectivo,C223
1369,2026-08-13,15:01,Nübe Centro,Mostrador,Americano,1,5000,Tarjeta,
4372,2026-09-03,07:08,Nübe Altico,Mostrador, Capuchino ,1,8500,Nequi,
173,2026-08-04,14:28,Nube Centro ,Domicilio,Capuchino,1,8500,Tarjeta,C030
2349,2026-08-20,07:12,Nübe Centro,Mostrador,Americano,2,5000,Tarjeta,C091
4396,2026-09-03,16:40,Nübe Altico,Mostrador,Croissant,1,6000,Nequi,
302,2026-08-05,07:44,Nübe Altico,Domicilio,Capuchino,1,8500,Tarjeta,
2463,2026-08-21,16:39,Nübe Centro,Mostrador,Croissant,1,6000,Nequi,C255
2769,2026-08-22,10:29,Nübe Altico,Mostrador,Tinto,1 und,3000,Efectivo,C153
5207,2026-09-09,09:09,Nübe Altico,Mostrador,Latte,1 und,9000,Nequi,
6157,2026-09-16,09:08,Nübe Altico,Mostrador,Croissant,1,6000,Efectivo,
5110,2026-09-08,07:34,Nübe Altico,Domicilio,Frappé de café,3,11000,Tarjeta,
6464,2026-09-19,10:20,Nübe Centro,Mostrador,Americano,1,$5.000,Nequi,
5353,2026-09-10,13:50,Nübe Altico,Mostrador,Latte,2,9000,Tarjeta,
5062,2026-09-08,10:15,NUBE CENTRO,Mostrador,Croissant de almendras,2,8000,Nequi,C121
1550,2026-08-14,13:37,Nübe Altico,Mostrador,CAPUCHINO,1,8500,Tarjeta,C221
7598,2026-09-27,14:23,Nübe Centro,Mostrador,Croissant,1,6000,Efectivo,
2051,2026-08-17,06:16,Nübe Altico,Mostrador,Croissant,1,6000,Efectivo,C230
4247,2026-09-02,16:38,Nübe Centro,Mostrador,Frappé de café,3,11000,Efectivo,C073
7299,2026-09-25,11:21,Nübe Centro,Domicilio,Croissant,1,6000,Nequi,
1694,2026-08-15,11:48,Nübe Centro,Mostrador,CAPUCHINO,1,8500,TARJETA,C238
124,2026-08-04,08:11,Nübe Centro,Mostrador,Tinto,1,3000,Tarjeta,
2399,20/08/2026,11:39,Nübe Centro,Mostrador,Capuchino,1,8500,Nequi,
2611,22/08/2026,13:31,Nübe Centro,Mostrador,Americano,1,5000,TARJETA,C259
6687,20/09/2026,09:02,Nübe Centro,Domicilio,Capuchino,2,8500,Nequi,
688,2026-08-08,18:51,Nübe Centro,Domicilio,Chocolate caliente,1,7500,,
5593,2026-09-12,08:12,Nübe Centro,Domicilio,AMERICANO,1,5000,Tarjeta,C067
1652,2026-08-15,20:29,Nübe Centro,Mostrador,Tinto,1,3000,Nequi,
4196,2026-09-02,09:20,Nübe Centro,Domicilio,Tinto,1,3000,Efectivo,C091
2927,2026-08-23,14:59,Nübe Altico,Mostrador,Tinto,1,3000,Nequi,C123
5399,2026-09-11,16:35,Nübe Centro,Mostrador,Tinto,1,3000,Tarjeta,
3746,2026-08-29,17:20,altico,Mostrador,Americano,1,5000,Efectivo,
474,2026-08-07,15:44,Nübe Centro,Mostrador,Americano,2,5000,Nequi,
1510,2026-08-14,09:52,Nübe Centro,Mostrador,Croissant,1,6000,Nequi,C151
6775,2026-09-21,06:39,Nübe Centro,Mostrador,Frappé de café,1,11000,Efectivo,C165
6725,2026-09-20,09:16,Nübe Altico,Mostrador,Capuchino,1,8500,NEQUI,C140
2393,2026-08-20,16:47,Nübe Centro,Mostrador,Capuchino,1,$8.500,Nequi,
3738,2026-08-29,11:34,Nübe Altico,Mostrador,Croissant de almendras,1,8000,Nequi,
2403,2026-08-20,13:07,Nübe Centro,Mostrador,Capuchino,1,$8.500,Nequi,
893,2026-08-09,07:21,Nübe Centro,Mostrador,Chocolate caliente,1,7500,,
4422,2026-09-03,10:59,Nübe Altico,Domicilio,Tinto,1,3000,Tarjeta,
3613,29/08/2026,16:21,Nübe Centro,Mostrador,Late,2,9000,Nequi,
2708,2026-08-22,11:04,Nübe Centro,Mostrador,tinto,1,3000,Nequi,
2406,2026-08-20,09:51,Nübe Centro,Mostrador,Tinto,1,3000,Nequi,
6916,2026-09-22,09:12,Nübe Centro,Mostrador,Americano,1,5000,Nequi,
529,2026-08-07,08:33,Nube Centro ,Mostrador,Capuchino,1,8500,Efectivo,C085
338,2026-08-06,17:25,Nübe Centro,Domicilio,Americano,1 und,5000,,C207
2858,2026-08-23,09:36,Nübe Centro,Mostrador,Capuchino,1,8500,Efectivo,C016
5417,11/09/2026,09:01,Nube Centro ,Mostrador,CAPUCHINO,2,8500,Tarjeta,
5005,2026-09-08,15:35,Nübe Centro,Domicilio,Latte,1,9000,Nequi,C253
2890,2026-08-23,13:16,Nübe Centro,Mostrador,americano,2,5000,Efectivo,
4022,2026-08-31,07:51,Nübe Altico,Mostrador,Capuchino,2,$8.500,Nequi,
5971,2026-09-15,16:43,Nübe Centro,Mostrador,Latte,1,9000,Efectivo,C129
4237,2026-09-02,18:03,Nübe Centro,Mostrador,Croissant de almendras,1,8000,Nequi,C063
5213,2026-09-09,14:48,Nübe Altico,Domicilio,Capuchino,1,8500,,
4331,2026-09-03,15:31,Nübe Centro,Mostrador,Croissant,1,6000,Efectivo,
6639,2026-09-20,19:00,Nübe Centro,Mostrador,Frappé de café,1,11000,,
4741,2026-09-06,08:57,Nübe Centro,Mostrador,Tinto,1,3000,Nequi,
4608,2026-09-05,10:53,Nübe Centro,Mostrador,croissant,1,6000,Efectivo,C235
633,07/08/2026,09:34,Nübe Altico,Mostrador,Croisant,2,6000,Nequi,
3348,27/08/2026,20:30,Nübe Centro,Domicilio,Chocolate caliente,1,7500,Tarjeta,C182
1675,15/08/2026,12:10,NUBE CENTRO,Mostrador,Americano,1,5000,Nequi,
4376,2026-09-03,19:48,Nübe Altico,Mostrador,Frappé de café,1,11000,Tarjeta,C284
3793,2026-08-30,16:43,Nube Centro ,Mostrador,Croissant,1,6000,Efectivo,
2407,2026-08-20,09:05,Nübe Centro,Mostrador,Croissant,1,6000,Tarjeta,
4277,2026-09-02,14:31,Nübe Altico,Mostrador,Croissant,1,6000,Nequi,C277
4132,2026-09-01,11:52,Nübe Centro,Mostrador,Latte,1,9000,Efectivo,
5685,2026-09-13,09:52,Nübe Centro,Mostrador,Tinto,1,3000,Tarjeta,C086
5479,11/09/2026,17:35,Nübe El Altico,Mostrador,Capuchino,1,8500,,
2775,2026-08-22,08:38,Nübe Altico,Mostrador,Americano,2,,Nequi,
6217,2026-09-17,09:03,Nübe Centro,Mostrador,Latte,1,9000,Nequi,C250
1977,2026-08-17,09:30,Nübe Centro,Domicilio,Tinto,3,3000,Tarjeta,C061
19,2026-08-03,07:54,Nübe Centro,Mostrador,Croissant,1,6000,Tarjeta,C224
4488,2026-09-04,10:06,Nübe Centro,Domicilio,croissant,1,6000,Tarjeta,
2989,24/08/2026,09:39,Nübe Centro,Domicilio,Americano,2,5000,Nequi,
3491,2026-08-28,09:16,Nübe Centro,Mostrador,Croissant,1,6000,Efectivo,C174
3159,2026-08-25,10:36,Nübe Centro,Domicilio,Capuchino,2,8500,Efectivo,
793,08/08/2026,15:47,Nübe Altico,Mostrador,Capuchino,1,8500,Nequi,C170
6089,2026-09-16,17:26,Nübe Centro,Mostrador,Croissant de almendras,1,8000,Tarjeta,
5295,10/09/2026,17:40,centro,Mostrador,Chocolate caliente,1,7500,Efectivo,
7484,2026-09-26,09:05,Nübe Altico,Mostrador,Chocolate caliente,1,7500,Tarjeta,
1655,2026-08-15,17:49,Nübe Centro,Mostrador,TINTO,1,3000,Tarjeta,C106
1404,2026-08-13,07:24,Nübe Altico,Mostrador,Frappe de cafe,1,11000,Efectivo,C061
4969,2026-09-07,07:24,Nübe Altico,Mostrador,Capuchino,1,8500,Efectivo,C227
5999,2026-09-15,15:26,Nübe Centro,Mostrador,Capuchino,1,8500,Nequi,C291
2020,2026-08-17,14:56,Nübe Altico,Mostrador,Croissant,3,6000,,
7090,2026-09-23,09:56,Nübe Altico,Mostrador,Frappé de café,1,11000,Efectivo,
5958,2026-09-15,09:59,Nübe Centro,Domicilio,Tinto,1,3000,Efectivo,
2899,2026-08-23,08:59,Nübe Altico,Mostrador,Chocolate caliente,1,7500,Tarjeta,C234
467,06/08/2026,16:35,Nübe Altico,Mostrador,Croissant,1,6000,TARJETA,
3144,2026-08-25,09:14,NUBE CENTRO,Mostrador,Croissant,1,6000,Tarjeta,C108
3135,2026-08-25,16:36,Nübe Centro,Mostrador,Capuchino,1,8500,Tarjeta,C022
6659,20/09/2026,08:44,Nübe Centro,Mostrador,croissant,1,6000,Efectivo,
2587,2026-08-21,07:11,Nübe Altico,Mostrador,Latte,1,,Efectivo,C097
4183,2026-09-02,12:05,Nübe Centro,Mostrador,Tinto,1,3000,Efectivo,C202
44,03/08/2026,13:06,Nübe Centro,Mostrador,Croissant de almendras,1,8000,Efectivo,
4653,2026-09-05,08:21,NUBE CENTRO,Mostrador,Croissant,1,6000,Nequi,
3124,2026-08-25,08:28,Nübe Centro,Mostrador,Capuchino,1,8500,Nequi,C125
5420,2026-09-11,14:11,Nübe Centro,Mostrador, Capuchino ,1,8500,Tarjeta,
4361,2026-09-03,12:34,Nübe Centro,Mostrador,Tinto,1,3000,Tarjeta,C028
7485,2026-09-26,11:56,Nübe Altico,Mostrador,latte,1,9000,Tarjeta,
3196,2026-08-25,10:54,Nübe Altico,Mostrador,Chocolate caliente,2,7500,Nequi,
6704,2026-09-20,19:55,Nübe Centro,Mostrador,Latte,1,9000,Efectivo,C065
3191,2026-08-25,20:26,Nübe Altico,Mostrador,Capuchino,2,8500,Efectivo,
1168,2026-08-11,08:57,Nübe Altico,Mostrador,Tinto,1,3000,,
353,2026-08-06,16:10,Nübe Centro,Mostrador,Frappé de café,1,11000,Nequi,
6441,2026-09-18,12:52,Nübe Altico,Mostrador,Capuchino,1,8500,Nequi,
7529,2026-09-26,10:06,Nübe Altico,Mostrador,Latte,1,9000,Efectivo,
3736,2026-08-29,18:40,Nübe Altico,Mostrador,Tinto,1,3000,Nequi,
6529,2026-09-19,07:43,Nübe Centro,Mostrador,Capuchino,1,8500,Tarjeta,
4168,2026-09-01,09:04,Nübe Altico,Mostrador,Chocolate caliente,1,7500,Efectivo,
1256,2026-08-12,07:17,Nübe Centro,Mostrador,Tinto,1,3000,Efectivo,
1119,2026-08-11,09:56,Nübe Centro,Mostrador,TINTO,1,$3.000,Efectivo,C096
3407,2026-08-27,07:39,Nübe Altico,Mostrador,Tinto,2 und,3000,Tarjeta,C201
2394,2026-08-20,08:21,Nübe Centro,Mostrador,Chocolate caliente,1,7500,Nequi,C158
2731,2026-08-22,14:21,Nübe Altico,Domicilio,Croissant de almendras,,$8.000,TARJETA,
5656,2026-09-13,09:46,Nübe Centro,Mostrador,Capuchino,1 und,8500,Efectivo,
4231,2026-09-02,13:30,Nübe Centro,Mostrador,Tinto,1,,Nequi,C112
7410,26/09/2026,10:03,Nübe Centro,Mostrador,Tinto,1,3000,Efectivo,
7271,2026-09-25,08:30,Nübe Centro,Mostrador,Croissant,1,6000,Nequi,
1783,2026-08-16,08:45,NUBE CENTRO,Mostrador,Latte,1,9000,Efectivo,C126
3976,2026-08-31,07:43,Nübe Centro,Domicilio,Latte,2,9000,Tarjeta,
266,2026-08-05,09:37,Nübe Centro,Mostrador,Latte,2,9000,Nequi,
6448,19/09/2026,20:23,Nübe Centro,Domicilio,Chocolate caliente,1,7500,Tarjeta,C053
2124,2026-08-18,08:08,Nübe Centro,Mostrador,Croissant,1,6000,Efectivo,
4494,2026-09-04,09:09,Nübe Centro,Mostrador,Tinto,1,3000,Efectivo,
7080,2026-09-23,11:45,Nübe Altico,Mostrador,Chocolate caliente,1,7500,Tarjeta,
7574,2026-09-27,07:32,Nübe Centro,Mostrador,Latte,1,9000,Tarjeta,
6741,2026-09-20,11:28,Nübe Altico,Mostrador, Capuchino ,2,8500,Nequi,
1429,2026-08-13,15:14,NUBE ALTICO,Mostrador,Frappé de café,1,11000,Efectivo,C149
6884,2026-09-21,08:09,Nübe Altico,Mostrador,Americano,1,5000,Efectivo,
5064,08/09/2026,13:19,Nübe Centro,Mostrador,Frappé de café,2,11000,Tarjeta,C164
645,07/08/2026,08:29,Nübe Altico,Mostrador,Capuchino,0,8500,Nequi,C156
6121,2026-09-16,16:39,Nübe Altico,Mostrador,Capuchino,1,8500,Nequi,C155
3285,2026-08-26,17:11,Nübe Altico,Mostrador,Tinto,1,3000,EFECTIVO,C126
1215,2026-08-12,19:50,Nübe Centro,Mostrador,Latte,1 und,9000,Efectivo,C024
5452,2026-09-11,10:51,Nübe Centro,Mostrador,Latte,1,9000,Nequi,
6800,2026-09-21,17:30,Nübe Centro,Domicilio,Croissant de almendras,1,8000,Efectivo,
7076,2026-09-23,09:58,Nübe Altico,Mostrador,Croissant de almendras,1,8000,Efectivo,
4538,2026-09-04,13:01,Nübe Altico,Mostrador,Latte,2,9000,Tarjeta,
3662,2026-08-29,11:26,Nübe Centro,Domicilio,Tinto,1 und,$3.000,Nequi,
2047,2026-08-17,10:36,Nübe Altico,Mostrador,Croissant,1,6000,Nequi,C160
1814,2026-08-16,11:06,NUBE CENTRO,Mostrador,Croissant de almendras,2,8000,Nequi,C255
890,2026-08-09,09:18,Nübe Centro,Mostrador,Croissant de almendras,1,8000,Nequi,C075
6367,2026-09-18,17:19,Nübe Centro,Mostrador,Capuchino,1,8500,Tarjeta,
2832,2026-08-23,15:08,Nübe Centro,Mostrador,Croissant,1,6000,Tarjeta,C224
4430,2026-09-03,06:55,Nübe Altico,Mostrador,Croissant,1,6000,Tarjeta,
769,2026-08-08,07:54,Nübe Altico,Domicilio,Croissant,1,6000,Tarjeta,
6949,2026-09-22,14:12,Nübe Centro,Domicilio,Latte,1,9000,Efectivo,
68,2026-08-03,06:59,Nübe Altico,Mostrador,Chocolate caliente,1,$7.500,EFECTIVO,
7411,2026-09-26,13:24,Nübe Centro,Mostrador,Frappé de café,3,11000,Nequi,
4116,2026-09-01,18:40,Nübe Centro,Mostrador,Croissant,1,,Nequi,
1035,2026-08-10,15:26,Nübe Centro,Mostrador,Croissant de almendras,1,8000,Efectivo,C254
1227,12/08/2026,07:56,Nube Centro ,Mostrador,Croissant almendras,1,8000,Nequi,
5525,2026-09-11,08:31,Nübe Altico,Mostrador,Tinto,1,3000,NEQUI,C028
131,2026-08-04,11:43,Nube Centro ,Domicilio,Tinto,2,3000,Efectivo,
7629,2026-09-27,16:45,Nübe Altico,Mostrador,Croissant,1,6000,,
2986,2026-08-24,16:20,Nube Centro ,Mostrador,Chocolate caliente,1,7500,Tarjeta,C255
2024,2026-08-17,15:04,Nübe Altico,Mostrador,Croissant,1,$6.000,Nequi,
1156,2026-08-11,09:54,Nübe Altico,Mostrador,frappé de café,1,11000,Tarjeta,
2761,2026-08-22,08:39,Nübe Altico,Mostrador,Capuchino,1,8500,Tarjeta,C175
1644,15/08/2026,16:25,Nübe Centro,Mostrador,Croissant,2,6000,Efectivo,C246
7564,2026-09-27,10:20,Nübe Centro,Mostrador,Croissant de almendras,1,8000,Tarjeta,
2552,2026-08-21,11:32,Nübe Altico,Mostrador,Capuchino,1,8500,Nequi,
2805,2026-08-23,10:21,Nübe Centro,Mostrador,Croissant,1,6000,Efectivo,
2348,2026-08-20,18:39,Nübe Centro,Mostrador,Capuchino,1,8500,Tarjeta,
5574,2026-09-12,08:03,Nübe Centro,Domicilio,Croissant,1,6000,Tarjeta,
5377,2026-09-10,09:02,Nübe Altico,Domicilio,Croissant,2,6000,Efectivo,
6241,2026-09-17,16:53,centro,Mostrador,Americano,2,5000,Efectivo,
3728,2026-08-29,10:44,NUBE ALTICO,Domicilio,Americano,1,5000,NEQUI,
3914,2026-08-30,11:43,Nübe Altico,Mostrador,TINTO,1,,Nequi,C214
1792,2026-08-16,06:24,Nübe Centro,Mostrador,Latte,1,9000,Nequi,
6723,2026-09-20,14:33,Nübe Altico,Mostrador,Croissant de almendras,1,$8.000,Efectivo,
4043,31/08/2026,08:17,Nübe Altico,Mostrador,Latte,1,9000,Nequi,C103
5550,12/09/2026,15:29,Nübe Centro,Domicilio,Latte,1,9000,Nequi,C124
5553,2026-09-12,16:03,centro,Domicilio,Croissant,1,6000,Tarjeta,
567,07/08/2026,10:40,Nübe Centro,Domicilio,latte,2,9000,Efectivo,C149
4907,2026-09-07,08:12,Nübe Centro,Mostrador,Capuchino,1,8500,Efectivo,C229
3283,2026-08-26,16:35,Nübe Altico,Mostrador,Tinto,1,3000,Tarjeta,
5990,2026-09-15,18:42,Nübe Centro,Mostrador, LATTE,1,9000,Nequi,
1991,2026-08-17,10:38,Nübe Centro,Mostrador,Tinto,1,3000,Tarjeta,C124
843,2026-08-08,09:41,Nübe Altico,Mostrador,Americano,1,5000,Nequi,
7461,2026-09-26,12:54,Nübe Altico,Mostrador,tinto,1 und,3000,Nequi,
1557,2026-08-14,12:30,Nübe Altico,Mostrador,Capuchino,1,8500,Efectivo,
3033,2026-08-24,17:40,Nübe Centro,Domicilio,AMERICANO,1,5000,Efectivo,C237
2739,2026-08-22,13:12,Nübe Altico,Mostrador,Frappé de café,1,11000,Nequi,C177
5178,2026-09-09,07:37,Nübe Centro,Mostrador,Chocolate caliente,1,7500,Tarjeta,
2955,2026-08-23,09:52,Nübe Altico,Mostrador,Croissant,1,6000,EFECTIVO,C106
2932,23/08/2026,12:23,Nübe El Altico,Domicilio,Latte,1,9000,Tarjeta,C269
5063,2026-09-08,17:46,NUBE CENTRO,Mostrador,Tinto,1,3000,EFECTIVO,
7354,2026-09-25,08:23,Nübe Altico,Mostrador,Chocolate caliente,1,7500,Efectivo,C089
1888,16/08/2026,09:51,Nübe Altico,Mostrador,Latte,2,9000,Efectivo,C125
5229,2026-09-09,09:58,Nübe Altico,Mostrador,Chocolate  caliente,1,7500,Efectivo,
1629,2026-08-15,10:10,Nübe Centro,Mostrador,Tinto,1,3000,Tarjeta,
7669,2026-09-27,07:55,Nübe Altico,Mostrador,Croissant de almendras,3,8000,Nequi,
4316,2026-09-03,18:57,Nübe Centro,Mostrador,Americano,1,5000,Tarjeta,C142
7368,2026-09-26,19:38,Nübe Centro,Mostrador,Tinto ,1,3000,Efectivo,
311,2026-08-05,14:56,Nübe Altico,Mostrador,Latte,1,9000,Tarjeta,C239
2021,2026-08-17,10:10,Nübe Altico,Mostrador,Latte,1,9000,Efectivo,
5245,10/09/2026,13:48,NUBE CENTRO,Mostrador,Chocolate caliente,1,7500,Tarjeta,C215
5488,2026-09-11,08:40,Nübe Altico,Mostrador,Latte,1,9000,Tarjeta,
2984,2026-08-24,07:43,Nübe Centro,Mostrador,AMERICANO,1,5000,Nequi,
3051,24/08/2026,07:21,Nübe Centro,Mostrador,Capuchino,3,8500,Tarjeta,
5846,2026-09-14,13:47,Nübe Centro,Mostrador,Capuccino,1,$8.500,EFECTIVO,C069
2762,2026-08-22,07:29,Nübe Altico,Mostrador,Croissant de almendras,1,8000,Nequi,
1232,2026-08-12,11:41,Nübe Centro,Mostrador,Croissant,1,6000,Efectivo,
3319,2026-08-27,10:25,Nübe Centro,Mostrador,Capuchino,1,8500,Nequi,
5401,2026-09-11,09:45,Nübe Centro,Mostrador,Chocolate caliente,2,7500,Efectivo,
5166,2026-09-09,16:40,Nübe Centro,Mostrador,Croissant de almendras,1,8000,Efectivo,
3619,2026-08-29,15:07,Nübe Centro,Mostrador,Croissant de almendras,2,8000,Efectivo,
3474,2026-08-28,06:17,Nube Centro ,Mostrador,Capuchino,1,8500,Tarjeta,C257
1638,2026-08-15,10:28,Nübe Centro,Mostrador, Capuchino ,2,8500,Nequi,
487,2026-08-07,18:15,Nübe Centro,Mostrador,Capuchino,1,8500,Nequi,
3224,26/08/2026,12:26,Nübe Centro,Mostrador,Croissant de almendras,2 und,8000,Efectivo,
1271,2026-08-12,09:48,Nübe Altico,Mostrador,americano,1,5000,Nequi,
3055,24/08/2026,11:51,Nübe Altico,Mostrador,Croissant de almendras,1,8000,Tarjeta,C146
4450,2026-09-04,07:32,Nübe Centro,Domicilio,Americano,1,5000,Nequi,
7390,2026-09-26,17:58,Nübe Centro,Domicilio,Croissant de almendras,1,8000,TARJETA,
5603,2026-09-12,16:10,Nübe Centro,Domicilio,Capuchino,2,8500,Efectivo,
6936,2026-09-22,11:42,Nübe Centro,Mostrador,Tinto,1,3000,Nequi,C160
4051,2026-08-31,10:14,Nübe Altico,Domicilio,Croissant,1,6000,Tarjeta,
1625,2026-08-15,11:05,Nübe Centro,Mostrador,Capuchino,1,8500,Nequi,C196
158,2026-08-04,09:50,Nübe Centro,Mostrador,Chocolate  caliente,1,7500,Tarjeta,
5632,2026-09-12,08:43,Nübe Altico,Mostrador,Tinto,2,3000,Tarjeta,
3441,2026-08-27,10:36,Nübe Altico,Mostrador,Latte,2,9000,Nequi,C293
5845,2026-09-14,19:48,Nübe Centro,Mostrador,Croissant,1,$6.000,Tarjeta,
3100,25/08/2026,07:14,Nübe Centro,Mostrador,Croissant de almendras,1,8000,Tarjeta,
7348,2026-09-25,10:08,Nübe Altico,Mostrador,Tinto,1,3000,Efectivo,
6554,19/09/2026,09:16,Nübe Altico,Domicilio,Frappé de café,1,$11.000,Efectivo,
2498,2026-08-21,09:46,Nübe Centro,Mostrador, LATTE,2,9000,,
1514,2026-08-14,16:05,Nübe Centro,Mostrador,Tinto,1,$3.000,Nequi,
1660,2026-08-15,13:49,Nübe Centro,Mostrador,Tinto,2,3000,Efectivo,C022
5633,2026-09-12,15:59,Nübe Altico,Domicilio,Capuchino,1,8500,EFECTIVO,
4412,2026-09-03,17:15,Nübe Altico,Mostrador,Frappé de café,1,11000,Nequi,C039
4486,2026-09-04,06:42,centro,Mostrador,Capuccino,1,8500,Tarjeta,
5853,2026-09-14,09:39,Nübe Centro,Mostrador,croissant,1,6000,Nequi,C041
5084,2026-09-08,11:42,Nübe El Altico,Mostrador,Frappé de café,1,11000,Nequi,
1228,2026-08-12,11:31,Nübe Centro,Mostrador,Latte,1,9000,Tarjeta,C184
919,2026-08-09,08:27,Nübe Centro,Mostrador,Capuchino,3,8500,Efectivo,C273
7267,25/09/2026,15:12,Nübe Centro,Mostrador,Frappé de café,1,$11.000,Efectivo,
1418,2026-08-13,20:46,Nübe Altico,Domicilio,croissant de almendras,1,8000,Tarjeta,
532,2026-08-07,08:55,Nübe Centro,Domicilio,Capuchino,1,8500,Efectivo,
5002,2026-09-08,10:25,Nübe Centro,Mostrador,Latte,1,9000,Efectivo,
147,2026-08-04,18:29,Nübe Centro,Domicilio,Capuchino,2,8500,Tarjeta,C129
6087,2026-09-16,09:34,Nübe Centro,Mostrador, Capuchino ,1,8500,Efectivo,
4516,2026-09-04,18:36,Nübe Altico,Mostrador,Latte,1,9000,Efectivo,C300
7225,2026-09-24,07:54,Nübe Altico,Mostrador,Croissant,1,6000,Nequi,
2449,21/08/2026,15:30,Nübe Centro,Mostrador,Latte,1,9000,Efectivo,C216
1588,2026-08-15,10:11,Nübe Centro,Mostrador,Capuchino,2,$8.500,Nequi,C212
6846,2026-09-21,14:00,NUBE ALTICO,Mostrador, LATTE,1 und,9000,Tarjeta,
2799,2026-08-23,09:16,Nübe Centro,Mostrador,Americano,1,5000,Nequi,
1164,2026-08-11,08:03,Nübe Altico,Mostrador,Tinto,1,$3.000,Tarjeta,C199
1368,2026-08-13,09:10,Nübe Centro,Mostrador,Latte,1,$9.000,Nequi,
7417,2026-09-26,17:32,Nübe Centro,Domicilio,Capuchino,1,8500,Tarjeta,
4855,2026-09-06,20:29,Nübe Altico,Mostrador,Capuchino,1,8500,Efectivo,C026
7590,2026-09-27,08:03,Nübe Centro,Mostrador,Croissant,1,6000,Nequi,
2871,2026-08-23,07:54,Nübe Centro,Mostrador,Croissant,1,6000,Efectivo,C056
1108,2026-08-11,17:12,Nübe Centro,Mostrador,Capuchino,3,8500,Efectivo,
696,2026-08-08,08:37,NUBE CENTRO,Mostrador,Croissant de almendras,1,8000,,
6118,16/09/2026,16:47,Nübe Altico,Mostrador,Latte,1,9000,Efectivo,
4600,2026-09-05,08:09,Nübe Centro,Mostrador,Capuchino,2,,Efectivo,C247
1992,2026-08-17,08:34,Nübe Centro,Mostrador,Croissant,1,6000,Nequi,
4416,2026-09-03,17:54,Nübe Altico,Domicilio,Chocolate caliente,1,7500,Tarjeta,C212
5362,2026-09-10,07:14,Nübe Altico,Mostrador,Capuchino,1,8500,Efectivo,
4186,2026-09-02,07:48,Nübe Centro,Mostrador,tinto,1,3000,Tarjeta,C271
376,2026-08-06,12:55,Nübe Centro,Mostrador,Croissant,1,6000,,
740,2026-08-08,16:33,Nübe Centro,Mostrador,Croissant,1,$6.000,TARJETA,
2953,2026-08-23,08:00,Nübe Altico,Domicilio,Latte,1,9000,Efectivo,
2031,2026-08-17,09:39,Nübe Altico,Domicilio,Croisant,1,6000,TARJETA,C252
5851,2026-09-14,07:16,Nübe Centro,Mostrador,Capuchino,2,8500,Efectivo,C051
3109,2026-08-25,16:51,Nübe Centro,Mostrador,Latte,1,9000,Nequi,
4007,2026-08-31,14:05,Nübe Altico,Mostrador, Capuchino ,1,8500,Nequi,C061
1206,2026-08-12,19:59,Nübe Centro,Mostrador,Americano,2,5000,Nequi,
3363,2026-08-27,07:58,Nübe Centro,Mostrador,Croissant,1,6000,Nequi,
7432,2026-09-26,17:34,Nübe Centro,Domicilio,Latte,1,9000,Efectivo,
5094,2026-09-08,12:49,Nübe Altico,Domicilio,Tinto,1,$3.000,Tarjeta,
3471,2026-08-28,06:12,Nübe Centro,Mostrador,Tinto,1,3000,Tarjeta,
1620,2026-08-15,17:12,Nübe Centro,Mostrador,Croissant,1 und,6000,Nequi,C270
585,07/08/2026,16:38,Nübe Altico,Domicilio,CAPUCHINO,1,8500,Efectivo,
6587,2026-09-19,10:31,Nübe Altico,Mostrador,Croissant,1,6000,Efectivo,
142,2026-08-04,13:05,Nübe Centro,Domicilio,Frappé de café,1,11000,,
4805,2026-09-06,11:16,Nübe Centro,Mostrador,Frappé de café,2,11000,Efectivo,
1433,2026-08-13,19:38,Nübe Altico,Mostrador,Americano,3,5000,Efectivo,C275
223,2026-08-04,13:45,altico,Mostrador,Capuchino,1,8500,Tarjeta,C069
4313,2026-09-03,11:28,Nübe Centro,Domicilio,Capuchino,1,8500,Tarjeta,C018
7662,27/09/2026,14:18,Nübe Altico,Mostrador,Croissant,1,6000,Efectivo,C294
506,2026-08-07,12:35,Nübe Centro,Mostrador,Americano,1,5000,Tarjeta,C031
4905,2026-09-07,17:25,Nübe Centro,Mostrador,Croissant,1,6000,Tarjeta,C014
4198,2026-09-02,15:20,Nübe Centro,Mostrador,tinto,1,3000,Efectivo,
7275,2026-09-25,15:35,Nübe Centro,Mostrador,TINTO,1,3000,Tarjeta,C109
1488,2026-08-14,14:20,Nübe Centro,Mostrador,Chocolate caliente,1,7500,Efectivo,C005
3111,2026-08-25,08:20,Nübe Centro,Mostrador,CROISSANT ,1,6000,Efectivo,
2115,2026-08-18,09:11,Nübe Centro,Mostrador,Americano,1,5000,Tarjeta,C204
3308,2026-08-26,10:41,NUBE ALTICO,Mostrador,Tinto,1,3000,Nequi,
2119,18/08/2026,17:49,Nübe Centro,Mostrador,Frappé de café,1,11000,Tarjeta,
1331,13/08/2026,19:01,Nübe Centro,Mostrador,Capuchino,3,8500,Tarjeta,
3968,2026-08-31,09:57,Nübe Centro,Domicilio,Americano,1,5000,Efectivo,
289,05/08/2026,08:42,Nübe Altico,Mostrador,Frappé de café,1,11000,Tarjeta,
7163,2026-09-24,06:29,Nübe Centro,Mostrador,Croissant,1,6000,Tarjeta,
5009,2026-09-08,07:51,Nübe Centro,Domicilio,Croissant de almendras,1,$8.000,TARJETA,C178
932,2026-08-09,10:41,Nübe Centro,Domicilio,Tinto,1,3000,Nequi,
326,2026-08-05,07:03,altico,Mostrador,CAPUCHINO,1,8500,Efectivo,
5378,2026-09-10,17:37,Nübe Altico,Mostrador,Latte,2,9000,Nequi,
6641,2026-09-20,17:13,Nübe Centro,Mostrador,Croissant,1,$6.000,Efectivo,C141
2297,19/08/2026,14:31,Nübe Altico,Mostrador,Latte,2 und,9000,Nequi,C287
3060,2026-08-24,09:37,Nübe Altico,Mostrador,Americano,1,5000,Nequi,
6382,2026-09-18,16:10,Nübe Altico,Mostrador,Latte,1,$9.000,Nequi,
4111,01/09/2026,09:34,Nübe Centro,Mostrador,Croissant,1,6000,Efectivo,
3097,2026-08-25,18:29,Nübe Centro,Mostrador,Frappé de café,1,11000,Nequi,
3407,2026-08-27,07:39,Nübe El Altico,Mostrador,croissant,1,6000,Tarjeta,C201
3985,2026-08-31,07:47,Nübe Centro,Mostrador,Croissant,1 und,,Efectivo,
2996,2026-08-24,07:30,Nübe Centro,Mostrador,Latte,1,9000,Nequi,C280
105,03/08/2026,10:07,Nübe Altico,Mostrador,Chocolate caliente,1,7500,NEQUI,
5445,2026-09-11,06:32,Nube Centro ,Mostrador,Croissant,1,6000,Efectivo,C142
3530,2026-08-28,18:32,Nübe Centro,Mostrador,AMERICANO,1,5000,Tarjeta,
4873,2026-09-06,11:15,altico,Mostrador,Croissant almendras,1,8000,Tarjeta,C086
3646,2026-08-29,09:43,Nübe Centro,Mostrador,Americano,1,5000,Nequi,
3956,2026-08-31,17:30,Nübe Centro,Mostrador,Capuchino,1,8500,Tarjeta,
4893,2026-09-07,15:38,Nübe Centro,Mostrador,Frappé de café,1,11000,Tarjeta,C041
5667,2026-09-13,12:30,Nübe Centro,Mostrador,Tinto,1,3000,Tarjeta,
4729,2026-09-05,07:01,Nübe Altico,Mostrador,Americano,1,5000,Nequi,
5516,2026-09-11,17:59,Nübe Altico,Mostrador,tinto,1,3000,Efectivo,C049
3593,2026-08-28,08:41,Nübe Altico,Domicilio,Capuchino,1,8500,Nequi,
573,2026-08-07,16:27,Nübe Altico,Mostrador,croissant de almendras,1,$8.000,Tarjeta,
3908,2026-08-30,09:27,Nübe Altico,Mostrador,Latte,1 und,9000,Efectivo,C203
1415,2026-08-13,10:41,Nübe Altico,Mostrador,Frappé de café,2,11000,Tarjeta,
135,2026-08-04,08:18,Nübe Centro,Domicilio,Capuchino,1 und,8500,Tarjeta,
1825,2026-08-16,15:44,Nübe Centro,Mostrador,Latte,1,9000,Efectivo,C123
3316,2026-08-26,17:36,Nübe Altico,Mostrador,Tinto,1,3000,Efectivo,C185
3782,2026-08-29,11:47,Nübe El Altico,Mostrador,Latte,1,9000,Nequi,
1801,2026-08-16,08:16,centro,Domicilio,Croissant de almendras,1,8000,Nequi,C040
7000,2026-09-23,13:20,Nübe Centro,Mostrador,Tinto,1,3000,Efectivo,C185
3251,26/08/2026,10:33,Nübe Centro,Mostrador,Tinto ,2,3000,TARJETA,C047
4480,2026-09-04,07:24,Nübe Centro,Mostrador,Latte,1,9000,Tarjeta,C148
4539,2026-09-04,20:07,Nübe Altico,Domicilio,Late,1,9000,Tarjeta,C027
3921,2026-08-31,12:00,Nübe Centro,Domicilio,Capuchino,1,8500,Tarjeta,
7234,2026-09-25,07:02,Nube Centro ,Mostrador,Americano,1,5000,Nequi,
7434,2026-09-26,15:04,Nübe Centro,Mostrador,Capuchino,1,8500,Tarjeta,
3777,2026-08-29,16:40,Nübe Altico,Mostrador,Capuchino,1,8500,Tarjeta,
5441,2026-09-11,08:33,Nübe Centro,Mostrador,Croissant,1,6000,Tarjeta,
4299,2026-09-02,10:28,Nübe Altico,Domicilio,Croissant,1,6000,,
6993,2026-09-22,08:30,Nübe Altico,Mostrador,TINTO,1,3000,,C067
6227,17/09/2026,08:20,Nübe Centro,Mostrador,Croissant,1,6000,Efectivo,
187,2026-08-04,10:24,Nübe Altico,Mostrador,Latte,1,9000,Tarjeta,
1753,2026-08-15,08:24,Nübe El Altico,Mostrador,Chocolate caliente,1,$7.500,Efectivo,
3844,2026-08-30,16:23,Nübe Centro,Mostrador,Chocolate caliente,2,7500,Tarjeta,
5987,2026-09-15,10:41,Nübe Centro,Domicilio,Tinto,1 und,3000,Nequi,
5938,2026-09-14,19:50,Nübe Altico,Mostrador,Tinto,1,$3.000,Nequi,
6283,2026-09-17,09:32,Nübe Altico,Mostrador,Americano,1,5000,Nequi,
7641,2026-09-27,13:51,Nübe Altico,Mostrador, Capuchino ,1,8500,Efectivo,
4670,2026-09-05,07:44,Nübe Altico,Mostrador,Late,1,9000,Efectivo,
3433,27/08/2026,13:25,Nübe Altico,Mostrador,Croissant de almendras,1,$8.000,Tarjeta,
1745,2026-08-15,16:47,Nübe Altico,Domicilio,Chocolate caliente,1,7500,Tarjeta,C239
1333,2026-08-13,08:50,Nübe Centro,Mostrador,TINTO,1,3000,Efectivo,
7259,2026-09-25,11:40,Nübe Centro,Mostrador,Americano,1,5000,Tarjeta,C138
1920,17/08/2026,16:57,Nübe Centro,Domicilio,Capuchino,2,8500,Tarjeta,C115
1038,2026-08-10,09:56,Nübe Centro,Mostrador,AMERICANO,1,5000,Efectivo,C216
976,2026-08-09,12:15,Nübe Altico,Mostrador,Capuchino,1,8500,Efectivo,
1718,2026-08-15,09:55,Nübe Altico,Domicilio,Frappé de café,1,11000,Nequi,C209
4159,2026-09-01,15:44,Nübe Altico,Domicilio,Tinto,1,3000,Tarjeta,
2843,23/08/2026,19:02,Nübe Centro,Mostrador,Tinto,1,3000,Tarjeta,C187
7426,2026-09-26,08:49,Nübe Centro,Mostrador,Latte,3 und,9000,Nequi,C045
6660,2026-09-20,06:56,centro,Mostrador,Capuchino,1,8500,Efectivo,C257
1630,2026-08-15,08:19,Nübe Centro,Mostrador,Latte,1,9000,Nequi,
7656,2026-09-27,17:23,Nübe Altico,Domicilio,americano,1,5000,Tarjeta,C205
4752,06/09/2026,10:56,Nübe Centro,Mostrador,Croissant de almendras,2,,Tarjeta,
1446,2026-08-14,19:21,Nübe Centro,Mostrador,Late,1,9000,Tarjeta,
759,2026-08-08,19:24,Nübe Centro,Domicilio,Latte,1,$9.000,TARJETA,C073
691,2026-08-08,08:14,Nübe Centro,Mostrador,Latte,1,9000,Efectivo,
1705,2026-08-15,07:21,Nübe Altico,Mostrador,Americano,2,$5.000,Efectivo,C086
4659,2026-09-05,14:17,Nübe Centro,Domicilio,Capuchino,1,8500,Nequi,
838,2026-08-08,12:38,Nübe Altico,Mostrador,Tinto,1 und,3000,Efectivo,
6766,2026-09-21,07:30,Nübe Centro,Mostrador,Latte,1,$9.000,Nequi,C264
7378,2026-09-26,09:05,Nübe Centro,Domicilio,Chocolate  caliente,1,7500,Tarjeta,C213
2901,2026-08-23,07:28,Nübe Altico,Mostrador,Croissant,1,6000,Nequi,
6373,2026-09-18,16:27,Nübe Centro,Mostrador,frappé de café,3,11000,Nequi,C207
4029,2026-08-31,19:51,Nübe Altico,Mostrador,Croissant de almendras,1,8000,Efectivo,
4538,2026-09-04,13:01,Nübe Altico,Mostrador,Croissant,1,6000,Tarjeta,
5631,2026-09-12,13:08,Nübe Altico,Domicilio,Americano,1,5000,Nequi,
6042,2026-09-15,08:30,Nübe Altico,Mostrador,Tinto,1 und,3000,TARJETA,
2809,2026-08-23,09:47,Nübe Centro,Mostrador,Croissant de almendras,2,$8.000,Nequi,
560,2026-08-07,10:09,Nübe Centro,Mostrador,Tinto,2,3000,Efectivo,C229
1063,2026-08-10,17:13,Nübe Altico,Mostrador,Croissant,1,6000,Efectivo,C229
2074,2026-08-17,10:05,Nübe Altico,Domicilio,croissant de almendras,1,8000,Tarjeta,C283
4334,03/09/2026,07:07,NUBE CENTRO,Mostrador,Croissant de almendras,1,$8.000,Tarjeta,
7665,2026-09-27,09:45,Nübe Altico,Mostrador,Croissant de almendras,1,8000,Tarjeta,
2509,2026-08-21,10:12,Nübe Centro,Mostrador,Tinto,1,3000,Efectivo,
2414,2026-08-20,12:06,Nübe Altico,Mostrador,frappé de café,1,11000,Nequi,
5803,2026-09-13,14:34,NUBE ALTICO,Mostrador,Croissant,1,6000,Efectivo,
4430,03/09/2026,06:55,Nübe Altico,Mostrador,Croissant de almendras,1,8000,Tarjeta,
4977,2026-09-07,08:53,Nübe Altico,Mostrador,Tinto,1,3000,Tarjeta,
5101,2026-09-08,18:35,Nübe Altico,Mostrador,Capuchino,1,8500,Efectivo,
6130,2026-09-16,12:26,Nübe Altico,Mostrador,Capuchino,1 und,8500,Tarjeta,
1080,10/08/2026,17:51,Nübe Altico,Mostrador,Tinto ,1,,Tarjeta,C017
4038,2026-08-31,17:49,Nübe Altico,Mostrador,latte,1,9000,Tarjeta,C174
4239,02/09/2026,17:09,Nübe Centro,Mostrador,Tinto,3,3000,Nequi,C253
2367,2026-08-20,07:12,Nübe Centro,Mostrador,Tinto,1,3000,Tarjeta,C207
4234,2026-09-02,07:29,Nübe Centro,Mostrador,Capuchino,2,8500,Nequi,C258
7284,2026-09-25,08:57,Nübe Centro,Domicilio,Latte,1,9000,Efectivo,C210
7666,2026-09-27,12:25,Nübe Altico,Mostrador,Capuchino,1,8500,Tarjeta,C160
6164,2026-09-16,08:57,Nübe Altico,Mostrador,Tinto,1,3000,Tarjeta,C269
2509,2026-08-21,10:12,Nübe Centro,Mostrador,Capuccino,1,$8.500,Efectivo,
4641,05/09/2026,15:35,centro,Mostrador,Tinto,1,3000,Efectivo,
6470,2026-09-19,14:56,Nübe Centro,Mostrador,Croissant de almendras,1,8000,Tarjeta,
1820,2026-08-16,06:17,Nübe Centro,Domicilio,Tinto,1,3000,Tarjeta,C112
71,2026-08-03,09:15,Nübe Altico,Mostrador,Tinto,2,3000,,C141
4727,2026-09-05,08:15,Nübe Altico,Mostrador,Americano,1,5000,Tarjeta,C041
1617,2026-08-15,09:05,Nübe Centro,Mostrador,Chocolate caliente,1,7500,Nequi,
218,2026-08-04,08:14,Nübe Altico,Mostrador,Latte,1,9000,Tarjeta,C299
2692,2026-08-22,09:27,Nübe Centro,Mostrador,Tinto,3,3000,Tarjeta,
6740,2026-09-20,10:07,Nübe Altico,Mostrador,Croissant de almendras,1,$8.000,Tarjeta,
6350,2026-09-18,16:33,Nübe Centro,Mostrador,Capuchino,1,8500,Efectivo,
1564,2026-08-14,15:30,Nübe Altico,Mostrador,chocolate caliente,1,7500,Tarjeta,
3178,25/08/2026,12:31,Nübe Altico,Mostrador,Frappé de café,2,11000,Nequi,C103
869,2026-08-09,08:32,Nübe Centro,Mostrador,CROISSANT ,1,6000,Nequi,C144
4045,2026-08-31,12:59,Nübe Altico,Mostrador,Capuchino,1,8500,Efectivo,
724,2026-08-08,12:12,Nübe Centro,Domicilio,Croissant,1,6000,Tarjeta,
1083,10/08/2026,12:10,Nübe Altico,Mostrador,americano,1 und,5000,Efectivo,C027
1308,12/08/2026,10:22,Nübe El Altico,Mostrador,Croissant,1,6000,Tarjeta,
6555,2026-09-19,07:03,Nübe Altico,Mostrador,Croissant,1,6000,Nequi,
3230,2026-08-26,07:37,Nübe Centro,Domicilio,Croissant,1,$6.000,Tarjeta,
5467,2026-09-11,11:21,Nübe Centro,Mostrador,Croissant,1,6000,EFECTIVO,
4102,2026-09-01,12:29,Nübe Centro,Domicilio,Croissant,1,6000,Efectivo,
7589,2026-09-27,08:13,Nübe Centro,Mostrador,Croisant,1 und,$6.000,Tarjeta,C102
5833,2026-09-14,07:03,Nübe Centro,Mostrador,Croissant de almendras,1,8000,Nequi,
6348,2026-09-18,19:46,Nübe Centro,Mostrador,Latte,1,,Efectivo,C269
4856,2026-09-06,14:59,Nübe Altico,Mostrador,Frappé de café,1,11000,Efectivo,C255
2533,2026-08-21,11:22,Nübe Centro,Domicilio,Americano,1,5000,Nequi,
552,2026-08-07,12:40,Nübe Centro,Domicilio,Tinto,2,3000,Efectivo,C285
4200,2026-09-02,15:33,Nübe Centro,Mostrador,Frappé de café,1,11000,Efectivo,
4360,2026-09-03,19:53,Nübe Centro,Domicilio,CROISSANT ,1,6000,Nequi,C144
6714,2026-09-20,10:13,Nübe Altico,Mostrador,Croissant,1,6000,Efectivo,
875,2026-08-09,13:54,Nübe Centro,Mostrador,CROISSANT ,1,6000,Nequi,C047
7518,2026-09-26,08:57,Nübe Altico,Domicilio,Tinto,1,3000,Tarjeta,
310,2026-08-05,10:14,Nübe Altico,Mostrador,capuchino,3,$8.500,Tarjeta,
3446,2026-08-27,16:17,altico,Mostrador,Croissant,2,6000,Nequi,C226
3970,2026-08-31,07:20,Nübe Centro,Mostrador,croissant de almendras,1,8000,Efectivo,
4657,2026-09-05,10:45,Nübe Centro,Mostrador,Croissant,3,6000,EFECTIVO,C139
6450,2026-09-19,15:48,NUBE CENTRO,Mostrador,Croissant,2,6000,Efectivo,
7085,2026-09-23,07:43,Nübe Altico,Mostrador,Croissant,2,$6.000,Nequi,C187
4511,2026-09-04,10:00,Nübe Altico,Mostrador,Tinto,1,3000,EFECTIVO,
1259,2026-08-12,07:58,Nübe Centro,Mostrador, Capuchino ,1,8500,Efectivo,
4564,05/09/2026,17:54,NUBE CENTRO,Mostrador,Croissant,1,6000,Nequi,C181
5434,2026-09-11,06:59,Nübe Centro,Domicilio,Croissant,2,6000,Nequi,
5741,2026-09-13,09:10,Nübe Centro,Mostrador,Capuchino,1,8500,EFECTIVO,
6992,2026-09-22,10:58,Nübe Altico,Mostrador,Tinto,1,3000,Nequi,
3942,2026-08-31,14:37,centro,Domicilio,Croissant de almendras,2,8000,Nequi,C077
1941,2026-08-17,09:25,Nübe Centro,Mostrador,Croissant,2,6000,Nequi,
1795,16/08/2026,08:23,Nübe Centro,Mostrador,Tinto,1,$3.000,Tarjeta,
1133,2026-08-11,14:48,Nübe Centro,Mostrador,TINTO,1,3000,Nequi,C265
431,2026-08-06,14:22,Nübe Altico,Mostrador,Frappe de cafe,1,11000,Efectivo,
5009,2026-09-08,07:51,Nübe Centro,Domicilio,Croissant de almendras,1,$8.000,TARJETA,C178
2939,23/08/2026,09:43,Nübe Altico,Mostrador,Americano,1,5000,Nequi,
2805,2026-08-23,10:21,Nübe Centro,Mostrador,Latte,1,9000,Efectivo,
7082,2026-09-23,09:40,Nübe Altico,Domicilio,Capuchino,2,8500,,
4419,2026-09-03,10:36,Nübe Altico,Mostrador,Late,1,9000,Tarjeta,C271
3710,2026-08-29,08:08,Nübe Centro,Mostrador,Croissant,1,6000,Nequi,C122
2070,17/08/2026,17:33,Nübe Altico,Mostrador,CAPUCHINO,1,8500,NEQUI,
7411,26/09/2026,13:24,Nübe Centro,Mostrador,TINTO,1,,Nequi,
1444,2026-08-14,08:19,Nübe Centro,Mostrador,Croissant,1,6000,Efectivo,
1837,2026-08-16,11:18,Nübe Centro,Mostrador,Tinto,1 und,3000,Efectivo,C280
4618,2026-09-05,10:29,Nübe Centro,Mostrador,Croissant,2,6000,Nequi,
4658,2026-09-05,07:41,Nübe Centro,Mostrador,Croisant,1,6000,Efectivo,
442,2026-08-06,12:18,Nübe Altico,Mostrador,Latte,2,9000,Tarjeta,
7498,2026-09-26,10:49,Nübe Altico,Mostrador,Latte,2,9000,Tarjeta,C171
7463,2026-09-26,12:28,Nübe Altico,Mostrador,Capuchino,2 und,8500,Efectivo,C224
476,2026-08-07,15:57,Nübe Centro,Mostrador,Croissant,1,6000,Efectivo,
4143,2026-09-01,07:30,Nübe El Altico,Mostrador,tinto,1,3000,Tarjeta,
5793,2026-09-13,10:09,Nübe Altico,Mostrador,TINTO,1,3000,,
5171,2026-09-09,15:00,Nübe Centro,Mostrador,Latte,2,9000,Nequi,C196
5644,2026-09-12,09:15,Nübe El Altico,Domicilio,Croissant de almendras,3,$8.000,TARJETA,
4202,2026-09-02,20:46,Nübe Centro,Domicilio,Americano,2,5000,Nequi,C251
3804,2026-08-30,10:26,Nübe Centro,Mostrador,Capuchino,1,8500,Efectivo,
4594,2026-09-05,14:53,Nübe Centro,Mostrador,Tinto,1,,Efectivo,
419,2026-08-06,09:26,Nübe Altico,Mostrador,latte,1,9000,Nequi,
1492,2026-08-14,15:07,Nübe Centro,Mostrador,Frappé de café,1,11000,EFECTIVO,
6492,2026-09-19,09:47,Nübe Centro,Mostrador,Croisant,1,6000,Efectivo,
4115,2026-09-01,07:58,Nübe Centro,Mostrador,Tinto,1,3000,Tarjeta,C216
4252,2026-09-02,18:19,Nübe Centro,Mostrador,Americano,3,5000,Nequi,
5643,2026-09-12,06:40,Nübe Altico,Mostrador,Latte,1,9000,Efectivo,
4326,2026-09-03,09:03,Nübe Centro,Mostrador,Tinto,1,3000,Efectivo,
7185,2026-09-24,10:28,Nübe Altico,Mostrador,Croissant,1,6000,Tarjeta,
2515,2026-08-21,16:38,Nübe Centro,Mostrador, Capuchino ,1,,Efectivo,
1594,2026-08-15,10:08,Nübe Centro,Mostrador,Chocolate caliente,1,7500,Nequi,
3873,2026-08-30,12:15,Nübe Altico,Mostrador,Croissant,1,6000,EFECTIVO,
3021,2026-08-24,10:38,Nübe Centro,Mostrador,Americano,1,5000,Efectivo,
2753,2026-08-22,19:58,Nübe Altico,Mostrador,Americano,2,5000,Efectivo,C172
5163,2026-09-09,07:53,Nübe Centro,Mostrador,Croissant de almendras,1,8000,Efectivo,
6007,2026-09-15,11:02,Nübe Altico,Domicilio,Americano,1,5000,Nequi,
7265,2026-09-25,18:22,Nübe Centro,Mostrador,Capuchino,1,$8.500,Nequi,
4789,2026-09-06,19:00,Nübe Centro,Mostrador,Americano,1,5000,Nequi,C056
5658,2026-09-13,11:13,Nübe Centro,Domicilio,Croissant,1,6000,Nequi,
4495,2026-09-04,15:32,Nübe Centro,Mostrador,Croissant,1,6000,Nequi,
5156,2026-09-09,13:33,Nübe Centro,Mostrador,chocolate caliente,1,7500,Nequi,
4151,2026-09-01,10:48,Nübe Altico,Mostrador,Tinto,2,3000,Efectivo,C006
6328,2026-09-18,20:34,Nube Centro ,Mostrador,chocolate caliente,1,7500,Nequi,
6509,2026-09-19,19:01,Nübe Centro,Mostrador,Tinto,2,3000,TARJETA,
3293,2026-08-26,07:54,Nübe Altico,Mostrador,Croissant,1,6000,Tarjeta,
2111,2026-08-18,15:09,Nübe Centro,Mostrador,Tinto,1,3000,Nequi,C090
6736,2026-09-20,14:47,Nübe Altico,Mostrador,Tinto,1,3000,Efectivo,
6345,18/09/2026,19:44,Nübe Centro,Mostrador,Frappé de café,1,11000,Nequi,
2143,2026-08-18,10:10,Nübe Centro,Mostrador,Capuchino,1,8500,Efectivo,
5912,2026-09-14,09:47,Nübe Altico,Mostrador,Croissant,1,6000,Nequi,C093
77,2026-08-03,20:31,Nübe Altico,Mostrador,Americano,1,5000,Efectivo,
5612,12/09/2026,09:15,Nübe Altico,Mostrador,Croissant,2,6000,Tarjeta,
5034,08/09/2026,09:41,Nübe Centro,Mostrador,Americano,1,5000,Efectivo,
5686,2026-09-13,10:50,Nübe Centro,Mostrador,croissant de almendras,1,,Tarjeta,
4131,2026-09-01,12:03,Nübe Centro,Mostrador,Latte,1,9000,Tarjeta,
6185,2026-09-17,11:12,Nübe Centro,Mostrador,Capuchino,1,8500,TARJETA,C053
5632,2026-09-12,08:43,Nübe Altico,Mostrador,Latte,1,9000,Tarjeta,
1624,2026-08-15,09:56,Nübe Centro,Mostrador,chocolate caliente,1,7500,Nequi,C236
1856,16/08/2026,07:20,Nübe Centro,Mostrador,Tinto,1,3000,Nequi,C275
4557,2026-09-04,09:31,Nübe Altico,Domicilio,Frappé de café,1,$11.000,NEQUI,
1844,2026-08-16,15:47,Nübe Centro,Mostrador,Americano,1 und,5000,Tarjeta,C106
2000,2026-08-17,08:17,Nübe Centro,Mostrador,Tinto,1,3000,Efectivo,
5400,2026-09-11,14:17,Nübe Centro,Mostrador,Latte,2,9000,Efectivo,C273
3987,2026-08-31,08:10,Nübe Centro,Domicilio,Capuchino,1,8500,Tarjeta,C077
4163,01/09/2026,20:17,Nübe Altico,Mostrador,Americano,1,5000,Nequi,C123
5146,2026-09-09,12:08,Nübe Centro,Mostrador,Croissant de almendras,1,,Nequi,
5687,2026-09-13,17:37,Nübe Centro,Domicilio,Americano,1,$5.000,Tarjeta,
2188,2026-08-18,07:13,altico,Mostrador,Latte,1,$9.000,Tarjeta,
3950,2026-08-31,07:21,Nübe Centro,Domicilio,Tinto,1,$3.000,Nequi,C126
301,2026-08-05,11:14,Nübe Altico,Mostrador,Latte,1,$9.000,Nequi,
3406,2026-08-27,07:53,Nübe Altico,Mostrador,Latte,1,9000,Efectivo,
3879,2026-08-30,20:05,Nübe Altico,Mostrador,Croissant,3,6000,Tarjeta,
2583,2026-08-21,17:00,Nübe Altico,Mostrador,tinto,2,3000,Efectivo,C280
3303,2026-08-26,19:47,Nübe Altico,Mostrador,Frappé de café,1,11000,Efectivo,
6843,21/09/2026,08:16,Nübe Altico,Domicilio,americano,2,5000,Tarjeta,
4078,2026-09-01,17:53,NUBE CENTRO,Mostrador,Latte,1,9000,Efectivo,C266
2457,2026-08-21,07:13,Nübe Centro,Mostrador,Americano,1,5000,Nequi,
6720,2026-09-20,07:22,Nübe Altico,Mostrador,Tinto,1,3000,Nequi,C291
3622,2026-08-29,18:38,Nübe Centro,Mostrador,Latte,2,9000,Nequi,
5057,2026-09-08,11:47,Nübe Centro,Domicilio,Americano,1,5000,Efectivo,C197
2174,2026-08-18,10:34,Nübe Altico,Domicilio,Americano,1,5000,Nequi,
7507,2026-09-26,13:57,Nübe Altico,Mostrador,Croissant,1,6000,Tarjeta,C031
1061,2026-08-10,12:35,Nübe Altico,Mostrador,Capuchino,1,8500,Nequi,
6929,2026-09-22,11:50,Nübe Centro,Mostrador,Frappé de café,1,11000,Nequi,
6004,2026-09-15,12:35,Nübe Altico,Mostrador,Chocolate caliente,1,$7.500,Tarjeta,C248
3796,2026-08-30,13:30,Nübe Centro,Domicilio,Croissant de almendras,1 und,8000,TARJETA,
2302,2026-08-19,09:07,Nübe Altico,Mostrador,croissant,1,6000,Tarjeta,C240
5300,2026-09-10,10:46,Nübe Centro,Mostrador,Capuchino,1,8500,Nequi,C157
1659,2026-08-15,17:08,Nübe Centro,Mostrador,Frappé de café,1,11000,Nequi,
5773,2026-09-13,07:47,Nübe Altico,Mostrador,Latte,1,9000,Efectivo,
5457,2026-09-11,19:43,Nübe Centro,Mostrador,croissant de almendras,1,$8.000,Efectivo,
6056,2026-09-16,10:57,Nube Centro ,Mostrador,Capuchino,1,8500,Efectivo,C091
5622,2026-09-12,08:39,NUBE ALTICO,Domicilio,americano,2,5000,Nequi,C284
6100,2026-09-16,10:59,Nübe Centro,Mostrador,Latte,3,9000,Nequi,
791,2026-08-08,16:06,Nübe Altico,Domicilio,Chocolate caliente,1,7500,TARJETA,
7212,2026-09-24,13:20,Nübe Altico,Mostrador,Latte,1,9000,Efectivo,C054
7276,25/09/2026,16:27,Nübe Centro,Mostrador,Tinto,1,3000,Efectivo,C230
3683,2026-08-29,09:55,Nübe Centro,Domicilio,Croissant,1,6000,Efectivo,
4723,2026-09-05,17:47,Nübe Altico,Mostrador,Croissant,1,6000,Efectivo,C130
4210,2026-09-02,06:32,Nübe Centro,Mostrador,Latte,1,9000,Nequi,
4092,2026-09-01,12:54,centro,Mostrador,Croissant de almendras,1,8000,Nequi,C255
5720,2026-09-13,09:06,Nübe Centro,Domicilio,Croissant,1,6000,Tarjeta,C090
5566,2026-09-12,10:14,Nübe Centro,Mostrador,Chocolate caliente,1,$7.500,Efectivo,
4258,2026-09-02,08:30,Nübe Altico,Domicilio,Capuchino,,8500,Nequi,C261
3215,2026-08-26,16:03,Nübe Centro,Mostrador,Tinto,1,3000,Nequi,
5678,2026-09-13,15:29,Nübe Centro,Domicilio,Capuchino,2,8500,Nequi,
4080,2026-09-01,07:49,Nübe Centro,Mostrador,Capuchino,2,$8.500,Tarjeta,C012
750,2026-08-08,07:33,Nübe Centro,Mostrador,Chocolate caliente,3,7500,Tarjeta,C161
3569,2026-08-28,19:35,NUBE ALTICO,Mostrador,Chocolate caliente,1,7500,Nequi,C239
5071,2026-09-08,17:49,Nübe Centro,Mostrador,Capuchino,1,8500,NEQUI,
432,2026-08-06,17:40,altico,Mostrador,Tinto,1,3000,EFECTIVO,
2626,2026-08-22,08:42,Nübe Centro,Mostrador,Capuchino,2,8500,Nequi,
3064,2026-08-24,10:49,Nübe Altico,Mostrador,Chocolate caliente,1,7500,Efectivo,C032
877,2026-08-09,15:42,Nübe Centro,Mostrador,Tinto,1,3000,Nequi,C268
700,2026-08-08,11:42,Nübe Centro,Mostrador,Tinto,1,3000,Efectivo,
6004,2026-09-15,12:35,Nübe Altico,Mostrador,Croissant,2,6000,Tarjeta,C248
4504,2026-09-04,15:05,Nübe Centro,Mostrador,Croissant de almendras,3,8000,Efectivo,
6687,2026-09-20,09:02,Nübe Centro,Domicilio,Croissant,2,6000,Nequi,
7313,2026-09-25,15:01,Nübe Altico,Mostrador,Chocolate caliente,2,7500,Nequi,C299
1229,2026-08-12,15:46,Nübe Centro,Domicilio,Chocolate caliente,1,7500,Efectivo,
3012,2026-08-24,15:41,Nübe Centro,Mostrador,Tinto,1 und,3000,Tarjeta,
2615,2026-08-22,17:26,Nübe Centro,Domicilio,Capuchino,1,8500,Efectivo,
2387,2026-08-20,15:59,Nübe Centro,Domicilio,Capuchino,1,8500,Efectivo,
4041,2026-08-31,16:23,Nübe Altico,Domicilio,americano,1,5000,,C203
88,2026-08-03,16:06,Nübe Altico,Mostrador,Latte,1,9000,Efectivo,C198
3770,2026-08-29,10:59,Nübe Altico,Domicilio,Croissant de almendras,1,8000,Efectivo,C078
7124,2026-09-24,18:21,Nübe Centro,Domicilio,Croissant de almendras,1,8000,Nequi,
5549,2026-09-12,15:18,Nübe Centro,Mostrador,Frappé de café,1,11000,Efectivo,
2212,2026-08-19,17:24,Nübe Centro,Mostrador,Capuchino,1,8500,Efectivo,
3363,2026-08-27,07:58,NUBE CENTRO,Mostrador,Latte,3,9000,Nequi,
3112,2026-08-25,16:06,Nübe Centro,Mostrador,Latte,2 und,9000,Nequi,
3155,25/08/2026,16:03,NUBE CENTRO,Mostrador,Latte,1,9000,Nequi,C159
310,2026-08-05,10:14,Nübe Altico,Mostrador,Croissant,1,6000,Tarjeta,
4585,2026-09-05,17:18,Nübe Centro,Mostrador,Frappé de café,1,11000,Nequi,
122,2026-08-04,12:02,Nübe Centro,Mostrador,Latte,1,9000,Efectivo,C206
3631,2026-08-29,10:45,Nübe Centro,Mostrador,Tinto,1 und,3000,Efectivo,
5596,12/09/2026,17:49,Nübe Centro,Domicilio,CAPUCHINO,1,8500,Nequi,
267,2026-08-05,17:13,Nübe Centro,Mostrador,Capuchino,1,8500,EFECTIVO,
627,2026-08-07,13:55,Nübe Altico,Mostrador,Chocolate caliente,1,7500,NEQUI,
4991,2026-09-07,10:09,Nübe Altico,Mostrador,Chocolate caliente,2,7500,Tarjeta,C013
2722,2026-08-22,14:50,Nübe Altico,Mostrador,Latte,1,$9.000,NEQUI,
7089,23/09/2026,09:05,Nübe Altico,Mostrador,Americano,1,5000,Tarjeta,C045
5731,2026-09-13,10:42,Nübe Centro,Mostrador,Croissant de almendras,3,8000,Efectivo,
7186,2026-09-24,08:33,Nübe El Altico,Mostrador,Croissant,1,6000,Efectivo,C186
4778,2026-09-06,11:40,Nübe Centro,Domicilio,Capuchino,2,8500,Nequi,
6155,2026-09-16,16:43,Nübe El Altico,Mostrador,Americano,1,5000,Efectivo,
3134,2026-08-25,19:20,Nübe Centro,Mostrador,Capuchino,2 und,8500,Nequi,
6228,2026-09-17,08:34,Nübe Centro,Mostrador,Frappé de café,2 und,11000,Efectivo,C151
4484,04/09/2026,09:04,Nübe Centro,Mostrador,americano,1,5000,Efectivo,
4506,2026-09-04,15:12,Nübe Altico,Mostrador,Capuchino,1,8500,Efectivo,C287
5074,2026-09-08,09:29,altico,Mostrador,Capuchino,1,8500,Tarjeta,C196
3546,28/08/2026,15:46,Nübe Altico,Mostrador,Frappé de café,1,11000,Tarjeta,C050
4671,05/09/2026,08:57,Nübe Altico,Domicilio,Croissant,2,6000,Tarjeta,
3400,2026-08-27,07:03,Nübe El Altico,Mostrador,Americano,1,5000,Tarjeta,C135
3789,2026-08-30,09:26,Nübe Centro,Mostrador,Tinto,2,3000,Tarjeta,
5623,2026-09-12,09:16,Nübe Altico,Domicilio,AMERICANO,1 und,5000,Tarjeta,C179
5495,2026-09-11,14:22,Nübe Altico,Mostrador,Chocolate caliente,1,7500,Efectivo,C089
4142,2026-09-01,16:51,Nübe Altico,Mostrador,chocolate caliente,1,7500,Nequi,
6379,2026-09-18,11:11,Nübe Altico,Mostrador,Croissant,1,6000,TARJETA,
6809,2026-09-21,10:53,Nübe Centro,Mostrador,Latte,1,9000,Nequi,
3066,2026-08-24,17:47,Nübe Altico,Mostrador,Americano,2,5000,Nequi,
2032,17/08/2026,20:37,Nübe El Altico,Mostrador,Tinto,1 und,3000,Nequi,
1018,2026-08-10,09:04,Nübe Centro,Mostrador,Chocolate caliente,1,7500,Efectivo,C146
6881,2026-09-21,12:24,Nübe Altico,Mostrador,Tinto,1,3000,Efectivo,
85,2026-08-03,15:35,Nübe Altico,Mostrador,Tinto,1,3000,,C181
800,08/08/2026,16:18,Nübe El Altico,Mostrador,Capuchino,1,$8.500,Tarjeta,
1932,17/08/2026,17:04,Nübe Centro,Mostrador,AMERICANO,1,5000,TARJETA,
5194,2026-09-09,18:36,Nübe Centro,Domicilio,Croissant,1,6000,Efectivo,
1432,2026-08-13,17:20,Nübe Altico,Mostrador,capuchino,1,8500,Efectivo,C276
6859,2026-09-21,10:59,Nübe Altico,Mostrador,Americano,3,5000,Efectivo,C211
4802,2026-09-06,11:44,centro,Mostrador,croissant,1,$6.000,Tarjeta,
4204,2026-09-02,07:29,Nübe Centro,Mostrador,Latte,1,9000,Nequi,
5022,08/09/2026,09:44,Nübe Centro,Domicilio,Latte,1,9000,NEQUI,
5338,2026-09-10,11:08,Nübe Altico,Mostrador,Croisant,1,6000,Tarjeta,C145
5737,2026-09-13,18:06,Nübe Centro,Mostrador,Capuchino,2,8500,Efectivo,
5492,2026-09-11,16:21,Nübe Altico,Mostrador,Latte,1,9000,Efectivo,C124
6191,2026-09-17,12:32,centro,Mostrador,Capuchino,1,8500,Nequi,
2595,2026-08-21,16:15,Nübe Altico,Mostrador,Frappe de cafe,1 und,11000,Tarjeta,C084
2179,2026-08-18,09:26,NUBE ALTICO,Mostrador,Tinto ,2,3000,NEQUI,
4512,2026-09-04,11:28,Nübe Altico,Mostrador,Frappé de café,2,11000,Efectivo,
3743,2026-08-29,09:20,Nübe Altico,Mostrador,Croissant,1,6000,Tarjeta,C233
7340,25/09/2026,11:37,Nübe Altico,Mostrador,Americano,1,5000,Nequi,
7394,2026-09-26,16:44,Nübe Centro,Mostrador,Capuchino,1,8500,Efectivo,
239,2026-08-05,07:10,Nübe Centro,Mostrador,Capuchino,1,8500,Efectivo,
2348,2026-08-20,18:39,Nübe Centro,Mostrador,Latte,1,9000,Tarjeta,
4788,2026-09-06,06:28,Nübe Centro,Mostrador,Tinto,1 und,3000,,C148
6123,2026-09-16,09:49,Nübe Altico,Domicilio,Latte,2,9000,Tarjeta,C140
3273,2026-08-26,17:27,Nübe Altico,Mostrador,Tinto,1,3000,Efectivo,
6402,2026-09-18,08:23,altico,Mostrador,Tinto,2,3000,Tarjeta,C119
1342,2026-08-13,07:43,Nübe Centro,Mostrador,Chocolate caliente,1,7500,Efectivo,
963,2026-08-09,20:33,Nübe Altico,Mostrador,Tinto,1,$3.000,Nequi,
2018,2026-08-17,13:31,Nübe Altico,Mostrador,americano,1,,Efectivo,C131
1820,2026-08-16,06:17,Nübe Centro,Domicilio,Croissant de almendras,1,$8.000,Tarjeta,C112
7111,2026-09-24,09:20,Nübe Centro,Domicilio,Croissant de almendras,1,8000,EFECTIVO,C185
4405,2026-09-03,08:30,Nübe Altico,Mostrador,Capuchino,1,8500,Tarjeta,
967,2026-08-09,09:09,Nübe Altico,Mostrador,Frappé de café,1,11000,Tarjeta,
3425,2026-08-27,15:24,Nübe Altico,Mostrador,frappé de café,1,11000,Efectivo,
4655,2026-09-05,10:25,Nübe Centro,Mostrador,Latte,1,9000,Efectivo,C206
4761,2026-09-06,09:27,Nübe Centro,Domicilio,Croissant,1,6000,Efectivo,C051
3212,2026-08-26,16:17,Nübe Centro,Mostrador,Tinto,1,3000,Nequi,
7169,2026-09-24,15:12,Nübe Centro,Mostrador,Americano,1,5000,Nequi,C042
2136,2026-08-18,14:32,Nube Centro ,Mostrador,Frappé de café,1,11000,Tarjeta,
7247,2026-09-25,19:36,NUBE CENTRO,Mostrador,Frappé de café,2,11000,Nequi,
3122,2026-08-25,12:23,Nübe Centro,Mostrador,Tinto ,1,3000,Efectivo,C121
5621,2026-09-12,11:06,Nübe Altico,Mostrador,Latte,1,9000,Nequi,C124
4540,2026-09-04,19:00,Nübe Altico,Mostrador,Capuchino,1,8500,Tarjeta,
3223,2026-08-26,07:43,NUBE CENTRO,Mostrador,Capuchino,2,8500,Efectivo,C109
136,04/08/2026,12:44,Nübe Centro,Mostrador,Croissant de almendras,1,8000,Nequi,C099
5124,08/09/2026,06:57,Nübe Altico,Domicilio,Tinto,1,3000,Nequi,C059
4769,2026-09-06,14:12,Nübe Centro,Mostrador,Frappe de cafe,1,11000,Tarjeta,
6901,2026-09-22,17:19,Nube Centro ,Domicilio,Croissant,1,$6.000,Nequi,C071
4123,01/09/2026,12:30,Nübe Centro,Mostrador,Latte,1 und,9000,Tarjeta,
1964,2026-08-17,09:21,Nübe Centro,Mostrador,Americano,1,5000,Nequi,C044
1245,2026-08-12,10:46,Nübe Centro,Domicilio,Chocolate caliente,1,7500,Efectivo,
1891,16/08/2026,07:38,Nübe Altico,Mostrador,Capuchino,1,8500,Tarjeta,C213
4789,2026-09-06,19:00,Nübe Centro,Mostrador,Frappé de café,1,11000,Nequi,C056
7516,2026-09-26,09:37,Nübe Altico,Mostrador,croissant de almendras,1,8000,NEQUI,C149
6082,2026-09-16,07:11,Nübe Centro,Mostrador,Croissant,1,6000,Nequi,
5471,2026-09-11,15:43,Nübe Altico,Mostrador,Tinto,1,3000,Efectivo,
6247,2026-09-17,08:19,Nübe Altico,Mostrador,TINTO,1,3000,TARJETA,C125
1386,2026-08-13,09:01,Nübe Centro,Mostrador,Latte,1,9000,Nequi,C181
2981,2026-08-24,15:29,Nübe Centro,Mostrador,Americano,1,5000,Tarjeta,
3279,2026-08-26,11:29,Nübe Altico,Mostrador,Capuchino,1,8500,Nequi,
3280,2026-08-26,12:06,Nübe Altico,Domicilio,Croissant,1,6000,Efectivo,C220
6215,2026-09-17,16:33,Nübe Centro,Mostrador,Croissant,1,6000,Nequi,C211
1747,2026-08-15,09:28,Nübe Altico,Mostrador,Capuchino,1,,Tarjeta,C067
2271,2026-08-19,09:26,Nube Centro ,Mostrador,Latte,1,9000,Nequi,C111
5918,2026-09-14,07:57,Nübe Altico,Mostrador,Croissant,1,6000,Efectivo,
3526,2026-08-28,16:29,Nübe Centro,Mostrador,Croissant,1,6000,Tarjeta,C163
4349,2026-09-03,10:53,Nübe Centro,Mostrador,Tinto,1,3000,Nequi,
2050,2026-08-17,09:17,Nübe Altico,Mostrador,Croissant de almendras,1,8000,Efectivo,
3600,2026-08-29,07:35,Nübe Centro,Mostrador,Tinto,2,3000,TARJETA,C115
6387,2026-09-18,07:51,Nübe Altico,Domicilio,Croissant,1,6000,Efectivo,
7295,25/09/2026,07:12,Nübe Centro,Mostrador,Croissant,1,6000,NEQUI,
5394,2026-09-10,16:04,Nübe Altico,Domicilio,Capuchino,3,8500,Nequi,
307,2026-08-05,19:23,Nübe Altico,Mostrador,Latte,3,9000,Nequi,C261
2960,2026-08-23,11:15,Nübe Altico,Mostrador,Croissant,1,$6.000,Efectivo,
5991,2026-09-15,09:21,Nube Centro ,Mostrador,Croissant,1,$6.000,Tarjeta,
974,2026-08-09,16:21,Nübe El Altico,Mostrador,Frappe de cafe,1,$11.000,Efectivo,
110,2026-08-04,08:45,Nübe Centro,Mostrador,Capuchino,1,8500,Nequi,C159
2330,2026-08-19,08:41,Nübe Altico,Mostrador,Chocolate  caliente,1,7500,Nequi,
4547,2026-09-04,10:57,Nübe Altico,Mostrador,tinto,1,3000,Nequi,
1461,2026-08-14,10:50,Nübe Centro,Mostrador,Americano,1,5000,Nequi,
573,2026-08-07,16:27,altico,Mostrador,Croissant,1,6000,Tarjeta,
353,2026-08-06,16:10,Nübe Centro,Mostrador,Latte,2,9000,Nequi,
3567,2026-08-28,09:52,Nübe Altico,Mostrador,Americano,1,5000,Efectivo,
6341,2026-09-18,07:05,Nübe Centro,Mostrador,Croissant,2,6000,Nequi,C246
7292,2026-09-25,14:55,Nübe Centro,Mostrador,Capuchino,1,8500,Nequi,
5088,2026-09-08,16:13,Nübe Altico,Mostrador,Latte,1,9000,EFECTIVO,C272
3499,28/08/2026,18:33,Nübe Centro,Domicilio,Latte,1,9000,NEQUI,
3871,2026-08-30,18:58,Nübe Altico,Mostrador,Frappé de café,1,11000,Nequi,C005
4288,2026-09-02,08:21,Nübe Altico,Mostrador,Croissant,1,6000,Efectivo,
5629,2026-09-12,14:55,Nübe El Altico,Mostrador,Capuchino,1,8500,Efectivo,
7635,2026-09-27,07:28,Nübe Altico,Mostrador,Tinto,2,3000,Tarjeta,
3920,2026-08-30,07:47,Nübe Altico,Mostrador,Americano,2,5000,Nequi,C032
6093,2026-09-16,07:14,Nübe Centro,Mostrador,Tinto,1,3000,Tarjeta,C027
1374,2026-08-13,09:23,Nübe Centro,Mostrador,Americano,1,5000,Nequi,
6,2026-08-03,17:07,Nübe Centro,Mostrador,Tinto,1,3000,EFECTIVO,C069
5782,2026-09-13,16:03,Nübe Altico,Mostrador,Latte,1,9000,Nequi,
5396,2026-09-10,19:08,altico,Mostrador,croissant de almendras,1,$8.000,Tarjeta,
2625,22/08/2026,07:21,Nübe Centro,Mostrador,AMERICANO,1,5000,Nequi,C292
3056,2026-08-24,18:01,Nübe Altico,Domicilio,Capuchino,3,8500,Efectivo,C023
1658,2026-08-15,16:04,Nübe Centro,Mostrador,Capuchino,1,$8.500,Nequi,C176
5027,2026-09-08,08:50,Nübe Centro,Mostrador,Americano,2,$5.000,Nequi,C287
1199,2026-08-12,07:30,Nübe Centro,Mostrador,Croissant,2 und,6000,Efectivo,
6488,19/09/2026,13:12,Nübe Centro,Mostrador, LATTE,1,9000,Tarjeta,
5895,2026-09-14,13:39,Nübe Altico,Mostrador,Tinto,1,3000,Efectivo,
5917,2026-09-14,08:57,NUBE ALTICO,Mostrador,Chocolate caliente,1,7500,Tarjeta,C223
3941,2026-08-31,08:27,Nübe Centro,Mostrador,Croissant,1,6000,,
4500,2026-09-04,07:10,Nübe Centro,Domicilio,Croissant,1,6000,Tarjeta,
7150,2026-09-24,07:55,Nübe Centro,Mostrador,capuchino,1,8500,Efectivo,C062
2736,2026-08-22,16:51,Nübe Altico,Mostrador,Capuchino,1 und,8500,Nequi,
6315,2026-09-18,08:34,Nübe Centro,Mostrador,Croissant,1,$6.000,Nequi,C201
6183,17/09/2026,11:46,Nübe Centro,Domicilio,Latte,1,$9.000,Efectivo,
3935,31/08/2026,16:20,Nübe Centro,Domicilio,Capuchino,1,8500,Nequi,C047
1913,2026-08-17,12:48,centro,Mostrador,Frappé de café,1,11000,Efectivo,
3254,2026-08-26,13:42,Nübe Centro,Domicilio,Capuccino,1,8500,TARJETA,
2280,2026-08-19,06:21,Nübe Centro,Mostrador,Americano,2,5000,Efectivo,
5388,2026-09-10,12:20,Nübe Altico,Mostrador,Tinto,1,,Nequi,
6107,2026-09-16,17:28,Nübe Centro,Mostrador,TINTO,2,3000,Tarjeta,
788,2026-08-08,07:37,Nübe Altico,Mostrador,Chocolate caliente,1,7500,Tarjeta,
6893,2026-09-22,15:10,Nübe Centro,Mostrador,Capuchino,1,8500,Efectivo,
3853,2026-08-30,17:54,Nübe Centro,Mostrador,Croissant,1,6000,Tarjeta,C144
1710,2026-08-15,18:00,Nübe Altico,Mostrador,Americano,1,5000,Efectivo,
3188,2026-08-25,07:50,Nübe Altico,Domicilio,AMERICANO,1,5000,Tarjeta,
2261,2026-08-19,08:07,Nübe Centro,Mostrador,Capuchino,1,,Nequi,C218
975,2026-08-09,16:58,Nübe Altico,Mostrador,latte,1 und,9000,Efectivo,C149
1231,12/08/2026,07:42,Nübe Centro,Mostrador,Capuchino,3,8500,Tarjeta,
1390,2026-08-13,13:26,Nübe Centro,Mostrador,frappé de café,1,11000,Efectivo,C281
196,2026-08-04,09:09,Nübe Altico,Mostrador,Capuchino,1,8500,Tarjeta,
2552,2026-08-21,11:32,Nübe Altico,Mostrador,Tinto,1,3000,NEQUI,
6422,18/09/2026,07:54,Nübe Altico,Mostrador,Tinto,2,3000,Efectivo,
3261,2026-08-26,11:17,Nübe Centro,Domicilio,Capuchino,1,8500,Nequi,C216
912,2026-08-09,08:04,Nübe Centro,Mostrador,Americano,1,5000,Nequi,C186
2798,2026-08-23,16:43,Nübe Centro,Mostrador,Tinto,2,3000,Nequi,
5279,2026-09-10,08:43,Nübe Centro,Domicilio,Chocolate caliente,1,7500,NEQUI,C234
1388,2026-08-13,13:09,Nübe Centro,Mostrador,Capuchino,2,8500,Nequi,
5797,2026-09-13,09:07,Nübe Altico,Mostrador,Croissant,1,6000,Nequi,
1942,2026-08-17,09:37,Nübe Centro,Mostrador,Capuchino,1,$8.500,Nequi,C060
2276,19/08/2026,11:18,Nübe Centro,Mostrador,Frappé de café,1,11000,NEQUI,
1318,2026-08-13,08:44,Nübe Centro,Domicilio,Americano,1,5000,Efectivo,C288
2376,2026-08-20,14:08,Nübe Centro,Mostrador,Latte,1,9000,EFECTIVO,
3822,30/08/2026,08:26,Nübe Centro,Domicilio,Americano,1,5000,Efectivo,
2899,2026-08-23,08:59,Nübe Altico,Mostrador,Tinto,1,3000,Tarjeta,C234
6665,2026-09-20,14:49,Nübe Centro,Mostrador,Croissant de almendras,1,8000,NEQUI,
2716,2026-08-22,07:46,Nübe Altico,Domicilio,Tinto ,2,3000,Nequi,
6800,2026-09-21,17:30,Nübe Centro,Domicilio,Americano,1,5000,Efectivo,
1126,11/08/2026,15:33,Nübe Centro,Mostrador,Capuchino,1,8500,Efectivo,C267
3617,2026-08-29,13:02,Nübe Centro,Mostrador,Capuchino,1,$8.500,Tarjeta,
1684,2026-08-15,09:12,Nübe Centro,Mostrador,Tinto,1,3000,Efectivo,
4978,2026-09-07,09:08,Nübe Altico,Mostrador,Americano,1,5000,Tarjeta,C013
1204,2026-08-12,19:22,Nübe Centro,Mostrador,Croissant de almendras,1,8000,Tarjeta,C098
146,2026-08-04,06:59,Nübe Centro,Mostrador,Croisant,1 und,6000,Nequi,
1422,2026-08-13,09:37,Nübe Altico,Mostrador,Tinto,1 und,3000,Tarjeta,C286
7564,2026-09-27,10:20,Nübe Centro,Mostrador,capuchino,2,8500,Tarjeta,
5057,2026-09-08,11:47,Nübe Centro,Domicilio,Croissant,1,6000,Efectivo,C197
7347,2026-09-25,10:59,Nübe El Altico,Domicilio,Latte,1,9000,Tarjeta,
6458,2026-09-19,15:26,Nübe Centro,Mostrador,Tinto,1,3000,Tarjeta,
6836,2026-09-21,09:45,NUBE CENTRO,Mostrador,Croissant,1,$6.000,,
1538,2026-08-14,13:22,Nübe Altico,Mostrador,Latte,1,9000,Nequi,C162
672,2026-08-08,19:03,Nübe Centro,Domicilio,Latte,1,9000,Tarjeta,
4014,2026-08-31,10:07,Nübe El Altico,Domicilio,Tinto,1,3000,Tarjeta,C270
5719,2026-09-13,12:38,Nübe Centro,Domicilio,Frappé de café,2,11000,Efectivo,C188
4439,2026-09-04,19:17,Nübe Centro,Domicilio,Capuchino,1,8500,Tarjeta,C198
3826,2026-08-30,16:42,Nübe Centro,Mostrador,Frappé de café,2,11000,Nequi,
6693,2026-09-20,08:27,Nübe Centro,Domicilio,Americano,1,5000,Tarjeta,
1351,2026-08-13,08:13,Nübe Centro,Mostrador,Americano,1,5000,Tarjeta,C154
4140,2026-09-01,09:22,Nübe Altico,Mostrador,croissant,,6000,Efectivo,C073
7074,2026-09-23,08:37,Nübe Altico,Mostrador,Chocolate caliente,1,7500,Tarjeta,
5666,13/09/2026,10:48,Nube Centro ,Mostrador,Chocolate caliente,1,7500,Tarjeta,
5104,2026-09-08,09:53,Nübe Altico,Mostrador,Latte,1 und,9000,Tarjeta,C067
1708,2026-08-15,09:10,Nübe Altico,Mostrador,Croissant de almendras,1,8000,Tarjeta,C059
10,2026-08-03,10:53,Nübe Centro,Mostrador,Frappé de café,1,11000,Nequi,
4693,2026-09-05,09:25,Nübe Altico,Domicilio,Americano,2,5000,Tarjeta,C017
7650,27/09/2026,18:57,Nübe Altico,Mostrador,Frappé de café,1 und,11000,EFECTIVO,
7005,2026-09-23,15:01,Nübe Centro,Mostrador,capuchino,1,8500,Efectivo,
3415,2026-08-27,17:59,Nübe Altico,Mostrador,Capuchino,1 und,8500,Efectivo,
1946,2026-08-17,10:03,Nübe Centro,Mostrador,Tinto,1,3000,Nequi,C067
5697,2026-09-13,10:54,Nübe Centro,Mostrador,Capuchino,1,8500,Tarjeta,
1974,2026-08-17,15:35,Nübe Centro,Mostrador,Frappé de café,,11000,Nequi,
921,2026-08-09,13:59,Nübe Centro,Mostrador,Frappé de café,1,11000,Nequi,C224
6939,2026-09-22,20:42,Nübe Centro,Mostrador,Frappé de café,1,11000,Tarjeta,
7372,26/09/2026,18:41,Nübe Centro,Domicilio,capuchino,1 und,8500,Tarjeta,
792,2026-08-08,13:21,Nübe Altico,Domicilio, Capuchino ,1,$8.500,Nequi,C154
6338,2026-09-18,08:28,Nübe Centro,Domicilio,Capuchino,1,8500,Efectivo,
6545,2026-09-19,11:21,Nübe Altico,Mostrador,Americano,1,,Efectivo,
3865,2026-08-30,08:21,Nübe Altico,Domicilio,Croissant,1,6000,Efectivo,
875,2026-08-09,13:54,Nübe Centro,Mostrador,Latte,1,9000,Nequi,C047
2978,2026-08-24,12:34,Nübe Centro,Mostrador,Chocolate caliente,1,,Efectivo,
4104,2026-09-01,19:02,Nübe Centro,Domicilio,Chocolate caliente,1,7500,Nequi,
2689,22/08/2026,15:10,Nübe Centro,Mostrador,Late,2,9000,NEQUI,
3018,2026-08-24,18:24,Nübe Centro,Mostrador,Chocolate  caliente,1,7500,Efectivo,
3055,2026-08-24,11:51,Nübe Altico,Mostrador,Croissant,1,6000,Tarjeta,C146
200,2026-08-04,15:14,Nübe Altico,Mostrador,Croissant,3,6000,Efectivo,
1551,2026-08-14,11:24,Nübe Altico,Mostrador,Capuchino,1,8500,Efectivo,
948,2026-08-09,11:22,Nübe Altico,Mostrador,Latte,1,9000,Nequi,C094
6946,2026-09-22,08:09,Nübe Centro,Mostrador,Latte,1,9000,Efectivo,C096
6551,2026-09-19,07:20,Nübe Altico,Mostrador,Croissant,1,6000,Efectivo,C185
4261,2026-09-02,09:39,Nübe Altico,Domicilio,Chocolate caliente,1,7500,Tarjeta,C174
5972,2026-09-15,17:20,Nübe Centro,Domicilio,Latte,1,9000,Efectivo,
4499,2026-09-04,07:08,Nübe Centro,Mostrador,Americano,1 und,5000,Tarjeta,
4793,2026-09-06,09:33,Nübe Centro,Domicilio,Capuchino,1,8500,Nequi,
2315,2026-08-19,15:58,Nübe Altico,Mostrador,Tinto,1,3000,Nequi,C116
6415,2026-09-18,09:09,Nübe Altico,Mostrador,Croissant de almendras,1,8000,Efectivo,C011
3893,2026-08-30,07:13,Nübe Altico,Mostrador,Croissant de almendras,2,8000,Tarjeta,
1627,2026-08-15,10:15,Nübe Centro,Mostrador,Croissant,2,6000,Tarjeta,C181
4024,2026-08-31,06:38,Nübe Altico,Domicilio,Croissant,1,6000,Efectivo,
1635,2026-08-15,09:14,centro,Mostrador,Americano,1,5000,Nequi,
4310,2026-09-03,13:39,Nübe Centro,Mostrador,Capuchino,2,,Nequi,
6906,2026-09-22,17:54,Nübe Centro,Mostrador,croissant,2,6000,Tarjeta,
6029,2026-09-15,19:13,Nübe Altico,Mostrador,Latte,1,$9.000,Nequi,
4639,2026-09-05,17:56,Nübe Centro,Domicilio,Tinto,3,$3.000,Nequi,C149
7346,2026-09-25,16:05,Nübe Altico,Mostrador,Croissant,1,6000,Efectivo,C107
362,2026-08-06,16:41,Nübe Centro,Mostrador,Latte,1,9000,Tarjeta,
2301,2026-08-19,08:07,Nübe Altico,Mostrador,Croissant,1,6000,Nequi,
2879,2026-08-23,07:41,Nübe Centro,Mostrador,Late,1,9000,Efectivo,
7123,2026-09-24,13:19,Nübe Centro,Mostrador,Americano,1,5000,Efectivo,C159
4048,2026-08-31,16:12,Nübe Altico,Mostrador,Capuchino,1,8500,Efectivo,
2426,2026-08-20,09:56,altico,Domicilio,Capuccino,1,8500,Efectivo,
4277,2026-09-02,14:31,Nübe Altico,Mostrador,Tinto,1,3000,Nequi,C277
1243,12/08/2026,07:49,Nübe Centro,Mostrador,Americano,2,5000,Efectivo,C142
3664,2026-08-29,08:48,Nübe Centro,Domicilio,Americano,1,$5.000,Tarjeta,
1883,2026-08-16,17:38,Nübe Altico,Mostrador,Capuchino,1,8500,Nequi,
6643,2026-09-20,09:03,Nübe Centro,Mostrador,Croissant,1,6000,Nequi,
1843,2026-08-16,18:11,Nübe Centro,Mostrador,Croissant de almendras,1,8000,EFECTIVO,
2011,2026-08-17,12:58,Nübe Altico,Mostrador,Frappé de café,1,11000,Nequi,C095
7504,2026-09-26,15:00,Nübe Altico,Domicilio,Capuchino,2,8500,Tarjeta,C209
6367,2026-09-18,17:19,Nübe Centro,Mostrador,Croissant de almendras,1,8000,Tarjeta,
5721,2026-09-13,09:51,Nübe Centro,Mostrador,Croissant,1,6000,Nequi,
2943,2026-08-23,09:27,Nübe Altico,Domicilio,Tinto,1 und,3000,Efectivo,
1754,2026-08-15,18:43,Nübe Altico,Mostrador,Frappé de café,1,11000,Tarjeta,
1101,2026-08-11,09:53,Nübe Centro,Mostrador,Croissant,1,6000,Tarjeta,C046
1766,2026-08-16,10:24,Nübe Centro,Mostrador,Croissant,1,6000,Nequi,
3469,2026-08-28,10:13,Nübe Centro,Mostrador,Capuchino,2,8500,Nequi,C222
4267,2026-09-02,13:56,Nübe Altico,Mostrador,Tinto,1,3000,Nequi,
1046,2026-08-10,13:28,NUBE CENTRO,Domicilio,Latte,2,9000,Tarjeta,
2379,20/08/2026,15:06,Nübe Centro,Mostrador,croissant de almendras,1,8000,Nequi,
2053,2026-08-17,10:16,Nübe Altico,Mostrador,Americano,1,5000,Efectivo,
673,2026-08-08,15:11,centro,Mostrador,Americano,1,5000,Nequi,C290
3498,2026-08-28,16:08,Nübe Centro,Mostrador,Chocolate caliente,1 und,7500,Nequi,C289
4611,2026-09-05,12:10,Nübe Centro,Domicilio,Croissant,1,6000,Tarjeta,
901,2026-08-09,12:28,Nübe Centro,Mostrador,Capuchino,1 und,8500,Efectivo,C104
3071,2026-08-24,08:57,Nübe El Altico,Mostrador,Croissant,1,6000,Tarjeta,
5001,2026-09-08,15:25,Nübe Centro,Mostrador,croissant,2 und,6000,Efectivo,
7065,2026-09-23,10:29,Nübe Altico,Mostrador,Americano,1,$5.000,Nequi,C111
3503,2026-08-28,11:30,Nübe Centro,Mostrador,americano,1,5000,Nequi,C024
4162,2026-09-01,08:19,Nübe Altico,Domicilio,Tinto,2,3000,TARJETA,C293
1129,2026-08-11,11:09,Nübe Centro,Mostrador,Latte,1,9000,Nequi,C032
6532,2026-09-19,06:32,Nübe Centro,Mostrador,Croissant,1,,Nequi,
5427,2026-09-11,10:17,Nübe Centro,Mostrador,CROISSANT ,1,6000,Efectivo,C229
1639,15/08/2026,10:30,Nübe Centro,Mostrador,Tinto,1,3000,Tarjeta,
3292,2026-08-26,06:09,Nübe Altico,Domicilio,Tinto,2,3000,Efectivo,
3978,2026-08-31,16:34,NUBE CENTRO,Domicilio,Americano,1,5000,Efectivo,C233
3344,2026-08-27,13:58,Nübe Centro,Mostrador,Chocolate caliente,1,7500,Tarjeta,C154
5051,2026-09-08,18:29,Nübe Centro,Mostrador,Chocolate caliente,1,7500,Tarjeta,
5004,2026-09-08,17:34,Nübe Centro,Mostrador,Capuchino,1,8500,Efectivo,
1994,2026-08-17,12:10,Nübe Centro,Mostrador,Chocolate caliente,1,,Tarjeta,
7133,2026-09-24,18:23,Nübe Centro,Mostrador,chocolate caliente,1,$7.500,Efectivo,
2686,2026-08-22,15:13,Nube Centro ,Domicilio,capuchino,3,8500,Nequi,
5013,08/09/2026,17:17,Nübe Centro,Domicilio,tinto,1,3000,Tarjeta,
7409,2026-09-26,09:37,Nübe Centro,Mostrador,Croissant,1,6000,Tarjeta,
18,2026-08-03,06:17,Nübe Centro,Mostrador,Croissant,2,6000,Tarjeta,C176
586,2026-08-07,07:18,Nübe Altico,Domicilio,Latte,1,9000,Efectivo,
806,08/08/2026,20:38,Nübe Altico,Mostrador,Americano,1,5000,Efectivo,
2296,2026-08-19,11:04,Nübe Altico,Mostrador,Croissant,1,6000,Tarjeta,C088
2486,2026-08-21,06:25,Nube Centro ,Mostrador,latte,2,9000,Nequi,C277
2843,23/08/2026,19:02,Nübe Centro,Mostrador,Tinto,1,3000,Tarjeta,C187
7021,2026-09-23,11:00,Nübe Centro,Mostrador,Capuchino,1,,Nequi,
7430,2026-09-26,15:58,Nübe Centro,Mostrador,Frappé de café,1 und,,Nequi,
3959,2026-08-31,06:28,Nübe Centro,Mostrador,Capuchino,1,8500,Tarjeta,C260
3655,2026-08-29,09:56,Nübe Centro,Mostrador,Croissant de almendras,1,8000,Nequi,
477,2026-08-07,17:26,Nübe Centro,Mostrador,Frappé de café,1,11000,Tarjeta,C186
3789,30/08/2026,09:26,centro,Mostrador,Capuchino,1,$8.500,Tarjeta,
1800,2026-08-16,08:35,Nübe Centro,Mostrador,Latte,1 und,9000,Nequi,
2794,2026-08-22,10:24,Nübe Altico,Mostrador,Americano,1,5000,Efectivo,C083
744,2026-08-08,20:58,NUBE CENTRO,Mostrador,Croissant,1,6000,Nequi,
7478,2026-09-26,15:51,Nübe Altico,Mostrador,Americano,1,5000,Tarjeta,
2099,18/08/2026,09:14,Nübe Centro,Mostrador,Frappé de café,1,11000,Efectivo,
3648,29/08/2026,08:24,Nübe Centro,Mostrador,Tinto,1,3000,Tarjeta,C181
2253,2026-08-19,07:37,Nübe Centro,Domicilio,Tinto,1,3000,Nequi,C110
978,2026-08-09,07:28,Nübe Altico,Mostrador,Croissant,1,6000,,
4606,2026-09-05,09:15,Nübe Centro,Mostrador,Chocolate  caliente,1,7500,Tarjeta,C273
5145,2026-09-09,16:18,NUBE CENTRO,Mostrador,Croissant,1,6000,Nequi,C128
3371,27/08/2026,15:06,Nube Centro ,Mostrador,Capuchino,1,8500,Nequi,C041
3210,2026-08-26,19:43,Nübe Centro,Mostrador,Croissant,2,6000,Nequi,
3920,2026-08-30,07:47,Nübe Altico,Mostrador,Capuchino,1,8500,Nequi,C032
3739,2026-08-29,06:13,Nübe Altico,Mostrador,Latte,1,9000,Efectivo,
1116,2026-08-11,11:00,Nübe Centro,Mostrador,Americano,2,5000,Tarjeta,
7464,2026-09-26,15:52,Nübe Altico,Mostrador,Capuchino,1,$8.500,Efectivo,C166
7119,2026-09-24,07:45,Nübe Centro,Mostrador,Americano,1,5000,Nequi,C053
1912,2026-08-17,14:18,Nübe Centro,Mostrador,Croissant,1,6000,Efectivo,C080
2632,2026-08-22,09:09,Nübe Centro,Mostrador,Croissant de almendras,1,8000,,C049
7379,2026-09-26,11:52,Nübe Centro,Mostrador,Capuchino,1,8500,Nequi,C286
6668,2026-09-20,11:04,Nübe Centro,Mostrador,Frappé de café,1,11000,Tarjeta,
5983,2026-09-15,11:28,Nübe Centro,Domicilio,Croissant,2,6000,Tarjeta,
7264,25/09/2026,07:18,Nübe Centro,Domicilio,Capuchino,1,8500,Tarjeta,
5368,2026-09-10,08:05,altico,Mostrador,Americano,1,$5.000,,
5681,2026-09-13,13:21,Nübe Centro,Mostrador,Tinto,1,3000,NEQUI,C214
532,2026-08-07,08:55,Nübe Centro,Domicilio,Tinto,1,3000,Efectivo,
6638,2026-09-20,15:31,Nübe Centro,Mostrador,Croissant de almendras,1,8000,Nequi,C181
1407,13/08/2026,08:42,altico,Mostrador,Chocolate caliente,1,7500,Tarjeta,
4581,05/09/2026,10:28,Nübe Centro,Mostrador,Tinto,3,3000,Tarjeta,C029
4794,2026-09-06,07:31,Nübe Centro,Mostrador,Croissant,1,6000,Efectivo,C149
2054,2026-08-17,12:59,Nübe Altico,Mostrador,Americano,1,5000,NEQUI,
1320,2026-08-13,17:46,Nübe Centro,Mostrador,Croissant,2,6000,NEQUI,
5961,2026-09-15,08:16,Nübe Centro,Mostrador,Capuchino,,8500,Nequi,C084
5494,2026-09-11,09:47,Nübe Altico,Mostrador,Chocolate caliente,2,7500,NEQUI,
5869,2026-09-14,10:10,Nübe Centro,Mostrador,Croissant,1,6000,Nequi,
7446,2026-09-26,06:01,Nübe Centro,Mostrador,tinto,,3000,Nequi,C261
6190,2026-09-17,07:30,Nübe Centro,Mostrador,Capuchino,2,8500,Tarjeta,
2035,2026-08-17,17:03,Nübe Altico,Mostrador,Capuchino,1,8500,Efectivo,
5490,11/09/2026,12:26,Nübe Altico,Mostrador,Frappé de café,1,11000,Efectivo,
2652,2026-08-22,15:39,Nübe Centro,Domicilio,Croissant de almendras,1,$8.000,Efectivo,
1721,15/08/2026,19:59,Nübe Altico,Mostrador,Croissant de almendras,2,8000,Tarjeta,
4496,2026-09-04,18:22,Nübe Centro,Mostrador,Chocolate caliente,1,7500,NEQUI,
4289,2026-09-02,08:32,Nübe Altico,Mostrador,Americano,1,5000,Nequi,C171
268,2026-08-05,07:29,Nübe Centro,Domicilio,Capuchino,1,8500,Efectivo,
7408,2026-09-26,08:23,Nübe Centro,Domicilio,Chocolate caliente,1,7500,Nequi,
2115,2026-08-18,09:11,Nübe Centro,Mostrador,Croissant,1,6000,Tarjeta,C204
2491,2026-08-21,18:09,Nübe Centro,Domicilio,Tinto,1,3000,Tarjeta,C196
3499,2026-08-28,18:33,Nübe Centro,Domicilio,Americano,1,$5.000,Nequi,
2952,2026-08-23,13:20,Nübe Altico,Mostrador,Frappé de café,3,11000,Efectivo,
1403,2026-08-13,11:40,Nübe Altico,Mostrador,Croissant,1,$6.000,Nequi,C159
4043,2026-08-31,08:17,Nübe Altico,Mostrador,Croissant,1,6000,Nequi,C103
4072,2026-09-01,08:55,Nübe Centro,Mostrador,Croissant,1,,Nequi,C280
2495,21/08/2026,13:37,Nübe Centro,Mostrador,Capuchino,1,8500,Tarjeta,C216
2468,21/08/2026,14:00,Nübe Centro,Mostrador,Croissant de almendras,1,8000,Efectivo,
3713,2026-08-29,08:59,centro,Mostrador,Croissant,2,6000,TARJETA,C045
6478,2026-09-19,20:00,Nübe Centro,Mostrador,Americano,1,5000,NEQUI,C212
119,2026-08-04,14:40,Nübe Centro,Domicilio,Frappé de café,1,11000,Nequi,
4425,2026-09-03,17:13,Nübe Altico,Mostrador,Tinto,2,3000,Tarjeta,
245,05/08/2026,08:38,Nübe Centro,Mostrador,Americano,2,5000,Tarjeta,C066
936,2026-08-09,20:36,Nübe Centro,Domicilio,Capuchino,1,8500,Tarjeta,C195
1535,14/08/2026,09:10,Nübe Altico,Domicilio,TINTO,2,3000,Tarjeta,
6408,2026-09-18,10:52,Nübe Altico,Mostrador,Americano,1,$5.000,TARJETA,C184
6286,2026-09-17,09:34,Nübe Altico,Mostrador,Tinto,1,3000,Efectivo,
1460,2026-08-14,15:56,Nübe Centro,Domicilio,Tinto,1,3000,Tarjeta,
2839,2026-08-23,18:59,Nube Centro ,Mostrador,Tinto,1,3000,Efectivo,C155
6532,2026-09-19,06:32,Nübe Centro,Mostrador,Americano,1,5000,Nequi,
135,2026-08-04,08:18,Nübe Centro,Domicilio,Chocolate caliente,1,7500,Tarjeta,
5613,2026-09-12,08:10,Nübe Altico,Domicilio,Croissant de almendras,3,8000,Efectivo,C207
7410,2026-09-26,10:03,Nübe Centro,Mostrador,Croissant de almendras,1,8000,Efectivo,
1945,2026-08-17,16:25,Nübe Centro,Mostrador,croissant de almendras,1,8000,Nequi,C121
1645,2026-08-15,09:20,Nübe Centro,Mostrador,Americano,1,5000,Tarjeta,
1288,2026-08-12,11:04,Nübe Altico,Mostrador,Capuchino,1,8500,Tarjeta,
5249,2026-09-10,16:31,Nübe Centro,Mostrador,Croissant,2,6000,Efectivo,
348,2026-08-06,10:28,Nübe Centro,Mostrador,Tinto,1,3000,Efectivo,C191
5332,2026-09-10,13:08,Nübe Altico,Domicilio,Capuchino,1,8500,Efectivo,
3214,2026-08-26,07:31,Nübe Centro,Mostrador,Croissant,1,6000,Tarjeta,C024
3702,2026-08-29,11:06,Nübe Centro,Mostrador,Latte,2,9000,Tarjeta,
5738,2026-09-13,08:32,Nübe Centro,Mostrador,Capuchino,2,8500,Efectivo,C189
5214,2026-09-09,15:35,Nübe El Altico,Mostrador,Tinto,1,3000,Nequi,
7161,2026-09-24,13:46,Nübe Centro,Mostrador,Chocolate caliente,1,7500,Efectivo,C097
5754,2026-09-13,14:52,Nübe Altico,Mostrador,Frappé de café,2,11000,Efectivo,C264
1180,2026-08-11,07:59,Nübe Altico,Mostrador,Croissant,1,6000,Nequi,
5982,2026-09-15,08:32,Nübe Centro,Mostrador,Americano,1,5000,Efectivo,
5193,2026-09-09,11:53,Nübe Centro,Mostrador,Tinto,1,3000,Tarjeta,
665,2026-08-08,07:05,Nübe Centro,Domicilio,Capuchino,1,8500,Nequi,C166
6425,2026-09-18,07:55,Nübe Altico,Domicilio,croissant,1,6000,Tarjeta,C294
7253,2026-09-25,08:01,Nübe Centro,Mostrador,Croissant,1,6000,Nequi,C267
4034,2026-08-31,06:00,Nübe Altico,Mostrador,Latte,1,9000,Nequi,
1907,2026-08-16,17:59,Nübe Altico,Mostrador,Americano,1,5000,Nequi,
4278,2026-09-02,13:18,Nübe Altico,Mostrador,Croissant de almendras,1,8000,Tarjeta,C057
466,2026-08-06,07:37,NUBE ALTICO,Mostrador,Latte,1,9000,Tarjeta,
2215,2026-08-19,17:01,NUBE CENTRO,Domicilio,Croissant,2,6000,Nequi,C043
6643,2026-09-20,09:03,Nübe Centro,Mostrador,Croissant de almendras,3,8000,NEQUI,
6513,2026-09-19,10:13,Nübe Centro,Mostrador,Croissant,1,6000,Efectivo,
5893,2026-09-14,09:30,Nübe Altico,Mostrador,Americano,1,5000,Efectivo,C286
3067,2026-08-24,17:53,Nübe Altico,Mostrador,Latte,1,9000,Tarjeta,C281
1008,10/08/2026,08:52,Nübe Centro,Mostrador,Tinto,1,3000,Nequi,
1514,2026-08-14,16:05,Nübe Centro,Mostrador,Latte,1,9000,Nequi,
4963,2026-09-07,16:44,Nübe Altico,Mostrador,Croissant,2,6000,Efectivo,C294
7548,27/09/2026,09:29,Nube Centro ,Mostrador,CAPUCHINO,3,8500,Nequi,C050
2956,2026-08-23,10:55,Nübe Altico,Mostrador,Capuchino,1,8500,Nequi,
5661,13/09/2026,12:47,Nübe Centro,Domicilio,Croissant de almendras,2,8000,Nequi,C095
5708,2026-09-13,06:19,Nübe Centro,Domicilio,Croissant de almendras,1,8000,Nequi,C082
4794,2026-09-06,07:31,Nübe Centro,Mostrador,Tinto,1,3000,Efectivo,C149
2990,2026-08-24,15:36,Nübe Centro,Mostrador,Croissant de almendras,1,8000,Nequi,
6737,2026-09-20,14:41,Nübe Altico,Mostrador,Latte,1,9000,Tarjeta,
3875,30/08/2026,09:17,Nübe Altico,Domicilio,Latte,1,9000,NEQUI,C062
5231,2026-09-09,07:49,Nübe Altico,Mostrador,Croissant,2,6000,Nequi,
7513,26/09/2026,15:13,Nübe Altico,Domicilio,Chocolate caliente,1,7500,Nequi,C058
3502,2026-08-28,09:16,Nübe Centro,Mostrador,Capuchino,1,8500,Tarjeta,
2669,2026-08-22,10:55,Nübe Centro,Mostrador,Tinto,1,3000,Efectivo,
2627,22/08/2026,10:43,Nübe Centro,Domicilio,Tinto,1,3000,Tarjeta,
6716,2026-09-20,10:13,Nübe Altico,Domicilio,Croissant,1,6000,Tarjeta,
4843,2026-09-06,10:04,Nübe Altico,Mostrador,Latte,2,9000,,
5910,2026-09-14,16:15,Nübe Altico,Domicilio,Croissant de almendras,1,8000,Efectivo,
3082,2026-08-24,07:31,Nübe Altico,Domicilio,CROISSANT ,3,6000,Efectivo,
482,07/08/2026,10:54,Nübe Centro,Mostrador,Latte,2,9000,Efectivo,
5367,2026-09-10,11:08,Nübe Altico,Mostrador,Tinto,1,3000,Nequi,
6263,17/09/2026,10:00,Nübe Altico,Mostrador,Tinto,2,3000,Tarjeta,C155
5352,10/09/2026,15:19,Nübe Altico,Mostrador,Chocolate caliente,1,7500,Tarjeta,C151
4654,2026-09-05,08:13,Nübe Centro,Domicilio,Americano,3,5000,Efectivo,
2022,2026-08-17,06:00,Nübe Altico,Mostrador,Tinto ,1,3000,Efectivo,C208
5808,2026-09-13,09:56,Nübe Altico,Domicilio,Chocolate caliente,3,7500,Tarjeta,
6221,2026-09-17,13:38,Nübe Centro,Mostrador,Croissant,2,$6.000,Efectivo,
3458,2026-08-28,18:04,Nübe Centro,Domicilio,latte,1,9000,Efectivo,
2221,2026-08-19,13:42,Nübe Centro,Mostrador,Chocolate caliente,3,7500,Efectivo,C280
755,2026-08-08,15:21,Nube Centro ,Mostrador,Capuchino,1,8500,Efectivo,
2251,2026-08-19,18:24,Nübe Centro,Mostrador,Americano,1,5000,Nequi,
3758,2026-08-29,16:52,Nübe Altico,Domicilio,Croissant de almendras,3,$8.000,Nequi,
944,2026-08-09,13:19,Nübe Altico,Mostrador,Chocolate caliente,1,7500,Tarjeta,
3100,2026-08-25,07:14,Nübe Centro,Mostrador,Capuchino,1,$8.500,Tarjeta,
3242,2026-08-26,14:03,Nübe Centro,Domicilio,Frappé de café,2,11000,Tarjeta,
189,2026-08-04,12:19,Nübe Altico,Mostrador,Croissant de almendras,1,8000,Efectivo,C096
83,2026-08-03,07:20,Nübe Altico,Mostrador,Tinto ,1 und,3000,Tarjeta,C272
7658,2026-09-27,16:11,altico,Mostrador,Capuchino,3,8500,Efectivo,C218
1612,2026-08-15,08:39,Nübe Centro,Mostrador,Americano,1,5000,Tarjeta,
4087,2026-09-01,08:02,Nübe Centro,Mostrador,Croissant,1,$6.000,Nequi,C214
4755,2026-09-06,14:58,NUBE CENTRO,Domicilio,americano,1,5000,Efectivo,
1052,2026-08-10,18:35,Nübe Centro,Mostrador,Americano,1,5000,Tarjeta,
5570,12/09/2026,10:28,Nübe Centro,Mostrador,latte,3,9000,Tarjeta,
3386,2026-08-27,09:15,Nube Centro ,Mostrador,Croissant,1,6000,Nequi,
2117,2026-08-18,12:50,Nübe Centro,Mostrador,Tinto,1,3000,Tarjeta,C252
4280,2026-09-02,16:54,Nübe Altico,Mostrador, LATTE,2,9000,,
4815,2026-09-06,17:58,Nübe Centro,Domicilio,Frappé de café,1,11000,Efectivo,
1729,2026-08-15,13:31,Nübe Altico,Domicilio,Croissant,1,6000,Efectivo,
852,2026-08-09,10:56,Nübe Centro,Mostrador,Americano,1,5000,Nequi,C061
6261,2026-09-17,18:29,Nübe Altico,Domicilio,Frappé de café,2,11000,Tarjeta,
1272,12/08/2026,09:02,Nübe Altico,Mostrador,Croissant de almendras,1 und,8000,Efectivo,
907,2026-08-09,18:37,Nübe Centro,Mostrador,Latte,2,9000,Tarjeta,C221
6556,2026-09-19,17:08,Nübe Altico,Mostrador,Tinto,1,3000,Nequi,
7489,2026-09-26,07:44,Nübe Altico,Domicilio,TINTO,2,3000,Efectivo,
1018,2026-08-10,09:04,Nübe Centro,Mostrador,Americano,1,$5.000,Efectivo,C146
4253,2026-09-02,19:43,Nübe Centro,Mostrador,Tinto,1,3000,Nequi,
1042,2026-08-10,11:44,NUBE CENTRO,Mostrador,Latte,1,9000,Nequi,C239
1007,2026-08-10,17:49,Nübe Centro,Domicilio,Croissant,1,6000,Efectivo,
3248,26/08/2026,09:58,Nübe Centro,Mostrador,Latte,2,9000,Efectivo,
6655,2026-09-20,16:37,Nübe Centro,Domicilio,Chocolate caliente,1,7500,Efectivo,
6433,2026-09-18,12:06,Nübe Altico,Domicilio,Tinto,1,3000,Tarjeta,
4979,2026-09-07,19:14,Nübe Altico,Mostrador,Capuchino,1,8500,Nequi,
6764,2026-09-21,15:02,Nübe Centro,Mostrador,Capuchino,1,$8.500,Efectivo,C153
3909,30/08/2026,07:55,Nübe Altico,Mostrador,Croissant,1,6000,Nequi,
5789,2026-09-13,18:08,Nübe Altico,Mostrador,Tinto,2,3000,Tarjeta,
1603,2026-08-15,08:14,Nübe Centro,Domicilio,Tinto,1,3000,Tarjeta,
2569,2026-08-21,19:30,Nübe Altico,Mostrador,Capuchino,1,8500,Tarjeta,C039
1431,2026-08-13,09:17,Nübe Altico,Mostrador,Capuchino,1,8500,Efectivo,
1954,17/08/2026,15:03,Nübe Centro,Mostrador,Tinto,1,3000,Efectivo,C228
2701,2026-08-22,17:05,Nübe Centro,Domicilio,Capuchino,2 und,8500,Efectivo,
3709,2026-08-29,14:29,Nübe Centro,Mostrador,Croissant,1,6000,Nequi,
7048,2026-09-23,10:55,Nübe Centro,Mostrador,Croissant,1,6000,Efectivo,C140
2864,2026-08-23,09:59,Nübe Centro,Domicilio,Tinto,2,$3.000,Efectivo,
4676,2026-09-05,07:41,Nübe Altico,Mostrador,Frappe de cafe,1,11000,EFECTIVO,
415,06/08/2026,10:49,Nübe Altico,Mostrador,Croissant,1,6000,Nequi,C041
5015,2026-09-08,14:35,Nube Centro ,Domicilio,Chocolate caliente,1,7500,Nequi,
5800,2026-09-13,09:39,Nübe Altico,Mostrador,Chocolate caliente,1,7500,Nequi,C197
823,2026-08-08,14:30,Nübe El Altico,Domicilio,Latte,3,9000,Tarjeta,
3889,2026-08-30,14:02,Nübe Altico,Mostrador,Croissant de almendras,1,8000,Tarjeta,C134
2538,2026-08-21,10:59,Nübe Altico,Domicilio,Croissant de almendras,1,$8.000,Nequi,
574,2026-08-07,12:43,Nübe Altico,Mostrador,Tinto,2 und,3000,Nequi,
2233,2026-08-19,09:13,Nübe Centro,Domicilio,CAPUCHINO,1,8500,EFECTIVO,
633,2026-08-07,09:34,Nübe Altico,Mostrador,Croissant de almendras,1,8000,Nequi,
6701,2026-09-20,08:25,Nübe Centro,Domicilio,Croissant,1,6000,Nequi,C122
4867,2026-09-06,13:07,Nübe Altico,Domicilio,Frappé de café,1,11000,Tarjeta,C056
434,2026-08-06,14:53,Nübe Altico,Mostrador,Croissant de almendras,1,8000,Efectivo,
1679,2026-08-15,09:33,Nübe Centro,Domicilio,Chocolate  caliente,2,7500,TARJETA,C266
2533,2026-08-21,11:22,Nübe Centro,Domicilio,Capuchino,1,8500,Nequi,
2836,2026-08-23,16:37,Nübe Centro,Mostrador,Americano,1,5000,Efectivo,C108
1166,2026-08-11,13:41,Nübe Altico,Mostrador,Frappé de café,1,11000,Efectivo,C241
5707,2026-09-13,10:02,Nübe Centro,Mostrador,Frappé de café,1 und,11000,Nequi,
6251,2026-09-17,13:13,Nübe Altico,Domicilio,Capuchino,1,8500,Efectivo,
3094,2026-08-25,14:42,Nübe Centro,Mostrador,Frappe de cafe,1,11000,Tarjeta,C172
6395,2026-09-18,09:24,Nübe Altico,Domicilio,latte,1,9000,Tarjeta,
6820,21/09/2026,19:46,NUBE CENTRO,Mostrador,Chocolate caliente,1,$7.500,,C009
7205,2026-09-24,07:53,Nübe Altico,Mostrador,Capuchino,1,8500,Tarjeta,
2205,2026-08-19,08:34,Nübe Centro,Mostrador,Americano,1,5000,Efectivo,
43,2026-08-03,08:52,Nübe Centro,Mostrador,Croissant,1,6000,Tarjeta,C077
566,2026-08-07,16:28,Nübe Centro,Mostrador,Capuchino,1,8500,Efectivo,
173,2026-08-04,14:28,Nübe Centro,Domicilio,Tinto,1,3000,Tarjeta,C030
6902,2026-09-22,10:19,Nübe Centro,Mostrador,Capuchino,2,$8.500,Nequi,
3581,2026-08-28,18:07,Nübe Altico,Mostrador,Latte,1,9000,Efectivo,
5384,2026-09-10,20:02,Nübe Altico,Domicilio,Chocolate  caliente,1,7500,Nequi,
6530,2026-09-19,09:32,Nübe Centro,Mostrador,Croissant de almendras,1,8000,Nequi,C188
2709,2026-08-22,07:34,Nübe Centro,Mostrador,Latte,2,9000,NEQUI,C229
7546,2026-09-27,07:09,Nübe Centro,Mostrador,Tinto,1,$3.000,Nequi,
861,2026-08-09,09:48,Nübe Centro,Mostrador,Croissant de almendras,3,$8.000,Nequi,C248
3372,2026-08-27,19:34,Nübe Centro,Mostrador,Capuchino,1,8500,Nequi,
1261,2026-08-12,13:28,Nübe Centro,Mostrador,Croissant,1,6000,Tarjeta,C033
7622,27/09/2026,18:28,Nübe Altico,Mostrador,Tinto,1,3000,Nequi,
5418,11/09/2026,07:21,Nübe Centro,Mostrador,Americano,1,5000,Tarjeta,
361,06/08/2026,11:28,Nübe Centro,Mostrador,Frappé de café,1,11000,Tarjeta,C110
5374,2026-09-10,08:51,Nübe Altico,Domicilio,Tinto,3,3000,Nequi,C136
5753,2026-09-13,11:11,Nübe Altico,Mostrador,capuchino,1,$8.500,Nequi,
791,2026-08-08,16:06,Nübe Altico,Domicilio,Croissant,1,6000,Tarjeta,
4539,2026-09-04,20:07,Nübe Altico,Domicilio,Chocolate caliente,1,7500,Tarjeta,C027
1399,2026-08-13,13:43,Nübe Altico,Mostrador,Tinto,1,3000,Nequi,
3205,2026-08-26,07:34,Nübe Centro,Mostrador,Capuchino,1,8500,Efectivo,
3439,2026-08-27,16:08,Nübe Altico,Mostrador,Croisant,1,6000,Efectivo,C206
1282,2026-08-12,06:28,Nübe Altico,Mostrador,Tinto,1,3000,Efectivo,
2465,2026-08-21,10:10,Nube Centro ,Mostrador,Croissant de almendras,2,8000,Tarjeta,C096
6096,2026-09-16,07:24,Nübe Centro,Mostrador,Capuchino,,8500,,C076
4760,2026-09-06,09:14,Nübe Centro,Domicilio,Chocolate  caliente,1,7500,Tarjeta,
2431,2026-08-20,13:29,Nübe Altico,Mostrador,Chocolate caliente,3,7500,Nequi,
157,2026-08-04,16:45,Nübe Centro,Mostrador,Capuchino,1,8500,Nequi,C128
6048,2026-09-16,09:07,Nübe Centro,Mostrador,Croissant de almendras,1,8000,Nequi,C043
6896,2026-09-22,07:39,Nübe Centro,Mostrador,Latte,3,9000,Efectivo,
4830,2026-09-06,13:15,Nübe Centro,Mostrador,Capuchino,1,$8.500,Tarjeta,C064
4630,2026-09-05,13:58,Nübe Centro,Mostrador,Capuchino,1,8500,Tarjeta,C277
1085,2026-08-10,18:10,Nübe El Altico,Mostrador,Tinto ,2,3000,Efectivo,C196
6335,2026-09-18,08:14,Nübe Centro,Mostrador,Capuchino,2,8500,Efectivo,
3046,2026-08-24,09:13,Nübe Centro,Mostrador,Latte,1,9000,Efectivo,
3736,29/08/2026,18:40,Nübe Altico,Mostrador,Frappé de café,1,11000,Nequi,
466,2026-08-06,07:37,Nübe Altico,Mostrador,Croissant,1,6000,Tarjeta,
2294,2026-08-19,13:54,Nübe Altico,Domicilio,Frappé de café,1,11000,Efectivo,
6568,2026-09-19,13:35,Nübe Altico,Mostrador,Capuchino,1,8500,Efectivo,C181
2229,2026-08-19,11:39,Nübe Centro,Mostrador,Croissant de almendras,1,8000,Efectivo,C175
4765,2026-09-06,20:49,Nübe Centro,Mostrador,capuchino,1 und,8500,Nequi,
1303,2026-08-12,16:34,Nübe Altico,Mostrador,Tinto,1,3000,Nequi,
511,2026-08-07,11:42,Nübe Centro,Mostrador,Capuchino,1,8500,Efectivo,
6423,2026-09-18,17:46,Nübe Altico,Mostrador,Frappé de café,1,11000,Nequi,C013
3126,2026-08-25,11:18,Nübe Centro,Domicilio,Tinto,1,3000,Nequi,C160
784,2026-08-08,16:32,Nübe Altico,Domicilio,Tinto,1,3000,Nequi,
5714,2026-09-13,06:31,Nübe Centro,Mostrador,Tinto,1,3000,Efectivo,C185
7001,2026-09-23,16:12,Nübe Centro,Domicilio,Capuchino,1,8500,Nequi,
3343,2026-08-27,07:21,Nübe Centro,Mostrador,Tinto,2,3000,Nequi,
5331,2026-09-10,06:32,Nübe Altico,Domicilio,Croissant,1,6000,Efectivo,C117
5993,2026-09-15,11:24,Nübe Centro,Domicilio,Croissant,1,6000,Tarjeta,
6038,2026-09-15,11:14,Nübe Altico,Domicilio,Croissant de almendras,1,8000,Efectivo,
4581,2026-09-05,10:28,Nübe Centro,Mostrador,Croissant de almendras,1 und,8000,Tarjeta,C029
5017,08/09/2026,09:45,Nübe Centro,Mostrador,Croissant de almendras,1,8000,Efectivo,
4362,2026-09-03,07:42,Nübe Centro,Mostrador,Latte,1,9000,Efectivo,
6297,2026-09-18,12:46,Nübe Centro,Domicilio,frappé de café,1,11000,Efectivo,
193,2026-08-04,08:30,Nübe Altico,Domicilio,Tinto,1,3000,Nequi,C138
1981,2026-08-17,09:58,Nübe Centro,Mostrador,americano,1,5000,EFECTIVO,C138
7368,2026-09-26,19:38,Nübe Centro,Mostrador,Chocolate caliente,2,7500,Efectivo,
4578,2026-09-05,08:04,Nübe Centro,Mostrador,Tinto,1,3000,Efectivo,C300
1410,2026-08-13,08:51,Nübe Altico,Mostrador,Croissant de almendras,1,8000,Tarjeta,
5152,2026-09-09,15:18,Nübe Centro,Mostrador,Tinto,1,3000,Efectivo,
4610,2026-09-05,18:13,NUBE CENTRO,Mostrador,Croissant,1,$6.000,Tarjeta,C119
4508,2026-09-04,18:23,Nübe Altico,Mostrador,Capuchino,2,8500,Tarjeta,
6943,2026-09-22,13:55,Nube Centro ,Mostrador,Croissant de almendras,1,8000,Tarjeta,C197
7362,2026-09-25,10:49,Nübe Altico,Mostrador,Capuchino,1,8500,Nequi,C027
2464,2026-08-21,18:12,Nübe Centro,Mostrador,Latte,2,9000,Efectivo,
4741,2026-09-06,08:57,NUBE CENTRO,Mostrador,Frappé de café,2,11000,Nequi,
1151,11/08/2026,08:43,Nübe Altico,Mostrador,Croissant,1,6000,Nequi,
5894,2026-09-14,11:40,Nübe Altico,Mostrador,Tinto,1,3000,Efectivo,C135
4374,2026-09-03,14:23,Nübe Altico,Mostrador,Frappé de café,3,11000,Tarjeta,
3487,2026-08-28,08:15,Nübe Centro,Mostrador,Frappé de café,1,11000,Efectivo,
2373,2026-08-20,10:00,Nübe Centro,Domicilio,TINTO,1,3000,Tarjeta,
2112,2026-08-18,07:08,Nübe Centro,Mostrador,Chocolate caliente,2,7500,Efectivo,C227
2255,2026-08-19,19:15,Nübe Centro,Mostrador,Latte,1 und,9000,Tarjeta,
1054,10/08/2026,08:49,Nübe Centro,Domicilio,Capuchino,2,8500,Tarjeta,
1827,16/08/2026,07:40,Nübe Centro,Mostrador,Latte,1,9000,Nequi,C135
5611,2026-09-12,10:33,Nübe Altico,Domicilio,capuchino,1,8500,NEQUI,
6065,2026-09-16,08:37,Nübe Centro,Mostrador,Americano,2,5000,Nequi,C069
3397,27/08/2026,15:28,Nübe Altico,Mostrador,Latte,1,$9.000,Efectivo,
6728,2026-09-20,12:21,Nübe Altico,Domicilio,Croissant de almendras,2,8000,Tarjeta,C237
6025,15/09/2026,10:59,Nübe Altico,Mostrador,Americano,2,5000,Efectivo,
1548,2026-08-14,11:18,Nübe Altico,Domicilio,Croissant de almendras,1,8000,Efectivo,
7365,2026-09-26,14:51,NUBE CENTRO,Domicilio,Latte,3,9000,Efectivo,
609,2026-08-07,12:22,Nübe Altico,Mostrador,Latte,1,9000,Efectivo,
7293,2026-09-25,08:24,Nübe Centro,Mostrador,Chocolate caliente,1,7500,Nequi,C040
6771,2026-09-21,09:57,Nübe Centro,Mostrador,Tinto,1,3000,Efectivo,C157
411,2026-08-06,13:02,Nübe Centro,Mostrador,Croissant,1,6000,Efectivo,
2518,2026-08-21,09:35,Nübe Centro,Mostrador,Tinto,2,3000,Tarjeta,C021
992,2026-08-09,07:34,Nübe Altico,Mostrador,capuchino,2,$8.500,Nequi,
1597,15/08/2026,09:48,Nube Centro ,Mostrador,Americano,1,5000,Nequi,C089
5434,11/09/2026,06:59,Nübe Centro,Domicilio, LATTE,1,$9.000,NEQUI,
6544,2026-09-19,19:27,altico,Mostrador,Capuchino,2,8500,Tarjeta,
6164,2026-09-16,08:57,Nübe Altico,Mostrador,Croissant,1,6000,Tarjeta,C269
781,2026-08-08,19:53,Nübe Altico,Domicilio,americano,1,5000,Nequi,
5063,2026-09-08,17:46,Nübe Centro,Mostrador,Croissant,1 und,6000,Efectivo,
6121,2026-09-16,16:39,Nübe Altico,Mostrador,Tinto,3,3000,Nequi,C155
2759,2026-08-22,07:33,Nübe Altico,Mostrador,Tinto,2,3000,Tarjeta,C031
763,08/08/2026,16:22,Nübe Centro,Domicilio,Tinto,1,3000,Nequi,
4532,2026-09-04,15:15,Nübe Altico,Mostrador,Croissant de almendras,1,8000,Efectivo,
6391,2026-09-18,10:29,Nübe Altico,Domicilio,Chocolate caliente,2,7500,Tarjeta,
4703,2026-09-05,11:39,Nübe Altico,Mostrador,Latte,1,9000,Efectivo,C074
1040,2026-08-10,13:47,Nübe Centro,Domicilio,Croissant,1,6000,Nequi,
4685,2026-09-05,15:42,Nübe Altico,Mostrador,Chocolate caliente,1,7500,Nequi,
4322,03/09/2026,13:58,Nübe Centro,Domicilio,americano,1,5000,Efectivo,
5052,2026-09-08,07:55,Nübe Centro,Domicilio,Frappé de café,1,11000,Nequi,C117
2599,2026-08-21,13:31,Nübe Altico,Mostrador,Croissant,2,6000,Efectivo,C089
2237,2026-08-19,18:41,Nübe Centro,Mostrador,Croissant,1,6000,Tarjeta,
1455,2026-08-14,11:10,Nübe Centro,Mostrador,Latte,1 und,9000,Nequi,C285
4965,2026-09-07,11:28,Nübe Altico,Mostrador,TINTO,1,3000,Efectivo,
813,2026-08-08,19:23,Nübe Altico,Domicilio,Tinto,1,$3.000,Nequi,
3282,26/08/2026,11:54,Nübe Altico,Mostrador,Tinto,1,3000,Nequi,
2598,2026-08-21,12:43,Nübe Altico,Domicilio,Latte,1 und,9000,Nequi,
660,2026-08-08,11:22,Nübe Centro,Mostrador,Americano,2,5000,Tarjeta,C129
6243,17/09/2026,14:04,Nübe Altico,Domicilio,Tinto,1,3000,Efectivo,
6801,2026-09-21,20:06,Nübe Centro,Mostrador,Americano,1,5000,Tarjeta,
5874,2026-09-14,10:22,Nübe Centro,Mostrador,Tinto,2 und,3000,Efectivo,C155
3965,31/08/2026,12:51,Nübe Centro,Mostrador,CAPUCHINO,1,8500,Nequi,C170
6614,2026-09-19,08:55,Nübe Altico,Mostrador,Tinto,1,3000,Efectivo,
3026,2026-08-24,17:59,Nübe Centro,Mostrador,Latte,1,$9.000,Efectivo,C247
6173,2026-09-17,13:44,Nübe Centro,Mostrador,Frappé de café,1,$11.000,Nequi,
6072,16/09/2026,08:17,Nübe Centro,Mostrador,Chocolate caliente,3,7500,TARJETA,C073
3654,29/08/2026,15:49,Nübe Centro,Mostrador,Frappé de café,1,11000,Efectivo,C168
2416,2026-08-20,07:28,Nübe Altico,Mostrador,Croissant,1,6000,Nequi,C256
6988,22/09/2026,07:32,Nübe Altico,Domicilio,Croissant,1,6000,Tarjeta,C177
5357,10/09/2026,18:35,Nübe Altico,Mostrador,Chocolate caliente,1,7500,Tarjeta,
7552,2026-09-27,08:22,Nübe Centro,Mostrador,Croissant,1 und,6000,EFECTIVO,C256
5940,2026-09-14,09:48,Nübe Altico,Mostrador,capuchino,3,8500,Nequi,
3330,2026-08-27,16:35,Nübe Centro,Domicilio,Capuchino,1,8500,Tarjeta,
2170,2026-08-18,09:55,Nübe Altico,Mostrador,Capuchino,1,8500,Nequi,C245
7188,2026-09-24,16:04,Nübe Altico,Mostrador,Americano,1,5000,Nequi,
1581,2026-08-15,13:20,NUBE CENTRO,Mostrador, LATTE,1,9000,Tarjeta,
6277,2026-09-17,15:51,Nübe Altico,Mostrador,Capuchino,1,8500,Nequi,C121
5178,2026-09-09,07:37,centro,Mostrador,Croissant,1,6000,Tarjeta,
6123,16/09/2026,09:49,Nübe Altico,Domicilio,Americano,,5000,Tarjeta,C140
6944,2026-09-22,11:29,Nübe Centro,Mostrador,tinto,3,3000,,
4447,2026-09-04,11:10,NUBE CENTRO,Mostrador,Latte,2,$9.000,Nequi,
6529,2026-09-19,07:43,Nübe Centro,Mostrador,Americano,1,5000,Tarjeta,
514,2026-08-07,11:23,Nübe Centro,Mostrador,Capuchino,1,8500,EFECTIVO,
2441,20/08/2026,13:49,Nübe Altico,Mostrador,Croissant de almendras,1,8000,Nequi,C060
2946,2026-08-23,08:37,Nübe Altico,Mostrador,Croissant,1,$6.000,Tarjeta,
4554,04/09/2026,19:12,Nübe Altico,Mostrador,Chocolate caliente,1,7500,Efectivo,C093
7350,2026-09-25,07:45,Nübe Altico,Mostrador,Capuchino,1,8500,Efectivo,
5106,2026-09-08,10:29,Nübe Altico,Mostrador,Croissant de almendras,2,8000,Efectivo,
4938,2026-09-07,10:12,Nübe Centro,Mostrador,Croissant almendras,1,8000,Tarjeta,C039
3916,2026-08-30,17:46,Nübe Altico,Domicilio,Chocolate caliente,1,7500,Tarjeta,C070
2035,2026-08-17,17:03,Nübe Altico,Mostrador,Croissant,1,6000,EFECTIVO,
565,2026-08-07,09:54,Nübe Centro,Mostrador,Tinto,2 und,3000,Efectivo,
6439,2026-09-18,06:35,NUBE ALTICO,Mostrador,Croissant de almendras,1,8000,Efectivo,C049
7156,2026-09-24,13:12,Nube Centro ,Mostrador,Tinto,1,3000,Nequi,C065
6965,2026-09-22,16:20,Nübe Altico,Mostrador,Croissant,1,6000,Nequi,C030
3631,2026-08-29,10:45,Nübe Centro,Mostrador,Croissant de almendras,1,8000,Efectivo,
1084,2026-08-10,10:38,Nübe Altico,Mostrador,Americano,1,5000,Tarjeta,
154,2026-08-04,06:28,Nübe Centro,Mostrador,Croissant,1 und,6000,Nequi,
4208,2026-09-02,20:56,Nübe Centro,Mostrador,TINTO,1,3000,Tarjeta,C201
3758,2026-08-29,16:52,Nübe Altico,Domicilio,Chocolate caliente,1,7500,Nequi,
5282,2026-09-10,10:39,Nübe Centro,Mostrador,Tinto,1,3000,Nequi,
1998,2026-08-17,09:43,Nübe Centro,Domicilio,Americano,1,5000,Efectivo,
68,2026-08-03,06:59,Nübe Altico,Mostrador,Americano,1,5000,Efectivo,
6800,2026-09-21,17:30,Nübe Centro,Domicilio,Croissant de almendras,1,8000,Efectivo,
2833,2026-08-23,19:22,NUBE CENTRO,Mostrador,Frappé de café,1,11000,TARJETA,
6182,2026-09-17,20:19,centro,Mostrador,Tinto,1,3000,Nequi,C228
6825,2026-09-21,07:27,centro,Mostrador,Latte,1,9000,Efectivo,
2541,2026-08-21,18:20,Nübe Altico,Domicilio,Chocolate caliente,1,7500,Tarjeta,
4359,2026-09-03,16:46,Nübe Centro,Mostrador,Capuchino,1,8500,Efectivo,
1306,2026-08-12,10:34,Nübe Altico,Mostrador,Tinto,1,3000,Efectivo,C287
3410,2026-08-27,20:54,Nübe El Altico,Mostrador,croissant de almendras,1,8000,Tarjeta,
953,2026-08-09,10:52,Nübe El Altico,Mostrador,Tinto,1,3000,Efectivo,C045
5646,12/09/2026,06:48,Nübe Altico,Mostrador,Croissant,1,6000,Efectivo,C148
726,2026-08-08,20:03,Nübe Centro,Mostrador,Capuchino,1,8500,Tarjeta,C093
1703,2026-08-15,16:53,Nübe Altico,Domicilio,Croissant almendras,1,8000,Efectivo,C284
3465,28/08/2026,16:00,Nübe Centro,Mostrador,Croissant,2,6000,Nequi,
4344,2026-09-03,09:56,Nübe Centro,Mostrador,Croissant de almendras,1,8000,Efectivo,
4912,2026-09-07,15:52,Nübe Centro,Mostrador,Americano,1,5000,Efectivo,
1420,2026-08-13,08:16,Nübe Altico,Mostrador,Tinto,1,3000,Tarjeta,C125
4524,2026-09-04,08:45,Nübe Altico,Domicilio,Croissant de almendras,3,8000,Nequi,
4861,2026-09-06,10:55,altico,Mostrador,Croissant de almendras,1,8000,EFECTIVO,
3810,2026-08-30,17:35,Nübe Centro,Mostrador,Latte,3,9000,Efectivo,
3226,2026-08-26,10:49,Nübe Centro,Mostrador,Latte,1,9000,Tarjeta,C201
5309,2026-09-10,09:26,Nübe Centro,Mostrador,Capuchino,1,8500,Tarjeta,
5274,2026-09-10,19:09,Nübe Centro,Mostrador,Americano,1,5000,Tarjeta,
1924,2026-08-17,19:15,Nübe Centro,Mostrador,Capuchino,2,8500,Tarjeta,C238
621,07/08/2026,10:39,Nübe Altico,Domicilio,croissant,1,6000,EFECTIVO,
7440,2026-09-26,07:53,Nübe Centro,Mostrador,Capuchino,2,8500,Tarjeta,
6454,2026-09-19,12:01,Nübe Centro,Mostrador,Tinto,1,3000,Tarjeta,
2971,2026-08-24,09:58,Nube Centro ,Domicilio,Capuchino,1,8500,Efectivo,
2841,2026-08-23,10:54,Nübe Centro,Mostrador,Americano,1,5000,Tarjeta,
2486,2026-08-21,06:25,Nübe Centro,Mostrador,Capuchino,1,8500,Nequi,C277
1501,2026-08-14,08:00,Nube Centro ,Mostrador,Chocolate caliente,2,7500,Efectivo,C124
5881,2026-09-14,09:02,Nübe Centro,Mostrador, LATTE,1,9000,Nequi,C221
2977,24/08/2026,12:41,Nübe Centro,Mostrador,Late,2,9000,Tarjeta,
6606,2026-09-19,10:53,Nübe Altico,Mostrador, Capuchino ,1,8500,Tarjeta,C127
6954,2026-09-22,13:34,Nübe Altico,Mostrador,Capuchino,2,8500,Nequi,
5240,2026-09-09,11:16,NUBE ALTICO,Mostrador,Americano,3,5000,Nequi,
5255,2026-09-10,14:53,Nübe Centro,Mostrador,Capuchino,1,8500,Efectivo,C007
2479,2026-08-21,10:50,Nübe Centro,Mostrador,Tinto,1,3000,Tarjeta,C205
6095,2026-09-16,19:24,Nübe Centro,Mostrador,Capuchino,1,8500,Tarjeta,
6375,2026-09-18,08:19,Nübe Centro,Mostrador,Late,1,9000,Tarjeta,
2001,17/08/2026,17:06,centro,Domicilio,Latte,1,9000,Nequi,C039
3124,2026-08-25,08:28,Nübe Centro,Mostrador,Croissant de almendras,1,8000,Nequi,C125
6626,2026-09-20,13:52,Nübe Centro,Mostrador,Frappé de café,1,11000,Tarjeta,
2663,2026-08-22,16:31,Nübe Centro,Domicilio,Capuchino,1,8500,Nequi,
1930,17/08/2026,13:25,Nübe Centro,Mostrador,Americano,3,5000,Nequi,
4011,2026-08-31,20:07,Nübe Altico,Domicilio,Americano,3,5000,Nequi,
6322,2026-09-18,08:30,Nübe Centro,Mostrador,capuchino,1,8500,Tarjeta,C292
3610,2026-08-29,14:11,Nübe Centro,Mostrador,Capuchino,1,8500,Nequi,
2289,2026-08-19,09:46,Nübe Altico,Mostrador,Tinto,3,3000,NEQUI,
6986,2026-09-22,15:06,Nübe Altico,Mostrador,Latte,1,9000,Efectivo,
6640,2026-09-20,19:13,Nübe Centro,Mostrador,Tinto,1,3000,Efectivo,
1133,11/08/2026,14:48,Nübe Centro,Mostrador,AMERICANO,1,5000,Nequi,C265
4517,2026-09-04,07:50,Nübe Altico,Mostrador,CROISSANT ,1,6000,Efectivo,
4353,2026-09-03,20:27,Nübe Centro,Mostrador,Capuchino,1,8500,EFECTIVO,C042
399,2026-08-06,09:29,Nübe Centro,Mostrador,Latte,1,9000,Nequi,C020
2046,2026-08-17,14:26,Nübe Altico,Domicilio,Croissant,1,6000,Tarjeta,C204
5,2026-08-03,09:09,Nübe Centro,Mostrador,Tinto,2 und,3000,Tarjeta,
1887,2026-08-16,07:12,Nübe Altico,Mostrador,Americano,1,5000,Tarjeta,C267
3969,2026-08-31,16:55,Nübe Centro,Mostrador,capuchino,1,8500,EFECTIVO,
1310,2026-08-12,10:38,Nübe Altico,Mostrador,Croissant,1 und,$6.000,Efectivo,C056
1093,2026-08-11,08:44,Nübe Centro,Mostrador,Croissant de almendras,1,8000,Tarjeta,
2149,2026-08-18,15:29,NUBE CENTRO,Mostrador,Croissant,2 und,6000,Efectivo,
3627,29/08/2026,11:18,Nübe Centro,Mostrador,Tinto,1,3000,Nequi,
1860,2026-08-16,12:05,NUBE ALTICO,Mostrador,Tinto,1,3000,TARJETA,
113,2026-08-04,19:18,Nübe Centro,Mostrador,Capuccino,2,8500,Nequi,C216
3663,29/08/2026,10:13,Nübe Centro,Mostrador,Capuchino,2,$8.500,Nequi,
5207,2026-09-09,09:09,Nübe Altico,Mostrador,Americano,1,5000,Nequi,
2906,2026-08-23,18:10,Nübe Altico,Mostrador,Latte,1,,Tarjeta,C258
3911,30/08/2026,15:17,Nübe Altico,Mostrador,Capuchino,2,8500,Nequi,
830,2026-08-08,07:30,Nübe Altico,Mostrador,Latte,1,9000,Nequi,C179
4525,2026-09-04,10:29,Nübe Altico,Mostrador,Latte,2,9000,Tarjeta,
1335,2026-08-13,16:13,Nübe Centro,Mostrador,Croissant,1,6000,Tarjeta,
263,2026-08-05,07:15,Nübe Centro,Mostrador,Latte,1,9000,Tarjeta,C036
443,2026-08-06,17:03,Nübe Altico,Mostrador,latte,1,9000,Nequi,
5491,2026-09-11,17:56,Nübe Altico,Mostrador,Frappé de café,2,11000,EFECTIVO,C004
2233,2026-08-19,09:13,Nübe Centro,Domicilio,Tinto,1,3000,Efectivo,
3389,2026-08-27,11:21,Nübe Centro,Mostrador,Late,1,$9.000,,
5933,2026-09-14,09:24,Nübe Altico,Domicilio,Americano,1,5000,Efectivo,
4730,2026-09-05,16:50,Nübe Altico,Domicilio,Croissant,3,6000,Efectivo,C067
6552,2026-09-19,06:44,Nübe Altico,Mostrador,Croissant,2,6000,Tarjeta,
348,2026-08-06,10:28,Nübe Centro,Mostrador,croissant de almendras,1,8000,EFECTIVO,C191
3886,30/08/2026,14:16,Nübe Altico,Mostrador,Croisant,1,6000,Nequi,
6961,2026-09-22,20:12,Nübe Altico,Mostrador,Tinto,1,3000,Nequi,
7058,2026-09-23,08:04,Nübe Centro,Mostrador,Tinto,1,3000,Nequi,
3212,2026-08-26,16:17,Nübe Centro,Mostrador,Croissant,1,6000,Nequi,
5382,10/09/2026,16:43,NUBE ALTICO,Domicilio,Capuccino,1,8500,Nequi,
4311,2026-09-03,16:19,Nübe Centro,Mostrador,Frappe de cafe,2,11000,TARJETA,C147
3522,2026-08-28,10:29,Nübe Centro,Mostrador,Tinto,1,3000,Nequi,C149
4869,2026-09-06,08:15,Nübe Altico,Mostrador,Tinto,1,3000,TARJETA,C137
5241,2026-09-09,11:45,Nübe Altico,Mostrador,Frappé de café,1,11000,Tarjeta,
1533,2026-08-14,17:46,altico,Mostrador,Latte,1,9000,Tarjeta,
1919,2026-08-17,09:12,Nübe Centro,Mostrador,Croissant almendras,1,8000,Nequi,C126
3272,2026-08-26,12:10,Nübe Altico,Mostrador,Americano,1,5000,Efectivo,
2691,2026-08-22,15:32,Nübe Centro,Mostrador,croissant de almendras,1,8000,Efectivo,
3701,2026-08-29,14:13,Nübe Centro,Domicilio,Tinto,1,3000,Nequi,C232
373,06/08/2026,15:07,Nübe Centro,Domicilio,Chocolate caliente,1,7500,Efectivo,C092
5217,2026-09-09,07:38,Nübe Altico,Mostrador,Chocolate caliente,1,7500,EFECTIVO,
2931,2026-08-23,09:21,Nübe El Altico,Mostrador,Croissant,1,6000,Tarjeta,C107
6647,2026-09-20,15:28,Nübe Centro,Mostrador,Capuchino,1,8500,Efectivo,
5267,2026-09-10,12:51,Nübe Centro,Mostrador,Latte,1,$9.000,Efectivo,C259
6827,2026-09-21,09:52,Nübe Centro,Mostrador,Frappé de café,2,$11.000,Nequi,
7667,2026-09-27,07:49,Nübe Altico,Domicilio,Croissant,2,6000,NEQUI,
3830,2026-08-30,09:43,Nübe Centro,Mostrador,Croissant,1,6000,Tarjeta,C116
3120,2026-08-25,07:05,Nübe Centro,Domicilio,Capuchino,3,8500,Efectivo,
1067,2026-08-10,09:30,Nübe Altico,Mostrador,Americano,3,5000,Efectivo,C060
99,03/08/2026,10:11,Nübe Altico,Mostrador,capuchino,1,,Tarjeta,C206
3143,2026-08-25,07:03,Nübe Centro,Mostrador,Latte,1,9000,Tarjeta,
4438,2026-09-04,08:43,Nübe Centro,Mostrador,Croissant,1,6000,NEQUI,
4441,2026-09-04,09:37,Nübe Centro,Mostrador,Croissant,1,6000,Efectivo,
3893,2026-08-30,07:13,Nübe Altico,Mostrador,Croissant de almendras,2,8000,Tarjeta,
3706,2026-08-29,12:24,Nübe Centro,Mostrador,Croissant de almendras,1,8000,TARJETA,C085
7523,2026-09-26,20:50,Nübe Altico,Domicilio,Tinto,1,3000,Nequi,C205
395,2026-08-06,14:55,Nübe Centro,Mostrador,Capuchino,3,8500,Efectivo,
5075,2026-09-08,10:14,Nübe Altico,Mostrador,Capuchino,1,8500,Efectivo,
6406,2026-09-18,07:30,Nübe Altico,Mostrador,Croissant de almendras,1,8000,TARJETA,
6719,2026-09-20,16:31,Nübe Altico,Mostrador,Tinto,1 und,3000,Efectivo,
5401,2026-09-11,09:45,Nübe Centro,Mostrador,Tinto,1,3000,Efectivo,
4514,04/09/2026,13:09,Nübe Altico,Mostrador,americano,2,5000,Tarjeta,
3063,2026-08-24,08:29,NUBE ALTICO,Mostrador,Capuchino,2,8500,NEQUI,
211,2026-08-04,10:18,Nübe Altico,Domicilio,Croissant,1,$6.000,Tarjeta,C187
572,2026-08-07,08:35,Nübe Altico,Mostrador,Croissant de almendras,1,8000,Efectivo,C181
6542,2026-09-19,16:38,Nübe Altico,Mostrador,Capuchino,1,8500,Tarjeta,
5483,2026-09-11,17:02,Nübe Altico,Mostrador,Tinto,1,3000,Tarjeta,
2573,2026-08-21,17:33,Nübe Altico,Domicilio,latte,1,9000,Efectivo,
3365,2026-08-27,07:21,Nübe Centro,Mostrador,Americano,2,5000,Nequi,
1813,2026-08-16,08:15,Nübe Centro,Domicilio,Latte,2,9000,Efectivo,
5966,2026-09-15,14:16,Nübe Centro,Domicilio,Americano,1,5000,Efectivo,
1370,2026-08-13,11:59,Nübe Centro,Mostrador,Croissant de almendras,2,8000,Efectivo,
3113,2026-08-25,13:37,Nübe Centro,Mostrador,Capuchino,1,8500,Tarjeta,C070
1818,2026-08-16,15:51,Nübe Centro,Domicilio,Croissant,1,6000,Nequi,C163
6077,16/09/2026,15:46,Nübe Centro,Mostrador,Capuchino,1,8500,Tarjeta,
6461,19/09/2026,17:42,Nübe Centro,Mostrador,Capuchino,1,$8.500,Efectivo,
4718,2026-09-05,14:46,Nübe Altico,Mostrador,Capuchino,2,8500,Nequi,C185
804,2026-08-08,08:47,Nübe Altico,Mostrador,Croissant,1 und,6000,NEQUI,
4044,2026-08-31,15:45,Nübe Altico,Domicilio,Tinto,1,3000,Tarjeta,C075
232,2026-08-05,15:12,Nübe Centro,Mostrador,Tinto,1,3000,Tarjeta,
33,2026-08-03,09:31,Nübe Centro,Mostrador,Chocolate caliente,1 und,7500,Tarjeta,
7522,2026-09-26,16:04,Nübe Altico,Mostrador,americano,1,5000,Tarjeta,C282
2653,2026-08-22,08:42,Nübe Centro,Mostrador,Tinto,2 und,3000,Tarjeta,C042
7672,27/09/2026,08:49,Nübe Altico,Domicilio,Americano,1,5000,Efectivo,
2069,2026-08-17,08:17,Nübe Altico,Mostrador,Americano,1,$5.000,Tarjeta,C262
6250,2026-09-17,15:51,Nübe Altico,Mostrador,Tinto,1,$3.000,Nequi,C243
5901,2026-09-14,08:53,Nübe Altico,Mostrador,Croissant,1,6000,Tarjeta,
6278,2026-09-17,07:44,Nübe Altico,Mostrador,Capuchino,1,8500,Nequi,C116
3634,2026-08-29,10:28,Nübe Centro,Mostrador,Frappé de café,1 und,11000,Nequi,
2357,2026-08-20,11:09,Nübe Centro,Mostrador,Croissant de almendras,1,8000,Nequi,
2047,2026-08-17,10:36,Nübe Altico,Mostrador,Chocolate caliente,1,7500,Nequi,C160
6326,2026-09-18,15:14,Nübe Centro,Mostrador,Croissant almendras,2,8000,Tarjeta,C254
4679,2026-09-05,07:44,Nübe Altico,Domicilio,Americano,2,$5.000,Tarjeta,
1559,2026-08-14,13:13,Nübe Altico,Mostrador, Capuchino ,2,8500,Efectivo,C294
60,03/08/2026,12:34,Nübe Centro,Mostrador,Tinto,1,3000,Nequi,C140
5110,2026-09-08,07:34,Nübe Altico,Domicilio,Capuchino,1,8500,Tarjeta,
364,2026-08-06,18:23,Nübe Centro,Mostrador,Tinto ,3,3000,Tarjeta,
3177,2026-08-25,09:22,Nübe Altico,Mostrador,capuchino,1,8500,Nequi,
3208,2026-08-26,10:46,Nübe Centro,Mostrador,Latte,1,9000,EFECTIVO,
2743,2026-08-22,11:12,Nübe Altico,Mostrador,Americano,1,5000,Tarjeta,C001
2494,2026-08-21,09:53,Nube Centro ,Mostrador,Croissant almendras,2,$8.000,Efectivo,
950,09/08/2026,16:30,Nübe Altico,Mostrador,Americano,1,5000,Nequi,
7385,2026-09-26,20:42,Nübe Centro,Mostrador,Croissant,1,6000,NEQUI,
5451,2026-09-11,08:02,Nübe Centro,Mostrador,Croissant,1,6000,Nequi,
5676,2026-09-13,17:05,Nübe Centro,Mostrador,Croissant,3,6000,Efectivo,C175
4513,2026-09-04,06:36,Nübe Altico,Mostrador,Croissant de almendras,1,8000,,C092
7648,2026-09-27,08:13,Nübe Altico,Mostrador,Americano,1,$5.000,Tarjeta,C248
2119,2026-08-18,17:49,Nübe Centro,Mostrador,Capuchino,2,8500,,
2103,2026-08-18,13:01,Nübe Centro,Domicilio,Croissant de almendras,1,8000,Efectivo,C010
4752,2026-09-06,10:56,Nübe Centro,Mostrador,Chocolate caliente,1,7500,Tarjeta,
6773,2026-09-21,09:07,Nübe Centro,Domicilio,Croissant,1,6000,Tarjeta,C204
5345,10/09/2026,14:21,Nübe Altico,Mostrador,Americano,1,5000,Tarjeta,
5063,2026-09-08,17:46,Nübe Centro,Mostrador,Croissant,1 und,6000,Efectivo,
7242,2026-09-25,08:33,Nübe Centro,Mostrador,Latte,1,$9.000,Tarjeta,C164
1156,2026-08-11,09:54,Nübe Altico,Mostrador,Croissant,1,6000,TARJETA,
4229,2026-09-02,06:24,Nübe Centro,Mostrador,Tinto,1,3000,,
2516,2026-08-21,08:50,Nübe Centro,Mostrador,Latte,1,9000,Nequi,C014
2235,2026-08-19,11:03,Nübe Centro,Mostrador,Frappé de café,1,11000,Nequi,
5940,2026-09-14,09:48,Nübe Altico,Mostrador,capuchino,3,8500,Nequi,
7602,2026-09-27,12:12,Nübe Centro,Mostrador,Tinto,1,$3.000,Efectivo,C285
3651,2026-08-29,18:13,NUBE CENTRO,Mostrador,Frappé de café,1,11000,Tarjeta,
5257,2026-09-10,06:59,Nübe Centro,Mostrador,Chocolate caliente,1,7500,Efectivo,
986,2026-08-09,09:47,Nübe Altico,Mostrador,Croissant de almendras,1,8000,Nequi,
3197,25/08/2026,11:13,Nübe Altico,Mostrador,Chocolate caliente,,7500,TARJETA,C010
4917,2026-09-07,14:46,Nübe Centro,Mostrador,CAPUCHINO,1,8500,EFECTIVO,
5270,2026-09-10,08:17,Nübe Centro,Domicilio,Tinto,1,3000,Nequi,C278
6833,2026-09-21,18:50,Nübe Centro,Mostrador,Frappé de café,1,11000,Nequi,
2576,2026-08-21,06:21,Nübe Altico,Domicilio,Capuchino,1,8500,Nequi,C127
6210,2026-09-17,08:20,Nübe Centro,Mostrador,latte,1,9000,TARJETA,
2375,2026-08-20,10:06,Nübe Centro,Mostrador,Chocolate caliente,2 und,7500,Efectivo,
5860,2026-09-14,07:02,Nübe Centro,Domicilio,Tinto,1,3000,Efectivo,C194
5889,2026-09-14,08:04,Nübe Centro,Mostrador,Chocolate caliente,1,7500,Efectivo,
5752,2026-09-13,09:06,Nübe Altico,Mostrador,Tinto,1,3000,Efectivo,C058
2210,2026-08-19,19:32,Nübe Centro,Mostrador,Croissant,1,6000,Efectivo,C144
2623,2026-08-22,13:48,Nübe Centro,Mostrador,Americano,2,5000,,C129
5950,2026-09-15,20:37,Nübe Centro,Mostrador,croissant,1,6000,Nequi,
7232,2026-09-25,07:16,Nübe Centro,Mostrador,croissant,3,6000,Tarjeta,
1732,2026-08-15,11:34,Nübe Altico,Domicilio,Frappé de café,1,11000,Efectivo,
6376,2026-09-18,09:46,Nübe Altico,Mostrador,Tinto ,3,3000,TARJETA,
2355,2026-08-20,07:13,Nübe Centro,Mostrador,Tinto,1,3000,Tarjeta,C082
134,2026-08-04,13:42,Nübe Centro,Domicilio,Tinto,1,3000,Efectivo,C253
6331,2026-09-18,09:24,Nübe Centro,Domicilio,Frappé de café,2,$11.000,Efectivo,C295
2647,2026-08-22,15:50,Nübe Centro,Mostrador,americano,1,5000,Nequi,
3271,26/08/2026,13:19,Nübe Altico,Mostrador,Frappé de café,1,11000,Tarjeta,
3533,2026-08-28,10:01,Nübe Centro,Mostrador,Croissant,1,6000,Nequi,C241
5178,2026-09-09,07:37,Nübe Centro,Mostrador,capuchino,1,,Tarjeta,
4906,2026-09-07,06:34,Nübe Centro,Mostrador,Croissant de almendras,2,$8.000,Tarjeta,
6175,17/09/2026,09:41,Nübe Centro,Domicilio,Capuchino,1,8500,Tarjeta,
4084,2026-09-01,13:39,Nübe Centro,Mostrador,Croissant almendras,1,8000,Nequi,
6746,2026-09-20,08:15,Nübe Altico,Domicilio,Croissant,1,6000,Nequi,
81,2026-08-03,08:34,Nübe Altico,Mostrador,Americano,1,5000,Nequi,
2081,2026-08-17,16:58,Nübe Altico,Mostrador,Croissant de almendras,1,8000,Efectivo,
4065,2026-09-01,16:53,Nübe Centro,Domicilio,Americano,1,$5.000,Tarjeta,
6655,2026-09-20,16:37,centro,Domicilio,Capuchino,3,8500,Efectivo,
4913,2026-09-07,11:01,Nübe Centro,Mostrador,Frappé de café,1,11000,Efectivo,
7639,2026-09-27,11:47,Nübe Altico,Mostrador,Americano,2,$5.000,NEQUI,
7028,2026-09-23,08:12,Nübe Centro,Domicilio,Croissant,1,6000,Nequi,C115
2874,2026-08-23,08:30,Nübe Centro,Mostrador,TINTO,1,3000,Tarjeta,C012
684,2026-08-08,10:54,Nube Centro ,Mostrador,Tinto,2,3000,Efectivo,C094
2647,2026-08-22,15:50,Nübe Centro,Mostrador,Latte,1,9000,Nequi,
5204,2026-09-09,16:27,Nübe Altico,Mostrador,Tinto,1 und,3000,Tarjeta,C281
1041,10/08/2026,10:01,Nübe Centro,Domicilio,Capuchino,1,8500,EFECTIVO,
4026,31/08/2026,13:16,Nübe Altico,Domicilio,Capuchino,1,8500,Efectivo,C021
4495,2026-09-04,15:32,Nübe Centro,Mostrador,Capuchino,3,8500,Nequi,
2056,2026-08-17,07:25,Nübe El Altico,Mostrador,Croissant,1,6000,Nequi,C061
7536,27/09/2026,09:27,Nübe Centro,Mostrador,Croissant,1,6000,Efectivo,C102
5248,10/09/2026,08:37,Nübe Centro,Mostrador,Croissant de almendras,1,8000,Nequi,
818,2026-08-08,07:47,Nübe Altico,Mostrador,Tinto,1,3000,Tarjeta,
2054,17/08/2026,12:59,Nübe Altico,Mostrador,Tinto,1,3000,Nequi,
3982,2026-08-31,10:54,Nübe Centro,Mostrador,Tinto,1,3000,Efectivo,C215
6158,2026-09-16,12:11,Nübe Altico,Mostrador,Tinto,3,3000,Efectivo,
6641,2026-09-20,17:13,Nübe Centro,Mostrador,Capuchino,1,8500,Efectivo,C141
1183,2026-08-11,19:10,Nübe Altico,Mostrador,Latte,1,9000,Tarjeta,
4562,2026-09-04,14:05,Nübe Altico,Mostrador,Americano,1,5000,Efectivo,C189
5959,2026-09-15,09:02,Nübe Centro,Mostrador,AMERICANO,1,$5.000,Nequi,
1845,16/08/2026,07:47,Nübe Centro,Mostrador,Americano,1,5000,Efectivo,
4153,2026-09-01,10:51,Nübe Altico,Mostrador,Tinto,2,3000,Nequi,
7539,2026-09-27,10:47,Nübe Centro,Mostrador,Croissant,1,6000,Nequi,C188
1949,2026-08-17,09:55,Nübe Centro,Mostrador,Croissant,1,6000,TARJETA,
2200,2026-08-18,20:00,Nübe Altico,Mostrador,Frappé de café,1,11000,Efectivo,
6331,2026-09-18,09:24,Nübe Centro,Domicilio,Capuchino,1,8500,Efectivo,C295
3244,26/08/2026,18:51,Nübe Centro,Mostrador,Croissant,1 und,6000,Efectivo,
6344,2026-09-18,10:56,Nübe Centro,Mostrador,Croissant,1,6000,Nequi,
1372,2026-08-13,09:54,Nübe Centro,Mostrador,Croissant,1,6000,Tarjeta,
691,2026-08-08,08:14,Nübe Centro,Mostrador,Capuchino,1,8500,Efectivo,
1414,13/08/2026,15:27,Nübe Altico,Mostrador,Chocolate caliente,1,7500,Efectivo,
2688,2026-08-22,08:02,Nübe Centro,Mostrador,Croisant,1,6000,Efectivo,
1458,2026-08-14,16:50,Nübe Centro,Mostrador,Tinto,1,3000,Nequi,C106
2596,2026-08-21,08:41,Nübe Altico,Domicilio,Tinto,2,3000,Efectivo,
3459,2026-08-28,11:13,centro,Mostrador,Chocolate caliente,1,7500,Tarjeta,
4340,2026-09-03,17:56,Nübe Centro,Mostrador,Latte,1,9000,Nequi,C249
6955,2026-09-22,16:20,Nübe Altico,Mostrador,Croissant,1,6000,Nequi,
5934,2026-09-14,11:49,Nübe Altico,Mostrador,Capuchino,2,8500,Nequi,C275
2106,2026-08-18,10:38,centro,Mostrador,Capuchino,2,8500,Tarjeta,
280,05/08/2026,15:20,Nübe Altico,Mostrador,Frappe de cafe,1,11000,Efectivo,
670,2026-08-08,13:53,Nübe Centro,Mostrador,Tinto,2 und,3000,Efectivo,C146
1480,2026-08-14,09:47,Nübe Centro,Mostrador,Capuchino,1,8500,Efectivo,
690,2026-08-08,06:21,Nübe Centro,Mostrador,croissant de almendras,2,8000,Nequi,C037
3357,2026-08-27,08:35,Nübe Centro,Mostrador,Americano,1,5000,Efectivo,
1115,2026-08-11,13:10,Nübe Centro,Mostrador,Latte,1,9000,Nequi,
5638,12/09/2026,08:06,Nübe Altico,Mostrador,Tinto,1,3000,Nequi,
7320,2026-09-25,20:16,Nübe Altico,Mostrador,Capuccino,2 und,8500,Efectivo,
3611,29/08/2026,07:07,Nübe Centro,Mostrador,Latte,1,9000,Efectivo,
202,2026-08-04,09:19,Nübe Altico,Mostrador,Tinto,1,3000,Nequi,C051
270,2026-08-05,08:30,Nübe Centro,Domicilio,Croissant de almendras,2,8000,Tarjeta,C212
161,2026-08-04,10:31,Nübe Centro,Mostrador, Capuchino ,2,8500,Efectivo,
6812,2026-09-21,08:52,Nübe Centro,Mostrador,Capuchino,1,8500,Tarjeta,C045
2461,2026-08-21,17:28,Nübe Centro,Mostrador,Frappé de café,1,11000,Nequi,C154
5216,2026-09-09,14:20,Nübe Altico,Domicilio,americano,1,5000,,
5577,2026-09-12,10:05,Nübe Centro,Mostrador,Latte,1,9000,Tarjeta,C041
3827,2026-08-30,14:12,NUBE CENTRO,Mostrador,Croissant,1,6000,Efectivo,
6815,2026-09-21,09:26,Nübe Centro,Domicilio,Tinto,1,3000,NEQUI,
2641,2026-08-22,09:50,Nübe Centro,Mostrador,Capuchino,1,8500,Nequi,
3021,2026-08-24,10:38,Nübe Centro,Mostrador,Latte,2,9000,Efectivo,
4788,2026-09-06,06:28,Nübe Centro,Mostrador,Croissant de almendras,1,8000,TARJETA,C148
343,2026-08-06,19:52,Nübe Centro,Mostrador,Croissant de almendras,1,8000,Nequi,
525,2026-08-07,08:01,Nübe Centro,Mostrador,Croissant,1,6000,Efectivo,
541,2026-08-07,20:22,Nübe Centro,Mostrador,Chocolate  caliente,1,7500,Nequi,
6584,2026-09-19,07:22,Nübe Altico,Mostrador,Americano,1,5000,Efectivo,C229
323,2026-08-05,15:06,Nübe Altico,Mostrador,Latte,1,9000,TARJETA,
4823,2026-09-06,09:37,Nübe Centro,Mostrador,Croissant,1,6000,Nequi,C192
287,2026-08-05,09:59,Nübe Altico,Mostrador,Croissant,1,6000,Tarjeta,
3504,2026-08-28,14:14,Nübe Centro,Mostrador,Frappe de cafe,1,11000,Efectivo,
515,07/08/2026,15:02,Nübe Centro,Mostrador,Americano,1,5000,Tarjeta,
4078,2026-09-01,17:53,Nübe Centro,Mostrador,Capuchino,2,8500,Efectivo,C266
1043,2026-08-10,14:44,Nübe Centro,Mostrador,Croissant,1,,Tarjeta,
6030,2026-09-15,07:19,altico,Domicilio,Tinto ,2,$3.000,Tarjeta,
2588,2026-08-21,11:40,Nübe Altico,Domicilio,Croissant,1,6000,Efectivo,C026
11,2026-08-03,07:38,Nübe Centro,Domicilio,Tinto ,1,3000,Nequi,C179
4894,07/09/2026,16:48,Nübe Centro,Mostrador,Tinto,1,3000,Nequi,
4796,2026-09-06,09:23,centro,Mostrador,Capuchino,1,8500,Nequi,
6789,21/09/2026,07:57,Nübe Centro,Mostrador,Capuchino,1,$8.500,TARJETA,
1036,2026-08-10,08:32,Nübe Centro,Mostrador,Croissant,2,6000,Efectivo,
5203,2026-09-09,10:54,Nübe Altico,Mostrador,Tinto,1,3000,Efectivo,
7532,2026-09-26,16:55,Nübe Altico,Mostrador,Americano,1,$5.000,Tarjeta,C017
1686,2026-08-15,11:21,Nübe Centro,Mostrador,Croissant,1,6000,Tarjeta,C276
870,2026-08-09,10:36,Nübe Centro,Mostrador,Croissant,1,6000,Nequi,C095
5468,2026-09-11,09:36,Nübe Centro,Domicilio,Latte,1,9000,,C178
7079,23/09/2026,09:39,Nübe Altico,Mostrador, LATTE,1,$9.000,Nequi,C057
1267,2026-08-12,10:50,Nübe Centro,Mostrador,Capuchino,1,8500,Nequi,
1639,2026-08-15,10:30,Nübe Centro,Mostrador,Chocolate caliente,1,7500,Tarjeta,
5173,2026-09-09,08:56,Nübe Centro,Mostrador,Capuchino,1,$8.500,Efectivo,C064
2031,2026-08-17,09:39,Nübe Altico,Domicilio,Tinto,1,3000,Tarjeta,C252
2692,2026-08-22,09:27,Nübe Centro,Mostrador,Croissant,1,6000,Tarjeta,
812,2026-08-08,10:54,Nübe Altico,Mostrador,latte,1,9000,Efectivo,
4246,2026-09-02,16:40,Nübe Centro,Mostrador,Croissant,2,6000,Nequi,
5582,2026-09-12,18:43,Nübe Centro,Mostrador,Capuchino,1,$8.500,Efectivo,C050
366,2026-08-06,14:29,Nübe Centro,Mostrador,Tinto ,1,3000,Nequi,
4588,2026-09-05,10:01,Nübe Centro,Domicilio,Tinto,1,3000,Tarjeta,
856,2026-08-09,09:42,Nübe Centro,Mostrador,Latte,1,9000,NEQUI,C004
7572,2026-09-27,10:42,Nübe Centro,Mostrador,tinto,1,3000,Efectivo,C242
6989,2026-09-22,20:15,Nübe Altico,Mostrador,Americano,1,5000,Efectivo,C179
1216,2026-08-12,16:30,Nübe Centro,Mostrador,Americano,1,5000,Efectivo,
6733,2026-09-20,12:24,Nübe Altico,Mostrador,Tinto,1,3000,TARJETA,
6886,2026-09-21,14:30,Nübe Altico,Mostrador,Tinto,1,3000,EFECTIVO,
4435,2026-09-04,16:08,Nübe Centro,Mostrador,Capuchino,1,8500,Efectivo,C281
2935,2026-08-23,16:21,Nübe Altico,Mostrador,Capuchino,2,8500,Efectivo,C147
5690,2026-09-13,16:45,Nübe Centro,Mostrador,Croissant,1,6000,Nequi,
3747,2026-08-29,07:35,Nübe Altico,Mostrador,Croissant,1,6000,Tarjeta,C066
4027,2026-08-31,09:40,Nübe Altico,Mostrador,Croissant de almendras,1,8000,Nequi,C007
5405,2026-09-11,16:11,Nübe Centro,Mostrador,Croissant de almendras,2,8000,Tarjeta,
6098,2026-09-16,06:12,Nube Centro ,Mostrador,Tinto,1,3000,Nequi,
1997,2026-08-17,08:37,Nübe Centro,Mostrador,Late,1,9000,Efectivo,
1908,2026-08-16,06:37,Nübe Altico,Mostrador,Latte,1,$9.000,Tarjeta,
4316,2026-09-03,18:57,Nübe Centro,Mostrador,Chocolate caliente,1,7500,Tarjeta,C142
4068,2026-09-01,09:54,Nübe Centro,Mostrador,Tinto ,2,3000,Tarjeta,
4288,2026-09-02,08:21,Nübe Altico,Mostrador,Latte,2,9000,Efectivo,
3730,29/08/2026,18:06,Nübe Altico,Mostrador,Capuchino,2,8500,Efectivo,
1125,2026-08-11,15:26,Nübe Centro,Mostrador,Americano,1,5000,Efectivo,C266
4197,2026-09-02,15:08,Nübe Centro,Domicilio,Americano,1,5000,Efectivo,C064
2177,2026-08-18,08:44,Nübe El Altico,Domicilio,Latte,1,9000,,C095
2087,2026-08-18,08:33,Nübe Centro,Domicilio,Croissant,1,6000,Tarjeta,
2661,2026-08-22,15:57,Nübe Centro,Mostrador,Americano,1,5000,Tarjeta,C245
2026,2026-08-17,10:11,NUBE ALTICO,Mostrador,Chocolate caliente,1,7500,Efectivo,
5664,2026-09-13,10:58,Nübe Centro,Mostrador,Latte,2,9000,Tarjeta,
7172,2026-09-24,09:27,Nübe Centro,Mostrador,Latte,1 und,9000,Nequi,
6036,2026-09-15,13:18,Nübe Altico,Mostrador,Capuchino,1,8500,Tarjeta,
7230,2026-09-25,16:37,Nübe Centro,Mostrador,Tinto,1,3000,Efectivo,
5029,2026-09-08,09:38,Nübe Centro,Mostrador,Croissant,2,6000,Nequi,
2004,17/08/2026,08:48,Nübe Centro,Domicilio,chocolate caliente,3,7500,Tarjeta,
687,2026-08-08,09:40,Nübe Centro,Domicilio,tinto,1,3000,Efectivo,
1508,2026-08-14,08:12,Nübe Centro,Domicilio, LATTE,1,9000,Efectivo,
1172,2026-08-11,08:32,Nübe Altico,Mostrador,Capuchino,1,8500,Nequi,C121
1950,17/08/2026,07:36,Nübe Centro,Mostrador,AMERICANO,1,5000,Efectivo,
1951,2026-08-17,06:47,Nübe Centro,Mostrador,Americano,2,5000,EFECTIVO,C235
4780,2026-09-06,15:11,Nübe Centro,Mostrador,frappé de café,1,11000,Efectivo,C135
6086,2026-09-16,10:41,NUBE CENTRO,Mostrador,Capuchino,1,8500,Nequi,C147
2509,2026-08-21,10:12,Nübe Centro,Mostrador,Frappé de café,1,11000,Efectivo,
5822,14/09/2026,09:16,Nübe Centro,Mostrador,Croissant,1,6000,Efectivo,C230
82,2026-08-03,10:59,Nübe El Altico,Domicilio,Latte,1,9000,Nequi,C057
681,2026-08-08,19:30,Nübe Centro,Domicilio,Croissant de almendras,1,8000,Tarjeta,C066
7086,2026-09-23,17:59,Nübe Altico,Mostrador,Croissant,1,6000,Efectivo,C261
7024,2026-09-23,10:10,Nübe Centro,Domicilio,Americano,1,5000,Efectivo,
1761,2026-08-15,08:53,Nübe Altico,Mostrador,Americano,2,5000,Tarjeta,
4572,2026-09-05,07:27,Nübe Centro,Mostrador,Capuchino,1,8500,Efectivo,
5247,2026-09-10,18:43,Nübe Centro,Domicilio,Croisant,1,6000,Nequi,C196
1926,2026-08-17,08:54,Nübe Centro,Domicilio,Capuchino,3,8500,Efectivo,C077
440,2026-08-06,08:24,Nübe Altico,Mostrador,Tinto,1,3000,Nequi,C297
3262,2026-08-26,11:31,Nübe Altico,Mostrador,Frappé de café,1,11000,Tarjeta,C190
3193,2026-08-25,16:39,Nübe Altico,Mostrador,Croissant de almendras,1,8000,Tarjeta,
2067,2026-08-17,14:02,Nübe Altico,Mostrador,Americano,1,5000,Nequi,
1712,2026-08-15,11:45,Nübe Altico,Mostrador,Americano,1,5000,Efectivo,
2894,2026-08-23,19:18,Nübe Centro,Mostrador,Frappé de café,1,11000,Efectivo,C262
4248,2026-09-02,17:46,Nübe Centro,Mostrador,Capuchino,1,8500,Tarjeta,C173
894,2026-08-09,08:44,Nübe Centro,Mostrador,TINTO,1,$3.000,Tarjeta,
6034,2026-09-15,12:18,Nübe Altico,Domicilio,Americano,3,5000,Nequi,C003
255,05/08/2026,11:27,Nübe Centro,Mostrador,Latte,1,$9.000,Efectivo,
3881,2026-08-30,17:56,Nübe Altico,Mostrador,Capuchino,1,8500,TARJETA,
3117,2026-08-25,09:43,Nübe Centro,Mostrador,Croissant de almendras,2,8000,Nequi,C246
4176,2026-09-01,16:27,Nübe Altico,Mostrador,capuchino,2,8500,Nequi,
350,2026-08-06,09:50,Nübe Centro,Mostrador,CROISSANT ,1,6000,EFECTIVO,C240
7006,2026-09-23,09:20,Nübe Centro,Mostrador,Latte,1,9000,Efectivo,
7098,2026-09-23,08:42,Nübe Altico,Mostrador,Croissant,1,$6.000,Efectivo,C118
3878,2026-08-30,06:55,Nübe Altico,Mostrador,Americano,1,5000,Nequi,
4214,2026-09-02,09:04,Nübe Centro,Mostrador,Tinto,3,3000,Efectivo,
3153,2026-08-25,08:17,Nübe Centro,Mostrador,Tinto,2,3000,Nequi,
3843,30/08/2026,16:11,Nübe Centro,Mostrador,Tinto ,1,3000,Efectivo,
403,2026-08-06,13:27,Nübe Centro,Mostrador,Frappé de café,1,11000,Tarjeta,
4324,2026-09-03,17:42,Nübe Centro,Mostrador,Croissant,2,6000,EFECTIVO,
5674,2026-09-13,10:40,Nübe Centro,Mostrador,Croissant de almendras,3,8000,Nequi,
69,2026-08-03,09:45,Nübe Altico,Mostrador,tinto,1 und,3000,Tarjeta,
6830,21/09/2026,06:56,Nübe Centro,Domicilio,latte,1,9000,Nequi,
4287,2026-09-02,11:09,Nübe Altico,Mostrador,Tinto,1,3000,Tarjeta,
1265,2026-08-12,19:26,Nübe Centro,Mostrador,croissant de almendras,3,$8.000,Efectivo,C217
2098,2026-08-18,08:05,Nübe Centro,Domicilio,Latte,1,9000,Tarjeta,
6514,2026-09-19,08:19,Nübe Centro,Mostrador,croissant de almendras,1,8000,Efectivo,C201
2716,2026-08-22,07:46,Nübe Altico,Domicilio,Latte,1,9000,Nequi,
6920,2026-09-22,16:48,NUBE CENTRO,Mostrador,Latte,1,$9.000,Tarjeta,
5850,14/09/2026,09:42,Nübe Centro,Mostrador,Tinto,2,3000,Nequi,
7412,2026-09-26,16:01,Nube Centro ,Mostrador,Capuchino,1,8500,EFECTIVO,C285
6605,2026-09-19,12:03,Nübe Altico,Mostrador,Americano,1,5000,Tarjeta,C243
5214,2026-09-09,15:35,Nübe Altico,Mostrador,Chocolate caliente,1,7500,NEQUI,
1767,2026-08-16,08:43,Nübe Centro,Mostrador,Tinto,1,3000,Nequi,
7474,2026-09-26,10:16,Nübe Altico,Mostrador,Latte,1,9000,Tarjeta,
1647,2026-08-15,08:53,Nübe Centro,Domicilio,Capuchino,1,$8.500,Tarjeta,
7280,2026-09-25,07:12,Nübe Centro,Domicilio,Tinto ,1,3000,Nequi,C263
2704,2026-08-22,17:36,Nübe Centro,Mostrador,Chocolate caliente,1,7500,Nequi,C039
5826,2026-09-14,10:10,Nübe Centro,Mostrador,Croissant de almendras,1,8000,Efectivo,
7594,2026-09-27,09:44,Nübe Centro,Mostrador,Croissant de almendras,1,8000,Nequi,C262
5618,2026-09-12,19:43,Nübe Altico,Mostrador,Capuchino,1,8500,Nequi,
6501,2026-09-19,08:28,Nübe Centro,Domicilio,Croissant,1,6000,EFECTIVO,
7476,2026-09-26,19:53,Nübe Altico,Mostrador,Latte,1,$9.000,,
2570,2026-08-21,14:42,Nübe Altico,Domicilio,Latte,1,9000,Tarjeta,
4336,2026-09-03,08:31,Nübe Centro,Domicilio,CROISSANT ,1,6000,Efectivo,
5839,2026-09-14,08:06,Nübe Centro,Mostrador,Capuchino,1,8500,Efectivo,C131
7431,2026-09-26,08:39,Nübe Centro,Domicilio,Croissant de almendras,1,$8.000,Nequi,
1271,2026-08-12,09:48,Nübe Altico,Mostrador,Capuchino,1,8500,Nequi,
965,09/08/2026,09:13,Nübe Altico,Domicilio,Chocolate caliente,1,$7.500,Tarjeta,
758,08/08/2026,13:08,Nübe Centro,Domicilio,Americano,1,5000,Nequi,C036
1055,2026-08-10,14:03,Nübe Centro,Domicilio,Capuchino,1,8500,Tarjeta,
1402,2026-08-13,07:17,Nübe Altico,Mostrador,Americano,1,5000,Tarjeta,
7519,2026-09-26,12:18,Nübe Altico,Mostrador,Croissant,1,6000,Efectivo,C187
553,2026-08-07,14:56,Nübe Centro,Mostrador,Americano,1,5000,Efectivo,C261
198,2026-08-04,10:01,Nübe Altico,Domicilio,Chocolate caliente,1,7500,Efectivo,
5325,2026-09-10,09:19,Nube Centro ,Domicilio,Tinto ,2,3000,Nequi,
4603,2026-09-05,09:42,Nübe Centro,Mostrador,Americano,2,5000,Nequi,
874,2026-08-09,08:14,Nübe Centro,Mostrador,AMERICANO,1,5000,Tarjeta,
1427,2026-08-13,15:50,Nübe Altico,Mostrador,Capuchino,2,8500,Tarjeta,C152
3150,2026-08-25,11:23,NUBE CENTRO,Mostrador,Tinto,1 und,3000,Nequi,
524,2026-08-07,07:31,Nübe Centro,Mostrador,Tinto,1 und,,Tarjeta,C261
2314,2026-08-19,10:16,Nübe Altico,Mostrador,Chocolate caliente,1,7500,Nequi,C081
7147,2026-09-24,07:45,Nübe Centro,Mostrador,Americano,2,5000,Tarjeta,C047
7146,24/09/2026,09:45,Nübe Centro,Domicilio, Capuchino ,1,8500,Tarjeta,
6105,2026-09-16,09:35,Nübe Centro,Mostrador,Croissant,1,6000,Efectivo,
3126,2026-08-25,11:18,Nübe Centro,Domicilio,Americano,1,5000,Nequi,C160
5419,2026-09-11,13:43,Nübe Centro,Domicilio,Croissant de almendras,1,8000,Efectivo,C217
5718,2026-09-13,14:29,Nübe Centro,Mostrador,Capuchino,1,8500,Tarjeta,C081
259,2026-08-05,17:45,Nübe Centro,Mostrador,Tinto,1,3000,Efectivo,C150
4126,2026-09-01,09:54,Nübe Centro,Mostrador,Capuchino,2,8500,Tarjeta,
1239,2026-08-12,11:47,Nübe Centro,Mostrador,Frappé de café,2,11000,Efectivo,C260
533,2026-08-07,11:19,Nübe Centro,Domicilio,Croissant,1,6000,Tarjeta,
1704,2026-08-15,14:47,Nübe Altico,Mostrador,Frappé de café,1,$11.000,Efectivo,C191
6309,2026-09-18,16:43,Nübe Centro,Mostrador,Croissant almendras,1,8000,Efectivo,C212
4782,2026-09-06,08:27,Nübe Centro,Mostrador,Capuchino,1,8500,Efectivo,
5420,2026-09-11,14:11,Nübe Centro,Mostrador,Tinto,2,3000,Tarjeta,
6706,2026-09-20,20:27,Nübe Centro,Mostrador,Tinto,2,$3.000,Tarjeta,C183
1534,2026-08-14,18:52,Nübe Altico,Mostrador,Capuchino,1,8500,,
2584,2026-08-21,13:28,altico,Domicilio,Chocolate caliente,1,,Efectivo,
3365,2026-08-27,07:21,Nübe Centro,Mostrador,Croissant,1,6000,Nequi,
5265,2026-09-10,08:27,Nübe Centro,Domicilio,Frappé de café,1,,Efectivo,
666,08/08/2026,17:07,Nube Centro ,Domicilio,Croissant de almendras,1,8000,Tarjeta,C207
5968,2026-09-15,10:46,Nübe Centro,Mostrador,Croissant de almendras,1,8000,Nequi,C007
1095,2026-08-11,19:58,NUBE CENTRO,Mostrador,Tinto,1,3000,Tarjeta,C282
6219,2026-09-17,16:11,Nübe Centro,Domicilio,Tinto ,2,3000,Nequi,C086
291,2026-08-05,10:30,Nübe Altico,Mostrador,Capuchino,1,,Nequi,C093
3580,2026-08-28,07:59,Nübe Altico,Domicilio,Capuchino,1,8500,NEQUI,C204
455,2026-08-06,09:19,Nübe Altico,Mostrador,Capuchino,1,8500,Efectivo,
7024,2026-09-23,10:10,NUBE CENTRO,Domicilio,Frappé de café,3,11000,Efectivo,
4936,2026-09-07,13:09,centro,Mostrador,Americano,1 und,5000,Efectivo,
3138,2026-08-25,12:17,Nübe Centro,Mostrador,Croissant de almendras,2,8000,Efectivo,
5752,2026-09-13,09:06,Nübe El Altico,Mostrador,Americano,2,5000,Efectivo,C058
4385,2026-09-03,09:55,Nübe Altico,Mostrador,Croissant de almendras,1,8000,Tarjeta,
6357,2026-09-18,08:30,Nübe Centro,Mostrador,Frappé de café,2,11000,Tarjeta,C166
5486,2026-09-11,09:23,Nübe Altico,Mostrador,Americano,3,5000,Tarjeta,C247
851,2026-08-09,13:58,Nübe Centro,Mostrador,Tinto,1,3000,Efectivo,C051
5906,2026-09-14,17:17,Nübe Altico,Domicilio,croissant,1,6000,Nequi,
2206,2026-08-19,13:38,Nübe Centro,Mostrador,Capuchino,2,$8.500,Nequi,C236
2788,22/08/2026,10:05,Nübe Altico,Mostrador,Croissant,1,$6.000,Efectivo,C229
4271,2026-09-02,11:16,Nübe Altico,Mostrador,Latte,1,9000,Tarjeta,
6141,2026-09-16,17:37,Nübe Altico,Mostrador,Americano,1,5000,Nequi,
1681,2026-08-15,13:57,Nübe Centro,Mostrador,Tinto,1,3000,Nequi,C210
5899,2026-09-14,16:20,altico,Mostrador,Croissant,1,$6.000,Tarjeta,
439,2026-08-06,18:16,Nübe Altico,Mostrador,CROISSANT ,1,6000,Nequi,C128
5903,2026-09-14,06:04,Nübe Altico,Mostrador,Tinto,1,3000,Nequi,
2719,22/08/2026,09:18,Nübe Altico,Mostrador,Croissant,1,6000,Nequi,C251
1102,2026-08-11,11:48,Nübe Centro,Mostrador,capuchino,1,8500,Tarjeta,C187
56,2026-08-03,18:20,Nübe Centro,Mostrador,Chocolate caliente,1,7500,Tarjeta,C083
2186,2026-08-18,14:14,Nübe Altico,Mostrador,Tinto,2,3000,Nequi,
7108,2026-09-24,13:22,Nübe Centro,Mostrador,croissant,1,6000,Tarjeta,
4120,2026-09-01,10:40,Nübe Centro,Mostrador,Tinto,1,3000,Efectivo,C274
1290,2026-08-12,09:16,Nübe Altico,Mostrador,Chocolate caliente,1,7500,Efectivo,C146
2533,2026-08-21,11:22,Nübe Centro,Domicilio,Croissant,1,6000,Nequi,
1525,2026-08-14,09:24,Nübe Altico,Domicilio,frappé de café,1,11000,Nequi,
5385,2026-09-10,13:06,Nübe Altico,Domicilio,Americano,2,5000,Nequi,C200
2325,2026-08-19,10:50,Nübe Altico,Mostrador,Capuccino,1,$8.500,Nequi,C133
6645,20/09/2026,19:51,Nübe Centro,Domicilio,Capuchino,1,8500,Tarjeta,
4032,2026-08-31,09:55,Nübe Altico,Mostrador,Latte,1,9000,NEQUI,
251,2026-08-05,08:26,Nübe Centro,Mostrador,TINTO,1,$3.000,Tarjeta,
4180,02/09/2026,07:08,Nübe Centro,Mostrador,Tinto,1,3000,Tarjeta,
6989,2026-09-22,20:15,Nübe Altico,Mostrador,Frappé de café,1,11000,Efectivo,C179
3828,30/08/2026,08:52,Nübe Centro,Mostrador,Americano,1,5000,Efectivo,
5430,2026-09-11,10:37,Nübe Centro,Mostrador,Tinto,1,3000,Tarjeta,C195
2637,2026-08-22,09:46,Nübe Centro,Mostrador,Tinto,1,3000,Nequi,C142
1976,2026-08-17,19:54,Nübe Centro,Mostrador,Tinto,1,3000,Efectivo,
7479,2026-09-26,10:55,Nübe Altico,Mostrador,Tinto,2 und,3000,TARJETA,C185
4615,2026-09-05,10:46,Nübe Centro,Mostrador,Croissant de almendras,1,8000,Efectivo,
7303,2026-09-25,10:04,Nübe Centro,Mostrador,Tinto,1,3000,Tarjeta,
7361,2026-09-25,16:01,Nübe Altico,Mostrador,Tinto,1,3000,Nequi,
4083,2026-09-01,09:10,Nübe Centro,Mostrador,chocolate caliente,1,7500,Tarjeta,
4482,2026-09-04,08:50,Nübe Centro,Mostrador,Americano,1,5000,EFECTIVO,C081
7070,2026-09-23,08:54,Nübe Altico,Mostrador,Capuchino,1,8500,Efectivo,
6456,19/09/2026,10:17,Nübe Centro,Mostrador,Tinto,2,,EFECTIVO,
2450,2026-08-21,09:15,Nübe Centro,Domicilio,Capuchino,1,8500,Nequi,
6216,2026-09-17,07:02,Nübe Centro,Mostrador,Latte,1,9000,NEQUI,C239
4990,2026-09-07,16:18,Nübe Altico,Mostrador,Frappé de café,1,11000,Nequi,
774,2026-08-08,14:01,Nübe Altico,Domicilio,TINTO,1,3000,Tarjeta,C128
3845,2026-08-30,07:06,Nübe Centro,Mostrador,Chocolate caliente,2 und,7500,Tarjeta,C143
5067,2026-09-08,13:14,Nübe Centro,Domicilio,Croissant,2,6000,Efectivo,
576,2026-08-07,11:37,Nübe Altico,Domicilio,Tinto,1,3000,Tarjeta,C071
1760,2026-08-15,16:22,Nübe Altico,Mostrador,Frappé de café,1,11000,Nequi,
5755,2026-09-13,16:43,Nübe Altico,Mostrador,Frappé de café,1,11000,Nequi,
5262,2026-09-10,14:25,Nübe Centro,Domicilio,Tinto,1,3000,Tarjeta,C138
2703,2026-08-22,13:30,Nübe Centro,Mostrador, Capuchino ,1 und,8500,Tarjeta,
6817,2026-09-21,10:15,Nübe Centro,Mostrador,Croissant,1,6000,Efectivo,
2816,2026-08-23,18:53,Nübe Centro,Mostrador,Croissant,2,6000,Efectivo,
7066,2026-09-23,08:52,Nübe Altico,Mostrador,croissant de almendras,1,8000,Efectivo,
2082,2026-08-18,10:37,Nübe Centro,Mostrador,Frappé de café,1,11000,Efectivo,C113
6807,21/09/2026,06:34,Nübe Centro,Mostrador,Chocolate caliente,2,7500,Efectivo,C213
4992,2026-09-07,08:54,Nübe Altico,Mostrador,Latte,1,9000,Nequi,
5802,2026-09-13,15:23,Nübe Altico,Mostrador,Croissant almendras,1,8000,Tarjeta,
7045,2026-09-23,08:21,Nübe Centro,Mostrador,americano,1,5000,Tarjeta,
970,09/08/2026,10:02,Nübe Altico,Mostrador,AMERICANO,1,5000,Nequi,
6363,2026-09-18,12:50,Nübe Centro,Mostrador,Latte,1,9000,Efectivo,
713,2026-08-08,10:55,Nübe Centro,Mostrador,Croisant,1,$6.000,Nequi,C127
4928,07/09/2026,10:41,Nübe Centro,Mostrador,Tinto,2,$3.000,Nequi,C090
2274,2026-08-19,07:05,Nübe Centro,Mostrador,Croissant de almendras,1,$8.000,NEQUI,
6227,2026-09-17,08:20,Nübe Centro,Mostrador,Chocolate caliente,1,7500,Efectivo,
5911,2026-09-14,10:19,Nübe Altico,Domicilio,Croissant de almendras,1 und,8000,Efectivo,
1496,2026-08-14,15:52,Nübe Centro,Mostrador,Croisant,1,6000,Efectivo,C089
5892,2026-09-14,09:39,Nübe Altico,Domicilio,Tinto,1,3000,,
7580,27/09/2026,10:46,Nübe Centro,Mostrador,Frappé de café,1,11000,Efectivo,
2582,2026-08-21,18:55,Nübe Altico,Domicilio,Croissant,1,6000,Efectivo,
5317,2026-09-10,09:10,Nübe Centro,Mostrador,Capuchino,1,8500,Efectivo,
2895,2026-08-23,08:03,Nübe Centro,Mostrador,Tinto,1,3000,Nequi,
7596,2026-09-27,11:39,centro,Mostrador,Croissant,1,6000,Tarjeta,C173
6128,2026-09-16,14:29,altico,Mostrador,Americano,1,5000,Tarjeta,C054
3696,2026-08-29,07:22,Nübe Centro,Mostrador,Croissant,1,6000,Tarjeta,
7654,2026-09-27,16:05,Nübe Altico,Mostrador,Capuchino,2,8500,Efectivo,
6489,2026-09-19,12:39,Nübe Centro,Mostrador,Tinto,1,3000,EFECTIVO,C179
2109,2026-08-18,19:47,Nübe Centro,Mostrador,Croissant,2,$6.000,Efectivo,C250
6874,2026-09-21,15:07,Nübe Altico,Mostrador,Croissant,1,6000,Tarjeta,
3678,2026-08-29,18:07,Nübe Centro,Domicilio,Tinto ,1,3000,Nequi,
2341,2026-08-20,13:58,Nübe Centro,Mostrador,Chocolate caliente,1,7500,Nequi,
5503,2026-09-11,11:10,Nübe Altico,Mostrador,Croissant,1,6000,Efectivo,C207
6832,2026-09-21,08:04,Nübe Centro,Domicilio,Croissant de almendras,1,8000,Nequi,
4348,03/09/2026,20:14,Nübe Centro,Mostrador,Americano,1,$5.000,Nequi,
5915,2026-09-14,11:04,Nübe Altico,Domicilio,Croissant,1,6000,Nequi,C116
2740,2026-08-22,19:15,Nübe Altico,Mostrador,Capuchino,2,8500,Efectivo,C136
5300,2026-09-10,10:46,Nübe Centro,Mostrador,AMERICANO,1,$5.000,Nequi,C157
472,2026-08-07,10:55,Nübe Centro,Mostrador,Americano,1,5000,Nequi,
4287,2026-09-02,11:09,Nübe Altico,Mostrador,Croissant,1,6000,Tarjeta,
4345,2026-09-03,16:18,Nübe Centro,Mostrador,Frappé de café,1,11000,Efectivo,
4975,2026-09-07,20:06,Nübe Altico,Mostrador,Chocolate caliente,2,7500,Nequi,
1575,2026-08-14,09:22,Nübe Altico,Mostrador,Croissant,1,6000,Efectivo,
1611,15/08/2026,08:39,Nübe Centro,Domicilio,Frappe de cafe,1,$11.000,Efectivo,
7186,24/09/2026,08:33,Nübe Altico,Mostrador,Capuchino,1,8500,Efectivo,C186
2700,2026-08-22,13:23,Nübe Centro,Mostrador,Croissant,2,6000,Efectivo,
163,2026-08-04,08:09,centro,Mostrador,Tinto,1,3000,Nequi,
1538,14/08/2026,13:22,Nübe Altico,Mostrador,Croissant,1,6000,Nequi,C162
1042,2026-08-10,11:44,Nübe Centro,Mostrador,Croissant de almendras,1,8000,Nequi,C239
2831,2026-08-23,18:03,Nübe Centro,Mostrador,Chocolate caliente,1,7500,Tarjeta,C010
4823,2026-09-06,09:37,Nübe Centro,Mostrador,Americano,1,5000,NEQUI,C192
1667,2026-08-15,13:43,Nübe Centro,Mostrador,Latte,1,9000,Tarjeta,
4469,2026-09-04,10:41,Nübe Centro,Mostrador,Latte,1,9000,Efectivo,
5872,2026-09-14,09:43,Nübe Centro,Mostrador,Tinto,1,3000,Nequi,
5002,2026-09-08,10:25,Nübe Centro,Mostrador,Capuchino,1,8500,Efectivo,
6522,2026-09-19,10:21,NUBE CENTRO,Mostrador,Croissant,1,$6.000,Nequi,C065
5174,2026-09-09,12:37,Nübe Centro,Mostrador,Croissant,2,6000,Tarjeta,C259
5108,2026-09-08,09:12,Nübe Altico,Mostrador,Frappé de café,2,11000,TARJETA,C011
1543,2026-08-14,10:46,Nübe Altico,Domicilio,Croissant de almendras,1,8000,Nequi,C161
6624,2026-09-19,06:26,Nübe Altico,Mostrador,Croissant,1,6000,Tarjeta,
721,2026-08-08,08:17,Nübe Centro,Mostrador,Croissant,2,6000,Tarjeta,C005
3972,2026-08-31,15:30,Nübe Centro,Mostrador,Latte,1,9000,Tarjeta,
7064,2026-09-23,09:38,Nübe Altico,Mostrador,Croissant,1 und,6000,Tarjeta,C215
2164,2026-08-18,07:47,Nübe El Altico,Mostrador,Latte,1,9000,EFECTIVO,
1033,10/08/2026,18:53,Nübe Centro,Mostrador,Croissant de almendras,1,8000,Tarjeta,C277
351,2026-08-06,08:37,Nübe Centro,Mostrador,Tinto,1,3000,Efectivo,C191
4191,2026-09-02,15:31,Nübe Centro,Mostrador,Latte,1,9000,TARJETA,
504,2026-08-07,07:59,Nübe Centro,Mostrador,Tinto,1,3000,Tarjeta,
7512,2026-09-26,17:20,Nübe Altico,Domicilio,Croissant,1,6000,TARJETA,C098
5173,09/09/2026,08:56,Nübe Centro,Mostrador,Tinto,1,3000,Efectivo,C064
500,2026-08-07,16:40,Nübe Centro,Mostrador,Chocolate caliente,2,$7.500,Efectivo,
1546,2026-08-14,12:26,Nübe Altico,Mostrador,Croissant de almendras,1,$8.000,Efectivo,
4777,2026-09-06,11:32,Nübe Centro,Mostrador,Tinto,1,3000,Nequi,
958,2026-08-09,14:41,Nübe Altico,Domicilio,Chocolate caliente,1,,Nequi,
3123,2026-08-25,09:03,Nübe Centro,Domicilio,Capuchino,3,8500,Nequi,C192
7497,26/09/2026,15:39,Nübe Altico,Mostrador,Tinto,1,3000,Efectivo,C161
1710,2026-08-15,18:00,Nübe Altico,Mostrador,Americano,1,5000,Efectivo,
6467,2026-09-19,06:30,Nübe Centro,Mostrador,Croissant de almendras,1,8000,Efectivo,C005
1127,2026-08-11,15:43,Nübe Centro,Mostrador,Capuchino,1,8500,Efectivo,
5271,2026-09-10,07:23,Nübe Centro,Mostrador,Croissant,1,$6.000,Tarjeta,
5908,14/09/2026,19:23,Nübe Altico,Mostrador,Croissant,1,6000,Efectivo,
4363,2026-09-03,07:57,Nübe Centro,Mostrador,Tinto,1,3000,Tarjeta,
4418,2026-09-03,16:33,Nübe Altico,Domicilio,Tinto,1 und,3000,Nequi,
5083,08/09/2026,10:14,Nübe Altico,Domicilio,Croissant,2,6000,Nequi,
2066,2026-08-17,12:54,Nübe Altico,Mostrador,Capuchino,1,8500,Efectivo,C075
558,2026-08-07,19:55,Nübe Centro,Mostrador,Late,1,9000,Tarjeta,
237,2026-08-05,10:25,Nübe Centro,Mostrador,Latte,1,9000,Efectivo,C093
3342,2026-08-27,16:49,Nübe Centro,Mostrador,Croissant almendras,1 und,$8.000,EFECTIVO,C152
1087,2026-08-10,08:49,Nübe Altico,Mostrador,Capuchino,1 und,8500,Efectivo,
493,2026-08-07,09:29,Nübe Centro,Mostrador,Chocolate caliente,1,7500,Nequi,C287
7507,26/09/2026,13:57,Nübe Altico,Mostrador,Chocolate caliente,1,$7.500,Tarjeta,C031
399,2026-08-06,09:29,Nübe Centro,Mostrador,TINTO,1,3000,Nequi,C020
6402,2026-09-18,08:23,Nübe Altico,Mostrador,Capuchino,1,8500,Tarjeta,C119
3116,2026-08-25,10:38,Nübe Centro,Mostrador,Tinto,1,3000,Nequi,C006
4919,07/09/2026,18:29,Nübe Centro,Mostrador,Chocolate caliente,1,7500,Efectivo,
7069,2026-09-23,12:33,Nübe Altico,Mostrador,Capuchino,1,8500,Nequi,C107
6278,2026-09-17,07:44,Nübe Altico,Mostrador,TINTO,1,3000,Nequi,C116
4746,2026-09-06,11:33,NUBE CENTRO,Mostrador,latte,1,$9.000,Nequi,C280
3963,31/08/2026,14:45,Nübe Centro,Mostrador,Tinto,1,$3.000,Tarjeta,
1424,2026-08-13,09:42,Nübe Altico,Mostrador,Capuchino,1,8500,Nequi,
3703,29/08/2026,08:28,Nübe Centro,Mostrador,latte,1,9000,Nequi,
491,2026-08-07,17:39,Nübe Centro,Domicilio,Croissant de almendras,1,8000,Tarjeta,C240
7150,2026-09-24,07:55,Nübe Centro,Mostrador,Americano,1,5000,Efectivo,C062
2546,2026-08-21,17:29,Nübe Altico,Domicilio,Tinto,1,3000,Efectivo,C025
2492,2026-08-21,07:30,Nübe Centro,Mostrador,Chocolate caliente,1,7500,Efectivo,
7081,2026-09-23,12:05,Nübe Altico,Mostrador, LATTE,1,9000,Efectivo,
582,07/08/2026,13:59,Nübe Altico,Mostrador, Capuchino ,1,8500,Tarjeta,
2007,2026-08-17,17:59,Nube Centro ,Mostrador,Croissant,2,6000,Efectivo,
4579,2026-09-05,07:23,Nübe Centro,Mostrador,Croissant de almendras,1,8000,Nequi,
5747,2026-09-13,09:12,Nübe Altico,Mostrador,Croissant de almendras,2,8000,Nequi,
4583,2026-09-05,17:57,Nübe Centro,Mostrador,Latte,2,9000,Tarjeta,
3130,2026-08-25,07:01,Nübe Centro,Mostrador,Americano,1,5000,Efectivo,
6070,2026-09-16,06:48,Nube Centro ,Mostrador,Croissant de almendras,1,8000,Efectivo,
3295,2026-08-26,16:29,Nübe Altico,Domicilio,Latte,1,9000,Tarjeta,C127
7097,2026-09-23,19:20,Nübe Altico,Mostrador,Latte,2 und,9000,Tarjeta,
6995,2026-09-22,11:06,Nübe Altico,Domicilio,frappé de café,1,$11.000,Nequi,
3861,2026-08-30,08:21,Nübe Centro,Mostrador,Croissant,1,6000,Tarjeta,
4718,2026-09-05,14:46,Nübe Altico,Mostrador,Chocolate caliente,1,7500,Nequi,C185
4181,2026-09-02,10:45,Nübe Centro,Mostrador,Americano,1,5000,Nequi,
487,2026-08-07,18:15,Nübe Centro,Mostrador,Croissant,2,6000,Nequi,
1736,2026-08-15,13:00,Nübe Altico,Mostrador,Frappé de café,1,11000,Nequi,C285
4307,2026-09-03,13:40,Nübe Centro,Mostrador,CAPUCHINO,1,8500,Efectivo,
4059,2026-09-01,16:38,Nübe Centro,Mostrador,Latte,1,9000,Nequi,
807,2026-08-08,09:24,altico,Domicilio,Croissant almendras,1,,Efectivo,C246
1651,2026-08-15,13:39,Nübe Centro,Mostrador,Croissant,1,$6.000,Nequi,
824,2026-08-08,09:26,Nübe Altico,Domicilio,Chocolate caliente,1,7500,Efectivo,C034
7309,2026-09-25,11:39,Nübe Altico,Mostrador,capuchino,1,8500,Efectivo,
2009,2026-08-17,13:44,Nübe Centro,Mostrador,Croissant de almendras,1,8000,Tarjeta,
4227,02/09/2026,09:17,Nübe Centro,Domicilio,Latte,1,9000,Tarjeta,
1032,2026-08-10,07:28,Nübe Centro,Mostrador,Croissant,2,6000,Efectivo,C244
2429,2026-08-20,10:49,Nübe Altico,Mostrador,Chocolate caliente,1 und,7500,Efectivo,
4421,2026-09-03,10:43,Nübe Altico,Mostrador,Tinto,1,3000,Efectivo,C169
1707,2026-08-15,07:11,Nübe Altico,Mostrador,Capuchino,1,8500,EFECTIVO,C068
6671,2026-09-20,09:06,Nübe Centro,Mostrador,Tinto,1,3000,Tarjeta,
4985,2026-09-07,06:46,Nübe Altico,Mostrador,Croissant,2,6000,Tarjeta,
5375,2026-09-10,14:20,Nübe Altico,Domicilio,Croissant,2,$6.000,Tarjeta,
7197,2026-09-24,07:07,Nübe Altico,Mostrador,Americano,2,5000,Nequi,C033
2153,2026-08-18,13:50,Nübe Centro,Mostrador,Frappe de cafe,1,11000,Tarjeta,
3939,2026-08-31,07:36,Nübe Centro,Mostrador,Croissant de almendras,1,8000,Efectivo,
1251,2026-08-12,10:39,Nübe Centro,Domicilio,Croissant de almendras,2,8000,Efectivo,C029
210,04/08/2026,10:19,Nübe Altico,Mostrador,Tinto,1,3000,Nequi,C146
3165,25/08/2026,07:38,Nübe Altico,Domicilio,Americano,1,5000,NEQUI,C153
6432,2026-09-18,20:42,Nübe Altico,Mostrador,Croissant,1,6000,Tarjeta,
4121,2026-09-01,16:16,Nübe Centro,Domicilio,Tinto,1,3000,Efectivo,C264
6332,2026-09-18,16:14,Nübe Centro,Mostrador,Croissant,2,6000,Nequi,
216,2026-08-04,12:51,Nübe Altico,Domicilio,Croisant,2,6000,Nequi,
1453,2026-08-14,09:20,Nübe Centro,Mostrador,Americano,1,5000,Nequi,
782,08/08/2026,10:52,Nübe Altico,Mostrador,Croissant de almendras,1,8000,Nequi,
4252,2026-09-02,18:19,Nübe Centro,Mostrador,Croissant,1,6000,Nequi,
3824,2026-08-30,06:01,Nübe Centro,Mostrador,Capuchino,1,8500,Tarjeta,
4243,2026-09-02,17:39,Nübe Centro,Mostrador,Croissant,1,6000,Efectivo,
6558,2026-09-19,12:21,Nübe Altico,Mostrador,Capuchino,1,8500,Efectivo,C031
4817,2026-09-06,13:02,Nübe Centro,Mostrador,Latte,1,9000,Efectivo,
5888,2026-09-14,11:02,Nübe Centro,Mostrador,Capuchino,1,$8.500,Nequi,C017
757,2026-08-08,09:15,Nübe Centro,Domicilio,Chocolate caliente,1,7500,Nequi,
5730,2026-09-13,11:36,Nübe Centro,Mostrador,Frappé de café,1,11000,Tarjeta,C026
1648,2026-08-15,08:41,Nübe Centro,Mostrador,Americano,1,5000,Nequi,
4268,2026-09-02,16:07,NUBE ALTICO,Domicilio,Capuchino,1,8500,Nequi,
1971,2026-08-17,18:17,Nübe Centro,Mostrador,Tinto,1,3000,Nequi,
2088,2026-08-18,11:34,Nübe Centro,Mostrador, LATTE,1,9000,EFECTIVO,C106
5386,2026-09-10,16:00,Nübe Altico,Mostrador,Capuccino,1,8500,Efectivo,
3803,2026-08-30,11:36,Nübe Centro,Domicilio,Frappé de café,2 und,11000,Tarjeta,
5393,2026-09-10,17:09,Nübe Altico,Domicilio,Croissant de almendras,1,$8.000,Efectivo,C048
2508,2026-08-21,08:25,Nübe Centro,Domicilio,Croissant,1,$6.000,Nequi,C048
3579,2026-08-28,16:10,Nübe Altico,Mostrador,Croissant de almendras,1,8000,Nequi,
5077,2026-09-08,13:41,Nübe Altico,Mostrador,Chocolate caliente,1,7500,Nequi,
941,2026-08-09,15:07,Nübe Centro,Domicilio,Frappé de café,2,11000,Tarjeta,C080
5426,2026-09-11,11:44,Nübe Centro,Mostrador,americano,1,5000,Efectivo,
2874,2026-08-23,08:30,centro,Mostrador,Croissant,1,6000,Tarjeta,C012
3872,2026-08-30,10:48,Nübe Altico,Mostrador,Americano,1,5000,Nequi,C191
2171,2026-08-18,06:19,Nübe Altico,Mostrador,Tinto,1,3000,Efectivo,
693,08/08/2026,14:11,Nübe Centro,Mostrador,Croissant de almendras,2,8000,NEQUI,C211
3098,2026-08-25,17:45,Nübe Centro,Domicilio,Americano,2,$5.000,Nequi,C009
3312,2026-08-26,11:12,Nübe Altico,Mostrador,Croissant,1,6000,Efectivo,
2248,19/08/2026,12:32,Nübe Centro,Mostrador,Capuchino,1,8500,Tarjeta,
4011,2026-08-31,20:07,Nübe Altico,Domicilio,Tinto,2,3000,NEQUI,
5935,2026-09-14,06:33,Nübe Altico,Domicilio,Americano,3,$5.000,Tarjeta,C071
605,2026-08-07,10:43,Nübe El Altico,Domicilio,Latte,1,9000,Tarjeta,C017
4999,2026-09-07,15:15,Nübe Altico,Mostrador,CROISSANT ,1,$6.000,EFECTIVO,C278
7616,2026-09-27,18:21,Nübe Centro,Mostrador,Croissant,1,6000,TARJETA,
7023,2026-09-23,07:35,Nübe Centro,Domicilio,Croissant de almendras,1,8000,Nequi,
575,2026-08-07,16:13,Nübe Altico,Domicilio,Capuchino,1,8500,Efectivo,
3190,2026-08-25,17:03,Nübe Altico,Mostrador,Latte,1 und,9000,Nequi,C040
6465,2026-09-19,08:46,Nübe Centro,Mostrador,Croissant,1,6000,Tarjeta,
2443,2026-08-20,19:38,Nübe Altico,Mostrador, LATTE,1,9000,Efectivo,C070
6539,2026-09-19,16:31,centro,Mostrador,Frappé de café,1,11000,Efectivo,
378,2026-08-06,08:32,Nübe Centro,Domicilio,Tinto,1,3000,Nequi,
2830,2026-08-23,08:45,Nübe Centro,Mostrador,Chocolate caliente,1,7500,Nequi,C170
4844,2026-09-06,09:32,Nübe Altico,Domicilio,Tinto,1,3000,Tarjeta,C204
1077,2026-08-10,12:48,Nübe Altico,Mostrador,Americano,1,5000,Efectivo,
3106,2026-08-25,08:59,Nübe Centro,Mostrador,Capuchino,2 und,8500,NEQUI,C024
2578,2026-08-21,09:52,Nübe Altico,Domicilio,Latte,1,9000,TARJETA,C279
2733,2026-08-22,15:11,Nübe Altico,Domicilio,Chocolate caliente,1,7500,Efectivo,
7571,2026-09-27,15:19,Nübe Centro,Mostrador,Croissant,1,6000,Efectivo,
6955,22/09/2026,16:20,Nübe Altico,Mostrador,Chocolate caliente,1,7500,Nequi,
761,2026-08-08,10:22,Nübe Centro,Mostrador,capuchino,1,8500,Efectivo,C003
4658,2026-09-05,07:41,Nübe Centro,Mostrador, Capuchino ,2,8500,Efectivo,
76,2026-08-03,09:37,Nübe Altico,Mostrador,Croissant de almendras,1,8000,Tarjeta,
1149,2026-08-11,11:17,Nübe Altico,Mostrador,Croissant de almendras,1,8000,Nequi,C280
6363,2026-09-18,12:50,Nübe Centro,Mostrador,Capuchino,1,8500,EFECTIVO,
5302,2026-09-10,10:57,Nübe Centro,Mostrador,Capuchino,2 und,8500,Efectivo,C144
6649,2026-09-20,14:38,Nübe Centro,Mostrador,Croissant de almendras,1,8000,Efectivo,
6767,2026-09-21,15:47,Nübe Centro,Mostrador,Croissant,2,6000,Tarjeta,
7122,2026-09-24,09:18,Nübe Centro,Domicilio,americano,2,$5.000,NEQUI,
4633,2026-09-05,09:57,Nübe Centro,Mostrador,Frappé de café,1 und,,Tarjeta,C263
2679,2026-08-22,07:39,Nübe Centro,Mostrador,Capuchino,1,8500,Nequi,C143
614,2026-08-07,07:24,Nübe Altico,Mostrador,Tinto,2,3000,Nequi,
6960,2026-09-22,11:23,Nübe El Altico,Domicilio,Croissant,1,6000,Efectivo,
341,2026-08-06,14:11,Nübe Centro,Mostrador,Capuchino,1,$8.500,Efectivo,
7472,2026-09-26,17:00,Nübe Altico,Domicilio,Tinto,1,3000,Efectivo,
2073,2026-08-17,16:10,Nübe Altico,Mostrador,Tinto,2,3000,Efectivo,
4504,2026-09-04,15:05,Nübe Centro,Mostrador,Croisant,1,6000,Efectivo,
4739,2026-09-05,16:58,Nübe Altico,Mostrador,Croissant,2,6000,Efectivo,
5898,2026-09-14,14:58,Nübe Altico,Mostrador,Croissant de almendras,2,8000,Tarjeta,C150
5167,2026-09-09,18:02,Nübe Centro,Mostrador,Tinto,1 und,3000,Efectivo,C277
7302,2026-09-25,17:07,Nübe Centro,Mostrador,Frappé de café,1,11000,TARJETA,C177
831,2026-08-08,08:40,NUBE ALTICO,Mostrador,Croissant de almendras,1,8000,Nequi,C094
2179,2026-08-18,09:26,NUBE ALTICO,Mostrador,Tinto ,2,3000,NEQUI,
5556,2026-09-12,13:45,Nübe Centro,Domicilio,Capuchino,1,8500,Efectivo,
1933,2026-08-17,14:05,Nübe Centro,Mostrador,Croissant,2,6000,Tarjeta,C268
3971,2026-08-31,15:16,Nübe Centro,Mostrador,Frappé de café,1,11000,Nequi,
5139,2026-09-09,07:59,Nübe Centro,Mostrador,Latte,1,9000,Nequi,C019
6628,20/09/2026,16:04,Nübe Centro,Mostrador,Chocolate caliente,1,7500,Efectivo,
5754,2026-09-13,14:52,Nübe Altico,Mostrador,Chocolate caliente,1,7500,Efectivo,C264
3031,24/08/2026,17:30,Nübe Centro,Domicilio,Tinto,1,3000,Efectivo,C250
1503,14/08/2026,09:05,Nübe Centro,Mostrador,Croissant de almendras,1,8000,Nequi,C045
3373,27/08/2026,17:01,Nube Centro ,Mostrador,Capuchino,1,8500,Efectivo,
2168,2026-08-18,10:44,Nübe Altico,Domicilio,Capuchino,1,8500,Tarjeta,C196
140,2026-08-04,07:03,Nübe Centro,Domicilio,Americano,1,5000,Efectivo,
4246,2026-09-02,16:40,Nube Centro ,Mostrador,Americano,1,5000,Nequi,
5228,2026-09-09,09:06,altico,Mostrador,Tinto,3 und,3000,Efectivo,C068
2490,2026-08-21,20:35,Nübe Centro,Mostrador,Tinto,2,3000,Tarjeta,
931,2026-08-09,09:10,Nübe Centro,Domicilio,Croissant,2,$6.000,Efectivo,
3849,2026-08-30,18:30,Nübe Centro,Mostrador,Tinto,2,3000,Nequi,C288
2191,2026-08-18,14:49,Nübe Altico,Domicilio,Croissant,1 und,6000,Nequi,
6131,2026-09-16,15:40,Nübe Altico,Domicilio,americano,1,5000,Nequi,C289
2919,2026-08-23,08:37,Nübe Altico,Mostrador,Frappé de café,1 und,$11.000,Nequi,
5199,2026-09-09,10:26,Nübe Altico,Domicilio,Capuchino,1,$8.500,Nequi,
229,2026-08-05,17:18,Nübe Centro,Mostrador,Croissant de almendras,1,8000,Nequi,
5814,2026-09-14,16:41,NUBE CENTRO,Mostrador,AMERICANO,1,5000,Nequi,
5323,2026-09-10,07:26,Nübe Centro,Mostrador,Latte,3,9000,Tarjeta,
5396,2026-09-10,19:08,altico,Mostrador,Latte,1 und,9000,TARJETA,
2151,2026-08-18,09:10,Nübe Centro,Mostrador,Latte,2,9000,Efectivo,C107
6675,2026-09-20,17:14,Nübe Centro,Domicilio,Tinto,1,3000,,
1266,2026-08-12,11:38,Nübe Centro,Mostrador,Frappé de café,1,11000,Efectivo,
4182,2026-09-02,10:13,Nübe Centro,Mostrador,Chocolate caliente,1,7500,Efectivo,
6587,2026-09-19,10:31,Nübe Altico,Mostrador,Croissant de almendras,1,8000,Efectivo,
4522,2026-09-04,09:16,Nübe Altico,Mostrador,Tinto,1,3000,Efectivo,
2703,2026-08-22,13:30,Nübe Centro,Mostrador,Frappé de café,2,11000,Tarjeta,
4922,2026-09-07,07:39,Nübe Centro,Mostrador,Croissant,1,6000,NEQUI,
7189,2026-09-24,08:40,Nübe Altico,Mostrador,Croissant,1,6000,Efectivo,C129
2655,2026-08-22,17:12,Nübe Centro,Mostrador,Americano,1,5000,Tarjeta,C028
6663,2026-09-20,13:30,centro,Mostrador,Croissant,1,6000,Tarjeta,
1837,2026-08-16,11:18,Nübe Centro,Mostrador,croissant de almendras,0,8000,Efectivo,C280
6112,2026-09-16,20:19,NUBE CENTRO,Mostrador,Croissant de almendras,1,8000,Tarjeta,
7227,2026-09-24,18:05,Nübe Altico,Mostrador,Croissant,1 und,6000,Efectivo,
2176,18/08/2026,09:52,Nübe Altico,Mostrador,Americano,1,5000,Nequi,C009
2413,2026-08-20,08:07,Nübe El Altico,Mostrador,Americano,1,5000,Nequi,C243
1636,2026-08-15,07:46,Nübe Centro,Mostrador,Croissant,1,6000,Efectivo,
4759,2026-09-06,16:11,Nübe Centro,Mostrador,Tinto,,3000,Nequi,
5487,2026-09-11,19:17,Nübe Altico,Mostrador,Croissant,1,6000,Efectivo,
6330,2026-09-18,09:02,Nübe Centro,Mostrador,Croissant,1,6000,Efectivo,
1566,2026-08-14,09:01,Nübe Altico,Mostrador,Croissant,1,,Nequi,C124
3352,2026-08-27,15:53,Nübe Centro,Mostrador,Croissant,1,6000,Efectivo,C093
3878,2026-08-30,06:55,Nübe Altico,Mostrador,Americano,1,5000,Nequi,
1529,2026-08-14,13:03,Nübe Altico,Domicilio,Capuchino,1 und,8500,Efectivo,
6047,2026-09-16,16:35,Nübe Centro,Domicilio,Tinto,1,3000,Tarjeta,
3960,2026-08-31,13:42,Nübe Centro,Domicilio,Latte,1,$9.000,Tarjeta,C277
3640,2026-08-29,11:50,Nübe Centro,Mostrador,Croissant,1,6000,Nequi,
7007,2026-09-23,08:46,Nübe Centro,Mostrador,Latte,1,9000,Nequi,C157
4763,2026-09-06,10:01,Nübe Centro,Domicilio,Tinto,1,3000,Tarjeta,C088
5533,2026-09-12,10:24,NUBE CENTRO,Mostrador,Croissant,1,6000,Nequi,
3943,2026-08-31,15:59,Nübe Centro,Mostrador,Tinto,2,3000,Tarjeta,
1859,2026-08-16,07:30,Nübe Altico,Mostrador,Americano,1,5000,Nequi,
4958,2026-09-07,13:30,Nübe Altico,Mostrador,Latte,1,9000,Efectivo,C265
4101,2026-09-01,16:59,Nübe Centro,Mostrador,Croisant,1,6000,Efectivo,
6349,2026-09-18,08:13,Nübe Centro,Mostrador,Americano,2,5000,Efectivo,C046
7456,26/09/2026,14:08,Nübe Altico,Domicilio,latte,1,9000,Nequi,C108
4485,2026-09-04,07:30,Nübe Centro,Mostrador,Latte,1,9000,Nequi,
2473,2026-08-21,08:32,Nübe Centro,Domicilio,Latte,1,9000,TARJETA,C097
5256,10/09/2026,09:32,Nübe Centro,Mostrador,Croissant almendras,1,8000,Efectivo,
6861,2026-09-21,08:46,Nübe Altico,Mostrador,Capuchino,1,$8.500,Efectivo,
3635,2026-08-29,13:24,Nübe Centro,Mostrador,Latte,1,$9.000,Nequi,
6064,16/09/2026,19:52,Nübe Centro,Mostrador,Capuchino,1,8500,Tarjeta,
1750,2026-08-15,06:08,Nübe Altico,Mostrador,Latte,1,9000,Nequi,
5846,2026-09-14,13:47,Nübe Centro,Mostrador,Croissant,1,6000,Efectivo,C069
288,2026-08-05,14:54,Nübe Altico,Mostrador,Tinto,1,3000,Efectivo,
1134,2026-08-11,09:42,Nübe Centro,Mostrador,Capuchino,1,,Efectivo,
3586,2026-08-28,15:06,altico,Mostrador,Chocolate caliente,1,7500,Nequi,C206
1749,2026-08-15,18:42,Nübe Altico,Domicilio,Chocolate caliente,2,7500,Tarjeta,C165
322,2026-08-05,09:17,Nübe Altico,Mostrador,Capuccino,1,8500,NEQUI,C159
3986,2026-08-31,07:17,centro,Mostrador,Croissant,1,$6.000,Tarjeta,
1374,13/08/2026,09:23,Nübe Centro,Mostrador,Croissant,2,6000,Nequi,
4857,2026-09-06,16:23,Nübe Altico,Mostrador, Capuchino ,1,8500,Nequi,
2564,2026-08-21,11:24,Nübe Altico,Domicilio,Croissant,1,6000,Tarjeta,
229,2026-08-05,17:18,Nübe Centro,Mostrador,Croissant,1,6000,NEQUI,
1534,2026-08-14,18:52,Nübe Altico,Mostrador,Croissant de almendras,1,8000,Tarjeta,
2539,2026-08-21,18:28,Nübe Altico,Mostrador,Capuchino,1,8500,NEQUI,C085
3641,2026-08-29,11:38,Nübe Centro,Mostrador,Americano,1,5000,Nequi,C114
1377,2026-08-13,16:08,centro,Mostrador,Tinto,2,3000,Efectivo,
6482,2026-09-19,12:34,Nübe Centro,Mostrador,Tinto,1,$3.000,Efectivo,
3908,2026-08-30,09:27,Nübe El Altico,Mostrador,Croissant de almendras,1,8000,Efectivo,C203
1345,2026-08-13,10:59,Nübe Centro,Mostrador,Tinto,1,3000,Tarjeta,
3440,2026-08-27,07:47,Nübe Altico,Mostrador,Tinto,1,3000,Tarjeta,C090
7613,2026-09-27,17:27,Nübe Centro,Mostrador,Tinto,1,3000,Nequi,
6059,2026-09-16,14:55,Nübe Centro,Mostrador,Croissant,1,6000,Tarjeta,C269
5123,2026-09-08,11:12,Nübe Altico,Domicilio,Capuchino,1,$8.500,Efectivo,C221
2831,23/08/2026,18:03,Nübe Centro,Mostrador,Croissant,1,6000,Tarjeta,C010
2849,2026-08-23,11:11,Nübe Centro,Mostrador,Capuchino,1,8500,Tarjeta,
6733,2026-09-20,12:24,Nübe Altico,Mostrador,Croissant,1,6000,Tarjeta,
6954,2026-09-22,13:34,Nübe Altico,Mostrador,Tinto,1,3000,Nequi,
283,2026-08-05,10:08,Nübe Altico,Mostrador,Capuchino,3,8500,NEQUI,C088
3268,2026-08-26,07:59,Nübe Altico,Mostrador,Latte,1,9000,,
6976,2026-09-22,16:57,Nübe Altico,Domicilio,Capuchino,1 und,8500,Nequi,
2053,2026-08-17,10:16,Nübe Altico,Mostrador,Tinto,1,3000,Efectivo,
4035,2026-08-31,10:21,Nübe Altico,Mostrador,Croissant de almendras,1,8000,Tarjeta,C004
7577,2026-09-27,07:50,Nübe Centro,Mostrador,Tinto,2,$3.000,Efectivo,
7004,23/09/2026,10:45,Nübe Centro,Mostrador,Americano,1,5000,Tarjeta,C224
3945,2026-08-31,09:58,Nübe Centro,Mostrador,Croissant,1,6000,Efectivo,
1934,2026-08-17,12:27,Nübe Centro,Mostrador,Croissant de almendras,1,8000,Nequi,
2806,2026-08-23,09:05,Nube Centro ,Domicilio,Tinto,1,3000,Efectivo,C044
5234,2026-09-09,09:33,Nübe El Altico,Mostrador,Latte,1,$9.000,,C264
2532,2026-08-21,08:11,Nübe Centro,Mostrador,Capuchino,1,8500,Efectivo,C132
893,2026-08-09,07:21,Nübe Centro,Mostrador,Croissant de almendras,1,8000,Nequi,
3010,24/08/2026,09:37,Nube Centro ,Mostrador,chocolate caliente,1,7500,Tarjeta,
46,2026-08-03,15:22,Nübe Centro,Mostrador,Frappé de café,2,11000,TARJETA,
391,2026-08-06,06:24,Nube Centro ,Mostrador,Chocolate caliente,2,7500,Efectivo,
3927,31/08/2026,13:53,NUBE CENTRO,Mostrador,CROISSANT ,2,$6.000,EFECTIVO,C047
4063,01/09/2026,09:56,Nübe Centro,Mostrador,croissant,1,6000,Nequi,
4068,01/09/2026,09:54,Nübe Centro,Mostrador,Latte,1,9000,Tarjeta,
6056,2026-09-16,10:57,Nübe Centro,Mostrador,Tinto,1,3000,Efectivo,C091
4834,2026-09-06,07:22,Nübe Centro,Domicilio,Americano,1,5000,Efectivo,
5857,2026-09-14,16:52,Nübe Centro,Mostrador,Croissant,1,6000,Tarjeta,C202
4010,31/08/2026,07:12,Nübe Altico,Mostrador,Croissant,2,6000,Tarjeta,C184
4006,2026-08-31,17:12,Nübe Altico,Mostrador,Capuchino,1,8500,Tarjeta,C008
5929,2026-09-14,08:34,Nübe Altico,Mostrador,Americano,1,5000,Efectivo,
2858,2026-08-23,09:36,Nübe Centro,Mostrador,Tinto,1,3000,Efectivo,C016
1000,2026-08-09,16:59,Nübe Altico,Mostrador,Chocolate caliente,1,7500,Efectivo,
153,2026-08-04,07:54,Nübe Centro,Mostrador,Chocolate caliente,1,7500,EFECTIVO,
4112,01/09/2026,07:32,Nübe Centro,Domicilio,Croisant,1,$6.000,Efectivo,
5636,2026-09-12,10:28,Nübe Altico,Mostrador,Croissant,1,6000,Efectivo,C224
1350,2026-08-13,15:19,Nübe Centro,Mostrador,Frappé de café,1,11000,Nequi,C081
5443,2026-09-11,12:54,Nübe Centro,Mostrador, LATTE,1,9000,Efectivo,C119
393,2026-08-06,17:05,NUBE CENTRO,Mostrador,Croissant de almendras,1,8000,Efectivo,
834,2026-08-08,20:03,Nübe Altico,Mostrador,Chocolate caliente,1,$7.500,TARJETA,C239
4903,2026-09-07,12:10,Nübe Centro,Mostrador,Capuchino,1,8500,Efectivo,
6104,2026-09-16,08:30,Nübe Centro,Mostrador,Capuchino,3,8500,Tarjeta,
5609,2026-09-12,16:39,NUBE ALTICO,Domicilio,Tinto,2,$3.000,Nequi,
355,06/08/2026,07:21,Nübe Centro,Mostrador,Tinto,1,3000,Nequi,C100
921,2026-08-09,13:59,Nübe Centro,Mostrador,Tinto,1,3000,Nequi,C224
1160,2026-08-11,08:30,Nübe Altico,Mostrador,Capuchino,1,8500,Nequi,
6323,2026-09-18,16:15,Nübe Centro,Domicilio,Latte,1,9000,Tarjeta,
1519,2026-08-14,07:14,Nübe Centro,Mostrador,Tinto,3,3000,EFECTIVO,
2699,2026-08-22,07:32,NUBE CENTRO,Mostrador,Tinto,1,3000,Efectivo,
7675,27/09/2026,10:39,Nübe Altico,Mostrador,Tinto,2,$3.000,Efectivo,
7130,24/09/2026,15:35,Nübe Centro,Mostrador,Americano,2,5000,Efectivo,C299
3752,2026-08-29,10:54,Nübe Altico,Mostrador,Chocolate caliente,1,7500,Nequi,
2384,2026-08-20,18:26,Nübe Centro,Domicilio,Tinto,1,3000,Tarjeta,C291
1355,2026-08-13,13:23,Nübe Centro,Mostrador,Tinto,1,3000,Tarjeta,
112,2026-08-04,08:50,Nübe Centro,Domicilio,Tinto,2,3000,Tarjeta,
5624,2026-09-12,17:03,Nübe Altico,Mostrador,Tinto,2,$3.000,NEQUI,C093
5878,2026-09-14,10:56,Nübe Centro,Domicilio,Tinto,3,3000,Tarjeta,
6475,2026-09-19,19:13,Nübe Centro,Mostrador,Capuccino,1,8500,Tarjeta,C179
949,2026-08-09,18:17,Nübe Altico,Mostrador,Croissant,1,6000,Tarjeta,
5446,2026-09-11,14:49,Nübe Centro,Mostrador,Tinto,3,3000,Efectivo,C106
6231,2026-09-17,07:02,Nübe Centro,Mostrador,Chocolate  caliente,1,7500,Efectivo,C064
2304,2026-08-19,16:44,Nübe Altico,Mostrador,Tinto,1,$3.000,Nequi,
4765,2026-09-06,20:49,Nübe Centro,Mostrador,Croissant,3,6000,Nequi,
2308,2026-08-19,09:20,Nübe Altico,Mostrador,Tinto,1,3000,Efectivo,
6608,2026-09-19,07:05,Nübe Altico,Mostrador,Croissant,1,6000,Efectivo,
7217,2026-09-24,10:07,Nübe Altico,Domicilio,Croissant,1 und,6000,TARJETA,C135
1747,2026-08-15,09:28,Nübe Altico,Mostrador,Americano,1,5000,Tarjeta,C067
6641,2026-09-20,17:13,Nübe Centro,Mostrador,Late,3 und,9000,EFECTIVO,C141
3053,2026-08-24,10:10,altico,Mostrador,Chocolate caliente,1,7500,Efectivo,C175
457,2026-08-06,11:19,Nübe Altico,Mostrador,Americano,1,5000,Efectivo,C156
6299,18/09/2026,06:17,Nübe Centro,Mostrador,Croissant de almendras,1,8000,Tarjeta,
2779,2026-08-22,20:58,Nübe Altico,Domicilio,Latte,1,9000,Tarjeta,
1299,2026-08-12,08:03,NUBE ALTICO,Mostrador,Croissant de almendras,1,8000,Nequi,
6625,2026-09-19,13:52,Nübe Altico,Mostrador,Croissant,1,6000,Tarjeta,C204
2551,2026-08-21,08:24,Nübe Altico,Mostrador,AMERICANO,1,5000,Tarjeta,
102,2026-08-03,20:57,Nübe Altico,Mostrador,Tinto,1,3000,Efectivo,
296,2026-08-05,13:52,Nübe Altico,Mostrador,Tinto,1,3000,Nequi,C292
1910,2026-08-16,17:16,Nübe Altico,Mostrador,Frappé de café,2,11000,Nequi,
12,2026-08-03,08:00,Nübe Centro,Mostrador,Tinto,1,3000,Tarjeta,
2346,2026-08-20,18:23,NUBE CENTRO,Mostrador,Chocolate caliente,3,7500,,
2804,2026-08-23,08:26,Nübe Centro,Mostrador,Croissant,2,6000,Nequi,C024
5858,2026-09-14,11:41,Nübe Centro,Mostrador,Croissant de almendras,1,8000,Tarjeta,C004
4039,2026-08-31,15:51,Nübe Altico,Mostrador,Croissant,2,,Nequi,
6634,2026-09-20,17:54,Nübe Centro,Mostrador,Americano,1,$5.000,Nequi,
2758,2026-08-22,08:43,Nübe Altico,Mostrador,Tinto,1,3000,Efectivo,
3760,2026-08-29,17:16,Nübe Altico,Domicilio,Frappé de café,1,11000,NEQUI,
5908,14/09/2026,19:23,Nübe Altico,Mostrador,Capuchino,1,8500,Efectivo,
4505,2026-09-04,08:56,Nübe Centro,Mostrador,Croissant,1,6000,Efectivo,
7199,2026-09-24,16:53,Nübe Altico,Mostrador,Frappé de café,1,11000,Tarjeta,C102
7118,2026-09-24,11:20,Nübe Centro,Mostrador,Latte,1,9000,NEQUI,C069
1169,11/08/2026,11:41,Nübe Altico,Mostrador,Capuchino,1,8500,Efectivo,
4841,2026-09-06,09:31,Nübe Altico,Domicilio,Chocolate caliente,1,7500,Efectivo,
5431,2026-09-11,15:38,Nübe Centro,Domicilio,Americano,1,5000,Nequi,C161
7228,24/09/2026,08:49,Nübe Altico,Mostrador,Croissant de almendras,1,8000,Nequi,C011
7453,2026-09-26,09:41,NUBE ALTICO,Domicilio,Capuchino,1,8500,Nequi,C206
1182,2026-08-11,09:33,Nübe Altico,Mostrador,Capuchino,1,8500,Tarjeta,
6183,2026-09-17,11:46,Nübe Centro,Domicilio,Croissant,0,6000,Efectivo,
3,2026-08-03,08:55,Nübe Centro,Mostrador,Croissant,1,6000,Tarjeta,
1234,2026-08-12,11:33,Nübe Centro,Mostrador,Tinto,1,$3.000,Efectivo,
3879,2026-08-30,20:05,Nübe Altico,Mostrador,Tinto,2,$3.000,Tarjeta,
6236,2026-09-17,07:55,Nübe Centro,Mostrador,Croissant,1,6000,Tarjeta,C294
1177,2026-08-11,09:48,Nübe Altico,Mostrador,TINTO,1,3000,Nequi,
2018,2026-08-17,13:31,Nübe Altico,Mostrador,Capuchino,1,8500,Efectivo,C131
4667,2026-09-05,08:35,Nübe Altico,Mostrador,Frappé de café,1,11000,TARJETA,
3656,2026-08-29,09:57,Nübe Centro,Domicilio,Croissant,2,6000,Nequi,
3997,2026-08-31,09:56,Nübe Altico,Mostrador,Chocolate caliente,1,7500,Tarjeta,
7151,2026-09-24,10:29,Nube Centro ,Mostrador,Croissant,1,6000,Nequi,C155
4199,2026-09-02,17:47,Nübe Centro,Mostrador,Tinto,,3000,Efectivo,C278
359,06/08/2026,07:03,Nübe Centro,Mostrador,Croissant,1,6000,Efectivo,
2857,2026-08-23,16:41,Nübe Centro,Mostrador,Frappe de cafe,1 und,11000,Nequi,
2076,2026-08-17,16:54,Nübe Altico,Mostrador,Tinto,1,3000,Efectivo,
4506,2026-09-04,15:12,Nübe Altico,Mostrador,croissant,2,6000,Efectivo,C287
139,2026-08-04,08:10,Nübe Centro,Domicilio,Croissant,1,6000,Efectivo,C153
3571,2026-08-28,09:16,Nübe Altico,Domicilio,Capuchino,2,8500,Nequi,
4850,2026-09-06,07:17,Nübe Altico,Mostrador,Croissant,1,$6.000,Nequi,C172
5296,2026-09-10,08:09,Nübe Centro,Mostrador,Tinto,1,3000,Nequi,C264
515,2026-08-07,15:02,Nübe Centro,Mostrador,CAPUCHINO,2,8500,Tarjeta,
3536,2026-08-28,17:12,Nübe Altico,Mostrador,Croissant de almendras,3,8000,,C106
5628,2026-09-12,15:20,Nübe Altico,Domicilio,Croissant,1,6000,Nequi,
2305,2026-08-19,18:33,Nübe Altico,Mostrador, Capuchino ,1,8500,,
2742,2026-08-22,13:56,Nübe Altico,Mostrador,frappé de café,1,11000,Nequi,C099
7383,2026-09-26,08:45,Nübe Centro,Mostrador,Croissant,1,6000,Nequi,C060
572,2026-08-07,08:35,Nübe Altico,Mostrador,Croissant,1,6000,Efectivo,C181
5366,2026-09-10,11:05,Nübe Altico,Mostrador,Americano,1,5000,Nequi,C225
4653,05/09/2026,08:21,Nübe Centro,Mostrador,Capuchino,2,8500,Nequi,
4358,03/09/2026,14:34,Nübe Centro,Mostrador,Capuchino,1,8500,NEQUI,
687,2026-08-08,09:40,Nübe Centro,Domicilio,Croissant,1,6000,Efectivo,
5404,2026-09-11,09:36,Nübe Centro,Mostrador,Croissant,1,6000,Efectivo,C185
5183,2026-09-09,08:07,Nübe Centro,Mostrador,Capuchino,1,8500,Efectivo,C010
820,2026-08-08,16:16,Nübe Altico,Domicilio,Tinto,1,3000,TARJETA,C065
2244,2026-08-19,07:23,Nube Centro ,Mostrador,TINTO,1,3000,Efectivo,
888,2026-08-09,17:52,Nübe Centro,Mostrador,Croissant,1,6000,Nequi,
5488,2026-09-11,08:40,Nübe Altico,Mostrador,Capuchino,2,8500,Tarjeta,
822,08/08/2026,07:50,altico,Domicilio,Latte,2,9000,Efectivo,
6353,2026-09-18,07:49,Nube Centro ,Mostrador,Croissant,1,6000,Efectivo,C088
3778,2026-08-29,10:40,Nübe Altico,Domicilio,Tinto,1,3000,Efectivo,C264
4149,2026-09-01,19:18,Nübe Altico,Mostrador,croissant,2,6000,Efectivo,C194
6987,2026-09-22,08:10,Nübe Altico,Mostrador,Chocolate caliente,1,7500,Nequi,C233
6990,2026-09-22,06:00,Nübe Altico,Mostrador,Croissant de almendras,1,8000,Nequi,C043
1113,2026-08-11,09:58,Nübe Centro,Mostrador,Americano,1,,Tarjeta,C242
2395,2026-08-20,11:04,Nübe Centro,Mostrador,Americano,1,5000,Nequi,
5989,2026-09-15,08:45,Nübe Centro,Domicilio,Capuchino,1,8500,Tarjeta,C042
6178,2026-09-17,11:16,Nübe Centro,Mostrador,Croissant de almendras,2,8000,Tarjeta,C237
1968,2026-08-17,15:39,Nübe Centro,Mostrador,Latte,2,$9.000,Tarjeta,
1578,2026-08-15,07:21,Nübe Centro,Domicilio,Croissant de almendras,1,8000,Efectivo,
4449,2026-09-04,16:10,Nübe Centro,Domicilio,Capuchino,1,8500,Tarjeta,C127
2432,2026-08-20,14:50,Nübe Altico,Mostrador,Tinto,1,3000,Nequi,C240
3146,2026-08-25,14:52,Nübe Centro,Mostrador,Latte,1,9000,EFECTIVO,
5852,14/09/2026,07:17,Nube Centro ,Mostrador,Tinto,1,3000,Nequi,
1556,2026-08-14,08:02,NUBE ALTICO,Mostrador,Tinto,1,3000,Tarjeta,C261
933,2026-08-09,07:13,Nübe Centro,Mostrador,Capuchino,1,8500,Tarjeta,C237
832,2026-08-08,16:50,Nübe Altico,Mostrador,Capuchino,1,8500,Efectivo,
2505,2026-08-21,09:19,Nübe Centro,Domicilio,CROISSANT ,1,6000,Tarjeta,
6126,2026-09-16,15:55,Nübe Altico,Mostrador,Capuchino,2,8500,Tarjeta,
388,2026-08-06,12:19,Nübe Centro,Mostrador,Croissant,1,6000,Nequi,
4362,2026-09-03,07:42,Nübe Centro,Mostrador,Capuchino,1,8500,Efectivo,
5535,2026-09-12,09:38,Nübe Centro,Mostrador,Tinto,1,3000,Efectivo,
1848,2026-08-16,17:58,Nübe Centro,Mostrador,Tinto,1,3000,Tarjeta,
6499,2026-09-19,14:52,Nübe Centro,Domicilio,tinto,1,3000,Tarjeta,C188
7665,2026-09-27,09:45,Nübe Altico,Mostrador,Latte,2,9000,TARJETA,
4863,2026-09-06,16:22,Nübe Altico,Mostrador,Chocolate caliente,1 und,7500,Efectivo,
6329,2026-09-18,16:50,Nübe Centro,Domicilio,Croissant de almendras,1,8000,Tarjeta,
2869,2026-08-23,07:03,Nübe Centro,Domicilio,Latte,1,9000,Efectivo,C223
6581,2026-09-19,13:41,Nübe Altico,Mostrador,Latte,2,9000,,C063
7661,27/09/2026,15:01,Nübe Altico,Mostrador,Americano,3,5000,Efectivo,
4293,2026-09-02,11:03,Nübe Altico,Mostrador,CAPUCHINO,2,8500,Tarjeta,C038
2696,2026-08-22,15:50,Nübe Centro,Mostrador,Capuchino,1,8500,Efectivo,
7191,2026-09-24,07:23,Nübe Altico,Mostrador,Tinto,3,3000,Nequi,C003
5223,2026-09-09,12:50,Nübe Altico,Mostrador,Capuchino,2 und,8500,Efectivo,
6837,2026-09-21,08:50,Nube Centro ,Mostrador,Latte,1,9000,Efectivo,C009
2739,2026-08-22,13:12,Nübe Altico,Mostrador,Croisant,1,6000,Nequi,C177
6940,2026-09-22,06:18,Nube Centro ,Mostrador,Late,1,9000,Nequi,C152
1141,2026-08-11,08:09,Nübe Centro,Mostrador,Tinto,1 und,3000,Efectivo,
1745,2026-08-15,16:47,Nübe Altico,Domicilio,Latte,2,9000,Tarjeta,C239
5764,13/09/2026,09:01,Nübe Altico,Domicilio,Latte,1,$9.000,Nequi,C129
5456,2026-09-11,08:27,NUBE CENTRO,Mostrador,Croissant de almendras,1,8000,Tarjeta,
318,05/08/2026,07:50,Nübe Altico,Domicilio,Latte,2,9000,Efectivo,
2358,2026-08-20,08:34,Nübe Centro,Mostrador,Croissant,1,6000,Efectivo,C131
4483,2026-09-04,09:47,centro,Mostrador,Frappé de café,1,11000,Tarjeta,
4241,2026-09-02,13:29,Nübe Centro,Mostrador,Tinto,1,$3.000,Tarjeta,
441,2026-08-06,09:19,Nübe Altico,Mostrador,latte,2,9000,Nequi,
276,2026-08-05,08:05,Nübe Centro,Mostrador,Tinto,1,3000,Nequi,
6479,2026-09-19,07:45,Nübe Centro,Mostrador,CAPUCHINO,3,8500,Efectivo,C245
4636,2026-09-05,13:03,Nübe Centro,Mostrador,Capuchino,1,8500,Nequi,
7087,2026-09-23,08:15,Nübe Altico,Mostrador,Chocolate caliente,2,7500,Efectivo,C150
7010,2026-09-23,11:59,Nübe Centro,Mostrador,croissant,1,$6.000,Efectivo,
4328,2026-09-03,16:53,Nübe Centro,Mostrador,Capuchino,1,,Efectivo,C019
1495,2026-08-14,15:37,Nübe Centro,Mostrador,Chocolate caliente,1 und,7500,Efectivo,C207
4312,2026-09-03,13:52,Nübe Centro,Mostrador,Tinto,1,3000,Nequi,
3931,2026-08-31,06:44,NUBE CENTRO,Domicilio,Croissant de almendras,1,8000,Nequi,C263
4705,2026-09-05,09:16,Nübe Altico,Mostrador,Capuchino,1,8500,Efectivo,C249
2069,17/08/2026,08:17,Nübe Altico,Mostrador,Croissant,1,$6.000,Tarjeta,C262
668,2026-08-08,18:22,Nübe Centro,Mostrador,Tinto,1,$3.000,Nequi,
3964,31/08/2026,08:08,Nube Centro ,Mostrador,Chocolate caliente,2,7500,Efectivo,
3767,2026-08-29,09:14,Nübe Altico,Mostrador,Croissant,2,6000,Efectivo,C202
7330,2026-09-25,08:04,Nübe Altico,Mostrador,CROISSANT ,1,6000,Efectivo,C138
40,2026-08-03,12:01,NUBE CENTRO,Mostrador,Croissant,1,6000,Tarjeta,C046
6876,2026-09-21,17:13,Nübe Altico,Mostrador,Chocolate caliente,1,7500,Efectivo,
630,2026-08-07,07:04,Nübe Altico,Mostrador,Capuchino,1 und,8500,Nequi,C071
7353,2026-09-25,07:49,Nübe Altico,Mostrador,Croisant,1,6000,Efectivo,
1488,2026-08-14,14:20,Nübe Centro,Mostrador,latte,1,9000,Efectivo,C005
2694,2026-08-22,10:54,NUBE CENTRO,Mostrador,Capuchino,1,8500,Nequi,
7565,2026-09-27,11:19,Nübe Centro,Mostrador,Capuchino,1,8500,Efectivo,
5739,2026-09-13,09:24,Nübe Centro,Mostrador,Croissant,2 und,6000,Efectivo,C231
342,2026-08-06,09:21,Nübe Centro,Mostrador,CROISSANT ,1,6000,Tarjeta,C177
1678,2026-08-15,17:55,centro,Mostrador,Tinto,1,3000,Efectivo,C197
99,2026-08-03,10:11,NUBE ALTICO,Mostrador,Tinto,1,$3.000,Tarjeta,C206
6734,2026-09-20,07:50,Nübe Altico,Domicilio,Chocolate caliente,1,7500,Efectivo,
405,2026-08-06,06:35,Nübe Centro,Domicilio,Croissant,1,6000,Tarjeta,C060
5103,08/09/2026,08:26,Nübe Altico,Mostrador,Chocolate caliente,1,7500,Efectivo,C129
2154,2026-08-18,14:15,Nübe Centro,Mostrador,Croisant,1,6000,Tarjeta,C269
486,2026-08-07,11:44,Nube Centro ,Mostrador,Tinto,1,,Nequi,C239
5929,2026-09-14,08:34,Nübe Altico,Mostrador,capuchino,1,8500,Efectivo,
3494,28/08/2026,16:15,Nübe Centro,Mostrador,Croissant de almendras,1,8000,Efectivo,
6568,2026-09-19,13:35,Nübe Altico,Mostrador,Americano,1,5000,Efectivo,C181
2679,2026-08-22,07:39,Nübe Centro,Mostrador,Croissant de almendras,1,8000,Nequi,C143
2673,2026-08-22,13:01,Nübe Centro,Mostrador,Tinto,1,3000,Nequi,C132
557,2026-08-07,16:02,Nübe Centro,Mostrador,Tinto,1,3000,Nequi,
1577,2026-08-14,07:39,Nübe Altico,Mostrador,Chocolate caliente,1,7500,Efectivo,C212
5246,2026-09-10,17:37,Nübe Centro,Mostrador,Americano,1,$5.000,TARJETA,C172
1469,14/08/2026,09:56,Nübe Centro,Mostrador,tinto,1,3000,Nequi,C260
3062,2026-08-24,09:11,Nübe Altico,Mostrador,Croissant,1,6000,Efectivo,C148
2439,20/08/2026,16:13,Nübe Altico,Mostrador,Americano,3,5000,Efectivo,
3303,2026-08-26,19:47,Nübe Altico,Mostrador,Frappé de café,1,11000,Efectivo,
658,2026-08-08,18:18,NUBE CENTRO,Domicilio,Latte,1,9000,Tarjeta,C253
3830,2026-08-30,09:43,NUBE CENTRO,Mostrador,Americano,1,5000,Tarjeta,C116
3425,2026-08-27,15:24,altico,Mostrador,Capuchino,1,8500,Efectivo,
6522,19/09/2026,10:21,Nübe Centro,Mostrador,TINTO,1,3000,Nequi,C065
2646,2026-08-22,10:49,Nübe Centro,Mostrador,Latte,1,9000,Tarjeta,C242
6355,2026-09-18,11:39,Nübe Centro,Mostrador,Frappe de cafe,1 und,11000,Tarjeta,C058
4804,2026-09-06,19:05,Nübe Centro,Mostrador,CROISSANT ,2,6000,Nequi,C107
6171,2026-09-17,08:34,Nübe Centro,Mostrador,Tinto,1,3000,Efectivo,
7500,2026-09-26,09:24,Nübe El Altico,Mostrador,chocolate caliente,3,7500,Nequi,
3513,2026-08-28,10:08,Nübe Centro,Mostrador,Croissant de almendras,1,8000,EFECTIVO,
3818,2026-08-30,18:09,Nübe Centro,Mostrador,Chocolate caliente,2,7500,Tarjeta,C062
4018,31/08/2026,07:49,Nübe Altico,Mostrador,Americano,1,5000,Efectivo,C178
4744,2026-09-06,15:13,Nübe Centro,Domicilio,Frappé de café,1,11000,Tarjeta,C233
3294,2026-08-26,09:04,Nübe Altico,Domicilio,AMERICANO,1,5000,Nequi,
3443,27/08/2026,14:43,Nübe Altico,Domicilio,Late,1,9000,Nequi,
267,05/08/2026,17:13,Nübe Centro,Mostrador,Frappé de café,1,11000,Efectivo,
3809,2026-08-30,12:39,Nübe Centro,Mostrador,Tinto,1,3000,Tarjeta,
6237,2026-09-17,10:39,Nübe Centro,Mostrador,Croissant,1,6000,Efectivo,
2898,2026-08-23,07:07,Nübe Centro,Domicilio,Latte,1,9000,Nequi,
6952,2026-09-22,10:48,Nübe Altico,Mostrador,CAPUCHINO,1,8500,Tarjeta,C111
2740,2026-08-22,19:15,Nübe Altico,Mostrador,Croissant,2,6000,Efectivo,C136
5828,2026-09-14,14:53,Nübe Centro,Mostrador,Tinto,1,3000,Nequi,
6882,2026-09-21,10:19,Nübe Altico,Mostrador,Americano,1 und,5000,Efectivo,
375,06/08/2026,07:58,Nübe Centro,Mostrador,TINTO,1,3000,Tarjeta,C205
5509,2026-09-11,15:46,Nübe Altico,Domicilio,Tinto,1,3000,Tarjeta,
7158,2026-09-24,10:00,Nübe Centro,Domicilio,Frappe de cafe,1,11000,Nequi,
6372,2026-09-18,11:45,Nübe Centro,Mostrador, LATTE,1,9000,Tarjeta,C017
4519,2026-09-04,20:47,Nübe Altico,Mostrador,croissant,2,6000,Efectivo,
2991,24/08/2026,11:46,Nübe Centro,Mostrador,Frappé de café,1,11000,EFECTIVO,C291
2193,2026-08-18,08:01,Nübe Altico,Mostrador,Americano,,5000,Tarjeta,
4507,2026-09-04,09:41,Nübe Altico,Domicilio,frappé de café,3,11000,Nequi,
382,06/08/2026,13:57,Nübe Centro,Mostrador,Croissant,2,$6.000,Tarjeta,
1280,2026-08-12,11:33,Nübe Altico,Mostrador,Croissant de almendras,2,8000,Tarjeta,
4721,2026-09-05,16:46,Nübe Altico,Mostrador,Frappé de café,3,11000,Efectivo,
2,03/08/2026,18:18,Nübe Centro,Mostrador,Frappé de café,1,11000,TARJETA,C061
3916,2026-08-30,17:46,Nübe Altico,Domicilio,Latte,1,9000,Tarjeta,C070
2881,23/08/2026,09:28,centro,Mostrador,Capuchino,1,8500,Nequi,C054
967,2026-08-09,09:09,Nübe Altico,Mostrador,Capuchino,1,8500,Tarjeta,
5684,2026-09-13,16:59,Nübe Centro,Mostrador,Latte,1,9000,Nequi,
3336,2026-08-27,19:12,Nübe Centro,Mostrador,capuchino,1,8500,Tarjeta,C289
533,2026-08-07,11:19,Nübe Centro,Domicilio,Chocolate caliente,1,7500,Tarjeta,
1027,2026-08-10,15:33,Nübe Centro,Mostrador,Frappé de café,1,11000,Tarjeta,C108
2852,2026-08-23,13:21,Nübe Centro,Mostrador,Croissant,2,6000,Nequi,
654,08/08/2026,06:56,Nübe Centro,Mostrador,Americano,2,5000,Tarjeta,C006
6420,18/09/2026,17:02,Nübe Altico,Mostrador,Capuchino,2,8500,NEQUI,
4802,2026-09-06,11:44,Nübe Centro,Mostrador,Capuchino,1,8500,Tarjeta,
6031,15/09/2026,14:55,NUBE ALTICO,Mostrador,Americano,1,5000,Efectivo,
4917,2026-09-07,14:46,Nübe Centro,Mostrador,Croissant de almendras,1,8000,Efectivo,
3459,2026-08-28,11:13,Nübe Centro,Mostrador,Croissant de almendras,1,8000,Tarjeta,
1919,2026-08-17,09:12,Nübe Centro,Mostrador,Croissant almendras,1,8000,Nequi,C126
528,2026-08-07,16:25,Nübe Centro,Mostrador,Latte,1,9000,Efectivo,C154
3249,2026-08-26,08:01,Nube Centro ,Mostrador,Croissant,1,6000,Efectivo,C082
4799,2026-09-06,08:20,Nübe Centro,Mostrador,Chocolate caliente,1,,Efectivo,
830,2026-08-08,07:30,Nübe Altico,Mostrador,Tinto,1,3000,Nequi,C179
346,2026-08-06,09:57,Nübe Centro,Domicilio,Croissant,1,6000,Nequi,
5928,2026-09-14,17:39,Nübe Altico,Mostrador,Croissant de almendras,1,8000,Nequi,
1084,2026-08-10,10:38,Nübe Altico,Mostrador,Croissant,1,6000,Tarjeta,
2568,2026-08-21,09:13,Nübe Altico,Mostrador,Capuchino,1,8500,Nequi,
4630,05/09/2026,13:58,Nübe Centro,Mostrador,Tinto,2,3000,TARJETA,C277
783,2026-08-08,08:22,Nübe Altico,Mostrador,Latte,1 und,9000,Nequi,C091
1421,2026-08-13,17:03,Nübe El Altico,Mostrador,Tinto,1,3000,Nequi,
2514,2026-08-21,07:10,Nübe Centro,Domicilio,Americano,1,5000,Nequi,C015
4807,2026-09-06,15:46,NUBE CENTRO,Mostrador,Frappé de café,1,11000,Tarjeta,
3292,26/08/2026,06:09,Nübe Altico,Domicilio,Latte,1,9000,Efectivo,
1396,2026-08-13,14:38,Nübe Altico,Mostrador,Tinto,1,3000,Efectivo,C030
1975,2026-08-17,16:22,Nübe Centro,Mostrador,Tinto,1,3000,Tarjeta,
2014,17/08/2026,09:22,Nübe Altico,Mostrador,Tinto,1,,TARJETA,
2258,2026-08-19,10:25,Nübe Centro,Mostrador,Croissant,1,6000,Efectivo,
3464,2026-08-28,16:32,Nübe Centro,Mostrador,Tinto,1,3000,Nequi,
5148,2026-09-09,07:15,Nübe Centro,Mostrador,Tinto,1,3000,Efectivo,
1963,17/08/2026,08:27,Nübe Centro,Mostrador,CAPUCHINO,1,8500,Tarjeta,C162
5148,2026-09-09,07:15,Nübe Centro,Mostrador,Capuchino,3,8500,EFECTIVO,
5832,2026-09-14,13:33,Nübe Centro,Mostrador,Tinto,1,3000,Nequi,C163
1789,2026-08-16,08:47,Nübe Centro,Mostrador,Tinto,1,3000,Nequi,C172
5196,2026-09-09,15:12,Nübe Altico,Domicilio,Croissant,1,6000,Tarjeta,
6388,2026-09-18,16:45,Nübe Altico,Domicilio,Late,1,9000,Tarjeta,
682,2026-08-08,12:34,Nübe Centro,Mostrador,Capuchino,1,$8.500,Efectivo,
2445,2026-08-21,08:14,Nübe Centro,Mostrador,Capuchino,1,8500,Efectivo,
4217,2026-09-02,10:50,centro,Domicilio,Americano,1,5000,Efectivo,
266,2026-08-05,09:37,Nübe Centro,Mostrador,Americano,1,5000,NEQUI,
3841,30/08/2026,06:36,Nübe Centro,Mostrador,Tinto,1,3000,Tarjeta,C016
5179,2026-09-09,07:38,Nübe Centro,Mostrador,Americano,1,5000,,
545,2026-08-07,07:48,Nübe Centro,Domicilio,Croissant,1,6000,Tarjeta,
3666,2026-08-29,10:17,Nübe Centro,Mostrador,Frappé de café,1,11000,Efectivo,C072
6948,22/09/2026,11:53,Nübe Centro,Mostrador,Tinto,1,3000,Tarjeta,C167
5572,2026-09-12,17:44,Nübe Centro,Mostrador,Americano,1,5000,Efectivo,C030
1254,2026-08-12,12:19,Nübe Centro,Mostrador,Frappé de café,1,11000,Nequi,
2144,18/08/2026,15:43,Nübe Centro,Mostrador,Frappé de café,1,11000,Nequi,
2425,2026-08-20,10:17,Nübe Altico,Domicilio,Croissant,2,6000,Tarjeta,C255
6622,2026-09-19,17:59,Nübe Altico,Mostrador,Latte,1,9000,Efectivo,
1780,2026-08-16,10:05,Nübe Centro,Mostrador,Latte,1,9000,Nequi,
3688,2026-08-29,13:02,NUBE CENTRO,Mostrador,Frappe de cafe,1,11000,NEQUI,C234
4086,2026-09-01,17:33,Nübe Centro,Mostrador,Tinto,1,3000,Efectivo,
5758,2026-09-13,13:31,Nübe Altico,Mostrador,Croissant de almendras,1,8000,Nequi,
2252,2026-08-19,17:05,NUBE CENTRO,Mostrador,Chocolate caliente,1,7500,NEQUI,
6740,2026-09-20,10:07,Nübe El Altico,Mostrador,Croissant,2,6000,Tarjeta,
2227,2026-08-19,10:54,Nübe Centro,Mostrador,Chocolate caliente,1,7500,Efectivo,
2519,2026-08-21,17:08,Nübe Centro,Mostrador,Capuchino,3,8500,Nequi,
3258,2026-08-26,07:43,Nübe Centro,Mostrador,Croissant,1 und,$6.000,Efectivo,C099
42,2026-08-03,11:42,Nübe Centro,Domicilio,Americano,1,5000,Efectivo,C137
1418,2026-08-13,20:46,Nübe Altico,Domicilio,croissant de almendras,1,8000,Tarjeta,
642,07/08/2026,16:39,Nübe Altico,Mostrador, LATTE,1,9000,Nequi,
3783,2026-08-29,15:59,Nübe Altico,Domicilio,Chocolate caliente,1,$7.500,NEQUI,C267
7258,2026-09-25,10:15,Nübe Centro,Domicilio,Croissant de almendras,1,8000,Tarjeta,
6354,2026-09-18,06:34,Nübe Centro,Mostrador,latte,1,$9.000,Efectivo,C286
7046,2026-09-23,17:43,Nübe Centro,Domicilio,Croissant,1,6000,Tarjeta,
3883,2026-08-30,19:31,Nübe Altico,Mostrador,Tinto,1,3000,Tarjeta,C225
3650,2026-08-29,09:18,Nübe Centro,Mostrador,CROISSANT ,1,6000,TARJETA,
3961,2026-08-31,19:16,Nübe Centro,Domicilio,Croissant,1,6000,Tarjeta,
5576,12/09/2026,06:51,Nübe Centro,Mostrador,Croissant,1,6000,Tarjeta,
181,2026-08-04,14:40,Nübe Altico,Mostrador, Capuchino ,1,8500,Nequi,
1911,2026-08-16,19:39,Nübe Altico,Mostrador,Capuchino,1,8500,Nequi,
3252,2026-08-26,07:07,centro,Mostrador,Croissant,1,6000,Efectivo,C138
1984,2026-08-17,17:27,Nübe Centro,Domicilio,Croissant,1,6000,TARJETA,C089
408,06/08/2026,19:38,Nübe Centro,Domicilio,Latte,2,9000,Efectivo,
754,2026-08-08,17:34,Nübe Centro,Mostrador,Latte,1,9000,Nequi,
6868,21/09/2026,07:03,Nübe Altico,Mostrador,Latte,1,9000,Efectivo,C173
794,2026-08-08,19:34,Nübe Altico,Domicilio,Tinto,3,$3.000,Efectivo,C026
3612,2026-08-29,08:15,Nübe Centro,Mostrador,Americano,1,5000,Efectivo,
5334,2026-09-10,14:00,Nübe Altico,Mostrador,Latte,1,9000,Nequi,
1313,2026-08-12,08:34,Nübe Altico,Mostrador,Capuccino,1,8500,Nequi,C043
1563,2026-08-14,07:53,NUBE ALTICO,Mostrador,Latte,1,9000,Tarjeta,
6512,2026-09-19,08:27,Nübe Centro,Mostrador,Chocolate caliente,1,7500,Tarjeta,
6082,2026-09-16,07:11,Nübe Centro,Mostrador,Frappé de café,1,11000,Nequi,
896,2026-08-09,09:11,Nübe Centro,Mostrador,Croissant,1,6000,Efectivo,
2591,2026-08-21,08:01,Nübe Altico,Mostrador,Latte,1,9000,Nequi,C013
6860,2026-09-21,18:55,Nübe Altico,Mostrador,Tinto,1,3000,Tarjeta,C233
1447,2026-08-14,13:13,Nübe Centro,Mostrador,Croissant de almendras,1 und,8000,Nequi,
3807,2026-08-30,07:53,Nübe Centro,Domicilio,Capuchino,1,8500,Tarjeta,
695,2026-08-08,08:09,Nübe Centro,Mostrador,Croissant,2,6000,Tarjeta,
4954,2026-09-07,19:40,Nübe Altico,Mostrador,Croissant de almendras,2,$8.000,Efectivo,
3485,2026-08-28,10:31,Nübe Centro,Mostrador,capuchino,1,8500,Tarjeta,C035
4360,2026-09-03,19:53,Nübe Centro,Domicilio,Late,1,9000,Nequi,C144
6762,2026-09-20,07:04,Nübe Altico,Mostrador,Croissant,2,6000,Efectivo,
7219,2026-09-24,13:01,altico,Mostrador,Capuchino,1,8500,Nequi,
7521,2026-09-26,09:26,Nübe Altico,Domicilio,Latte,1,9000,Nequi,
4757,2026-09-06,15:43,Nübe Centro,Mostrador,Late,3,9000,NEQUI,
5304,2026-09-10,09:58,Nübe Centro,Domicilio,Croissant,1,6000,Nequi,
7393,2026-09-26,16:56,Nübe Centro,Domicilio,Croissant,1,6000,Tarjeta,C109
4219,2026-09-02,12:07,NUBE CENTRO,Domicilio,Croissant de almendras,1,8000,Efectivo,C210
3390,2026-08-27,09:28,Nübe Centro,Mostrador,Frappé de café,1 und,11000,Efectivo,
1491,2026-08-14,13:46,Nübe Centro,Mostrador,Tinto ,1,3000,Efectivo,
2299,2026-08-19,07:16,Nübe Altico,Mostrador,Capuchino,1,8500,Tarjeta,
1366,2026-08-13,08:47,Nübe Centro,Domicilio,Frappé de café,1,11000,Nequi,C119
6964,2026-09-22,09:27,Nübe Altico,Mostrador,Croissant,1 und,6000,Nequi,
4141,2026-09-01,12:34,Nübe Altico,Mostrador,Americano,1,5000,Efectivo,C093
3611,2026-08-29,07:07,Nübe Centro,Mostrador,Tinto,1,3000,EFECTIVO,
121,2026-08-04,09:21,Nube Centro ,Domicilio,Croissant,1,6000,Tarjeta,
1683,2026-08-15,08:30,Nübe Centro,Mostrador,Americano,2,5000,Efectivo,
6436,2026-09-18,18:43,Nübe Altico,Domicilio,Capuchino,1,8500,Tarjeta,C232
2574,2026-08-21,18:39,Nübe Altico,Domicilio,Americano,2,$5.000,Efectivo,
5115,2026-09-08,15:55,Nübe Altico,Mostrador,Croisant,1,6000,Efectivo,C163
2994,2026-08-24,12:38,Nübe Centro,Mostrador,Croissant,3,6000,Tarjeta,C231
3709,2026-08-29,14:29,Nübe Centro,Mostrador,Americano,1,5000,Nequi,
4714,2026-09-05,15:52,Nübe Altico,Domicilio,Frappé de café,2,11000,Efectivo,
1319,2026-08-13,09:48,Nübe Centro,Mostrador,Capuchino,3,8500,Tarjeta,
3008,2026-08-24,13:15,Nübe Centro,Mostrador,Capuchino,1,8500,Efectivo,
2984,2026-08-24,07:43,Nübe Centro,Mostrador,Tinto,1,3000,Nequi,
2744,2026-08-22,14:15,NUBE ALTICO,Domicilio,Chocolate caliente,2,$7.500,Tarjeta,
3189,2026-08-25,16:34,Nübe Altico,Mostrador,Americano,1,5000,Nequi,
5964,2026-09-15,11:18,Nübe Centro,Mostrador,Chocolate  caliente,1,7500,Tarjeta,C283
5682,2026-09-13,16:16,Nube Centro ,Mostrador,Tinto,1,3000,Efectivo,
1782,2026-08-16,17:12,Nübe Centro,Mostrador,CROISSANT ,3,6000,TARJETA,C124
6259,2026-09-17,16:47,Nübe El Altico,Mostrador,Chocolate caliente,1,7500,Nequi,
1257,2026-08-12,08:41,Nübe Centro,Domicilio,Tinto,1,3000,Nequi,C006
956,2026-08-09,14:50,Nübe Altico,Mostrador,Croissant de almendras,1,8000,Nequi,
5217,2026-09-09,07:38,Nübe Altico,Mostrador,Capuchino,2,8500,Efectivo,
5282,2026-09-10,10:39,Nübe Centro,Mostrador,Americano,2,5000,Nequi,
960,09/08/2026,08:45,Nübe Altico,Mostrador,Chocolate caliente,2,$7.500,Efectivo,C091
5672,2026-09-13,09:21,Nübe Centro,Mostrador,Tinto,1,3000,Efectivo,C202
2692,2026-08-22,09:27,Nübe Centro,Mostrador,frappé de café,1 und,11000,Tarjeta,
4217,2026-09-02,10:50,Nübe Centro,Domicilio,CROISSANT ,1,$6.000,Efectivo,
7473,2026-09-26,14:00,Nübe Altico,Mostrador,Latte,2,9000,EFECTIVO,
1220,2026-08-12,12:41,Nübe Centro,Mostrador,Americano,1,5000,TARJETA,
650,2026-08-07,07:27,altico,Mostrador,Croissant,2,6000,Efectivo,
5801,2026-09-13,10:06,Nübe Altico,Mostrador,Croissant,2,6000,Tarjeta,
6897,2026-09-22,13:54,Nübe Centro,Domicilio,Frappé de café,1,11000,Efectivo,
3944,2026-08-31,13:11,Nübe Centro,Mostrador,Americano,2,5000,Efectivo,C130
2291,2026-08-19,10:45,Nübe Altico,Mostrador,Capuchino,1,8500,Efectivo,
2888,2026-08-23,15:08,Nübe Centro,Mostrador,Croissant,2,6000,Efectivo,
3280,2026-08-26,12:06,Nübe Altico,Domicilio,Croissant,1,6000,Efectivo,C220
1755,2026-08-15,17:57,Nübe Altico,Mostrador,Croissant almendras,2,8000,TARJETA,
311,2026-08-05,14:56,Nübe Altico,Mostrador,Croissant de almendras,1,,Tarjeta,C239
3199,25/08/2026,08:49,Nübe Altico,Mostrador,Croissant de almendras,1,8000,Nequi,C023
1472,14/08/2026,09:40,Nübe Centro,Mostrador,Chocolate caliente,1,7500,Efectivo,
2138,2026-08-18,12:36,NUBE CENTRO,Mostrador,Chocolate caliente,1,7500,Nequi,
5354,2026-09-10,17:12,Nübe Altico,Domicilio,Tinto,1,3000,Efectivo,
1207,12/08/2026,19:52,Nübe Centro,Mostrador,croissant,1,6000,Tarjeta,C078
3658,2026-08-29,10:55,Nübe Centro,Mostrador,Latte,2,$9.000,Nequi,
281,2026-08-05,10:40,Nübe Altico,Mostrador,Croissant,1,6000,Efectivo,
2460,2026-08-21,16:05,Nübe Centro,Mostrador,Croissant de almendras,1,8000,EFECTIVO,
4622,2026-09-05,20:18,Nübe Centro,Domicilio,Croissant,1,6000,Efectivo,C097
2545,2026-08-21,10:34,Nübe Altico,Domicilio,Tinto,1,3000,Tarjeta,C169
3863,2026-08-30,09:35,centro,Mostrador,Croissant,0,6000,Nequi,
4921,2026-09-07,10:54,Nübe Centro,Mostrador,croissant de almendras,1,8000,Efectivo,
4554,04/09/2026,19:12,Nübe Altico,Mostrador,Frappé de café,1,11000,Efectivo,C093
2320,2026-08-19,07:20,Nübe Altico,Mostrador,Capuchino,1,8500,Nequi,
2483,2026-08-21,16:30,Nübe Centro,Domicilio,Tinto,1,3000,Tarjeta,C093
6078,2026-09-16,18:08,Nübe Centro,Mostrador,Capuchino,1,8500,Tarjeta,
6508,2026-09-19,10:31,Nübe Centro,Mostrador,Croissant de almendras,2,$8.000,EFECTIVO,
5847,2026-09-14,08:34,Nübe Centro,Mostrador,Americano,1,5000,Nequi,
5787,2026-09-13,06:25,Nübe Altico,Mostrador,Tinto,1,3000,Efectivo,C294
1191,2026-08-11,13:58,Nübe Altico,Mostrador,Croissant,1,6000,Nequi,
6084,2026-09-16,07:05,Nübe Centro,Mostrador,Tinto,2,3000,Tarjeta,C233
4420,2026-09-03,16:47,Nübe Altico,Mostrador,Tinto,2,3000,Tarjeta,
6206,17/09/2026,17:54,Nübe Centro,Domicilio,Capuchino,1,8500,Efectivo,
4216,2026-09-02,16:17,Nübe Centro,Mostrador,Tinto,1,3000,Efectivo,
6511,2026-09-19,15:13,Nübe Centro,Domicilio,Chocolate caliente,1,$7.500,Tarjeta,
4263,02/09/2026,09:19,Nübe Altico,Mostrador,Latte,1,9000,Efectivo,
1230,2026-08-12,10:06,Nübe Centro,Mostrador,Frappé de café,1,11000,Nequi,
92,2026-08-03,08:34,Nübe Altico,Domicilio,Capuchino,,8500,Nequi,
7412,2026-09-26,16:01,Nube Centro ,Mostrador,Capuchino,1,8500,EFECTIVO,C285
384,2026-08-06,11:10,Nübe Centro,Mostrador,Chocolate caliente,1,7500,Tarjeta,C237
6969,2026-09-22,19:38,NUBE ALTICO,Mostrador,frappé de café,1,11000,Nequi,
271,05/08/2026,08:49,Nübe Centro,Mostrador,Chocolate caliente,1,$7.500,Efectivo,C124
2961,2026-08-23,17:28,Nübe Altico,Mostrador,Latte,1,9000,Efectivo,
2156,2026-08-18,20:25,Nübe Centro,Mostrador,Latte,1,9000,Tarjeta,
3613,2026-08-29,16:21,Nübe Centro,Mostrador,Croissant,1,6000,Nequi,
3577,2026-08-28,08:39,Nübe Altico,Mostrador,Croissant de almendras,1,8000,Nequi,
2295,2026-08-19,10:30,Nübe Altico,Domicilio,Capuchino,1,$8.500,Efectivo,
2999,2026-08-24,10:01,Nübe Centro,Mostrador,Americano,1,5000,Efectivo,C031
6673,2026-09-20,19:20,Nübe Centro,Mostrador,Latte,1,9000,Efectivo,C172
1574,2026-08-14,11:19,Nübe Altico,Mostrador,Capuchino,1,8500,Tarjeta,
2512,2026-08-21,08:05,Nübe Centro,Mostrador,Americano,1,5000,Tarjeta,C112
814,2026-08-08,19:28,Nübe Altico,Domicilio,Chocolate  caliente,1,7500,Efectivo,
4471,2026-09-04,06:55,centro,Domicilio,Croissant,1,6000,Nequi,
5027,2026-09-08,08:50,Nübe Centro,Mostrador,Tinto,1,$3.000,Nequi,C287
4428,2026-09-03,14:50,altico,Mostrador,Frappé de café,1,11000,Tarjeta,
5275,10/09/2026,07:57,Nübe Centro,Mostrador,Croissant,1,,Nequi,
7614,2026-09-27,07:29,Nübe Centro,Domicilio,Croissant,1,6000,Nequi,
5390,2026-09-10,10:59,Nübe Altico,Mostrador,Americano,1,5000,Efectivo,
7330,2026-09-25,08:04,altico,Mostrador,Chocolate caliente,2,7500,Efectivo,C138
1960,2026-08-17,13:01,Nübe Centro,Mostrador,Frappé de café,1,11000,Tarjeta,
4590,05/09/2026,18:34,Nübe Centro,Mostrador,Frappé de café,1,11000,Efectivo,C267
4749,2026-09-06,08:16,NUBE CENTRO,Mostrador,Croissant,1,$6.000,Nequi,C107
2303,2026-08-19,12:59,Nübe Altico,Mostrador,Croissant de almendras,1,8000,Nequi,
620,2026-08-07,17:40,altico,Mostrador,Tinto,1,3000,Efectivo,
2659,2026-08-22,08:00,Nübe Centro,Mostrador,Tinto,1,3000,Nequi,
3764,2026-08-29,15:50,Nübe Altico,Mostrador,Capuchino,1,8500,Nequi,
2215,2026-08-19,17:01,Nübe Centro,Domicilio,Capuchino,1,8500,Nequi,C043
5502,2026-09-11,19:30,Nübe Altico,Domicilio,Americano,2,5000,Efectivo,C171
5466,2026-09-11,09:22,Nübe Centro,Mostrador,Tinto,1,$3.000,Nequi,C135
7335,2026-09-25,10:41,altico,Mostrador,Latte,2,9000,NEQUI,
4973,2026-09-07,08:01,Nübe Altico,Mostrador,Croissant de almendras,1,8000,Nequi,C096
6080,2026-09-16,16:30,Nübe Centro,Mostrador,Capuchino,1,8500,EFECTIVO,C159
2490,2026-08-21,20:35,NUBE CENTRO,Mostrador,Americano,1,5000,Tarjeta,
4658,2026-09-05,07:41,Nübe Centro,Mostrador,Croissant de almendras,1,8000,Efectivo,
2160,2026-08-18,12:56,Nübe Centro,Mostrador,Croissant,1,6000,Tarjeta,C237
6247,2026-09-17,08:19,Nübe Altico,Mostrador,Croissant,1,6000,Tarjeta,C125
4381,2026-09-03,07:42,Nübe Altico,Mostrador,Tinto,1,3000,Efectivo,C077
6877,2026-09-21,15:41,Nübe Altico,Mostrador,Croissant de almendras,1,8000,Efectivo,
1229,2026-08-12,15:46,Nübe Centro,Domicilio,Croissant de almendras,1,8000,Efectivo,
4406,2026-09-03,11:16,Nübe Altico,Mostrador,Croissant,2,6000,Nequi,
4823,2026-09-06,09:37,Nübe Centro,Mostrador,Croissant de almendras,1,8000,Nequi,C192
100,2026-08-03,15:42,Nübe Altico,Domicilio,Latte,1,9000,Tarjeta,C040
1314,2026-08-12,18:18,Nübe Altico,Mostrador,Americano,1 und,5000,Nequi,
7268,2026-09-25,08:37,centro,Mostrador,Capuchino,1,8500,Tarjeta,
5469,2026-09-11,09:26,Nübe Altico,Mostrador,Tinto ,1,3000,Tarjeta,C117
1216,2026-08-12,16:30,Nübe Centro,Mostrador,tinto,1,3000,Efectivo,
1284,2026-08-12,08:54,Nübe Altico,Mostrador,Capuchino,1,8500,EFECTIVO,C240
1407,13/08/2026,08:42,Nübe El Altico,Mostrador,Capuccino,2,8500,Tarjeta,
1598,15/08/2026,07:01,Nübe Centro,Mostrador,Croissant,1,6000,Nequi,
3629,2026-08-29,09:36,Nübe Centro,Mostrador,Capuchino,1,8500,Nequi,C101
6739,2026-09-20,14:12,Nübe Altico,Mostrador,Latte,1,$9.000,Efectivo,C060
110,2026-08-04,08:45,Nübe Centro,Mostrador,Latte,1,9000,Nequi,C159
3217,2026-08-26,09:50,Nübe Centro,Domicilio,Croissant de almendras,2,8000,Nequi,C079
2850,2026-08-23,09:45,Nübe Centro,Mostrador,Tinto,1,3000,Efectivo,C173
4423,2026-09-03,16:40,Nübe Altico,Domicilio,Frappé de café,1,11000,Efectivo,C165
5226,2026-09-09,08:43,Nübe Altico,Mostrador,Americano,1,5000,Nequi,
5432,2026-09-11,16:09,Nübe Centro,Mostrador,Chocolate caliente,1,7500,TARJETA,
7166,2026-09-24,16:38,Nübe Centro,Domicilio,Tinto,1,$3.000,TARJETA,
224,2026-08-05,06:06,Nübe Centro,Mostrador,Croissant,2,6000,Tarjeta,
435,2026-08-06,07:22,Nübe Altico,Mostrador,Latte,3,9000,Tarjeta,C218
2128,18/08/2026,10:08,Nübe Centro,Mostrador,Croissant de almendras,1,8000,Tarjeta,C235
320,2026-08-05,09:37,Nübe Altico,Mostrador,Late,2,9000,Nequi,
2269,2026-08-19,12:36,Nübe Centro,Mostrador,Latte,1,9000,Efectivo,C016
583,07/08/2026,11:27,Nübe Altico,Mostrador,Latte,1,9000,Nequi,C030
1341,2026-08-13,12:10,Nübe Centro,Mostrador,Frappé de café,1,11000,Tarjeta,C186
2897,2026-08-23,07:05,centro,Mostrador,Latte,1,9000,Efectivo,
394,2026-08-06,17:21,Nübe Centro,Mostrador,Tinto,1,3000,Tarjeta,
5168,2026-09-09,15:22,Nübe Centro,Domicilio,Americano,1,5000,Nequi,
3414,2026-08-27,17:41,Nübe Altico,Mostrador,Americano,1,5000,Nequi,
2937,2026-08-23,06:27,Nübe Altico,Mostrador,Latte,1,9000,Efectivo,
406,2026-08-06,09:34,Nübe Centro,Mostrador,Capuchino,1,8500,Nequi,C033
7304,2026-09-25,20:19,Nübe Centro,Mostrador,Frappé de café,1,$11.000,Nequi,
2465,2026-08-21,10:10,Nübe Centro,Mostrador,americano,1,5000,Tarjeta,C096
3507,2026-08-28,08:51,Nübe Centro,Mostrador,Frappé de café,1,11000,Tarjeta,
3490,2026-08-28,15:18,Nübe Centro,Mostrador, LATTE,1,,Nequi,C299
1284,2026-08-12,08:54,Nübe Altico,Mostrador,Tinto,1 und,3000,Efectivo,C240
3321,2026-08-27,07:46,Nübe Centro,Mostrador,Croissant,2,6000,Efectivo,C113
4183,2026-09-02,12:05,Nübe Centro,Mostrador,Croissant,1,6000,Efectivo,C202
2496,2026-08-21,06:47,Nübe Centro,Mostrador,latte,1,9000,Nequi,
4582,2026-09-05,15:27,Nübe Centro,Domicilio,Tinto,2,,Nequi,
779,2026-08-08,15:06,Nübe Altico,Domicilio,Chocolate caliente,1,7500,,C013
2645,2026-08-22,13:07,Nübe Centro,Mostrador,Chocolate caliente,1,7500,Tarjeta,
812,2026-08-08,10:54,NUBE ALTICO,Mostrador,Tinto,1,3000,Efectivo,
4563,2026-09-04,08:21,Nübe Altico,Mostrador,Croissant,1,6000,Nequi,
3629,2026-08-29,09:36,Nübe Centro,Mostrador,Frappé de café,1,11000,Nequi,C101
798,2026-08-08,18:15,Nübe Altico,Domicilio,Capuchino,3,8500,Tarjeta,C011
4309,2026-09-03,09:48,Nübe Centro,Mostrador,Chocolate caliente,1,7500,Nequi,
1556,2026-08-14,08:02,Nübe Altico,Mostrador,Latte,1,9000,Tarjeta,C261
4148,2026-09-01,09:53,Nübe Altico,Domicilio,Croissant,3,6000,Tarjeta,
1407,2026-08-13,08:42,Nübe Altico,Mostrador,Americano,1,$5.000,Tarjeta,
6996,2026-09-23,07:03,Nübe Centro,Domicilio,Latte,1,9000,Tarjeta,
4572,2026-09-05,07:27,Nübe Centro,Mostrador,Tinto,1,3000,Efectivo,
4908,2026-09-07,08:10,Nübe Centro,Mostrador,Capuchino,2,$8.500,Efectivo,C011
682,2026-08-08,12:34,Nübe Centro,Mostrador,Tinto,1,3000,Efectivo,
3575,2026-08-28,19:32,Nübe Altico,Mostrador,Frappé de café,1 und,11000,Nequi,
7468,2026-09-26,18:18,Nübe Altico,Mostrador,Frappe de cafe,1,11000,Nequi,C203
6014,2026-09-15,12:40,Nübe Altico,Domicilio,Capuchino,1,8500,TARJETA,
924,2026-08-09,08:04,Nübe Centro,Mostrador,Croissant de almendras,1,$8.000,Efectivo,
2833,2026-08-23,19:22,Nube Centro ,Mostrador,capuchino,2,8500,Tarjeta,
6386,2026-09-18,06:23,Nübe Altico,Mostrador,capuchino,1,8500,Efectivo,
6244,2026-09-17,09:30,Nübe Altico,Mostrador,Americano,1 und,5000,NEQUI,
7025,2026-09-23,07:28,Nübe Centro,Mostrador,Croissant,1,6000,Nequi,
7343,2026-09-25,11:48,NUBE ALTICO,Mostrador,Tinto,1,3000,Nequi,
555,2026-08-07,11:25,Nübe Centro,Mostrador,Latte,1,9000,Nequi,
7122,24/09/2026,09:18,Nübe Centro,Domicilio,Capuchino,1,8500,Nequi,
1048,2026-08-10,08:47,Nübe Centro,Mostrador,Americano,1,5000,Nequi,C111
4967,2026-09-07,08:43,Nübe El Altico,Mostrador,Americano,1,$5.000,NEQUI,
1012,2026-08-10,08:41,Nübe Centro,Mostrador,AMERICANO,1,5000,Efectivo,
5200,2026-09-09,14:00,Nübe Altico,Mostrador,Frappé de café,1,11000,Nequi,
5630,2026-09-12,14:19,Nübe Altico,Domicilio,croissant de almendras,1,$8.000,Tarjeta,
7121,2026-09-24,17:54,Nübe Centro,Mostrador,Croissant de almendras,1,8000,Efectivo,
1990,2026-08-17,08:54,centro,Mostrador,chocolate caliente,1,7500,Nequi,
2084,2026-08-18,12:35,Nübe Centro,Mostrador,Tinto,1,3000,Tarjeta,
6291,2026-09-18,17:03,Nübe Centro,Mostrador,Americano,1,5000,Nequi,
2838,2026-08-23,07:14,Nübe Centro,Mostrador,Capuccino,1,8500,Tarjeta,
3653,2026-08-29,11:53,Nübe Centro,Mostrador,CROISSANT ,1,6000,Nequi,C121
6652,2026-09-20,17:38,Nübe Centro,Mostrador,Capuchino,2,8500,Nequi,
2336,2026-08-20,07:44,Nübe Centro,Domicilio,Latte,1,9000,Nequi,C168
6821,2026-09-21,17:32,Nübe Centro,Mostrador,Tinto,2,3000,Nequi,
6486,2026-09-19,14:42,Nübe Centro,Mostrador, LATTE,1,9000,Nequi,
1773,2026-08-16,09:12,Nübe Centro,Mostrador,Americano,1,5000,Efectivo,
2241,19/08/2026,08:01,Nübe Centro,Mostrador,Chocolate caliente,1,7500,Efectivo,C133
5579,2026-09-12,08:56,Nübe Centro,Mostrador,Croissant,1,6000,Efectivo,C280
1823,16/08/2026,16:32,Nübe Centro,Mostrador, Capuchino ,2,8500,NEQUI,C114
3726,2026-08-29,06:24,Nübe Altico,Mostrador,Latte,1,9000,Efectivo,
2023,2026-08-17,12:36,Nübe Altico,Mostrador,Croissant,1,6000,Tarjeta,C074
2274,2026-08-19,07:05,Nübe Centro,Mostrador,Americano,1,5000,NEQUI,
5235,2026-09-09,09:43,Nübe Altico,Mostrador,Latte,1,$9.000,Efectivo,C207
1217,12/08/2026,19:38,Nübe Centro,Mostrador,Croissant de almendras,1,8000,Nequi,
6666,2026-09-20,06:39,Nübe Centro,Mostrador,Croissant de almendras,2,8000,Nequi,
447,2026-08-06,20:45,Nübe Altico,Mostrador,TINTO,1,3000,Nequi,
5450,2026-09-11,14:41,Nübe Centro,Mostrador,Croissant de almendras,1,$8.000,Tarjeta,C110
2055,2026-08-17,06:36,Nübe Altico,Domicilio,Tinto,1,3000,Tarjeta,
126,2026-08-04,12:03,Nübe Centro,Mostrador,Americano,1,$5.000,Tarjeta,C037
7198,2026-09-24,12:52,Nübe Altico,Mostrador,Capuchino,1,8500,,
6166,2026-09-17,18:51,Nübe Centro,Domicilio,frappé de café,1,11000,Nequi,
7236,25/09/2026,11:50,Nübe Centro,Domicilio,Tinto,1,3000,Nequi,
4241,2026-09-02,13:29,Nübe Centro,Mostrador,Croissant de almendras,1,8000,Tarjeta,
13,2026-08-03,09:08,Nübe Centro,Mostrador,Americano,2,5000,EFECTIVO,
7124,2026-09-24,18:21,Nübe Centro,Domicilio,Frappé de café,1,11000,Nequi,
5662,2026-09-13,17:08,Nübe Centro,Mostrador,Americano,1,5000,Efectivo,C055
1779,2026-08-16,06:33,NUBE CENTRO,Mostrador,Croissant de almendras,1,8000,Tarjeta,
2486,2026-08-21,06:25,Nübe Centro,Mostrador,Croissant,1,6000,Nequi,C277
3631,2026-08-29,10:45,centro,Mostrador,Capuchino,1,8500,Efectivo,
7458,2026-09-26,17:02,Nübe Altico,Mostrador,Tinto,1,3000,Nequi,
2133,2026-08-18,07:34,Nübe Centro,Mostrador,Croissant de almendras,1,8000,Nequi,C300
840,2026-08-08,10:54,Nübe Altico,Mostrador,Capuchino,1,8500,Nequi,
1976,17/08/2026,19:54,Nübe Centro,Mostrador,Croissant,1,6000,Efectivo,
6649,2026-09-20,14:38,Nübe Centro,Mostrador,Tinto,2,3000,Efectivo,
6280,2026-09-17,18:37,Nübe Altico,Mostrador,Americano,1,5000,Efectivo,
2189,2026-08-18,18:51,Nübe Altico,Mostrador,Americano,3,5000,Nequi,
1855,2026-08-16,08:16,centro,Mostrador,Tinto,1,3000,Tarjeta,C218
4165,2026-09-01,14:05,Nübe Altico,Domicilio,Croissant,1,$6.000,Nequi,
2947,2026-08-23,11:45,Nübe Altico,Mostrador,Croissant,1,6000,Tarjeta,C144
2680,2026-08-22,13:38,Nübe Centro,Mostrador,Capuchino,1,$8.500,Nequi,C028
2566,2026-08-21,14:33,Nübe Altico,Mostrador,tinto,1,,Nequi,
2954,2026-08-23,17:47,Nübe Altico,Mostrador,Croissant de almendras,1,8000,Efectivo,
2767,2026-08-22,16:53,Nübe Altico,Domicilio,Latte,1,9000,Nequi,C099
2715,2026-08-22,11:16,Nübe Altico,Mostrador,Croissant,1,6000,NEQUI,
7184,2026-09-24,13:40,Nübe Altico,Mostrador,Capuchino,1,8500,Tarjeta,
383,2026-08-06,16:55,Nübe Centro,Mostrador,Frappé de café,1,11000,Nequi,
2173,2026-08-18,10:50,Nübe Altico,Domicilio,Croissant,1,6000,Tarjeta,
117,2026-08-04,16:11,Nübe Centro,Domicilio,Tinto,1,3000,Nequi,C228
7553,2026-09-27,10:36,Nübe Centro,Domicilio,Frappe de cafe,1,11000,Nequi,
7652,2026-09-27,12:50,Nübe Altico,Mostrador,Frappé de café,1 und,11000,Nequi,
6555,2026-09-19,07:03,Nübe Altico,Mostrador,Frappé de café,1,11000,Nequi,
3029,2026-08-24,11:05,Nube Centro ,Domicilio,CROISSANT ,1,6000,Efectivo,
5133,2026-09-09,15:39,Nübe Centro,Mostrador,Croissant,1,6000,Efectivo,C066
4785,06/09/2026,11:39,Nübe Centro,Mostrador,Chocolate caliente,2 und,7500,Tarjeta,C083
5921,2026-09-14,09:53,Nübe Altico,Domicilio,Frappé de café,1,11000,Efectivo,C025
16,2026-08-03,11:12,Nübe Centro,Mostrador,Americano,1,5000,Nequi,C238
7229,2026-09-24,15:59,Nübe Altico,Domicilio,Tinto,1,3000,Efectivo,C119
6255,2026-09-17,12:19,Nübe Altico,Mostrador,Frappé de café,1 und,11000,Efectivo,
4191,2026-09-02,15:31,Nübe Centro,Mostrador,Americano,3,5000,,
1155,2026-08-11,11:32,Nübe Altico,Mostrador,AMERICANO,2,5000,Efectivo,
1708,2026-08-15,09:10,Nübe Altico,Mostrador,Frappé de café,1,11000,Tarjeta,C059
3166,2026-08-25,09:22,Nübe Altico,Domicilio,Capuchino,1,8500,Efectivo,
4708,2026-09-05,08:45,Nübe Altico,Mostrador,Americano,1,5000,Tarjeta,
4786,2026-09-06,09:18,Nübe Centro,Mostrador,croissant,1,6000,Nequi,
5206,2026-09-09,14:19,Nübe El Altico,Mostrador,Americano,2,5000,Efectivo,
6860,2026-09-21,18:55,Nübe Altico,Mostrador,Capuchino,1,8500,Tarjeta,C233
2715,2026-08-22,11:16,Nübe Altico,Mostrador,Tinto,1,3000,Nequi,
1312,2026-08-12,08:53,altico,Mostrador,Croissant,1,6000,Nequi,C255
1091,2026-08-11,06:20,Nübe Centro,Mostrador,Croissant de almendras,1,8000,Efectivo,C005
2405,2026-08-20,18:26,Nübe Centro,Mostrador,Americano,1,5000,Nequi,
6010,2026-09-15,12:38,Nübe Altico,Mostrador,Croissant almendras,1,8000,Tarjeta,
5338,2026-09-10,11:08,Nübe Altico,Mostrador,Tinto ,1,3000,Tarjeta,C145
2508,2026-08-21,08:25,Nübe Centro,Domicilio,latte,1,9000,Nequi,C048
938,2026-08-09,12:08,Nübe Centro,Mostrador,Croissant,1,6000,Efectivo,C058
7137,2026-09-24,08:29,Nübe Centro,Mostrador,americano,2,5000,,
3587,2026-08-28,19:12,Nübe Altico,Mostrador,Tinto,1,$3.000,Nequi,C097
4549,04/09/2026,19:39,Nübe Altico,Mostrador,AMERICANO,1,5000,Tarjeta,
7500,2026-09-26,09:24,Nübe El Altico,Mostrador,chocolate caliente,3,7500,Nequi,
1485,14/08/2026,07:28,Nübe Centro,Mostrador,Croissant,2,6000,Tarjeta,C102
6823,2026-09-21,10:12,Nübe Centro,Mostrador,Croissant de almendras,2,8000,Tarjeta,C052
899,2026-08-09,07:38,Nübe Centro,Domicilio,Capuchino,1,8500,Tarjeta,
1073,2026-08-10,16:31,Nübe Altico,Domicilio,Tinto,1,3000,Nequi,
4691,2026-09-05,06:30,Nübe Altico,Mostrador,Capuchino,1,8500,Efectivo,C023
4119,2026-09-01,08:27,Nübe Centro,Mostrador,Tinto,1,$3.000,Tarjeta,C273
3973,2026-08-31,17:49,Nübe Centro,Mostrador,Croissant de almendras,1 und,8000,Efectivo,C061
1664,15/08/2026,12:24,Nübe Centro,Mostrador,Croissant,1,6000,Nequi,
2848,2026-08-23,08:29,Nübe Centro,Mostrador,Latte,1,$9.000,Tarjeta,
5493,2026-09-11,15:37,Nübe Altico,Mostrador,CROISSANT ,2,$6.000,Nequi,
1308,2026-08-12,10:22,Nübe Altico,Mostrador, LATTE,1,9000,Tarjeta,
2090,2026-08-18,13:27,Nübe Centro,Mostrador,Frappe de cafe,1,11000,Tarjeta,C276
2380,2026-08-20,10:32,Nübe Centro,Mostrador,Chocolate caliente,1,7500,Nequi,
476,2026-08-07,15:57,Nübe Centro,Mostrador,Capuchino,3,8500,Efectivo,
865,2026-08-09,19:55,Nübe Centro,Mostrador,Tinto,1,$3.000,Tarjeta,
6267,2026-09-17,07:38,Nübe Altico,Mostrador,Croissant,1,6000,Nequi,
7145,2026-09-24,12:58,Nübe Centro,Mostrador,Croissant,1,6000,Nequi,
2279,2026-08-19,08:07,Nube Centro ,Mostrador,Croissant de almendras,2,,Nequi,
753,2026-08-08,07:42,Nübe Centro,Domicilio,Capuchino,1,8500,Nequi,C143
6575,2026-09-19,16:16,Nübe Altico,Mostrador,Croissant de almendras,1,8000,Efectivo,
556,07/08/2026,10:59,Nübe Centro,Mostrador,Americano,1,5000,Efectivo,C157
7017,2026-09-23,06:40,Nübe Centro,Mostrador,Frappé de café,2,$11.000,Efectivo,C175
3656,2026-08-29,09:57,Nübe Centro,Domicilio,Croissant,2,6000,Nequi,
4875,2026-09-06,20:19,Nübe Altico,Domicilio,Frappé de café,1,11000,Efectivo,C166
5686,2026-09-13,10:50,Nübe Centro,Mostrador,Latte,2,$9.000,Tarjeta,
3742,2026-08-29,08:38,Nübe Altico,Mostrador,Croissant de almendras,0,8000,Efectivo,C151
1691,2026-08-15,10:31,Nübe Centro,Mostrador,Croissant,1,6000,Nequi,
2338,20/08/2026,09:03,Nübe Centro,Mostrador,Latte,2,$9.000,Efectivo,
2042,2026-08-17,16:43,NUBE ALTICO,Mostrador,Americano,1,5000,Nequi,
3539,2026-08-28,17:38,altico,Mostrador,Latte,2,$9.000,Tarjeta,
1079,2026-08-10,12:20,Nübe Altico,Mostrador,Capuchino,2,8500,Nequi,
5165,2026-09-09,19:06,Nübe Centro,Mostrador,Capuchino,3,8500,Nequi,
7441,2026-09-26,07:06,Nübe Centro,Domicilio,Frappé de café,2,11000,Efectivo,
3627,2026-08-29,11:18,Nübe Centro,Mostrador,Chocolate caliente,1,7500,Nequi,
7488,2026-09-26,06:17,Nübe Altico,Mostrador,Chocolate caliente,1 und,7500,Tarjeta,
3401,2026-08-27,08:10,Nübe Altico,Mostrador,Tinto,1,3000,Tarjeta,C062
3695,2026-08-29,08:26,Nübe Centro,Mostrador,Croissant,1,6000,Efectivo,C112
4391,2026-09-03,08:18,Nübe Altico,Domicilio,Capuchino,1,8500,NEQUI,
2738,2026-08-22,09:36,Nübe Altico,Mostrador,Croissant,1,6000,Tarjeta,
1100,2026-08-11,12:59,Nübe Centro,Mostrador,Chocolate caliente,1,7500,Tarjeta,
3915,2026-08-30,09:55,Nübe Altico,Mostrador,Americano,2,,Tarjeta,
39,2026-08-03,15:07,Nübe Centro,Mostrador,Frappé de café,2,11000,Efectivo,
4177,01/09/2026,13:02,altico,Mostrador,Capuchino,1,8500,Efectivo,
2811,2026-08-23,09:18,NUBE CENTRO,Mostrador,Croissant de almendras,1 und,8000,Tarjeta,C141
2902,2026-08-23,08:35,Nübe Altico,Mostrador,Tinto,1 und,3000,Efectivo,
1069,2026-08-10,10:05,Nübe Altico,Mostrador,Chocolate caliente,1,7500,Tarjeta,
4431,04/09/2026,09:48,Nübe Centro,Mostrador,Latte,1,9000,Efectivo,
4808,2026-09-06,08:48,Nübe Centro,Mostrador,Croissant,1,,Tarjeta,C109
3296,26/08/2026,07:33,Nübe Altico,Domicilio,Chocolate  caliente,1,7500,Nequi,
5258,2026-09-10,18:12,centro,Mostrador,Capuchino,1,8500,Nequi,C033
41,2026-08-03,11:19,Nübe Centro,Mostrador,Capuchino,1,8500,Efectivo,C005
2690,2026-08-22,08:17,Nübe Centro,Mostrador,Croissant,1,6000,Tarjeta,
6786,2026-09-21,13:22,centro,Mostrador,Croissant de almendras,2,8000,TARJETA,C253
591,2026-08-07,09:06,Nübe Altico,Mostrador,Croissant,1,6000,Tarjeta,C126
6339,18/09/2026,14:21,Nübe Centro,Domicilio,Croissant de almendras,2,$8.000,Tarjeta,C273
7363,2026-09-25,08:46,Nübe Altico,Mostrador,Capuchino,1,,EFECTIVO,
2300,2026-08-19,09:20,Nübe Altico,Mostrador,Croissant,2,6000,Tarjeta,
4394,2026-09-03,12:37,Nübe Altico,Mostrador,tinto,1,3000,Efectivo,C273
3277,2026-08-26,13:55,Nübe Altico,Mostrador,Capuchino,1,8500,TARJETA,C254
4121,2026-09-01,16:16,Nube Centro ,Domicilio,Latte,2,9000,Efectivo,C264
2158,2026-08-18,15:43,Nübe Centro,Mostrador,Americano,1,5000,Nequi,C291
3787,30/08/2026,20:53,Nübe Centro,Mostrador,Croissant de almendras,1,8000,Nequi,
5406,2026-09-11,16:27,Nübe Centro,Mostrador,Tinto,1,3000,Nequi,C028
5063,2026-09-08,17:46,Nübe Centro,Mostrador,Chocolate caliente,1,7500,Efectivo,
4973,2026-09-07,08:01,Nübe Altico,Mostrador,Tinto,1,3000,Nequi,C096
2765,2026-08-22,09:36,Nübe Altico,Mostrador,Capuchino,1,8500,Tarjeta,C106
1793,2026-08-16,15:39,Nübe Centro,Mostrador,Latte,1,9000,Efectivo,
6054,2026-09-16,09:43,Nübe Centro,Mostrador,Tinto,1,3000,Tarjeta,C151
1596,2026-08-15,08:26,Nübe Centro,Domicilio,Tinto,1,3000,Efectivo,C224
3112,2026-08-25,16:06,Nübe Centro,Mostrador,Capuchino,2,8500,,
6903,2026-09-22,08:53,Nübe Centro,Mostrador,Tinto,1,3000,Nequi,
975,2026-08-09,16:58,Nübe Altico,Mostrador,Croissant de almendras,1,8000,Efectivo,C149
6385,2026-09-18,15:48,Nübe Altico,Domicilio,Croissant de almendras,1,8000,Tarjeta,C220
4689,2026-09-05,10:33,Nübe Altico,Domicilio,Latte,2,9000,NEQUI,
929,09/08/2026,07:33,Nübe Centro,Domicilio,Frappé de café,1,11000,Tarjeta,C128
2467,2026-08-21,16:05,Nübe Centro,Domicilio,tinto,1,3000,Efectivo,
7128,2026-09-24,15:24,Nübe Centro,Mostrador,Croissant,1,6000,,
1163,2026-08-11,15:50,Nübe Altico,Domicilio, LATTE,1,9000,Nequi,
2998,2026-08-24,18:31,Nübe Centro,Mostrador,Croissant,1,6000,Nequi,
5224,2026-09-09,12:44,Nübe Altico,Mostrador,Capuchino,1,8500,TARJETA,
2187,18/08/2026,11:22,Nübe Altico,Mostrador,Tinto,2,3000,Tarjeta,C145
5723,13/09/2026,08:42,Nübe Centro,Mostrador,Americano,1,5000,Efectivo,
2640,2026-08-22,06:58,Nübe Centro,Mostrador,Croissant,1,$6.000,Nequi,C184
6009,2026-09-15,08:38,Nübe Altico,Domicilio,Chocolate caliente,2,7500,Efectivo,C289
3041,2026-08-24,09:08,Nübe Centro,Mostrador,Americano,1,5000,Efectivo,C239
1614,2026-08-15,08:55,Nübe Centro,Mostrador,Americano,2,5000,Efectivo,C075
1302,2026-08-12,07:20,Nübe Altico,Mostrador,Croissant de almendras,2,8000,Efectivo,C070
5050,2026-09-08,15:35,Nübe Centro,Mostrador,Capuchino,2,8500,Efectivo,C161
6266,2026-09-17,08:42,Nübe Altico,Mostrador,Croissant,1,6000,Tarjeta,
4667,2026-09-05,08:35,Nübe Altico,Mostrador,Capuchino,1,8500,Tarjeta,
2853,2026-08-23,10:44,Nübe Centro,Mostrador,Croissant,1,6000,Efectivo,C160
4868,2026-09-06,07:14,Nübe Altico,Mostrador,Capuchino,1,8500,Tarjeta,
1242,2026-08-12,07:37,Nübe Centro,Mostrador,Frappé de café,2,$11.000,Nequi,
3438,2026-08-27,13:27,Nübe El Altico,Domicilio,Frappé de café,1,11000,Efectivo,
6361,2026-09-18,08:59,Nübe Centro,Mostrador,Croissant,1,6000,Tarjeta,
6190,17/09/2026,07:30,Nübe Centro,Mostrador,Frappé de café,2,11000,Tarjeta,
476,2026-08-07,15:57,Nübe Centro,Mostrador,Chocolate caliente,2,7500,Efectivo,
2720,2026-08-22,10:00,Nübe Altico,Mostrador,Latte,1,9000,Efectivo,
5659,13/09/2026,09:27,Nübe Centro,Mostrador,Croisant,2,6000,TARJETA,C228
5987,2026-09-15,10:41,Nübe Centro,Domicilio,Chocolate  caliente,1,7500,Nequi,
722,2026-08-08,19:49,Nübe Centro,Domicilio,Latte,2,9000,Efectivo,
5011,2026-09-08,16:28,Nübe Centro,Mostrador,Tinto,1,3000,Nequi,
2059,2026-08-17,07:01,Nübe Altico,Mostrador,Capuchino,3,8500,Efectivo,
4206,2026-09-02,10:39,Nübe Centro,Mostrador,Croissant de almendras,2 und,8000,Efectivo,
4260,2026-09-02,18:50,Nübe Altico,Domicilio,Tinto,1,3000,Efectivo,
3838,2026-08-30,13:21,Nübe Centro,Domicilio,Croissant,1,6000,EFECTIVO,C045
5111,2026-09-08,10:20,Nübe El Altico,Mostrador,Capuccino,1,8500,,
1671,2026-08-15,13:35,Nübe Centro,Mostrador,Capuchino,1 und,8500,,C171
309,05/08/2026,10:11,Nübe Altico,Domicilio,Croissant,1,6000,Efectivo,
1745,2026-08-15,16:47,Nübe Altico,Domicilio,Chocolate caliente,1,7500,Tarjeta,C239
5103,2026-09-08,08:26,Nübe Altico,Mostrador,Croissant de almendras,1,8000,Efectivo,C129
2560,2026-08-21,18:38,Nübe Altico,Mostrador,croissant,1,6000,Nequi,
6784,2026-09-21,08:08,Nübe Centro,Mostrador,Croisant,1,6000,Nequi,
6698,2026-09-20,13:38,Nübe Centro,Domicilio,Frappé de café,1,11000,Nequi,C003
7295,2026-09-25,07:12,Nübe Centro,Mostrador,Chocolate caliente,1,$7.500,Nequi,
5749,2026-09-13,10:31,Nübe Altico,Mostrador,Croisant,1,6000,Nequi,
3444,2026-08-27,17:45,Nübe Altico,Mostrador,Americano,1,$5.000,Efectivo,C284
6698,2026-09-20,13:38,Nube Centro ,Domicilio,Chocolate caliente,1,$7.500,Nequi,C003
2964,2026-08-23,10:10,Nübe Altico,Domicilio,Croisant,1,$6.000,Tarjeta,
2549,2026-08-21,15:02,Nübe Altico,Domicilio,Latte,1,9000,Efectivo,C221
192,2026-08-04,07:57,Nübe Altico,Domicilio,Americano,1,5000,Tarjeta,
6849,2026-09-21,07:03,Nübe Altico,Mostrador,Americano,1,5000,Efectivo,
5768,2026-09-13,07:54,Nübe Altico,Mostrador,Tinto,1,3000,Tarjeta,C014
5679,2026-09-13,16:13,Nübe Centro,Mostrador,Croissant de almendras,1,8000,Nequi,C157
1925,2026-08-17,07:45,Nübe Centro,Mostrador,Latte,1,9000,Efectivo,C031
71,2026-08-03,09:15,Nübe Altico,Mostrador,Croissant,1,6000,Efectivo,C141
1060,2026-08-10,06:34,Nübe Altico,Mostrador,Latte,1,9000,Nequi,C217
1549,2026-08-14,09:56,Nübe Altico,Mostrador,Tinto,1,3000,Nequi,C164
3293,2026-08-26,07:54,Nübe Altico,Mostrador,Tinto,1,3000,Tarjeta,
5598,2026-09-12,09:48,Nübe Centro,Mostrador,Tinto,1,3000,Tarjeta,
747,2026-08-08,10:52,Nübe Centro,Mostrador,capuchino,1,8500,Tarjeta,
2994,2026-08-24,12:38,Nübe Centro,Mostrador,Frappé de café,1,11000,Tarjeta,C231
7297,2026-09-25,08:30,Nübe Centro,Mostrador,Chocolate  caliente,2,$7.500,Efectivo,C103
7604,2026-09-27,11:32,Nübe Centro,Mostrador,Tinto,1,3000,Tarjeta,C158
3452,2026-08-27,06:00,Nübe Altico,Mostrador,Capuchino,1,8500,Efectivo,C118
4096,2026-09-01,09:10,Nübe Centro,Mostrador,Tinto,1,3000,Nequi,C002
7306,2026-09-25,07:58,Nübe Centro,Domicilio,Capuchino,2,8500,Nequi,
554,2026-08-07,13:14,Nübe Centro,Domicilio,Latte,1,9000,Efectivo,
2692,2026-08-22,09:27,Nübe Centro,Mostrador,Croissant,1,6000,Tarjeta,
5735,13/09/2026,12:55,Nübe Centro,Mostrador,Capuchino,1,8500,Efectivo,
962,2026-08-09,07:59,Nübe Altico,Mostrador,Croissant,2,$6.000,Efectivo,
5388,2026-09-10,12:20,Nübe Altico,Mostrador,Croissant de almendras,1,8000,Nequi,
3973,2026-08-31,17:49,Nübe Centro,Mostrador,Tinto,1,3000,Efectivo,C061
6590,2026-09-19,08:15,Nübe Altico,Mostrador,AMERICANO,1,5000,Nequi,C194
2905,2026-08-23,11:29,Nübe Altico,Mostrador,Croissant,1,6000,Nequi,
6480,2026-09-19,17:51,Nübe Centro,Mostrador,Tinto,1,3000,Efectivo,C247
694,08/08/2026,08:05,Nübe Centro,Mostrador,Americano,1,5000,Efectivo,
510,2026-08-07,16:14,Nübe Centro,Mostrador,Late,1,9000,Tarjeta,C024
6979,2026-09-22,14:07,Nübe Altico,Mostrador,Frappé de café,1,11000,Efectivo,
2790,2026-08-22,09:07,Nübe Altico,Mostrador,Tinto,1,3000,Efectivo,C065
2743,2026-08-22,11:12,Nübe Altico,Mostrador,Tinto,1,3000,Tarjeta,C001
5807,2026-09-13,07:02,Nübe Altico,Mostrador,Croissant de almendras,1,8000,Nequi,
2998,2026-08-24,18:31,Nübe Centro,Mostrador,Tinto,1,3000,NEQUI,
7153,2026-09-24,12:44,Nübe Centro,Mostrador,Chocolate caliente,1,$7.500,TARJETA,
2988,24/08/2026,19:04,Nübe Centro,Mostrador,Frappé de café,2,11000,TARJETA,
1653,2026-08-15,10:37,Nübe Centro,Mostrador,Tinto ,1,3000,Efectivo,
7143,2026-09-24,17:54,Nübe Centro,Mostrador,Tinto ,1,3000,Efectivo,C186
539,2026-08-07,19:02,Nübe Centro,Domicilio,Tinto ,1,$3.000,Tarjeta,
4653,2026-09-05,08:21,Nübe Centro,Mostrador,Americano,1,5000,Nequi,
3977,2026-08-31,17:42,Nübe Centro,Domicilio,Frappé de café,1,11000,Tarjeta,C156
6457,2026-09-19,10:09,Nübe Centro,Mostrador,Croissant,1,6000,Nequi,C046
2520,2026-08-21,18:58,Nübe Centro,Domicilio,Capuchino,1,8500,Tarjeta,
3099,2026-08-25,17:07,Nübe Centro,Mostrador,Americano,1,5000,Efectivo,
2903,2026-08-23,14:42,Nübe Altico,Domicilio,Croissant de almendras,1,8000,Nequi,
6447,2026-09-19,06:51,Nübe Centro,Mostrador,Capuchino,1,8500,Tarjeta,
2745,22/08/2026,12:12,altico,Domicilio,Capuchino,1,8500,EFECTIVO,
7611,2026-09-27,17:53,Nübe Centro,Mostrador,Capuchino,1,8500,Efectivo,
1567,2026-08-14,16:40,Nübe Altico,Mostrador,Tinto,3,3000,Efectivo,
2192,2026-08-18,15:46,Nübe Altico,Mostrador,Frappé de café,1,11000,Nequi,C253
6400,2026-09-18,18:19,Nübe Altico,Mostrador,TINTO,2,3000,Tarjeta,C035
6645,2026-09-20,19:51,Nübe Centro,Domicilio,Latte,1,9000,Tarjeta,
5906,2026-09-14,17:17,Nübe Altico,Domicilio,Americano,1,5000,Nequi,
4289,2026-09-02,08:32,Nübe Altico,Mostrador,Tinto,3,3000,Nequi,C171
7355,2026-09-25,12:14,Nübe Altico,Mostrador,Chocolate caliente,2,7500,Efectivo,
6627,2026-09-20,14:36,Nube Centro ,Domicilio,Capuchino,2,8500,Tarjeta,C259
2478,2026-08-21,14:59,Nube Centro ,Mostrador,Latte,1,9000,NEQUI,
2845,2026-08-23,06:35,Nübe Centro,Mostrador,Croissant,1,6000,EFECTIVO,
349,2026-08-06,09:09,Nübe Centro,Mostrador,Frappé de café,2,11000,Nequi,C019
1882,2026-08-16,08:49,Nübe Altico,Domicilio,Tinto,2,3000,NEQUI,
200,2026-08-04,15:14,Nübe Altico,Mostrador,Chocolate caliente,1,7500,Efectivo,
6621,2026-09-19,07:38,Nübe Altico,Mostrador,Tinto,1,3000,Efectivo,
6124,2026-09-16,16:13,Nübe Altico,Domicilio,AMERICANO,2,5000,Tarjeta,
5414,2026-09-11,15:44,Nübe Centro,Mostrador,Capuchino,1,$8.500,Efectivo,
6782,2026-09-21,07:30,Nube Centro ,Mostrador,Capuchino,1,8500,Efectivo,
2917,2026-08-23,15:57,Nübe Altico,Mostrador,Chocolate caliente,1,7500,Tarjeta,
4460,2026-09-04,08:42,Nübe Centro,Mostrador,Tinto,1,3000,Efectivo,
4,2026-08-03,15:04,Nübe Centro,Mostrador,Frappe de cafe,1,11000,EFECTIVO,
2813,2026-08-23,15:25,Nübe Centro,Mostrador,Croissant,1,6000,Efectivo,
7549,2026-09-27,18:22,Nübe Centro,Mostrador,Croissant de almendras,1,8000,Efectivo,
4764,2026-09-06,08:07,Nübe Centro,Mostrador,Croissant,1,6000,Nequi,
1280,12/08/2026,11:33,Nübe Altico,Mostrador,Americano,1,$5.000,Tarjeta,
1501,2026-08-14,08:00,Nübe Centro,Mostrador,Tinto,1,3000,Efectivo,C124
6459,19/09/2026,13:05,centro,Mostrador,Latte,1,9000,Efectivo,
2204,19/08/2026,08:25,Nübe Centro,Mostrador,Tinto,3,3000,Tarjeta,C140
2991,2026-08-24,11:46,Nübe Centro,Mostrador,Croissant,2,6000,Efectivo,C291
2052,2026-08-17,08:14,Nübe Altico,Mostrador,Croissant,1,6000,Efectivo,C246
2375,2026-08-20,10:06,Nübe Centro,Mostrador,Croissant,1,,Efectivo,
4960,2026-09-07,09:03,Nübe Altico,Mostrador,Croissant de almendras,1,8000,Tarjeta,C273
4205,02/09/2026,17:31,Nübe Centro,Domicilio,Croissant,1,$6.000,Tarjeta,C264
1545,2026-08-14,08:29,Nübe Altico,Domicilio,Latte,1,9000,Efectivo,C182
4091,2026-09-01,16:32,Nübe Centro,Mostrador,Tinto,1,3000,Nequi,
643,2026-08-07,10:40,Nübe Altico,Mostrador,Chocolate caliente,1,7500,Nequi,
4201,2026-09-02,17:49,Nübe Centro,Domicilio,Chocolate caliente,1,7500,Efectivo,
4353,2026-09-03,20:27,Nübe Centro,Mostrador,Croissant,3,6000,Efectivo,C042
1583,2026-08-15,07:49,Nübe Centro,Mostrador,Latte,1,9000,Efectivo,C164
7365,26/09/2026,14:51,Nube Centro ,Domicilio,Tinto,1,3000,EFECTIVO,
303,2026-08-05,10:12,Nübe Altico,Mostrador,Capuchino,3,8500,Efectivo,
3457,2026-08-27,10:04,Nübe Altico,Mostrador,Croissant de almendras,2,8000,NEQUI,
7573,27/09/2026,17:25,NUBE CENTRO,Mostrador,CAPUCHINO,1,8500,Efectivo,
6583,2026-09-19,13:51,Nübe Altico,Mostrador,Croissant,1,$6.000,Nequi,
5675,2026-09-13,07:57,Nübe Centro,Mostrador,Croissant,3 und,6000,Nequi,C300
1226,2026-08-12,13:09,Nübe Centro,Mostrador,Late,1,9000,Nequi,
6115,2026-09-16,18:47,Nübe Altico,Mostrador,Croissant,1,6000,EFECTIVO,
6496,2026-09-19,09:52,Nübe Centro,Mostrador,Chocolate caliente,1,7500,Nequi,
1030,2026-08-10,06:06,Nübe Centro,Mostrador,Latte,1,9000,Tarjeta,
3174,2026-08-25,20:01,Nübe Altico,Mostrador,Latte,2 und,9000,Tarjeta,
3740,2026-08-29,10:26,Nübe Altico,Mostrador,Capuchino,1,8500,Tarjeta,
2168,2026-08-18,10:44,Nübe El Altico,Domicilio,Croissant,2,6000,Tarjeta,C196
860,2026-08-09,06:20,Nübe Centro,Mostrador,Croissant,1,6000,Efectivo,
1353,2026-08-13,08:45,Nübe Centro,Mostrador,Tinto,1,3000,Efectivo,
6401,18/09/2026,13:30,Nübe Altico,Mostrador,Americano,1,5000,Tarjeta,C221
3500,2026-08-28,16:12,Nübe Centro,Mostrador,Capuchino,1,8500,Tarjeta,
7330,2026-09-25,08:04,Nübe Altico,Mostrador,Latte,3,$9.000,Efectivo,C138
6925,2026-09-22,07:33,centro,Mostrador,Capuchino,3,8500,Nequi,C060
4914,2026-09-07,15:11,Nübe Centro,Mostrador,Capuchino,2,8500,Efectivo,C162
7229,2026-09-24,15:59,Nübe Altico,Domicilio,Chocolate caliente,1,7500,Efectivo,C119
4395,2026-09-03,11:47,Nübe Altico,Domicilio,Croissant de almendras,1,8000,Efectivo,
1073,2026-08-10,16:31,Nübe Altico,Domicilio,Capuchino,1,8500,Nequi,
3136,2026-08-25,09:26,centro,Mostrador,Croissant almendras,1,8000,Efectivo,
4449,2026-09-04,16:10,Nübe Centro,Domicilio,Frappé de café,1,11000,Tarjeta,C127
7374,2026-09-26,13:45,centro,Mostrador,Chocolate caliente,1,7500,Nequi,C187
7083,2026-09-23,16:47,Nübe Altico,Domicilio,Capuchino,1,$8.500,Nequi,
1372,2026-08-13,09:54,Nübe Centro,Mostrador,capuchino,1,8500,Tarjeta,
2277,2026-08-19,13:34,Nübe Centro,Mostrador,Frappe de cafe,1,$11.000,Efectivo,C108
2437,2026-08-20,10:12,Nübe Altico,Mostrador,Latte,1,9000,EFECTIVO,
1921,2026-08-17,10:55,Nübe Centro,Mostrador,Croisant,1,6000,Nequi,C112
5662,2026-09-13,17:08,Nübe Centro,Mostrador,Tinto,2,3000,Efectivo,C055
2666,2026-08-22,14:25,Nübe Centro,Mostrador,Capuchino,1,8500,Efectivo,C094
4584,2026-09-05,09:16,Nübe Centro,Domicilio,Capuccino,1,8500,Nequi,C122
728,2026-08-08,15:03,Nübe Centro,Mostrador,Capuchino,1 und,8500,Efectivo,C031
5036,2026-09-08,08:50,Nübe Centro,Mostrador,Croissant,1,6000,Tarjeta,
4382,2026-09-03,15:40,Nübe Altico,Mostrador,Croissant de almendras,1,8000,Efectivo,
5865,2026-09-14,08:29,Nübe Centro,Domicilio,Tinto,1,3000,Nequi,C264
7246,25/09/2026,08:14,Nübe Centro,Mostrador,Croissant de almendras,2,8000,Nequi,C147
7209,2026-09-24,07:06,Nübe Altico,Mostrador,Americano,1,5000,Nequi,C170
1042,2026-08-10,11:44,Nübe Centro,Mostrador,Capuchino,1,8500,Nequi,C239
1209,12/08/2026,08:27,Nübe Centro,Domicilio,Tinto,1,3000,Efectivo,C266
5225,2026-09-09,09:43,Nübe Altico,Mostrador,Croissant,,6000,Efectivo,C010
1891,2026-08-16,07:38,Nübe Altico,Mostrador,Tinto,2,3000,TARJETA,C213
768,2026-08-08,14:30,NUBE ALTICO,Mostrador,Croissant de almendras,1,$8.000,Tarjeta,
5356,10/09/2026,14:52,Nübe Altico,Mostrador,Capuchino,2,8500,Nequi,
4265,2026-09-02,17:52,Nübe Altico,Mostrador,Frappé de café,1,11000,Efectivo,
1893,16/08/2026,17:05,Nübe Altico,Domicilio,Americano,1,5000,Efectivo,C293
5855,2026-09-14,08:46,Nübe Centro,Mostrador,Chocolate caliente,2,7500,Efectivo,
5499,11/09/2026,08:19,Nübe Altico,Mostrador,Americano,2,5000,Efectivo,C151
6205,2026-09-17,07:47,Nübe Centro,Mostrador,Latte,1,9000,Tarjeta,
6135,2026-09-16,09:24,Nübe Altico,Mostrador,Tinto,1,3000,Efectivo,C206
6284,2026-09-17,09:45,Nübe Altico,Mostrador,Croissant,1,6000,Nequi,
55,2026-08-03,07:03,Nübe Centro,Mostrador,Tinto,1,3000,Tarjeta,
6706,2026-09-20,20:27,Nübe Centro,Mostrador,Croissant de almendras,2,8000,Tarjeta,C183
1523,2026-08-14,07:36,Nübe Altico,Mostrador, LATTE,1,$9.000,Tarjeta,C085
3032,2026-08-24,07:40,Nübe Centro,Mostrador,Capuchino,1,8500,Efectivo,
1746,2026-08-15,10:47,Nübe Altico,Mostrador,capuchino,1,8500,Nequi,C162
2817,2026-08-23,08:41,Nübe Centro,Mostrador,Latte,2,9000,Tarjeta,C147
5324,2026-09-10,15:38,Nübe Centro,Mostrador,Croissant,1,$6.000,Tarjeta,
3926,2026-08-31,06:14,Nübe Centro,Mostrador,Latte,1,9000,Efectivo,
4515,2026-09-04,08:50,Nübe El Altico,Domicilio,Croissant,1,6000,NEQUI,
1934,17/08/2026,12:27,Nübe Centro,Mostrador,Tinto,2,3000,Nequi,
5438,2026-09-11,09:01,Nübe Centro,Mostrador,Croissant,2,6000,Tarjeta,
4876,2026-09-06,07:48,Nübe Altico,Mostrador,tinto,1,3000,Efectivo,
1729,2026-08-15,13:31,Nübe Altico,Domicilio,Capuccino,1,8500,Efectivo,
7033,2026-09-23,07:23,Nübe Centro,Mostrador,Croissant almendras,1,8000,Efectivo,
1673,2026-08-15,07:00,Nübe Centro,Mostrador,Americano,1,5000,Tarjeta,
4533,2026-09-04,11:28,Nübe Altico,Mostrador,Croissant,1,6000,Nequi,C200
3274,2026-08-26,11:46,Nübe Altico,Mostrador,Americano,1,5000,TARJETA,C166
2818,2026-08-23,12:15,centro,Mostrador,AMERICANO,1,5000,Efectivo,
1131,2026-08-11,09:44,Nübe Centro,Mostrador,Chocolate caliente,1,$7.500,Efectivo,C289
3979,2026-08-31,09:53,Nübe Centro,Mostrador,Croissant de almendras,1,8000,Nequi,
4056,01/09/2026,12:09,Nübe Centro,Mostrador,Croissant,1,6000,EFECTIVO,C219
3090,2026-08-24,11:52,Nübe Altico,Mostrador,Tinto,1,3000,Tarjeta,C130
836,2026-08-08,15:00,Nübe Altico,Domicilio,Tinto,1,3000,Efectivo,
7403,2026-09-26,10:55,Nübe Centro,Domicilio,Chocolate caliente,1,$7.500,Nequi,
1226,2026-08-12,13:09,Nübe Centro,Mostrador,Chocolate caliente,2,7500,Nequi,
2,2026-08-03,18:18,Nube Centro ,Mostrador,tinto,2,3000,Tarjeta,C061
313,2026-08-05,07:52,Nübe Altico,Mostrador,Croissant,1,6000,Efectivo,
4595,2026-09-05,08:50,Nübe Centro,Domicilio,Americano,2,5000,Tarjeta,C258
5478,11/09/2026,07:35,Nübe Altico,Mostrador,Tinto,3,3000,Tarjeta,C242
6171,2026-09-17,08:34,Nübe Centro,Mostrador,Croissant de almendras,1,8000,Efectivo,
6755,2026-09-20,07:09,Nübe Altico,Mostrador,Latte,1,9000,Tarjeta,
623,2026-08-07,16:52,Nübe Altico,Mostrador,Capuchino,1,8500,Tarjeta,C281
4147,2026-09-01,15:41,Nübe Altico,Mostrador,croissant,1,6000,Nequi,C150
381,2026-08-06,09:57,Nübe Centro,Mostrador,Croissant,1,6000,Tarjeta,
2195,18/08/2026,09:48,Nübe Altico,Domicilio,Tinto ,1,3000,Tarjeta,
3382,2026-08-27,17:05,Nübe Centro,Mostrador,Tinto,1,$3.000,Efectivo,
6345,2026-09-18,19:44,Nübe Centro,Mostrador,Americano,2,5000,Nequi,
2424,2026-08-20,07:11,Nübe Altico,Mostrador,Tinto,1,3000,Nequi,C297
5957,15/09/2026,09:49,Nübe Centro,Mostrador,Croissant,1 und,6000,Nequi,
2823,2026-08-23,07:43,Nübe Centro,Mostrador,Croissant de almendras,1,8000,Nequi,
5342,2026-09-10,06:30,Nübe Altico,Mostrador,Croissant de almendras,1,8000,Efectivo,
7021,2026-09-23,11:00,Nübe Centro,Mostrador,Latte,2,9000,NEQUI,
4398,2026-09-03,07:28,Nübe Altico,Mostrador,Tinto,1,3000,Efectivo,
6110,2026-09-16,08:58,Nübe Centro,Mostrador,croissant,2,6000,Efectivo,C228
3357,2026-08-27,08:35,Nübe Centro,Mostrador,Chocolate caliente,1,7500,Efectivo,
5138,2026-09-09,07:25,Nübe Centro,Mostrador,Croissant,1,6000,Nequi,C036
3094,2026-08-25,14:42,Nübe Centro,Mostrador,Tinto,2,3000,Tarjeta,C172
6163,2026-09-16,17:31,NUBE ALTICO,Mostrador,Capuchino,1,$8.500,Tarjeta,
6096,2026-09-16,07:24,Nübe Centro,Mostrador,tinto,1,3000,Tarjeta,C076
6606,19/09/2026,10:53,Nübe Altico,Mostrador,Croissant,1,,TARJETA,C127
7361,2026-09-25,16:01,Nübe Altico,Mostrador,CROISSANT ,1,6000,Nequi,
4143,2026-09-01,07:30,Nübe Altico,Mostrador,Chocolate caliente,1,7500,Tarjeta,
188,2026-08-04,09:21,Nübe Altico,Mostrador,Chocolate caliente,1,7500,EFECTIVO,C068
6293,2026-09-18,08:07,Nübe Centro,Mostrador, Capuchino ,1,$8.500,Nequi,
5806,2026-09-13,19:21,Nübe Altico,Mostrador,capuchino,1,8500,Nequi,C017
5351,2026-09-10,13:46,Nübe Altico,Domicilio,Latte,1,9000,Efectivo,
2012,17/08/2026,09:49,Nübe Altico,Mostrador,Capuchino,1,8500,Efectivo,C105
3334,2026-08-27,06:44,Nübe Centro,Mostrador,Croissant,1,6000,Nequi,
1536,2026-08-14,10:28,Nübe Altico,Mostrador,Tinto,1,3000,Nequi,C014
3923,2026-08-31,09:36,Nübe Centro,Mostrador,Tinto,1,3000,Nequi,C216
3201,2026-08-25,14:15,Nübe Altico,Mostrador,Americano,1,5000,Nequi,C062
7445,2026-09-26,19:59,Nube Centro ,Mostrador,Latte,1,,Nequi,C235
7277,2026-09-25,08:57,Nübe Centro,Mostrador,Croissant,1,6000,Nequi,C022
7320,2026-09-25,20:16,Nübe Altico,Mostrador,croissant,1,6000,EFECTIVO,
5262,2026-09-10,14:25,Nübe Centro,Domicilio,Latte,1,9000,Tarjeta,C138
2970,2026-08-23,19:52,Nübe Altico,Mostrador,Croissant,2,6000,Tarjeta,
6293,2026-09-18,08:07,Nübe Centro,Mostrador,Croissant,1,6000,Nequi,
2054,2026-08-17,12:59,Nübe Altico,Mostrador,Croissant,3,6000,Nequi,
433,2026-08-06,15:32,Nübe Altico,Mostrador,Croissant,1,6000,Nequi,C213
1875,2026-08-16,08:23,Nübe Altico,Mostrador,Frappé de café,1,11000,Efectivo,C292
1328,13/08/2026,08:47,Nübe Centro,Mostrador,Chocolate caliente,1,7500,Nequi,
4692,2026-09-05,08:37,Nübe Altico,Mostrador,Croissant,1,6000,Tarjeta,
6899,2026-09-22,10:33,Nübe Centro,Domicilio,Tinto,1,3000,Tarjeta,C116
3860,2026-08-30,08:39,Nübe Centro,Mostrador,croissant,1,6000,Tarjeta,C168
752,2026-08-08,16:38,Nübe Centro,Domicilio,Croissant de almendras,2,8000,Nequi,
2760,2026-08-22,08:12,Nübe Altico,Mostrador,Capuchino,1,$8.500,EFECTIVO,C024
5006,2026-09-08,10:25,Nübe Centro,Domicilio,Croissant,1,$6.000,Nequi,
4947,2026-09-07,18:11,Nübe El Altico,Domicilio,Capuchino,1,8500,Efectivo,
6778,2026-09-21,15:03,Nübe Centro,Mostrador,Tinto ,1,3000,Nequi,C034
4298,2026-09-02,07:49,Nübe Altico,Mostrador,Tinto,1,3000,Nequi,C267
652,2026-08-07,07:08,Nübe Altico,Domicilio,Latte,3,9000,Tarjeta,
3757,2026-08-29,08:28,NUBE ALTICO,Domicilio,Croissant,1,6000,Efectivo,
1552,14/08/2026,12:54,Nübe Altico,Mostrador,Croissant de almendras,1,$8.000,Efectivo,
4577,2026-09-05,12:28,Nübe Centro,Mostrador,Frappé de café,2 und,11000,Tarjeta,
7673,2026-09-27,06:39,Nübe Altico,Mostrador,Latte,1,9000,Nequi,
6263,17/09/2026,10:00,Nübe Altico,Mostrador,Croissant,1,6000,Tarjeta,C155
4082,2026-09-01,19:45,Nübe Centro,Mostrador,Croissant de almendras,1,8000,Tarjeta,
6717,2026-09-20,10:24,Nübe Altico,Domicilio,TINTO,1,3000,Tarjeta,
6593,2026-09-19,15:33,Nübe Altico,Domicilio,Croissant,1,6000,Efectivo,C061
40,03/08/2026,12:01,Nübe Centro,Mostrador,Frappé de café,1,11000,Tarjeta,C046
5534,2026-09-12,09:01,Nübe Centro,Mostrador,Croissant de almendras,1,8000,Nequi,
993,2026-08-09,10:13,Nübe Altico,Mostrador,Capuchino,1,8500,Tarjeta,
1193,11/08/2026,09:52,Nübe Altico,Mostrador,Capuchino,1,8500,Nequi,C145
72,2026-08-03,19:24,Nübe Altico,Mostrador,Americano,2,5000,Nequi,
797,2026-08-08,07:18,Nübe Altico,Mostrador,Americano,1,5000,Nequi,
5009,2026-09-08,07:51,Nübe Centro,Domicilio,Croissant,1,6000,Tarjeta,C178
2544,2026-08-21,10:28,Nübe Altico,Domicilio,TINTO,1,3000,Efectivo,
6938,2026-09-22,09:06,Nübe Centro,Mostrador,Tinto,1,$3.000,Nequi,C028
981,09/08/2026,17:14,Nübe Altico,Domicilio,Chocolate caliente,1,7500,Nequi,C299
1587,2026-08-15,15:48,Nübe Centro,Domicilio,Croissant de almendras,2,8000,Tarjeta,C077
6071,2026-09-16,08:06,Nübe Centro,Mostrador,Croissant de almendras,1,8000,Efectivo,C209
3786,29/08/2026,10:50,Nübe Altico,Mostrador,AMERICANO,1,5000,Efectivo,
5835,2026-09-14,11:14,Nübe Centro,Domicilio,Croissant de almendras,1,8000,NEQUI,C151
7529,2026-09-26,10:06,Nübe Altico,Mostrador,Americano,1,5000,Efectivo,
3698,2026-08-29,09:01,Nübe Centro,Mostrador,frappé de café,1,11000,Nequi,C259
1668,2026-08-15,11:09,Nübe Centro,Domicilio,Tinto,1,$3.000,Tarjeta,
4348,2026-09-03,20:14,Nübe Centro,Mostrador,Chocolate caliente,2,7500,Nequi,
1038,2026-08-10,09:56,Nübe Centro,Mostrador,Latte,1,9000,Efectivo,C216
6591,2026-09-19,10:19,altico,Mostrador,Capuchino,1,8500,Efectivo,C260
3133,2026-08-25,07:20,Nübe Centro,Domicilio,Frappé de café,1,11000,Tarjeta,
2933,2026-08-23,11:35,Nübe Altico,Mostrador,Frappé de café,1 und,$11.000,Nequi,
1680,2026-08-15,13:08,Nübe Centro,Mostrador,Latte,1,9000,Efectivo,C200
4858,2026-09-06,09:33,Nübe Altico,Domicilio,Croissant,1,6000,Tarjeta,
1714,2026-08-15,07:05,Nübe Altico,Mostrador,Latte,1,$9.000,Efectivo,
214,2026-08-04,08:10,Nübe Altico,Domicilio,Tinto,1,3000,Nequi,C245
7475,2026-09-26,06:27,Nübe Altico,Domicilio,Frappe de cafe,1,11000,Nequi,
6951,2026-09-22,13:28,Nübe Centro,Mostrador,CROISSANT ,2,6000,Efectivo,C081
5542,2026-09-12,10:33,Nübe Centro,Mostrador,Chocolate caliente,1,7500,Tarjeta,
1039,2026-08-10,17:18,Nübe Centro,Mostrador,Latte,2,9000,Nequi,
1484,2026-08-14,08:30,Nübe Centro,Mostrador,Tinto,1,3000,Efectivo,
3593,2026-08-28,08:41,Nübe Altico,Domicilio,AMERICANO,2,5000,Nequi,
6842,2026-09-21,09:04,Nübe Altico,Mostrador,Capuchino,1 und,8500,Efectivo,
339,2026-08-06,13:09,Nübe Centro,Mostrador,Tinto,1,3000,Efectivo,
1379,2026-08-13,09:42,Nübe Centro,Mostrador,Americano,1,5000,Tarjeta,
6147,2026-09-16,11:41,Nübe Altico,Mostrador,croissant,2,6000,Tarjeta,C263
3998,2026-08-31,09:52,Nübe Altico,Mostrador,Latte,1,9000,Efectivo,C140
5853,2026-09-14,09:39,NUBE CENTRO,Mostrador,Tinto,1,3000,Nequi,C041
1270,12/08/2026,16:08,Nübe Centro,Mostrador,Latte,1,9000,,
1394,2026-08-13,09:45,Nübe Altico,Mostrador,Latte,1,9000,Efectivo,
7476,2026-09-26,19:53,Nübe Altico,Mostrador,Tinto,1,3000,Tarjeta,
3021,2026-08-24,10:38,Nübe Centro,Mostrador,Capuchino,1,$8.500,Efectivo,
1509,2026-08-14,07:25,Nübe Centro,Mostrador,Latte,1,9000,Tarjeta,
2421,2026-08-20,16:49,Nübe Altico,Mostrador,Croissant,3,6000,Nequi,
6580,2026-09-19,12:04,Nübe Altico,Domicilio,Latte,1,9000,Nequi,
1893,2026-08-16,17:05,Nübe Altico,Domicilio, LATTE,1,9000,Efectivo,C293
7311,25/09/2026,17:47,Nübe Altico,Mostrador, Capuchino ,2,8500,Efectivo,C172
716,2026-08-08,15:01,Nübe Centro,Mostrador,chocolate caliente,1,$7.500,EFECTIVO,
2034,2026-08-17,06:48,Nübe Altico,Domicilio,Tinto,1,3000,Tarjeta,
6681,2026-09-20,13:16,Nübe Centro,Domicilio,frappé de café,2,11000,Nequi,
5021,2026-09-08,16:58,Nübe Centro,Mostrador,Americano,2,5000,Efectivo,
5729,2026-09-13,16:31,Nübe Centro,Domicilio,Frappé de café,2,11000,,C279
3462,2026-08-28,07:10,Nübe Centro,Mostrador,Croissant de almendras,1,8000,Tarjeta,C002
3858,2026-08-30,16:31,Nübe Centro,Domicilio,Tinto,1,3000,Nequi,
4154,2026-09-01,11:57,Nübe Altico,Mostrador,Capuchino,1,8500,Tarjeta,C102
2498,2026-08-21,09:46,Nübe Centro,Mostrador,Capuchino,1,8500,Tarjeta,
3051,24/08/2026,07:21,Nübe Centro,Mostrador,Frappé de café,1,11000,Tarjeta,
1371,2026-08-13,16:47,Nübe Centro,Mostrador,Frappé de café,1,11000,Nequi,C134
2348,2026-08-20,18:39,Nübe Centro,Mostrador,Capuchino,1,8500,Tarjeta,
182,2026-08-04,09:14,Nübe Altico,Mostrador,Capuchino,1,8500,Efectivo,C052
6697,2026-09-20,15:56,Nübe Centro,Mostrador,Tinto,,3000,Nequi,
738,2026-08-08,16:30,Nübe Centro,Domicilio,Capuchino,1,8500,Nequi,
1288,2026-08-12,11:04,Nübe Altico,Mostrador,Tinto,2,3000,Tarjeta,
4473,2026-09-04,08:20,Nübe Centro,Domicilio,Tinto,1,3000,Nequi,
2544,2026-08-21,10:28,Nübe Altico,Domicilio,Croissant,1,$6.000,Efectivo,
1127,2026-08-11,15:43,Nube Centro ,Mostrador,Frappé de café,1 und,11000,Efectivo,
4634,05/09/2026,11:30,Nübe Centro,Domicilio,Croissant,1,6000,Tarjeta,C208
3374,2026-08-27,09:16,Nübe Centro,Mostrador,Chocolate caliente,1,7500,Tarjeta,
1876,2026-08-16,09:09,altico,Mostrador,Croissant de almendras,3,8000,Efectivo,
7301,25/09/2026,08:03,Nübe Centro,Mostrador,Tinto,1,3000,Tarjeta,
1148,2026-08-11,16:00,Nübe Centro,Mostrador,Capuchino,1,8500,Efectivo,
1822,16/08/2026,14:07,Nübe Centro,Mostrador,Croissant,1,6000,Efectivo,
4042,2026-08-31,18:16,Nübe Altico,Domicilio,Croissant almendras,2,8000,Nequi,C216
7098,2026-09-23,08:42,Nübe Altico,Mostrador,Croissant almendras,1,8000,Efectivo,C118
2125,2026-08-18,06:10,Nübe Centro,Mostrador,Capuchino,2,8500,EFECTIVO,
4196,2026-09-02,09:20,centro,Domicilio,Croissant,1,6000,Efectivo,C091
2468,2026-08-21,14:00,centro,Mostrador,Capuchino,1,8500,Efectivo,
7173,2026-09-24,11:41,centro,Mostrador,Frappe de cafe,1,11000,Efectivo,
3331,2026-08-27,10:45,centro,Mostrador,Croissant de almendras,1,8000,Tarjeta,
2409,2026-08-20,16:24,Nübe Centro,Mostrador,Frappé de café,1,11000,Nequi,
3067,2026-08-24,17:53,altico,Mostrador,Capuchino,1,8500,Tarjeta,C281
4696,2026-09-05,08:05,NUBE ALTICO,Mostrador,Croissant,1,6000,Tarjeta,C259
7558,2026-09-27,11:48,Nübe Centro,Mostrador,Croissant,1,6000,Tarjeta,
6011,15/09/2026,09:31,Nübe Altico,Mostrador,Americano,2,5000,Efectivo,C255
2716,2026-08-22,07:46,Nübe Altico,Domicilio,Croissant,1,6000,Nequi,
2594,2026-08-21,15:26,Nübe Altico,Domicilio,Croissant de almendras,1,8000,Efectivo,
416,2026-08-06,07:10,Nübe Altico,Mostrador,Frappé de café,1,11000,Efectivo,C184
5177,2026-09-09,14:55,Nübe Centro,Mostrador,Croissant,1,6000,Tarjeta,C201
1198,2026-08-12,09:33,Nübe Centro,Mostrador,Croisant,2 und,6000,Tarjeta,C177
2092,2026-08-18,12:00,Nübe Centro,Mostrador,CAPUCHINO,1,8500,Tarjeta,C260
3882,2026-08-30,13:43,Nübe Altico,Mostrador,TINTO,1,3000,Nequi,
2982,2026-08-24,08:44,Nübe Centro,Mostrador,Tinto,1,3000,Nequi,
4604,2026-09-05,10:26,NUBE CENTRO,Mostrador,Croissant,1,6000,EFECTIVO,
5047,2026-09-08,14:00,Nübe Centro,Mostrador,Croissant de almendras,1,8000,Tarjeta,
5316,2026-09-10,10:29,Nübe Centro,Domicilio, LATTE,2,9000,Tarjeta,C155
421,2026-08-06,09:29,Nübe Altico,Mostrador,Chocolate  caliente,1,7500,Nequi,C186
2565,2026-08-21,16:27,Nübe Altico,Domicilio,Capuchino,,8500,Efectivo,C236
1339,2026-08-13,17:20,Nübe Centro,Mostrador,Capuchino,1,8500,Efectivo,
2246,2026-08-19,09:50,Nübe Centro,Mostrador,Latte,1,9000,Nequi,C257
2610,2026-08-22,08:14,Nübe Centro,Domicilio,Frappé de café,1,11000,Tarjeta,
2868,2026-08-23,11:50,Nübe Centro,Mostrador,Croissant,1,6000,TARJETA,C104
3971,2026-08-31,15:16,Nübe Centro,Mostrador,Capuchino,1,8500,Nequi,
5229,2026-09-09,09:58,Nübe Altico,Mostrador,Americano,2,5000,Efectivo,
6735,2026-09-20,08:16,Nübe Altico,Mostrador,Capuchino,1,,Efectivo,
5242,2026-09-09,17:42,Nübe Altico,Mostrador,Latte,2,9000,Tarjeta,
6977,2026-09-22,07:36,Nübe Altico,Mostrador,Capuchino,1,8500,Nequi,
6384,2026-09-18,10:47,Nübe Altico,Mostrador,Capuchino,1,8500,Nequi,
103,2026-08-03,18:55,Nübe Altico,Mostrador,Capuchino,1,$8.500,Tarjeta,C147
272,2026-08-05,09:45,Nübe Centro,Domicilio,Americano,1,5000,Nequi,
5547,2026-09-12,07:11,Nübe Centro,Mostrador,Americano,1,$5.000,Nequi,
5932,2026-09-14,15:01,Nübe Altico,Mostrador,Latte,1,9000,Tarjeta,C256
2885,2026-08-23,14:28,Nübe Centro,Mostrador,Tinto,1,3000,Efectivo,
7075,2026-09-23,17:22,Nübe Altico,Mostrador,Croissant,1,6000,Efectivo,C179
5447,11/09/2026,08:45,Nübe Centro,Domicilio,croissant de almendras,1,$8.000,Efectivo,
2874,2026-08-23,08:30,Nübe Centro,Mostrador,Latte,1,9000,Tarjeta,C012
1861,2026-08-16,09:54,Nübe Altico,Mostrador,Latte,1,9000,Nequi,
189,2026-08-04,12:19,Nübe Altico,Mostrador,Americano,1,5000,Efectivo,C096
4696,05/09/2026,08:05,Nübe Altico,Mostrador,Chocolate caliente,1,7500,Tarjeta,C259
3513,2026-08-28,10:08,Nübe Centro,Mostrador,Tinto,1,3000,Efectivo,
2976,2026-08-24,19:04,Nübe Centro,Mostrador,Croissant,1,$6.000,Nequi,C189
3961,2026-08-31,19:16,Nübe Centro,Domicilio,Chocolate caliente,2,7500,Tarjeta,
6039,2026-09-15,18:46,Nübe Altico,Domicilio,Americano,1,5000,Tarjeta,
5376,10/09/2026,09:47,Nübe Altico,Domicilio,Croissant,1,6000,Efectivo,
1906,2026-08-16,09:11,Nübe Altico,Domicilio,Capuchino,1,8500,Nequi,
5573,2026-09-12,08:32,Nübe Centro,Mostrador,Latte,2,9000,Nequi,
260,2026-08-05,10:23,Nübe Centro,Mostrador,Americano,2,5000,Efectivo,
4359,2026-09-03,16:46,Nübe Centro,Mostrador,Croisant,1,6000,Efectivo,
613,2026-08-07,08:00,Nübe Altico,Domicilio,Capuchino,2,8500,NEQUI,C283
1579,2026-08-15,08:56,Nübe Centro,Domicilio,Croissant,1,6000,Tarjeta,C051
3872,2026-08-30,10:48,Nübe Altico,Mostrador,Croissant de almendras,1,8000,Nequi,C191
1377,2026-08-13,16:08,Nübe Centro,Mostrador,Capuchino,1,8500,Efectivo,
3984,2026-08-31,08:18,Nübe Centro,Mostrador,Americano,1,5000,Tarjeta,
4516,2026-09-04,18:36,Nübe Altico,Mostrador,Capuchino,1,$8.500,Efectivo,C300
597,2026-08-07,18:19,Nübe Altico,Mostrador,Chocolate caliente,1,7500,Tarjeta,
2313,2026-08-19,08:09,Nübe Altico,Mostrador,Croissant,1,6000,Tarjeta,
5101,08/09/2026,18:35,Nübe Altico,Mostrador,Latte,1,9000,Efectivo,
1188,2026-08-11,17:55,Nübe Altico,Mostrador,Capuchino,2,8500,Nequi,C268
262,05/08/2026,16:24,Nübe Centro,Mostrador,Americano,1,5000,Tarjeta,C251
3015,2026-08-24,11:45,Nübe Centro,Mostrador,Americano,1,5000,Efectivo,C066
6788,2026-09-21,10:20,Nübe Centro,Mostrador,Croissant almendras,2,8000,Nequi,
5499,2026-09-11,08:19,Nübe Altico,Mostrador,Croissant de almendras,1,8000,Efectivo,C151
3684,2026-08-29,16:21,Nübe Centro,Mostrador,Croissant,1,6000,Nequi,
1378,2026-08-13,15:48,Nübe Centro,Mostrador,Tinto,1,3000,Efectivo,
1962,2026-08-17,16:51,Nübe Centro,Mostrador,Americano,1,5000,Nequi,
6786,2026-09-21,13:22,Nübe Centro,Mostrador,Latte,2,9000,Tarjeta,C253
2940,2026-08-23,07:38,altico,Domicilio,Capuchino,2,$8.500,Nequi,
4317,2026-09-03,16:38,Nübe Centro,Mostrador,Capuchino,2,$8.500,Nequi,
4585,2026-09-05,17:18,Nübe Centro,Mostrador,Croissant,1 und,6000,Nequi,
2867,2026-08-23,12:30,Nübe Centro,Mostrador,croissant,1,6000,Nequi,
4951,2026-09-07,07:43,Nübe Altico,Mostrador,Croissant de almendras,1,$8.000,Efectivo,
2132,2026-08-18,08:27,Nübe Centro,Domicilio,Croissant,1,6000,Nequi,C052
10,2026-08-03,10:53,Nube Centro ,Mostrador,croissant,1,$6.000,Nequi,
3739,2026-08-29,06:13,Nübe Altico,Mostrador,Latte,1,9000,Efectivo,
6051,2026-09-16,10:16,centro,Mostrador, LATTE,,9000,Nequi,
280,05/08/2026,15:20,Nübe Altico,Mostrador,Chocolate caliente,1,$7.500,Efectivo,
819,2026-08-08,19:41,Nübe Altico,Mostrador,Americano,1,5000,Nequi,
5765,2026-09-13,09:33,Nübe Altico,Mostrador,Capuchino,2,8500,Nequi,C078
5774,13/09/2026,16:35,Nübe Altico,Mostrador,croissant,1,6000,Tarjeta,C223
7556,2026-09-27,13:01,NUBE CENTRO,Mostrador,Croissant,1,6000,Nequi,
6763,2026-09-20,12:34,Nübe Altico,Mostrador,Chocolate caliente,1,7500,Efectivo,
5364,10/09/2026,09:02,Nübe Altico,Mostrador,Capuchino,3,8500,Tarjeta,
4056,2026-09-01,12:09,Nübe Centro,Mostrador,Capuchino,1,8500,EFECTIVO,C219
3760,2026-08-29,17:16,Nübe Altico,Domicilio,Tinto,1,3000,Nequi,
4219,2026-09-02,12:07,Nübe Centro,Domicilio,Capuchino,1,8500,Efectivo,C210
5188,2026-09-09,09:58,Nübe Centro,Mostrador,CROISSANT ,1,6000,Nequi,C268
3773,2026-08-29,18:46,Nübe Altico,Mostrador,Croissant de almendras,2,8000,Nequi,
7037,2026-09-23,19:27,Nübe Centro,Mostrador,Capuchino,3,8500,Efectivo,C253
3674,2026-08-29,09:47,Nübe Centro,Mostrador,Croissant,1,6000,Tarjeta,C043
1398,2026-08-13,11:13,Nübe Altico,Domicilio,Croissant de almendras,1 und,8000,Tarjeta,
5362,2026-09-10,07:14,Nübe Altico,Mostrador,Tinto,1,3000,Efectivo,
5265,10/09/2026,08:27,Nübe Centro,Domicilio,Tinto ,1,3000,Efectivo,
4587,2026-09-05,15:31,Nübe Centro,Domicilio,Frappé de café,1,11000,Nequi,C200
3495,2026-08-28,10:31,centro,Mostrador,Croissant,2,6000,Efectivo,C129
5920,2026-09-14,08:10,Nübe Altico,Mostrador,Croissant,1,$6.000,Efectivo,
6137,2026-09-16,07:06,Nübe Altico,Mostrador,Latte,1,9000,Tarjeta,
3284,26/08/2026,13:08,Nübe Altico,Mostrador,Croissant,1,6000,Tarjeta,
6198,2026-09-17,07:42,NUBE CENTRO,Mostrador,CROISSANT ,1,6000,Nequi,
2734,2026-08-22,15:43,Nübe Altico,Mostrador,Latte,1,9000,Tarjeta,
87,2026-08-03,10:44,Nübe El Altico,Domicilio,Croissant,1,6000,Tarjeta,
1120,2026-08-11,18:43,Nübe Centro,Mostrador,Frappé de café,1,11000,Efectivo,C148
7198,2026-09-24,12:52,Nübe Altico,Mostrador,Frappé de café,1,11000,Nequi,
1125,2026-08-11,15:26,Nübe Centro,Mostrador,Croissant,1,6000,Efectivo,C266
4645,2026-09-05,08:09,Nübe Centro,Mostrador, Capuchino ,2,8500,Tarjeta,
979,2026-08-09,15:56,Nübe El Altico,Mostrador,Tinto,1,3000,Efectivo,
6024,2026-09-15,10:15,Nübe Altico,Mostrador,Croissant de almendras,1,$8.000,Efectivo,C266
3156,2026-08-25,18:56,Nübe Centro,Mostrador,Croisant,1,$6.000,Efectivo,C157
124,2026-08-04,08:11,Nübe Centro,Mostrador, Capuchino ,,8500,Tarjeta,
7106,2026-09-23,19:40,Nübe Altico,Mostrador,Croissant de almendras,1,8000,Efectivo,C166
4635,05/09/2026,07:51,Nübe Centro,Domicilio,Croissant de almendras,1,$8.000,Tarjeta,C051
933,09/08/2026,07:13,Nübe Centro,Mostrador,Latte,1,9000,Tarjeta,C237
51,2026-08-03,11:35,Nübe Centro,Mostrador,Croissant,1,6000,Nequi,
3730,2026-08-29,18:06,Nübe Altico,Mostrador,Americano,1,5000,Efectivo,
5637,2026-09-12,10:05,Nübe El Altico,Domicilio,Chocolate  caliente,3,7500,Nequi,C065
5844,14/09/2026,15:39,centro,Mostrador,Croissant de almendras,1,8000,Nequi,
7498,2026-09-26,10:49,Nübe Altico,Mostrador,Capuchino,1,8500,Tarjeta,C171
826,08/08/2026,12:33,altico,Mostrador,Chocolate caliente,2,$7.500,Nequi,C095
7527,2026-09-26,09:55,Nübe Altico,Domicilio,Capuchino,1,8500,,
4209,2026-09-02,11:43,Nübe Centro,Mostrador,Latte,1,9000,Efectivo,
7533,2026-09-27,11:27,Nübe Centro,Mostrador,Capuchino,1,8500,Efectivo,
1120,2026-08-11,18:43,Nübe Centro,Mostrador,Latte,1,9000,Efectivo,C148
1479,2026-08-14,08:55,Nübe Centro,Mostrador,Croissant de almendras,1,8000,Efectivo,
2903,2026-08-23,14:42,Nübe Altico,Domicilio,Croissant de almendras,1,8000,Nequi,
4919,07/09/2026,18:29,Nübe Centro,Mostrador,latte,1,9000,Efectivo,
7067,2026-09-23,15:05,Nübe Altico,Mostrador,Croissant,1,6000,Tarjeta,C255
2078,2026-08-17,17:51,Nübe Altico,Mostrador,Croisant,1,6000,Tarjeta,C108
7207,2026-09-24,09:12,Nübe Altico,Mostrador,latte,2,9000,Efectivo,
609,2026-08-07,12:22,Nübe Altico,Mostrador,Americano,1,5000,Efectivo,
410,2026-08-06,10:05,centro,Mostrador,Americano,3,5000,,
53,03/08/2026,07:25,Nübe Centro,Mostrador,Frappe de cafe,1,11000,NEQUI,
6180,2026-09-17,16:50,Nübe Centro,Domicilio,Croissant de almendras,1,$8.000,Nequi,
4660,2026-09-05,06:44,Nübe Centro,Mostrador,Latte,1,9000,Tarjeta,C073
1265,2026-08-12,19:26,Nübe Centro,Mostrador,Tinto,1,3000,Efectivo,C217
6675,2026-09-20,17:14,Nübe Centro,Domicilio,frappé de café,1,11000,Efectivo,
5321,2026-09-10,17:29,Nübe Centro,Domicilio,Croissant,1,6000,Tarjeta,C065
4619,2026-09-05,11:07,Nübe Centro,Mostrador,Capuchino,1,8500,Tarjeta,C121
2191,2026-08-18,14:49,Nübe Altico,Domicilio,Capuchino,1,8500,Nequi,
53,2026-08-03,07:25,Nübe Centro,Mostrador,Croissant de almendras,1,8000,Nequi,
2690,22/08/2026,08:17,Nübe Centro,Mostrador,Capuchino,1,$8.500,Tarjeta,
3223,2026-08-26,07:43,Nübe Centro,Mostrador,Americano,0,5000,Efectivo,C109
815,2026-08-08,12:44,altico,Mostrador,Croissant,1,6000,Efectivo,C159
4846,06/09/2026,18:16,Nübe El Altico,Mostrador,AMERICANO,1,$5.000,Efectivo,C142
5058,2026-09-08,17:11,Nübe Centro,Mostrador,Tinto,1,3000,Tarjeta,
7210,2026-09-24,10:59,Nübe Altico,Domicilio, LATTE,1,9000,Tarjeta,C145
3572,2026-08-28,10:56,altico,Domicilio,Croissant,1 und,6000,Nequi,C087
986,2026-08-09,09:47,Nübe Altico,Mostrador,Latte,2,9000,Nequi,
3214,2026-08-26,07:31,Nübe Centro,Mostrador,Americano,1,$5.000,Tarjeta,C024
1327,2026-08-13,08:47,Nübe Centro,Mostrador,Late,1,9000,Efectivo,C270
6153,2026-09-16,17:41,Nübe Altico,Mostrador,Latte,1,9000,Efectivo,C289
357,2026-08-06,07:11,NUBE CENTRO,Mostrador,Capuchino,1,8500,Efectivo,
282,2026-08-05,08:05,Nübe Altico,Mostrador,Capuchino,1,8500,Tarjeta,
1865,2026-08-16,17:36,Nübe Altico,Mostrador,Capuchino,1,8500,Efectivo,
6938,2026-09-22,09:06,Nube Centro ,Mostrador,Americano,2,5000,Nequi,C028
7383,2026-09-26,08:45,Nübe Centro,Mostrador,Capuchino,1,$8.500,Nequi,C060
5948,2026-09-14,16:59,Nübe Altico,Mostrador,Capuccino,1,8500,Efectivo,
1854,16/08/2026,17:02,Nübe Centro,Mostrador,Croissant de almendras,1,8000,Nequi,C178
7153,2026-09-24,12:44,Nübe Centro,Mostrador,Croissant,1,6000,Tarjeta,
1747,2026-08-15,09:28,Nübe Altico,Mostrador,Croissant,0,$6.000,Tarjeta,C067
5853,2026-09-14,09:39,centro,Mostrador,croissant de almendras,1,8000,Nequi,C041
7495,2026-09-26,08:31,Nübe Altico,Mostrador,Latte,1,9000,Efectivo,
4086,2026-09-01,17:33,Nübe Centro,Mostrador,Croissant,1,$6.000,Efectivo,
5459,2026-09-11,09:24,Nübe Centro,Mostrador,AMERICANO,1,5000,Efectivo,
7072,2026-09-23,09:35,Nübe Altico,Mostrador,Capuchino,2,8500,Tarjeta,
2943,2026-08-23,09:27,Nübe Altico,Domicilio,Americano,1,5000,Efectivo,
6944,2026-09-22,11:29,Nübe Centro,Mostrador,tinto,3,3000,,
6798,2026-09-21,17:29,Nübe Centro,Mostrador,frappé de café,1,11000,Nequi,C274
6487,2026-09-19,06:15,Nübe Centro,Domicilio,Croissant,1 und,6000,Tarjeta,
3543,2026-08-28,15:21,Nübe Altico,Mostrador,Latte,1,9000,Nequi,
7557,2026-09-27,11:35,Nübe Centro,Mostrador,Capuchino,1 und,8500,Efectivo,C241
927,2026-08-09,07:19,Nübe Centro,Domicilio,Latte,1,9000,Efectivo,
6266,2026-09-17,08:42,Nübe Altico,Mostrador,Croissant de almendras,1,8000,Tarjeta,
6467,2026-09-19,06:30,Nübe Centro,Mostrador,Tinto,1,3000,Efectivo,C005
3423,2026-08-27,08:28,Nübe El Altico,Mostrador,Capuchino,3,8500,Tarjeta,
3946,2026-08-31,17:59,Nübe Centro,Mostrador,Americano,2,5000,Efectivo,
7438,26/09/2026,17:13,Nube Centro ,Mostrador,Americano,2,5000,Nequi,C205
1183,2026-08-11,19:10,Nübe Altico,Mostrador,croissant,1 und,6000,Tarjeta,
6897,2026-09-22,13:54,Nübe Centro,Domicilio,Capuchino,1,8500,Efectivo,
5560,2026-09-12,16:40,Nübe Centro,Mostrador,Tinto,2,3000,Nequi,
6380,2026-09-18,15:48,Nübe Altico,Mostrador,Tinto,1,3000,Efectivo,
4299,2026-09-02,10:28,Nübe Altico,Domicilio,Tinto,1,3000,Efectivo,
2155,2026-08-18,18:54,centro,Mostrador,Croissant,1,6000,Efectivo,
7094,2026-09-23,08:35,Nübe Altico,Mostrador,Latte,1,9000,,
1121,2026-08-11,16:09,NUBE CENTRO,Mostrador,Latte,1,9000,Efectivo,C148
4150,2026-09-01,07:56,Nübe Altico,Mostrador,Croissant de almendras,1,,Efectivo,
995,2026-08-09,10:36,NUBE ALTICO,Domicilio,Latte,2,9000,Efectivo,C269
3484,28/08/2026,16:35,Nübe Centro,Mostrador,Croissant de almendras,2 und,8000,Tarjeta,C004
4770,06/09/2026,08:06,Nübe Centro,Mostrador,Tinto,1,,Nequi,C056
3087,2026-08-24,08:13,Nübe Altico,Domicilio,Capuchino,1,8500,Tarjeta,
210,2026-08-04,10:19,Nübe Altico,Mostrador,Capuchino,1,8500,Nequi,C146
2983,2026-08-24,13:40,Nübe Centro,Mostrador,Croissant,1,6000,Efectivo,C140
4791,2026-09-06,16:55,Nübe Centro,Mostrador,Croissant,1,6000,Efectivo,C238
3519,2026-08-28,16:07,Nübe Centro,Mostrador,Latte,1,9000,Tarjeta,C220
520,2026-08-07,19:11,Nübe Centro,Domicilio,Americano,3,5000,Efectivo,
2428,2026-08-20,09:56,Nübe Altico,Mostrador,Americano,1,5000,Tarjeta,
2115,18/08/2026,09:11,Nübe Centro,Mostrador,Tinto,1,3000,TARJETA,C204
5516,2026-09-11,17:59,Nübe Altico,Mostrador,Capuchino,1,8500,Efectivo,C049
195,2026-08-04,08:50,Nübe Altico,Mostrador,tinto,1,3000,Efectivo,
6592,2026-09-19,12:49,NUBE ALTICO,Mostrador,Capuchino,1,8500,Nequi,
3690,2026-08-29,16:32,Nübe Centro,Mostrador,Americano,1,5000,Tarjeta,
7241,25/09/2026,08:21,Nübe Centro,Mostrador,Croissant de almendras,1,8000,Efectivo,
4923,2026-09-07,07:36,NUBE CENTRO,Mostrador,Americano,2 und,5000,Nequi,
2655,2026-08-22,17:12,Nübe Centro,Mostrador,Capuchino,1,8500,Tarjeta,C028
4542,04/09/2026,10:46,Nübe Altico,Mostrador,Tinto,1,3000,,
1029,2026-08-10,12:53,Nübe Centro,Domicilio,Frappé de café,1 und,11000,Efectivo,C154
3147,2026-08-25,17:43,Nübe Centro,Mostrador,Croissant,1,6000,Nequi,
4828,2026-09-06,11:13,centro,Mostrador,Americano,1,5000,Efectivo,
7123,2026-09-24,13:19,Nübe Centro,Mostrador,Capuchino,1,8500,Efectivo,C159
7251,2026-09-25,11:08,Nübe Centro,Domicilio,frappé de café,1 und,11000,Efectivo,C202
5263,10/09/2026,08:17,Nübe Centro,Mostrador,Tinto,1,3000,Efectivo,
3567,2026-08-28,09:52,altico,Mostrador,Tinto,1,3000,Efectivo,
6038,2026-09-15,11:14,Nübe El Altico,Domicilio,Tinto,1,3000,Efectivo,
3659,2026-08-29,11:19,centro,Mostrador,Croissant,2,6000,Efectivo,
3012,24/08/2026,15:41,Nübe Centro,Mostrador,Americano,1,5000,Tarjeta,
219,2026-08-04,10:16,Nübe Altico,Domicilio,Croissant,2,$6.000,Efectivo,
2333,2026-08-19,13:12,Nübe Altico,Mostrador,Croissant,1,6000,Nequi,
4296,02/09/2026,11:09,Nübe Altico,Mostrador,Tinto ,2,3000,Nequi,
5397,2026-09-10,19:17,Nübe Altico,Mostrador, LATTE,1,9000,Tarjeta,C147
1652,2026-08-15,20:29,Nübe Centro,Mostrador,Frappé de café,3,11000,Nequi,
6929,2026-09-22,11:50,Nübe Centro,Mostrador,Croissant de almendras,2,8000,Nequi,
5837,2026-09-14,19:26,Nübe Centro,Mostrador,croissant,1,$6.000,Nequi,C229
4710,2026-09-05,09:46,Nübe Altico,Mostrador,Capuchino,1,8500,Efectivo,
2104,2026-08-18,10:28,Nübe Centro,Mostrador,Croissant de almendras,1,8000,Nequi,C017
2253,2026-08-19,07:37,Nübe Centro,Domicilio,Frappé de café,1,11000,Nequi,C110
1878,2026-08-16,12:18,Nübe Altico,Domicilio,Latte,1,9000,Nequi,
5250,2026-09-10,07:26,Nübe Centro,Domicilio,Late,1,9000,NEQUI,C248
7469,26/09/2026,16:35,Nübe Altico,Mostrador,Tinto,1,3000,Efectivo,C131
4441,2026-09-04,09:37,Nübe Centro,Mostrador,Americano,1,5000,Efectivo,
5483,2026-09-11,17:02,Nübe Altico,Mostrador,Frappe de cafe,1,11000,Tarjeta,
7608,27/09/2026,19:25,Nube Centro ,Mostrador,Croissant,1,6000,Efectivo,
315,2026-08-05,09:23,Nübe Altico,Mostrador,Americano,1,5000,Efectivo,
2030,2026-08-17,13:40,Nübe Altico,Mostrador,Croissant,1 und,6000,Efectivo,
2704,2026-08-22,17:36,Nübe Centro,Mostrador,Croissant de almendras,1,8000,Nequi,C039
3660,2026-08-29,15:52,Nübe Centro,Mostrador,Frappé de café,1,11000,Tarjeta,
710,2026-08-08,10:12,Nübe Centro,Domicilio,Capuccino,1,8500,Nequi,
4760,06/09/2026,09:14,Nübe Centro,Domicilio,Tinto,1,3000,Tarjeta,
5507,2026-09-11,16:28,Nübe Altico,Mostrador,Capuchino,1,8500,Efectivo,
5369,2026-09-10,08:00,Nübe Altico,Domicilio,Americano,1,5000,Efectivo,
677,2026-08-08,20:14,Nübe Centro,Mostrador,Croissant,1,6000,Efectivo,C116
7216,2026-09-24,09:17,Nübe Altico,Mostrador,Capuchino,1,8500,Nequi,
3957,2026-08-31,07:51,Nübe Centro,Mostrador,Chocolate caliente,1,7500,Nequi,C126
767,2026-08-08,10:11,altico,Domicilio,Capuchino,2,8500,Tarjeta,
3578,2026-08-28,14:26,Nübe Altico,Mostrador,TINTO,0,3000,Nequi,C103
3819,2026-08-30,08:12,Nübe Centro,Mostrador,Tinto,1,$3.000,Efectivo,C248
3848,2026-08-30,06:30,Nübe Centro,Mostrador,Croissant de almendras,1 und,8000,Efectivo,C075
5594,2026-09-12,15:18,Nübe Centro,Domicilio,Chocolate caliente,1,7500,Tarjeta,
4334,2026-09-03,07:07,Nübe Centro,Mostrador,Croisant,1,6000,Tarjeta,
4518,2026-09-04,15:53,Nübe Altico,Mostrador,Americano,1 und,5000,TARJETA,C042
2020,2026-08-17,14:56,Nübe Altico,Mostrador,Chocolate caliente,1,7500,TARJETA,
7276,2026-09-25,16:27,Nübe Centro,Mostrador,Chocolate caliente,1,7500,Efectivo,C230
129,2026-08-04,16:54,Nube Centro ,Mostrador,Tinto,3,3000,Efectivo,
5951,2026-09-15,17:50,Nübe Centro,Domicilio,Americano,1,5000,Tarjeta,C173
5491,2026-09-11,17:56,Nübe Altico,Mostrador,Croissant,1,$6.000,Efectivo,C004
5812,2026-09-14,07:38,Nübe Centro,Mostrador,Capuchino,2,8500,Nequi,
1196,2026-08-12,09:20,Nübe Centro,Mostrador,Croissant,1,6000,Nequi,
4314,2026-09-03,16:29,Nübe Centro,Mostrador,Tinto,1,3000,Tarjeta,
484,2026-08-07,09:54,Nübe Centro,Mostrador,Croisant,1,6000,Nequi,
916,2026-08-09,07:16,Nübe Centro,Mostrador,Latte,1,9000,Nequi,
385,06/08/2026,18:22,Nübe Centro,Mostrador,Capuchino,1,8500,Tarjeta,C205
5992,2026-09-15,12:05,Nübe Centro,Mostrador,Tinto,1,$3.000,Nequi,
2049,2026-08-17,09:22,Nübe Altico,Domicilio,Capuchino,1,8500,Nequi,
222,2026-08-04,10:54,Nübe Altico,Mostrador,Tinto,1,3000,Tarjeta,
5189,2026-09-09,19:28,Nübe Centro,Mostrador,Croissant de almendras,2,8000,Efectivo,C253
426,06/08/2026,13:37,Nübe Altico,Mostrador,Croissant,1,6000,Efectivo,C153
265,2026-08-05,15:11,centro,Mostrador,croissant,1,6000,Tarjeta,
546,2026-08-07,09:20,Nübe Centro,Domicilio,Tinto,1,3000,Nequi,
3025,2026-08-24,10:13,Nübe Centro,Mostrador,Croissant,2,$6.000,Tarjeta,C254
5861,2026-09-14,08:18,Nübe Centro,Mostrador,Americano,1,5000,Efectivo,C242
1226,2026-08-12,13:09,Nübe Centro,Mostrador,Frappé de café,1,11000,Nequi,
3597,2026-08-28,15:50,Nübe Altico,Domicilio,Croisant,1,6000,Nequi,C216
4211,2026-09-02,10:24,Nübe Centro,Mostrador,Croissant,1,6000,Nequi,
2854,2026-08-23,15:37,NUBE CENTRO,Mostrador,Croissant,1,6000,Nequi,
5197,2026-09-09,09:39,Nübe Altico,Domicilio,Croissant,1,6000,Efectivo,
4636,2026-09-05,13:03,Nübe Centro,Mostrador,Americano,2,5000,NEQUI,
2987,24/08/2026,06:27,Nübe Centro,Mostrador,Croissant,1,6000,Efectivo,
1139,11/08/2026,10:12,NUBE CENTRO,Mostrador,Americano,2,5000,Nequi,
4435,2026-09-04,16:08,Nübe Centro,Mostrador,Croissant,1,6000,Efectivo,C281
3764,2026-08-29,15:50,Nübe Altico,Mostrador,Americano,1,5000,Nequi,
2916,2026-08-23,09:58,Nübe Altico,Mostrador,Capuchino,1,8500,Efectivo,
145,2026-08-04,12:52,Nübe Centro,Mostrador,Croissant de almendras,2,8000,Efectivo,C290
2755,2026-08-22,08:24,Nübe Altico,Mostrador,Americano,1,5000,Nequi,
6343,2026-09-18,14:46,Nübe Centro,Mostrador,Croissant,1 und,6000,Tarjeta,
2359,2026-08-20,12:28,Nübe Centro,Domicilio,Americano,1,5000,Tarjeta,
236,2026-08-05,11:35,Nübe Centro,Mostrador,croissant de almendras,1,8000,Efectivo,C118
2682,2026-08-22,19:53,Nübe Centro,Mostrador,Croissant de almendras,1,8000,Nequi,
26,2026-08-03,10:17,Nübe Centro,Mostrador,Croissant,1,6000,Nequi,C138
5304,2026-09-10,09:58,Nübe Centro,Domicilio,Latte,1,9000,Nequi,
5706,13/09/2026,12:12,Nübe Centro,Mostrador,Croissant,2,6000,Tarjeta,C253
2675,2026-08-22,17:42,Nübe Centro,Mostrador,Latte,1,9000,Nequi,
404,06/08/2026,07:17,Nübe Centro,Mostrador,Chocolate caliente,1,7500,Efectivo,C155
6214,2026-09-17,16:15,Nübe Centro,Domicilio,Latte,2,9000,Efectivo,
6423,2026-09-18,17:46,Nübe Altico,Mostrador,Latte,1,9000,Nequi,C013
5045,2026-09-08,12:07,Nübe Centro,Mostrador,Latte,1,9000,Nequi,
4724,2026-09-05,15:44,Nübe Altico,Mostrador,Americano,1,5000,Efectivo,C142
1763,2026-08-15,08:37,Nübe El Altico,Mostrador,Latte,1,9000,Nequi,
1291,2026-08-12,09:46,Nübe Altico,Mostrador,Americano,1,5000,Nequi,C097
2126,2026-08-18,07:22,Nübe Centro,Mostrador,Croissant,2,6000,Nequi,C018
2948,2026-08-23,06:01,Nübe Altico,Mostrador,Latte,,9000,Efectivo,
1868,2026-08-16,17:54,Nübe Altico,Mostrador,Latte,2,9000,Tarjeta,C225
4113,2026-09-01,06:56,Nübe Centro,Mostrador,TINTO,2,3000,Nequi,
6920,2026-09-22,16:48,Nübe Centro,Mostrador,Croissant de almendras,1,8000,Tarjeta,
1269,12/08/2026,12:56,Nübe Centro,Mostrador,Tinto,1,3000,Nequi,
3446,2026-08-27,16:17,Nübe Altico,Mostrador,Americano,1,5000,Nequi,C226
3731,2026-08-29,11:17,Nübe Altico,Mostrador,Frappé de café,1,11000,,
502,2026-08-07,12:24,Nübe Centro,Domicilio,Capuchino,2,$8.500,Tarjeta,C223
873,2026-08-09,09:06,Nübe Centro,Mostrador,Chocolate caliente,1,7500,Tarjeta,
4259,02/09/2026,16:50,Nübe Altico,Mostrador,Tinto,1,3000,Tarjeta,
7594,2026-09-27,09:44,Nübe Centro,Mostrador,Chocolate caliente,1,7500,Nequi,C262
3908,30/08/2026,09:27,Nübe Altico,Mostrador,Tinto,1 und,3000,Efectivo,C203
5531,2026-09-12,16:24,Nübe Centro,Mostrador,Croissant de almendras,1,8000,Nequi,C078
7457,2026-09-26,20:10,Nübe Altico,Domicilio,Capuchino,1,8500,Efectivo,
5522,2026-09-11,10:27,Nübe Altico,Domicilio,Capuchino,1,8500,Nequi,
2067,2026-08-17,14:02,Nübe Altico,Mostrador,Americano,1,5000,Nequi,
379,2026-08-06,09:09,Nübe Centro,Mostrador,Croissant,1,6000,Tarjeta,C093
3856,2026-08-30,08:41,Nübe Centro,Mostrador,Croissant,2,6000,EFECTIVO,C245
6264,2026-09-17,18:52,Nübe Altico,Mostrador,Frappé de café,2,11000,Efectivo,
5464,2026-09-11,08:30,Nübe Centro,Mostrador,Croissant,1,6000,,
4909,2026-09-07,08:27,Nübe Centro,Mostrador,Americano,1,5000,Nequi,C266
801,2026-08-08,09:33,Nübe Altico,Mostrador,Latte,1,9000,Nequi,
5799,2026-09-13,13:18,Nübe Altico,Domicilio,Capuchino,1,8500,Tarjeta,
175,04/08/2026,16:03,Nübe Centro,Mostrador,TINTO,1,3000,Nequi,
4953,2026-09-07,07:15,Nübe Altico,Mostrador,Capuchino,1,8500,Efectivo,
7646,2026-09-27,06:01,Nübe Altico,Mostrador,Capuccino,1,$8.500,Tarjeta,C178
5469,11/09/2026,09:26,Nübe Altico,Mostrador,Croissant,1,6000,Tarjeta,C117
1202,2026-08-12,10:39,Nübe Centro,Mostrador,Tinto,1,3000,Tarjeta,C059
1506,14/08/2026,07:51,Nübe Centro,Mostrador,Tinto,1,3000,Efectivo,C013
1879,2026-08-16,09:25,Nübe El Altico,Mostrador,Tinto,1,3000,Nequi,C188
6803,21/09/2026,09:16,Nübe Centro,Mostrador,Americano,2,5000,Tarjeta,C030
3445,2026-08-27,07:47,Nübe Altico,Mostrador,Latte,1,9000,Nequi,C248
7576,2026-09-27,13:55,NUBE CENTRO,Mostrador,Croissant,1,6000,Tarjeta,
6177,2026-09-17,08:05,Nübe Centro,Mostrador,Capuchino,1,8500,Nequi,
491,2026-08-07,17:39,Nübe Centro,Domicilio,Tinto,1,3000,Tarjeta,C240
3045,2026-08-24,15:19,Nübe Centro,Mostrador,Chocolate caliente,1,7500,Efectivo,
3654,2026-08-29,15:49,Nübe Centro,Mostrador,Americano,1,5000,Efectivo,C168
3192,2026-08-25,14:34,Nübe Altico,Mostrador,latte,1,9000,Tarjeta,
969,09/08/2026,19:59,Nübe Altico,Domicilio,capuchino,1,$8.500,Tarjeta,
1277,12/08/2026,07:38,NUBE ALTICO,Mostrador,Capuchino,1,8500,Efectivo,
5590,2026-09-12,18:40,Nübe Centro,Domicilio,Chocolate caliente,1,$7.500,Tarjeta,
4228,2026-09-02,14:03,Nübe Centro,Mostrador,Capuchino,1,8500,NEQUI,C048
2208,2026-08-19,16:54,centro,Mostrador,Tinto,1,3000,Tarjeta,
6386,2026-09-18,06:23,NUBE ALTICO,Mostrador,Americano,1,5000,Efectivo,
2772,2026-08-22,07:01,Nübe Altico,Mostrador,Frappé de café,1,11000,Efectivo,
1154,2026-08-11,15:41,Nübe Altico,Mostrador,Croissant,1,6000,Nequi,
5925,2026-09-14,18:32,Nübe Altico,Domicilio,Americano,1 und,$5.000,Nequi,
1642,2026-08-15,07:37,Nübe Centro,Mostrador,Chocolate  caliente,1,7500,Efectivo,C276
4339,2026-09-03,18:09,Nübe Centro,Mostrador,Tinto,2,3000,Efectivo,
3178,2026-08-25,12:31,Nübe Altico,Mostrador,Latte,1,9000,Nequi,C103
6776,2026-09-21,11:04,Nübe Centro,Mostrador,Americano,1,5000,Tarjeta,
6990,2026-09-22,06:00,Nübe Altico,Mostrador,Tinto,1,,Nequi,C043
3404,27/08/2026,18:38,Nübe Altico,Mostrador,Croissant,1 und,6000,Nequi,C082
7563,2026-09-27,13:06,Nübe Centro,Mostrador,Croissant de almendras,1,8000,Tarjeta,
1130,2026-08-11,11:54,Nübe Centro,Mostrador,Latte,1,$9.000,Tarjeta,C232
6801,2026-09-21,20:06,Nübe Centro,Mostrador,Americano,1,5000,Tarjeta,
860,2026-08-09,06:20,Nube Centro ,Mostrador,Capuchino,1,8500,Efectivo,
3300,2026-08-26,10:58,Nübe Altico,Mostrador,Frappé de café,1,11000,Tarjeta,
4523,2026-09-04,09:51,Nübe Altico,Mostrador,croissant,1,,Efectivo,
808,08/08/2026,08:03,Nübe Altico,Mostrador,Capuchino,2,8500,Efectivo,
2376,2026-08-20,14:08,Nübe Centro,Mostrador,Tinto,1,3000,Efectivo,
3681,2026-08-29,15:41,Nübe Centro,Mostrador,Chocolate caliente,1,7500,,C036
4579,2026-09-05,07:23,Nübe Centro,Mostrador,Latte,1,,Nequi,
2660,2026-08-22,08:51,Nübe Centro,Domicilio,Croissant de almendras,1,8000,Efectivo,C207
1832,2026-08-16,08:56,Nübe Centro,Mostrador,Latte,1,9000,Tarjeta,
1644,2026-08-15,16:25,Nübe Centro,Mostrador, LATTE,1,$9.000,Efectivo,C246
5836,2026-09-14,12:15,Nübe Centro,Domicilio,Croissant de almendras,1,8000,Efectivo,
7002,2026-09-23,06:51,centro,Mostrador,Latte,1,9000,Efectivo,C095
4697,2026-09-05,13:50,Nübe Altico,Domicilio,Croissant,2,6000,Efectivo,
4929,2026-09-07,15:09,Nübe Centro,Mostrador,Frappé de café,1,$11.000,Nequi,C179
6480,2026-09-19,17:51,Nübe Centro,Mostrador,Croissant de almendras,1,8000,Efectivo,C247
720,2026-08-08,07:11,Nübe Centro,Mostrador,Croissant,1,6000,Nequi,
6595,2026-09-19,18:34,Nübe Altico,Mostrador,Tinto,1,3000,Nequi,C068
70,2026-08-03,09:53,Nübe Altico,Mostrador,Frappé de café,1,11000,Tarjeta,C248
375,2026-08-06,07:58,Nube Centro ,Mostrador,Croissant,1,6000,Tarjeta,C205
2650,2026-08-22,19:40,Nübe Centro,Mostrador,Croissant,2,6000,EFECTIVO,
4112,2026-09-01,07:32,Nübe Centro,Domicilio,Croissant de almendras,3,8000,,
5510,2026-09-11,09:42,Nübe Altico,Mostrador,Tinto,1,3000,Efectivo,C219
2308,2026-08-19,09:20,Nübe Altico,Mostrador,Croissant de almendras,0,8000,Efectivo,
5383,2026-09-10,16:06,Nübe Altico,Mostrador,Capuchino,2,8500,Nequi,C115
3381,27/08/2026,17:49,centro,Mostrador,Capuchino,1,8500,Efectivo,
3761,2026-08-29,08:40,Nübe Altico,Domicilio,Croissant,1,$6.000,Tarjeta,
1175,2026-08-11,18:57,Nübe Altico,Mostrador,Tinto,1,3000,Nequi,
1582,2026-08-15,18:45,Nübe Centro,Mostrador,Croissant,1,6000,Nequi,
620,2026-08-07,17:40,Nübe Altico,Mostrador,Croissant,1,6000,Efectivo,
2316,2026-08-19,09:05,altico,Mostrador,Americano,1,5000,Tarjeta,
540,2026-08-07,07:50,Nübe Centro,Mostrador,Capuchino,1,8500,Tarjeta,C214
2707,2026-08-22,12:23,Nübe Centro,Mostrador,Croisant,1,6000,Nequi,
3329,27/08/2026,08:32,Nübe Centro,Mostrador,Americano,1,5000,Efectivo,C050
1411,13/08/2026,08:16,Nübe Altico,Mostrador,Croissant,2,6000,Nequi,
2648,22/08/2026,11:04,Nübe Centro,Mostrador,Americano,1,5000,Efectivo,
7141,2026-09-24,07:40,Nübe Centro,Mostrador,Croissant almendras,1,8000,Nequi,
2403,2026-08-20,13:07,Nübe Centro,Mostrador,Latte,1,9000,Nequi,
6991,22/09/2026,16:38,Nübe Altico,Mostrador,Tinto ,1,3000,Tarjeta,
5497,2026-09-11,13:39,Nübe Altico,Mostrador,Frappé de café,1,11000,Tarjeta,
7309,2026-09-25,11:39,Nübe Altico,Mostrador,Tinto,1,3000,Efectivo,
1301,2026-08-12,08:47,Nübe Altico,Mostrador,Capuchino,1,8500,Nequi,C072
7427,2026-09-26,07:37,Nübe Centro,Domicilio,Latte,1,9000,Efectivo,
7600,2026-09-27,15:39,Nübe Centro,Mostrador,Chocolate caliente,1,7500,Nequi,
5667,2026-09-13,12:30,Nübe Centro,Mostrador,capuchino,1,8500,Tarjeta,
6933,2026-09-22,08:19,Nübe Centro,Domicilio,Latte,2,9000,Tarjeta,
1656,2026-08-15,07:22,Nübe Centro,Mostrador,Croissant de almendras,1,8000,Tarjeta,
3452,2026-08-27,06:00,Nübe Altico,Mostrador,Croissant,1,6000,,C118
7314,2026-09-25,09:33,Nübe Altico,Mostrador,Frappé de café,1,$11.000,Nequi,C246
1644,15/08/2026,16:25,Nübe Centro,Mostrador,Croissant,2,6000,Efectivo,C246
248,2026-08-05,13:48,Nübe Centro,Mostrador,Americano,1,5000,Nequi,C216
481,2026-08-07,16:22,Nübe Centro,Mostrador,Americano,1,5000,Efectivo,
3896,30/08/2026,17:38,Nübe Altico,Mostrador,Late,2,9000,Tarjeta,C121
1694,2026-08-15,11:48,Nübe Centro,Mostrador,Latte,1,$9.000,Tarjeta,C238
5722,2026-09-13,17:46,NUBE CENTRO,Mostrador,Capuchino,1,8500,Tarjeta,C024
6597,2026-09-19,17:58,Nübe Altico,Mostrador,Croissant de almendras,1,8000,Nequi,C152
3986,2026-08-31,07:17,Nübe Centro,Mostrador,Capuchino,1,8500,Tarjeta,
4440,2026-09-04,07:25,NUBE CENTRO,Mostrador,Latte,1,9000,Nequi,
6287,2026-09-17,07:49,Nübe Altico,Mostrador,Capuchino,1,8500,Efectivo,
1360,13/08/2026,16:46,Nübe Centro,Mostrador,Americano,1,5000,Tarjeta,C084
2668,2026-08-22,13:38,Nübe Centro,Mostrador,Tinto,1,$3.000,Nequi,C240
2068,2026-08-17,07:21,Nübe Altico,Mostrador,Tinto,1,3000,Tarjeta,
7633,2026-09-27,16:32,Nübe Altico,Domicilio,croissant,1,6000,Tarjeta,
2484,2026-08-21,07:10,Nübe Centro,Mostrador,Americano,1 und,5000,Efectivo,
2729,2026-08-22,15:06,Nübe Altico,Mostrador,Frappé de café,1,11000,Nequi,C024
1718,2026-08-15,09:55,Nübe Altico,Domicilio,Chocolate  caliente,1,7500,Nequi,C209
7301,2026-09-25,08:03,Nübe Centro,Mostrador,Croissant,2,6000,Tarjeta,
5729,2026-09-13,16:31,Nübe Centro,Domicilio,Tinto,1,3000,,C279
7437,2026-09-26,06:40,Nübe Centro,Domicilio,Capuchino,1,8500,Nequi,
3163,2026-08-25,07:42,Nübe Centro,Mostrador,Tinto,1,3000,Tarjeta,
3708,2026-08-29,16:04,Nübe Centro,Domicilio,Croissant,1,6000,Tarjeta,
7194,24/09/2026,13:23,Nübe Altico,Domicilio,Frappé de café,1,11000,Tarjeta,
1609,2026-08-15,19:40,Nübe Centro,Mostrador,Frappé de café,1,11000,Tarjeta,C172
4491,2026-09-04,14:42,NUBE CENTRO,Domicilio,Croissant,1,6000,Tarjeta,C147
5981,2026-09-15,10:03,Nübe Centro,Mostrador,CAPUCHINO,1,8500,,
838,2026-08-08,12:38,Nübe Altico,Mostrador,Americano,1,5000,Efectivo,
2358,2026-08-20,08:34,Nübe Centro,Mostrador,Capuchino,1,8500,Efectivo,C131
832,2026-08-08,16:50,Nübe Altico,Mostrador,Chocolate caliente,2,7500,Efectivo,
1009,2026-08-10,09:15,Nübe Centro,Mostrador,Americano,1 und,5000,Efectivo,C076
928,2026-08-09,09:13,Nübe Centro,Mostrador,Latte,1 und,9000,Tarjeta,
6320,18/09/2026,12:45,Nübe Centro,Mostrador,Croissant de almendras,2,8000,Efectivo,
287,2026-08-05,09:59,Nübe Altico,Mostrador,CAPUCHINO,1 und,8500,Tarjeta,
8,03/08/2026,09:03,Nübe Centro,Mostrador,Capuchino,1,8500,Tarjeta,
4275,2026-09-02,13:21,Nübe Altico,Mostrador,americano,1,5000,Tarjeta,
4982,2026-09-07,07:45,Nübe Altico,Mostrador,Croissant,1,6000,Tarjeta,
1839,2026-08-16,09:08,Nübe Centro,Mostrador,Tinto,1,3000,Efectivo,
6378,2026-09-18,07:32,Nübe Altico,Mostrador,Chocolate caliente,1,7500,EFECTIVO,
2078,17/08/2026,17:51,Nübe Altico,Mostrador,Frappé de café,1,$11.000,Tarjeta,C108
4595,2026-09-05,08:50,Nübe Centro,Domicilio,Tinto ,1 und,3000,TARJETA,C258
972,2026-08-09,11:59,Nübe Altico,Mostrador,Tinto,1,3000,Nequi,
6543,2026-09-19,10:15,Nübe El Altico,Mostrador,chocolate caliente,1,7500,Nequi,
7154,2026-09-24,11:19,Nübe Centro,Domicilio,Latte,1,$9.000,Efectivo,
2262,2026-08-19,15:14,Nübe Centro,Mostrador,Chocolate caliente,1,7500,Nequi,
5790,2026-09-13,16:02,Nübe Altico,Mostrador,Americano,1,5000,Nequi,
6044,15/09/2026,15:53,altico,Mostrador,Croissant,2,6000,Tarjeta,C033
4747,2026-09-06,08:49,Nübe Centro,Mostrador,Capuchino,1,8500,Tarjeta,
6915,2026-09-22,11:00,Nübe Centro,Domicilio,Croissant de almendras,2,8000,Tarjeta,
568,2026-08-07,13:26,Nube Centro ,Domicilio,Chocolate  caliente,1,7500,Nequi,
1527,2026-08-14,14:59,Nübe Altico,Mostrador,Capuchino,2,8500,Efectivo,C256
2960,2026-08-23,11:15,Nübe Altico,Mostrador,Capuchino,1,8500,Efectivo,
4669,2026-09-05,12:45,Nübe Altico,Domicilio,Capuchino,1,8500,Nequi,
1760,2026-08-15,16:22,Nübe Altico,Mostrador,Tinto,1,3000,Nequi,
6712,2026-09-20,13:31,Nübe Altico,Mostrador,Americano,1,5000,Tarjeta,C049
1187,2026-08-11,10:26,Nübe Altico,Mostrador,croissant,1,6000,Nequi,
6904,2026-09-22,19:57,Nübe Centro,Mostrador,Latte,1,9000,Nequi,
6683,2026-09-20,09:12,Nübe Centro,Mostrador,Croissant de almendras,2,8000,Efectivo,
2768,2026-08-22,14:39,Nübe Altico,Mostrador,Tinto,1,3000,Nequi,
5145,2026-09-09,16:18,Nübe Centro,Mostrador,Latte,1,9000,Nequi,C128
306,05/08/2026,09:34,Nübe Altico,Mostrador,Americano,1,5000,Tarjeta,
2763,22/08/2026,15:51,Nübe Altico,Domicilio,Croissant de almendras,2,8000,Nequi,
468,07/08/2026,12:33,NUBE CENTRO,Mostrador,Croissant,2,6000,Tarjeta,C219
274,2026-08-05,10:44,Nübe Centro,Domicilio,tinto,1,3000,Tarjeta,C093
3036,2026-08-24,19:14,Nübe Centro,Mostrador,Frappé de café,2,11000,Nequi,C095
987,09/08/2026,19:31,Nübe Altico,Mostrador,Frappé de café,1,11000,Tarjeta,
5138,09/09/2026,07:25,Nübe Centro,Mostrador,Capuchino,1,8500,Nequi,C036
4017,2026-08-31,08:45,Nübe Altico,Mostrador,Frappé de café,1,$11.000,Efectivo,C223
2207,2026-08-19,08:21,Nübe Centro,Mostrador,Late,1,9000,EFECTIVO,C164
4245,2026-09-02,08:00,Nübe Centro,Mostrador,Capuchino,2,8500,Efectivo,C096
1044,2026-08-10,17:02,Nübe Centro,Domicilio,Tinto,1,3000,Nequi,
1476,2026-08-14,16:32,Nübe Centro,Mostrador,Chocolate caliente,1,7500,,
1118,2026-08-11,08:06,Nübe Centro,Domicilio,Tinto,1,3000,Tarjeta,
4089,01/09/2026,07:53,Nübe Centro,Domicilio,Tinto ,1,3000,Efectivo,C041
3980,2026-08-31,17:12,Nübe Centro,Mostrador,Croissant,1,6000,NEQUI,
4233,2026-09-02,14:54,Nübe Centro,Mostrador,Latte,1,9000,Efectivo,
3563,2026-08-28,16:38,Nübe Altico,Domicilio,latte,3,9000,Tarjeta,C102
317,2026-08-05,13:10,Nübe Altico,Mostrador, Capuchino ,1,8500,Efectivo,
480,2026-08-07,14:47,Nübe Centro,Mostrador,Latte,1,9000,Tarjeta,
912,2026-08-09,08:04,Nübe Centro,Mostrador,Croissant,1,6000,Nequi,C186
5526,2026-09-11,07:47,Nübe Altico,Domicilio,Americano,1,5000,Tarjeta,
6429,2026-09-18,17:21,altico,Mostrador,Frappé de café,1,$11.000,Nequi,
1728,2026-08-15,20:12,altico,Domicilio,Croissant,1,6000,Nequi,
2967,2026-08-23,20:13,Nübe Altico,Mostrador,chocolate caliente,1,$7.500,Efectivo,C287
6902,2026-09-22,10:19,Nübe Centro,Mostrador,Tinto,1 und,3000,Nequi,
7259,2026-09-25,11:40,Nübe Centro,Mostrador,Chocolate caliente,1,7500,Tarjeta,C138
267,2026-08-05,17:13,Nübe Centro,Mostrador,Americano,2,5000,EFECTIVO,
1806,2026-08-16,08:24,Nübe Centro,Mostrador,Latte,1,9000,Efectivo,
7573,27/09/2026,17:25,Nübe Centro,Mostrador,TINTO,1,3000,Efectivo,
6149,2026-09-16,18:32,Nübe Altico,Mostrador,Americano,1,5000,Nequi,C026
811,2026-08-08,16:42,Nübe Altico,Mostrador,Croissant,1,6000,Nequi,
2751,2026-08-22,17:44,Nübe Altico,Mostrador,tinto,1,3000,Efectivo,
7055,2026-09-23,09:11,Nübe Centro,Mostrador,Croissant de almendras,1,8000,Efectivo,C194
4240,2026-09-02,07:00,Nübe Centro,Domicilio, Capuchino ,2,8500,Tarjeta,
3739,2026-08-29,06:13,Nübe Altico,Mostrador,Croissant,2,6000,Efectivo,
2311,2026-08-19,10:34,Nübe Altico,Mostrador,Croissant,1,6000,Tarjeta,
7542,2026-09-27,17:37,Nübe Centro,Mostrador,Croissant de almendras,1,8000,NEQUI,C061
1621,2026-08-15,19:39,Nübe Centro,Mostrador,Croissant,1,6000,Efectivo,
5860,2026-09-14,07:02,Nübe Centro,Domicilio,Croissant,1,6000,Efectivo,C194
3798,2026-08-30,16:21,Nübe Centro,Mostrador,Americano,2 und,5000,EFECTIVO,
3603,2026-08-29,07:06,Nübe Centro,Mostrador,Chocolate caliente,1,7500,Tarjeta,
822,2026-08-08,07:50,Nübe Altico,Domicilio,Croissant de almendras,1,8000,Efectivo,
2727,2026-08-22,07:51,Nübe Altico,Mostrador,Tinto,1,3000,Tarjeta,
1970,2026-08-17,15:58,Nübe Centro,Mostrador,Croissant,3,6000,Tarjeta,
5798,2026-09-13,16:12,Nübe Altico,Mostrador,Tinto,1,3000,Efectivo,C059
3014,2026-08-24,11:51,Nübe Centro,Mostrador,Chocolate caliente,1,7500,Tarjeta,C080
4249,2026-09-02,06:21,Nübe Centro,Domicilio,Tinto,1,3000,Nequi,
2143,2026-08-18,10:10,Nübe Centro,Mostrador,Croissant,1,$6.000,EFECTIVO,
215,2026-08-04,09:43,Nübe Altico,Mostrador,Croissant,1,6000,Nequi,C047
6143,2026-09-16,09:06,Nübe Altico,Domicilio,Americano,1,5000,NEQUI,
2540,2026-08-21,08:31,Nübe El Altico,Domicilio,Capuchino,1,$8.500,TARJETA,C285
1553,2026-08-14,06:20,Nübe Altico,Mostrador,Chocolate caliente,1,7500,EFECTIVO,C071
1366,2026-08-13,08:47,Nübe Centro,Domicilio,Frappé de café,1,11000,Nequi,C119
2782,2026-08-22,18:24,Nübe Altico,Mostrador,Capuccino,1,$8.500,Nequi,
4327,2026-09-03,14:53,Nübe Centro,Domicilio,chocolate caliente,2,$7.500,Efectivo,C004
164,04/08/2026,10:06,Nübe Centro,Domicilio,Latte,1,9000,Tarjeta,
6540,2026-09-19,16:37,Nübe Centro,Mostrador,Latte,1,9000,Nequi,C108
2007,2026-08-17,17:59,Nübe Centro,Mostrador,Chocolate caliente,1,$7.500,Efectivo,
1841,2026-08-16,17:23,Nübe Centro,Mostrador,Americano,1,5000,Nequi,
294,2026-08-05,15:30,Nübe Altico,Mostrador,Capuchino,1,8500,Nequi,
4543,2026-09-04,16:01,Nübe Altico,Mostrador,Croissant,1,6000,Efectivo,
6305,2026-09-18,17:08,Nübe Centro,Mostrador,CAPUCHINO,1,8500,Efectivo,
4663,2026-09-05,10:46,Nübe Altico,Mostrador,CROISSANT ,1,6000,Efectivo,
4160,2026-09-01,15:22,Nübe Altico,Mostrador,Capuchino,1,8500,Nequi,C228
5209,2026-09-09,09:39,Nübe Altico,Domicilio, LATTE,2,9000,Nequi,C115
346,2026-08-06,09:57,Nübe Centro,Domicilio,Croissant,1,6000,Nequi,
1319,2026-08-13,09:48,Nübe Centro,Mostrador,Americano,1,5000,Tarjeta,
5980,2026-09-15,20:42,Nübe Centro,Mostrador,Chocolate caliente,1,$7.500,Tarjeta,
5230,2026-09-09,11:57,Nübe Altico,Domicilio,Americano,1,5000,Tarjeta,C225
7228,2026-09-24,08:49,Nübe Altico,Mostrador,Croisant,1,6000,Nequi,C011
703,2026-08-08,07:26,Nübe Centro,Mostrador,Croissant,1,6000,Efectivo,C144
6451,2026-09-19,12:45,Nübe Centro,Domicilio,Croissant,1,6000,Tarjeta,
8,2026-08-03,09:03,Nübe Centro,Mostrador,Croissant,1,6000,Tarjeta,
3894,2026-08-30,13:48,NUBE ALTICO,Mostrador,Tinto,1,3000,Nequi,
2291,2026-08-19,10:45,NUBE ALTICO,Mostrador,Tinto,2,3000,Efectivo,
1434,2026-08-13,15:35,Nübe Altico,Domicilio,Americano,1,5000,Tarjeta,C262
5527,2026-09-12,08:11,Nübe Centro,Domicilio,Capuchino,3,$8.500,Efectivo,
96,2026-08-03,20:56,NUBE ALTICO,Mostrador,Capuchino,1,8500,Tarjeta,
655,2026-08-08,16:19,Nübe Centro,Mostrador,Americano,1,5000,Nequi,
3528,28/08/2026,09:16,NUBE CENTRO,Domicilio,Capuchino,1,8500,,
2275,2026-08-19,10:15,Nübe Centro,Mostrador,Croissant,1,6000,Nequi,C221
2357,2026-08-20,11:09,Nübe Centro,Mostrador,Late,1,9000,Nequi,
1729,2026-08-15,13:31,Nübe Altico,Domicilio,Latte,1,9000,Efectivo,
5778,2026-09-13,16:37,Nübe Altico,Domicilio,Americano,1 und,5000,Efectivo,
3388,2026-08-27,08:10,Nübe Centro,Mostrador,Tinto,1,3000,Efectivo,
6521,19/09/2026,17:27,Nübe Centro,Mostrador,Croissant,1,6000,Tarjeta,
2409,2026-08-20,16:24,Nübe Centro,Mostrador,americano,1,$5.000,Nequi,
6730,2026-09-20,19:03,Nübe Altico,Mostrador,Chocolate caliente,1,7500,Nequi,
810,2026-08-08,17:45,Nübe Altico,Mostrador,Capuchino,1,8500,Efectivo,
2080,2026-08-17,17:28,Nübe Altico,Mostrador,Latte,1,9000,,
597,2026-08-07,18:19,Nübe Altico,Mostrador,Tinto,1,3000,Tarjeta,
1895,2026-08-16,11:05,Nübe Altico,Domicilio,Chocolate  caliente,1,7500,Efectivo,
4921,2026-09-07,10:54,Nübe Centro,Mostrador,Croisant,1,6000,Efectivo,
396,2026-08-06,07:51,Nübe Centro,Mostrador,Croissant de almendras,1,8000,Nequi,
1953,2026-08-17,07:39,Nübe Centro,Mostrador,Latte,3,9000,Tarjeta,C280
3589,2026-08-28,10:28,Nübe Altico,Mostrador,Latte,2,9000,Efectivo,
3074,2026-08-24,16:23,altico,Mostrador,Capuchino,1,8500,Nequi,C296
3184,2026-08-25,07:49,Nübe Altico,Mostrador,Croissant,2,$6.000,Nequi,
5518,2026-09-11,16:44,Nübe Altico,Mostrador,Frappé de café,1,11000,Efectivo,
5739,2026-09-13,09:24,Nübe Centro,Mostrador,Tinto,1,3000,Efectivo,C231
6649,2026-09-20,14:38,Nübe Centro,Mostrador,Croissant,1,,,
6315,2026-09-18,08:34,Nübe Centro,Mostrador,Latte,2,9000,Nequi,C201
3999,2026-08-31,18:51,Nübe Altico,Mostrador,Frappé de café,1,11000,Nequi,C141
2544,2026-08-21,10:28,Nübe Altico,Domicilio,Capuchino,1,8500,Efectivo,
5862,2026-09-14,10:38,Nübe Centro,Mostrador,Tinto,1,3000,Efectivo,C299
7638,2026-09-27,08:30,Nübe Altico,Mostrador,Capuchino,1,$8.500,Tarjeta,C090
3932,2026-08-31,15:18,Nübe Centro,Mostrador,Chocolate caliente,1,,Tarjeta,
355,06/08/2026,07:21,Nübe Centro,Mostrador,croissant,1,6000,Nequi,C100
1487,2026-08-14,10:05,Nübe Centro,Mostrador,Americano,1,5000,,
6469,2026-09-19,08:57,Nübe Centro,Mostrador,Americano,1,5000,Tarjeta,C268
3751,2026-08-29,19:42,Nübe Altico,Mostrador,Americano,1,5000,Efectivo,
5318,2026-09-10,08:38,Nübe Centro,Mostrador,Croissant,1,6000,NEQUI,C181
300,2026-08-05,07:26,altico,Mostrador,Tinto,1,3000,Nequi,C080
7423,2026-09-26,10:24,Nübe Centro,Mostrador,Latte,1,9000,Tarjeta,
3532,2026-08-28,20:46,Nübe Centro,Mostrador,Chocolate caliente,1 und,7500,TARJETA,
2691,2026-08-22,15:32,Nübe Centro,Mostrador,croissant de almendras,1,8000,Efectivo,
3095,2026-08-25,12:54,Nübe Centro,Mostrador,Croisant,2,6000,,
4032,2026-08-31,09:55,Nübe Altico,Mostrador,Latte,1,9000,NEQUI,
4880,2026-09-06,06:41,Nübe Altico,Mostrador,TINTO,1,3000,Efectivo,C035
6473,2026-09-19,12:47,Nübe Centro,Mostrador,Capuchino,1 und,8500,Efectivo,C250
106,2026-08-03,07:46,Nübe Altico,Mostrador,Tinto,1,3000,EFECTIVO,
6414,2026-09-18,07:51,Nübe Altico,Mostrador,Americano,1,5000,Efectivo,
6347,2026-09-18,09:45,Nübe Centro,Mostrador,Chocolate  caliente,1,7500,EFECTIVO,C259
5341,2026-09-10,13:34,Nübe Altico,Mostrador,Capuchino,1,8500,Tarjeta,
4790,2026-09-06,16:20,Nübe Centro,Mostrador,croissant,1,6000,TARJETA,C286
1137,2026-08-11,17:54,Nübe Centro,Mostrador,Croissant,1,6000,Nequi,C130
258,2026-08-05,07:11,Nübe Centro,Mostrador,Latte,3,9000,Nequi,
3484,2026-08-28,16:35,Nübe Centro,Mostrador,Tinto,2 und,3000,Tarjeta,C004
6691,20/09/2026,09:31,Nübe Centro,Domicilio,Capuchino,2,8500,Efectivo,C273
6154,2026-09-16,08:43,Nübe Altico,Mostrador,Croissant,1,$6.000,Tarjeta,C227
1294,2026-08-12,20:20,Nübe Altico,Mostrador,Frappé de café,2,11000,Efectivo,
1539,2026-08-14,15:28,NUBE ALTICO,Mostrador,Americano,1,5000,Nequi,
3234,2026-08-26,10:15,Nübe Centro,Mostrador,Frappé de café,1,11000,Tarjeta,
4700,05/09/2026,16:12,NUBE ALTICO,Mostrador,Capuchino,1,8500,Efectivo,C109
1047,2026-08-10,10:51,Nübe Centro,Mostrador,Americano,1,5000,Efectivo,
1988,2026-08-17,09:09,Nube Centro ,Mostrador,chocolate caliente,1,7500,Nequi,
2306,2026-08-19,18:49,Nübe El Altico,Mostrador,Tinto,1,3000,Efectivo,
2636,22/08/2026,15:08,Nübe Centro,Mostrador,Tinto,1,3000,Efectivo,
3717,29/08/2026,07:35,Nübe Altico,Domicilio,Chocolate caliente,1,7500,Nequi,
4178,2026-09-02,18:54,Nübe Centro,Mostrador,Americano,1,5000,Efectivo,C093
6223,2026-09-17,08:36,Nübe Centro,Mostrador,Latte,1,9000,Tarjeta,C257
5834,2026-09-14,15:45,Nübe Centro,Mostrador,Tinto,1,3000,Efectivo,
5435,2026-09-11,08:32,Nübe Centro,Mostrador,Croissant,1,6000,Efectivo,
3461,2026-08-28,08:31,Nübe Centro,Domicilio,Croissant de almendras,1,$8.000,Nequi,
1159,2026-08-11,08:14,Nübe Altico,Mostrador,Latte,1,9000,Efectivo,C065
2204,2026-08-19,08:25,Nübe Centro,Mostrador,Americano,1 und,5000,Tarjeta,C140
3649,2026-08-29,13:03,Nübe Centro,Mostrador,Frappé de café,2,11000,Efectivo,C082
6096,2026-09-16,07:24,Nübe Centro,Mostrador,tinto,1,3000,Tarjeta,C076
7104,2026-09-23,15:38,Nübe Altico,Mostrador,Late,1 und,9000,Nequi,C014
829,2026-08-08,07:44,Nübe Altico,Mostrador,Croissant de almendras,1,8000,Tarjeta,C171
5977,2026-09-15,15:06,Nübe Centro,Mostrador,Latte,1,9000,Nequi,C248
2709,2026-08-22,07:34,Nübe Centro,Mostrador,Tinto,1,3000,Nequi,C229
5524,2026-09-11,08:55,Nübe El Altico,Mostrador,Capuchino,3,8500,Tarjeta,C150
2022,2026-08-17,06:00,Nübe Altico,Mostrador,Capuchino,1,8500,Efectivo,C208
350,2026-08-06,09:50,Nübe Centro,Mostrador,Latte,1,9000,Efectivo,C240
7229,2026-09-24,15:59,Nübe Altico,Domicilio,CAPUCHINO,2,8500,Efectivo,C119
1434,2026-08-13,15:35,Nübe Altico,Domicilio,Americano,1,5000,Tarjeta,C262
945,2026-08-09,13:33,Nübe Altico,Mostrador,CAPUCHINO,1,8500,Efectivo,C276
651,2026-08-07,15:44,Nübe Altico,Mostrador,Latte,1,9000,Nequi,
2926,2026-08-23,13:09,altico,Mostrador,americano,1 und,5000,Tarjeta,C052
5189,2026-09-09,19:28,Nube Centro ,Mostrador,Tinto,1,3000,Efectivo,C253
4715,05/09/2026,10:36,Nübe Altico,Mostrador,Tinto,1,3000,Nequi,
7241,25/09/2026,08:21,Nübe Centro,Mostrador,Croissant de almendras,1,8000,Efectivo,
5897,2026-09-14,13:37,Nübe Altico,Mostrador,Latte,2,9000,Efectivo,
3828,2026-08-30,08:52,Nübe Centro,Mostrador,Latte,2,9000,Efectivo,
178,2026-08-04,09:43,Nübe Altico,Mostrador,Tinto,1 und,3000,Efectivo,
765,2026-08-08,08:17,Nübe Altico,Mostrador,Chocolate caliente,1,7500,Nequi,
1744,2026-08-15,08:09,Nübe Altico,Mostrador,Latte,2,9000,Nequi,
5735,2026-09-13,12:55,Nübe Centro,Mostrador,Tinto,1,,Efectivo,
3669,2026-08-29,08:55,Nübe Centro,Mostrador,Tinto,1,3000,Nequi,C067
177,2026-08-04,09:00,Nübe Altico,Domicilio,Croissant,1,6000,Tarjeta,C051
2927,2026-08-23,14:59,Nübe Altico,Mostrador,Capuchino,1,8500,,C123
6432,18/09/2026,20:42,Nübe Altico,Mostrador,Latte,1,9000,Tarjeta,
5768,2026-09-13,07:54,Nübe Altico,Mostrador,croissant,1,6000,Tarjeta,C014
6919,2026-09-22,18:29,centro,Mostrador,Tinto,1,,Efectivo,C274
7225,2026-09-24,07:54,Nübe Altico,Mostrador,Capuchino,1,8500,Nequi,
1365,2026-08-13,18:05,centro,Mostrador,Tinto,1,3000,Nequi,C100
7486,2026-09-26,07:58,Nübe Altico,Mostrador,Tinto,1,3000,Nequi,
2631,2026-08-22,17:28,Nübe Centro,Domicilio,Chocolate caliente,1,7500,Efectivo,C052
5857,2026-09-14,16:52,Nübe Centro,Mostrador,Chocolate caliente,1,$7.500,Tarjeta,C202
4950,2026-09-07,09:48,Nübe Altico,Mostrador,Capuchino,1,8500,Nequi,
7535,2026-09-27,11:49,Nübe Centro,Mostrador,Capuchino,1,8500,Efectivo,C023
503,2026-08-07,16:39,Nübe Centro,Mostrador,Latte,2,$9.000,Efectivo,
1819,2026-08-16,14:59,Nübe Centro,Mostrador,Tinto,1,3000,Tarjeta,C170
6787,2026-09-21,08:07,Nübe Centro,Mostrador,croissant,1,6000,Nequi,C272
6959,2026-09-22,07:22,Nübe Altico,Mostrador,tinto,3,$3.000,Nequi,C004
1092,2026-08-11,18:51,Nübe Centro,Mostrador,Capuchino,2,8500,Tarjeta,
98,2026-08-03,11:29,Nübe Altico,Domicilio,Chocolate  caliente,1 und,7500,Tarjeta,
1068,2026-08-10,15:41,Nübe Altico,Domicilio,Croissant de almendras,1,8000,Nequi,C142
5986,2026-09-15,08:04,Nübe Centro,Domicilio,Tinto,2,3000,Nequi,
3785,2026-08-29,17:08,Nübe Altico,Mostrador,Latte,1,9000,Nequi,C070
581,2026-08-07,08:12,Nübe Altico,Mostrador,Chocolate caliente,1,7500,Nequi,
2382,2026-08-20,08:43,Nübe Centro,Mostrador, LATTE,2,$9.000,Efectivo,
330,2026-08-05,12:14,Nübe Altico,Mostrador,TINTO,1,3000,Efectivo,
795,2026-08-08,07:20,Nübe Altico,Domicilio,Croissant,1,6000,Tarjeta,
7057,23/09/2026,09:17,Nübe Centro,Mostrador,Capuchino,1 und,8500,Tarjeta,C275
7396,2026-09-26,13:51,Nübe Centro,Mostrador,Latte,2,9000,Efectivo,
3109,2026-08-25,16:51,Nübe Centro,Mostrador,Frappé de café,1,11000,Nequi,
1440,2026-08-14,16:48,Nübe Centro,Mostrador,Capuccino,1,,Nequi,
4124,2026-09-01,14:11,Nübe Centro,Mostrador,Capuchino,1,8500,Tarjeta,
240,2026-08-05,10:58,Nübe Centro,Mostrador, LATTE,1 und,9000,Efectivo,C182
5592,2026-09-12,09:59,Nübe Centro,Domicilio,croissant de almendras,1,8000,Tarjeta,
1465,2026-08-14,17:43,Nübe Centro,Mostrador,Tinto,1,,Tarjeta,
3693,2026-08-29,08:57,Nübe Centro,Mostrador,TINTO,1,3000,Nequi,C108
5664,2026-09-13,10:58,Nübe Centro,Mostrador,Chocolate caliente,1,7500,Tarjeta,
5220,2026-09-09,07:06,Nübe Altico,Domicilio,Croissant,2,6000,Efectivo,
6199,2026-09-17,12:14,Nübe Centro,Mostrador,Americano,1,$5.000,Nequi,C266
3624,2026-08-29,08:07,Nübe Centro,Mostrador,croissant,1,6000,Tarjeta,C125
3750,29/08/2026,10:19,Nübe Altico,Mostrador,Tinto,1,3000,Nequi,
5653,2026-09-12,07:29,Nübe Altico,Mostrador,Americano,2,5000,Nequi,
3755,2026-08-29,09:01,Nübe Altico,Mostrador,Croissant de almendras,1,8000,Nequi,
3135,2026-08-25,16:36,centro,Mostrador,Chocolate caliente,2,7500,Tarjeta,C022
6114,16/09/2026,11:04,Nübe Altico,Mostrador,Frappé de café,2,11000,Tarjeta,
2396,2026-08-20,14:02,Nübe Centro,Mostrador,Croissant,2,$6.000,Tarjeta,C265
4860,2026-09-06,11:52,Nübe Altico,Mostrador,Latte,1,9000,NEQUI,
6985,2026-09-22,10:44,Nübe Altico,Mostrador,Croissant,2,,Efectivo,
6466,2026-09-19,12:42,Nübe Centro,Domicilio,Croissant de almendras,1,8000,Efectivo,
492,2026-08-07,18:37,Nübe Centro,Mostrador,Latte,1,9000,,C197
1719,15/08/2026,09:18,Nübe Altico,Mostrador,Latte,1,9000,NEQUI,
1344,2026-08-13,07:06,Nübe Centro,Domicilio,Chocolate caliente,2,7500,Nequi,C232
1618,2026-08-15,10:41,Nübe Centro,Mostrador,Frappé de café,1,11000,EFECTIVO,
6571,2026-09-19,18:56,Nübe Altico,Mostrador,Capuchino,2,8500,Nequi,
6214,2026-09-17,16:15,Nübe Centro,Domicilio,Croissant de almendras,2,8000,Efectivo,
4279,2026-09-02,13:55,Nübe Altico,Mostrador,Tinto,1,3000,Tarjeta,C297
737,2026-08-08,08:14,Nübe Centro,Mostrador,Americano,1,5000,Nequi,
3592,2026-08-28,13:33,Nübe Altico,Mostrador,Latte,1,9000,Tarjeta,
7613,2026-09-27,17:27,Nübe Centro,Mostrador,Croissant,1,6000,Nequi,
2362,2026-08-20,07:20,Nübe Centro,Mostrador,Croissant,1,6000,Tarjeta,
5877,2026-09-14,11:31,Nübe Centro,Mostrador,Latte,2,$9.000,Tarjeta,
2447,2026-08-21,11:47,Nübe Centro,Mostrador,Americano,1,$5.000,Nequi,
3317,2026-08-27,08:31,Nübe Centro,Mostrador,Chocolate caliente,2,7500,Efectivo,
4612,2026-09-05,18:30,Nübe Centro,Domicilio,AMERICANO,1,$5.000,Tarjeta,
5163,2026-09-09,07:53,Nübe Centro,Mostrador,TINTO,1 und,3000,Efectivo,
6343,2026-09-18,14:46,Nübe Centro,Mostrador,Croissant,1 und,6000,Tarjeta,
2850,2026-08-23,09:45,Nübe Centro,Mostrador,Croissant de almendras,1,8000,Efectivo,C173
7550,2026-09-27,09:07,Nübe Centro,Mostrador,Americano,2,5000,Efectivo,C022
204,2026-08-04,07:33,Nübe Altico,Domicilio,Latte,2,9000,Nequi,C094
1216,2026-08-12,16:30,Nübe Centro,Mostrador,Croissant almendras,1,8000,Efectivo,
4571,2026-09-05,08:10,Nübe Centro,Mostrador,Tinto,1,3000,Nequi,
7614,27/09/2026,07:29,Nübe Centro,Domicilio,Tinto,3,3000,Nequi,
6359,2026-09-18,10:50,Nübe Centro,Domicilio,Tinto,1,3000,Efectivo,
3827,2026-08-30,14:12,Nübe Centro,Mostrador,Capuchino,1,8500,Efectivo,
5275,2026-09-10,07:57,Nübe Centro,Mostrador,Croissant de almendras,1,8000,Nequi,
6918,2026-09-22,11:57,Nübe Centro,Mostrador,CROISSANT ,2,6000,Tarjeta,
2405,2026-08-20,18:26,Nübe Centro,Mostrador,Chocolate caliente,2,,Nequi,
74,2026-08-03,09:57,Nübe Altico,Mostrador,Croissant,1,6000,Efectivo,C037
7202,2026-09-24,07:55,Nübe Altico,Mostrador,Croissant,1,6000,Efectivo,
1756,15/08/2026,12:00,Nübe Altico,Mostrador,Capuccino,1,$8.500,Efectivo,
962,2026-08-09,07:59,Nübe Altico,Mostrador,TINTO,1,3000,Efectivo,
6015,2026-09-15,10:33,Nübe Altico,Mostrador,Capuchino,1 und,8500,EFECTIVO,
2265,2026-08-19,07:56,Nübe Centro,Domicilio,Latte,2,9000,Nequi,C203
4537,2026-09-04,11:27,Nübe Altico,Mostrador,frappé de café,1,11000,Tarjeta,
4351,2026-09-03,08:42,NUBE CENTRO,Mostrador,Latte,1,9000,Nequi,
2923,2026-08-23,18:45,Nübe Altico,Mostrador,Latte,1,9000,Nequi,
828,2026-08-08,17:19,Nübe Altico,Mostrador,Chocolate caliente,1,7500,Efectivo,
4414,2026-09-03,12:33,Nübe Altico,Mostrador,Chocolate caliente,2,7500,Efectivo,C150
2474,21/08/2026,16:04,Nübe Centro,Mostrador,Tinto,1,$3.000,Nequi,
947,2026-08-09,19:13,Nübe Altico,Mostrador,Capuchino,2,8500,Nequi,C197
6630,2026-09-20,07:01,centro,Mostrador,Chocolate caliente,1,7500,Nequi,
2590,2026-08-21,09:05,altico,Mostrador,Tinto,1,$3.000,Tarjeta,
1171,2026-08-11,15:21,Nübe Altico,Mostrador,Capuchino,2,8500,Nequi,
5840,14/09/2026,13:48,Nübe Centro,Mostrador,Latte,1,9000,Nequi,C279
1367,2026-08-13,17:46,Nübe Centro,Mostrador,Croissant,1,6000,Efectivo,
3000,2026-08-24,17:42,Nübe Centro,Mostrador,Tinto,1,3000,Nequi,
141,04/08/2026,07:54,Nübe Centro,Domicilio,Croissant de almendras,2,8000,Efectivo,C299
4392,2026-09-03,12:13,Nübe Altico,Mostrador,Latte,3,9000,Tarjeta,
1897,2026-08-16,17:00,Nübe Altico,Mostrador,Croissant de almendras,1,8000,Efectivo,
2493,21/08/2026,11:12,Nübe Centro,Domicilio,Americano,1,5000,Efectivo,
2033,2026-08-17,10:28,Nübe Altico,Domicilio,Americano,1,5000,EFECTIVO,C296
5266,2026-09-10,14:34,Nübe Centro,Mostrador,Latte,1,9000,Tarjeta,
4417,03/09/2026,12:43,Nübe Altico,Mostrador,Americano,1,5000,Tarjeta,
5743,2026-09-13,13:58,NUBE CENTRO,Domicilio,Frappé de café,1,11000,Efectivo,
5475,2026-09-11,10:09,Nübe Altico,Mostrador,Croissant,1,6000,Efectivo,C176
1958,2026-08-17,10:33,Nübe Centro,Mostrador,Americano,1,5000,Tarjeta,C268
4268,2026-09-02,16:07,Nübe Altico,Domicilio,Tinto,2,3000,Nequi,
1161,2026-08-11,16:08,Nübe Altico,Domicilio,Capuchino,2,$8.500,Efectivo,
7619,2026-09-27,17:07,Nübe Altico,Mostrador,Tinto,1,3000,Efectivo,
5784,2026-09-13,19:18,Nübe Altico,Mostrador,Croissant de almendras,1,8000,Nequi,C300
5987,2026-09-15,10:41,Nübe Centro,Domicilio,Latte,1,9000,Nequi,
30,03/08/2026,10:35,Nübe Centro,Mostrador,Latte,2 und,9000,Nequi,
718,2026-08-08,09:15,Nübe Centro,Domicilio,Americano,1,5000,Efectivo,C089
6841,2026-09-21,15:21,Nübe Altico,Mostrador,Frappé de café,1,$11.000,Efectivo,
4859,2026-09-06,06:57,Nübe Altico,Mostrador,Americano,1,5000,Tarjeta,
2389,2026-08-20,13:16,Nübe Centro,Domicilio,Latte,1,9000,Efectivo,C280
452,2026-08-06,17:21,Nübe Altico,Mostrador,Frappé de café,1,11000,Tarjeta,
937,2026-08-09,17:28,Nübe Centro,Mostrador,Tinto,1,3000,Tarjeta,
1966,2026-08-17,09:52,Nübe Centro,Domicilio,Tinto,1,3000,TARJETA,
5663,2026-09-13,08:38,Nübe Centro,Mostrador,Croissant,1,6000,Nequi,C222
5081,2026-09-08,15:19,Nübe El Altico,Mostrador,Frappé de café,1,11000,Tarjeta,
368,2026-08-06,13:11,Nube Centro ,Mostrador,Chocolate caliente,1,7500,Nequi,
5615,2026-09-12,11:54,Nübe Altico,Mostrador,Croissant,1,6000,Efectivo,C210
6314,2026-09-18,08:00,Nübe Centro,Mostrador,Croissant,1,6000,Efectivo,
7319,2026-09-25,12:47,Nübe Altico,Mostrador,Croissant,1,6000,Tarjeta,
4593,2026-09-05,17:52,Nübe Centro,Domicilio,Tinto,1,3000,Tarjeta,
3822,2026-08-30,08:26,centro,Domicilio,Chocolate caliente,1,7500,Efectivo,
671,2026-08-08,09:11,Nübe Centro,Domicilio,Americano,1,5000,Efectivo,
4584,2026-09-05,09:16,Nübe Centro,Domicilio,Americano,1,5000,Nequi,C122
959,2026-08-09,08:57,Nübe Altico,Domicilio,Tinto,1,3000,Nequi,
1929,2026-08-17,09:53,Nübe Centro,Mostrador,Americano,1,5000,Nequi,C090
2945,2026-08-23,15:14,Nübe Altico,Mostrador,Latte,1,$9.000,Efectivo,
4257,2026-09-02,06:31,Nübe Altico,Domicilio,Capuchino,1,8500,Nequi,
7607,2026-09-27,17:52,Nübe Centro,Mostrador,TINTO,1,3000,Nequi,C154
3802,2026-08-30,07:29,Nübe Centro,Mostrador,Croissant,1,6000,Nequi,
5244,2026-09-10,06:01,Nübe Centro,Mostrador,Americano,1,,Tarjeta,C136
2798,2026-08-23,16:43,Nübe Centro,Mostrador,Croissant,1,6000,Nequi,
3642,2026-08-29,12:11,Nübe Centro,Mostrador,Croissant de almendras,1,8000,Efectivo,C223
3825,30/08/2026,17:30,Nübe Centro,Mostrador,Croissant,1,6000,Tarjeta,
5546,2026-09-12,17:17,Nübe Centro,Mostrador,Capuchino,1,8500,Nequi,
5591,2026-09-12,08:48,Nübe Centro,Domicilio,Tinto,1,3000,NEQUI,C171
1057,2026-08-10,15:38,Nübe Centro,Mostrador,Croissant,1,6000,Efectivo,
3623,2026-08-29,08:06,Nübe Centro,Mostrador,Chocolate caliente,1,7500,Tarjeta,C016
5555,2026-09-12,17:21,Nübe Centro,Domicilio,Croissant de almendras,1,8000,Efectivo,
5239,2026-09-09,09:43,Nübe Altico,Mostrador,Latte,1,9000,Efectivo,
1631,2026-08-15,06:02,Nübe Centro,Mostrador,Americano,1,5000,Tarjeta,C228
6553,2026-09-19,07:02,Nübe Altico,Mostrador,Americano,1,5000,TARJETA,
6471,2026-09-19,20:33,Nübe Centro,Mostrador,Croissant,3,6000,Nequi,
3691,2026-08-29,14:38,Nübe Centro,Domicilio,Late,1,9000,Tarjeta,C129
3078,2026-08-24,08:04,Nübe Altico,Mostrador,Croissant,1,6000,Nequi,
7667,2026-09-27,07:49,Nübe Altico,Domicilio,Chocolate  caliente,1,7500,Nequi,
5201,2026-09-09,08:12,Nübe Altico,Mostrador,Capuchino,1,8500,Efectivo,
3677,2026-08-29,19:32,Nübe Centro,Mostrador,Croissant,1,$6.000,Nequi,C154
6780,2026-09-21,07:32,Nübe Centro,Domicilio,Capuchino,1,8500,Nequi,
2930,2026-08-23,09:09,Nübe Altico,Domicilio,Americano,1,5000,Efectivo,C275
3921,2026-08-31,12:00,centro,Domicilio,Latte,1,9000,Tarjeta,
5507,2026-09-11,16:28,Nübe Altico,Mostrador,Croissant,2,6000,Efectivo,
798,2026-08-08,18:15,Nübe Altico,Domicilio,Latte,2,9000,Tarjeta,C011
3447,2026-08-27,09:16,Nübe Altico,Domicilio,Croissant de almendras,1,8000,Nequi,
6239,2026-09-17,08:13,Nübe Centro,Mostrador,Latte,2,9000,EFECTIVO,C042
7248,2026-09-25,11:38,Nübe Centro,Mostrador,Croissant,,6000,Efectivo,C142
4980,2026-09-07,16:13,altico,Mostrador,Capuchino,1,8500,Efectivo,
2104,2026-08-18,10:28,Nübe Centro,Mostrador,Croissant de almendras,1,8000,Nequi,C017
7260,2026-09-25,08:49,Nübe Centro,Mostrador,Capuchino,2,$8.500,Efectivo,
3438,2026-08-27,13:27,Nübe Altico,Domicilio,Tinto,1,3000,Efectivo,
3991,31/08/2026,12:23,Nübe Centro,Mostrador,Croissant,2,6000,Tarjeta,
2317,2026-08-19,18:52,Nübe Altico,Mostrador,Croissant de almendras,1,8000,Nequi,C036
5278,10/09/2026,19:13,Nübe Centro,Domicilio,Croissant de almendras,1,$8.000,Nequi,C004
1316,2026-08-12,09:08,Nübe Altico,Mostrador,Croissant,1,6000,NEQUI,
1651,15/08/2026,13:39,Nübe Centro,Mostrador,Croissant de almendras,1,8000,Nequi,
5970,2026-09-15,07:10,Nübe Centro,Mostrador,Latte,2,9000,Efectivo,C110
118,2026-08-04,15:17,Nübe Centro,Mostrador,Frappé de café,1,11000,Nequi,
253,2026-08-05,13:43,Nube Centro ,Mostrador,americano,1,5000,Efectivo,C070
1839,2026-08-16,09:08,Nübe Centro,Mostrador,Tinto,1,3000,Efectivo,
6221,2026-09-17,13:38,Nübe Centro,Mostrador,Americano,1,$5.000,Efectivo,
5385,2026-09-10,13:06,Nübe Altico,Domicilio,Latte,1,9000,Nequi,C200
3023,2026-08-24,14:16,Nübe Centro,Mostrador,Chocolate caliente,1,7500,Nequi,
5427,2026-09-11,10:17,Nübe Centro,Mostrador,Americano,1,5000,Efectivo,C229
4071,2026-09-01,13:57,Nübe Centro,Mostrador,americano,2,5000,Efectivo,C067
7392,26/09/2026,14:17,centro,Mostrador,americano,1,$5.000,Tarjeta,C277
1589,2026-08-15,08:38,Nübe Centro,Mostrador,Croisant,,$6.000,Nequi,C148
6524,2026-09-19,12:28,NUBE CENTRO,Mostrador,Americano,1,5000,TARJETA,C183
3181,2026-08-25,07:07,Nübe Altico,Mostrador,Latte,1,9000,Nequi,
2086,2026-08-18,17:26,centro,Mostrador,Croissant,2,6000,Nequi,C137
6605,19/09/2026,12:03,Nübe Altico,Mostrador,Frappé de café,2 und,11000,TARJETA,C243
5779,2026-09-13,14:27,Nübe Altico,Mostrador,Capuchino,1,8500,Tarjeta,
2034,2026-08-17,06:48,Nübe Altico,Domicilio,Croissant de almendras,1,8000,TARJETA,
4486,2026-09-04,06:42,Nübe Centro,Mostrador,Tinto,1,3000,Tarjeta,
629,2026-08-07,10:05,Nübe Altico,Domicilio,Tinto,1,3000,Efectivo,
3848,2026-08-30,06:30,Nübe Centro,Mostrador, LATTE,1,9000,Efectivo,C075
261,2026-08-05,10:17,Nübe Centro,Mostrador,Croissant de almendras,1,8000,Nequi,
5442,2026-09-11,08:53,Nübe Centro,Mostrador,Croissant,1,6000,Tarjeta,
565,2026-08-07,09:54,Nübe Centro,Mostrador,Frappé de café,2,11000,Efectivo,
3880,2026-08-30,09:49,Nübe Altico,Mostrador,Croissant,1,6000,Efectivo,C221
3632,2026-08-29,18:56,Nübe Centro,Mostrador,croissant,1,$6.000,Nequi,
6993,2026-09-22,08:30,Nübe Altico,Mostrador,Croissant,1,6000,NEQUI,C067
3670,2026-08-29,16:25,Nübe Centro,Mostrador,Latte,1,$9.000,Efectivo,C034
6200,2026-09-17,09:16,Nübe Centro,Mostrador,Croissant de almendras,2,8000,Tarjeta,C297
7341,2026-09-25,10:55,Nübe Altico,Mostrador,Americano,1,5000,Nequi,C187
496,07/08/2026,13:38,Nübe Centro,Mostrador,Croissant de almendras,1,8000,Tarjeta,C056
333,2026-08-06,11:23,Nübe Centro,Mostrador,Americano,1,5000,Nequi,
5857,2026-09-14,16:52,Nübe Centro,Mostrador,Tinto,1,3000,Tarjeta,C202
1481,2026-08-14,08:32,Nübe Centro,Mostrador,Tinto,1,3000,Tarjeta,C267
7455,2026-09-26,17:13,Nübe Altico,Domicilio,Croissant,1,6000,Efectivo,C227
7575,27/09/2026,12:13,centro,Mostrador,Tinto,1,3000,Tarjeta,C004
5900,2026-09-14,09:24,Nübe Altico,Mostrador,Capuchino,1,8500,Tarjeta,C065
1584,2026-08-15,14:45,centro,Mostrador,Croisant,1,6000,Efectivo,
5817,2026-09-14,12:48,Nübe Centro,Mostrador,Chocolate caliente,1,7500,Nequi,C042
3913,2026-08-30,13:45,Nübe Altico,Mostrador,Croissant de almendras,1,8000,,
6212,2026-09-17,09:35,Nübe Centro,Mostrador,Frappé de café,1,11000,Tarjeta,C221
3103,2026-08-25,08:07,Nübe Centro,Mostrador,Croissant,1,6000,Nequi,
1640,2026-08-15,08:04,Nübe Centro,Mostrador, LATTE,1,9000,Nequi,
5783,2026-09-13,09:08,Nübe Altico,Mostrador,AMERICANO,1,5000,TARJETA,
6967,2026-09-22,13:41,Nübe Altico,Mostrador,Croissant,1,$6.000,Nequi,C123
6040,2026-09-15,11:28,altico,Mostrador,Croissant,1,$6.000,Tarjeta,
695,2026-08-08,08:09,Nübe Centro,Mostrador,Capuchino,1,8500,Tarjeta,
1802,2026-08-16,09:56,Nübe Centro,Mostrador,Capuchino,2,8500,Efectivo,C035
6794,2026-09-21,08:37,Nübe Centro,Mostrador,Capuchino,2,,NEQUI,
2191,2026-08-18,14:49,Nübe Altico,Domicilio,Tinto,1,3000,Nequi,
3906,2026-08-30,10:01,Nübe Altico,Mostrador,Americano,1,5000,Tarjeta,
88,2026-08-03,16:06,Nübe Altico,Mostrador,Capuchino,1,8500,Efectivo,C198
4497,2026-09-04,10:21,Nübe Centro,Mostrador,Americano,1,5000,Nequi,C101
3864,2026-08-30,07:59,Nübe El Altico,Mostrador,Croissant,1,6000,Efectivo,
7511,2026-09-26,08:13,Nübe El Altico,Mostrador,Capuchino,1,8500,NEQUI,
5113,2026-09-08,07:44,Nübe Altico,Mostrador,Croissant de almendras,2,8000,Nequi,C003
7086,2026-09-23,17:59,Nübe Altico,Mostrador,Americano,1,5000,Efectivo,C261
1810,2026-08-16,06:41,Nübe Centro,Mostrador,latte,1,$9.000,Nequi,
387,2026-08-06,07:25,Nübe Centro,Mostrador,Croissant de almendras,2,8000,TARJETA,
636,07/08/2026,19:13,Nübe Altico,Mostrador,Croissant de almendras,1,8000,Efectivo,
3045,2026-08-24,15:19,Nübe Centro,Mostrador,Tinto,1,3000,Efectivo,
971,2026-08-09,10:14,Nübe El Altico,Domicilio,Capuccino,1,8500,Nequi,
4864,2026-09-06,14:43,Nübe Altico,Mostrador,Americano,1,5000,Nequi,
6122,2026-09-16,10:56,Nübe Altico,Mostrador,Americano,1,5000,Efectivo,
4869,2026-09-06,08:15,Nübe Altico,Mostrador,Latte,1,9000,TARJETA,C137
1224,2026-08-12,13:34,Nübe Centro,Domicilio,Frappé de café,1,11000,Nequi,
4373,2026-09-03,11:37,Nübe Altico,Mostrador,Croissant,1,6000,Tarjeta,C026
1618,2026-08-15,10:41,Nübe Centro,Mostrador,Croisant,1,6000,Efectivo,
5360,2026-09-10,10:41,Nübe Altico,Domicilio,Croissant,1,6000,Tarjeta,
3555,2026-08-28,10:18,Nübe Altico,Mostrador,americano,2 und,$5.000,Efectivo,
298,2026-08-05,09:31,Nübe Altico,Mostrador,Americano,1,5000,Nequi,
1927,2026-08-17,06:06,Nübe Centro,Domicilio,Latte,1,9000,Tarjeta,C209
6777,21/09/2026,10:29,Nübe Centro,Mostrador,tinto,2,3000,Nequi,
7077,2026-09-23,17:59,Nübe Altico,Domicilio,Croissant,1,6000,Efectivo,C167
6840,2026-09-21,16:05,Nübe Centro,Domicilio,chocolate caliente,3,7500,Tarjeta,C145
7414,2026-09-26,18:57,Nübe Centro,Domicilio,Capuchino,1,8500,Tarjeta,
4013,31/08/2026,07:00,Nübe Altico,Domicilio,Croissant,1,6000,Nequi,
459,2026-08-06,10:49,Nübe Altico,Domicilio,Croissant de almendras,,8000,Nequi,C035
4051,2026-08-31,10:14,Nübe Altico,Domicilio,Americano,1 und,5000,Tarjeta,
4676,05/09/2026,07:41,Nübe El Altico,Mostrador, LATTE,2,9000,Efectivo,
3326,2026-08-27,12:23,Nübe Centro,Mostrador,Tinto,2,3000,Efectivo,C234
4196,2026-09-02,09:20,Nübe Centro,Domicilio,Tinto,1,3000,Efectivo,C091
5184,2026-09-09,11:18,Nübe Centro,Mostrador,Capuchino,1,8500,Tarjeta,C011
7328,25/09/2026,17:40,Nübe Altico,Mostrador,Tinto,1,3000,Nequi,
2177,2026-08-18,08:44,Nübe Altico,Domicilio,Croissant,1,6000,Efectivo,C095
4984,2026-09-07,12:37,Nübe Altico,Mostrador,Americano,1,5000,Efectivo,C064
1768,2026-08-16,16:04,Nübe Centro,Mostrador,Latte,1,9000,Nequi,
7378,2026-09-26,09:05,Nübe Centro,Domicilio,Tinto,3 und,3000,Tarjeta,C213
3836,30/08/2026,06:37,Nübe Centro,Mostrador,Croissant de almendras,1,8000,Tarjeta,C021
916,2026-08-09,07:16,Nübe Centro,Mostrador,Capuchino,1,8500,Nequi,
483,2026-08-07,09:07,Nübe Centro,Domicilio,Latte,1,9000,Nequi,
6576,2026-09-19,09:42,Nübe Altico,Mostrador,croissant,2,$6.000,Tarjeta,
818,2026-08-08,07:47,Nübe Altico,Mostrador,Tinto,1,3000,Tarjeta,
2091,2026-08-18,11:49,Nübe Centro,Mostrador,Americano,1,5000,Nequi,C257
6007,15/09/2026,11:02,Nübe Altico,Domicilio,Tinto,1,3000,NEQUI,
5559,2026-09-12,15:34,Nübe Centro,Mostrador,Chocolate caliente,1,7500,Efectivo,C113
3672,29/08/2026,18:39,Nübe Centro,Mostrador,Americano,1,5000,Tarjeta,
159,04/08/2026,08:04,Nübe Centro,Mostrador,Americano,1,5000,Tarjeta,
7525,2026-09-26,08:16,Nübe Altico,Mostrador,Americano,1,5000,Efectivo,
2671,2026-08-22,08:32,Nübe Centro,Mostrador,Americano,1,5000,Tarjeta,C034
381,2026-08-06,09:57,Nübe Centro,Mostrador,Croissant de almendras,1,8000,Tarjeta,
6885,2026-09-21,07:16,Nübe Altico,Mostrador,Croissant de almendras,1,8000,Nequi,
6129,2026-09-16,09:23,Nübe Altico,Domicilio,Americano,1 und,5000,Tarjeta,
6022,2026-09-15,17:54,Nübe Altico,Domicilio,Capuchino,2,8500,Efectivo,C079
3556,2026-08-28,17:29,Nübe Altico,Mostrador,Croissant de almendras,1,8000,Tarjeta,C182
463,2026-08-06,07:28,Nübe Altico,Mostrador,Latte,1,9000,Tarjeta,
3741,2026-08-29,16:37,Nübe Altico,Mostrador,Capuccino,1,8500,Efectivo,C106
952,2026-08-09,16:51,Nübe Altico,Mostrador,Tinto,1,3000,Nequi,
2290,2026-08-19,07:50,Nübe Altico,Mostrador,Croissant,1,,Nequi,
2191,2026-08-18,14:49,Nübe Altico,Domicilio,Tinto,1,3000,Nequi,
7148,2026-09-24,09:44,Nübe Centro,Mostrador,Latte,1,9000,Tarjeta,
4936,2026-09-07,13:09,Nübe Centro,Mostrador,Tinto,1,3000,Efectivo,
3306,2026-08-26,08:05,Nübe Altico,Mostrador,Latte,1,$9.000,Efectivo,
6596,2026-09-19,09:21,Nübe Altico,Mostrador,Croisant,1,6000,EFECTIVO,
5582,2026-09-12,18:43,Nübe Centro,Mostrador,Croissant de almendras,1,8000,Efectivo,C050
6452,2026-09-19,12:13,Nube Centro ,Domicilio,croissant,1,6000,Nequi,C050
3735,29/08/2026,16:53,Nübe Altico,Mostrador,Croissant,1,6000,,C048
4729,2026-09-05,07:01,Nübe Altico,Mostrador,Croissant de almendras,1 und,8000,Nequi,
2398,2026-08-20,13:56,Nübe Centro,Domicilio,Latte,2,9000,Efectivo,C275
2085,18/08/2026,16:39,Nübe Centro,Mostrador,Frappé de café,2,,Tarjeta,C217
5766,2026-09-13,09:43,Nübe Altico,Mostrador,Americano,1,5000,Tarjeta,
7576,2026-09-27,13:55,Nübe Centro,Mostrador,Croissant de almendras,1,8000,Tarjeta,
178,2026-08-04,09:43,Nübe Altico,Mostrador,Latte,1,9000,Efectivo,
3685,2026-08-29,14:35,Nübe Centro,Mostrador,CROISSANT ,2,6000,Efectivo,C049
5134,2026-09-09,08:13,Nübe Centro,Mostrador,Americano,1,,Tarjeta,
5687,2026-09-13,17:37,centro,Domicilio,Capuchino,1 und,8500,Tarjeta,
2870,2026-08-23,19:07,Nübe Centro,Domicilio,Croissant de almendras,0,8000,Nequi,
52,2026-08-03,07:57,Nübe Centro,Domicilio,Tinto,1,3000,Tarjeta,C296
1455,2026-08-14,11:10,Nübe Centro,Mostrador,Latte,1 und,9000,Nequi,C285
7578,2026-09-27,18:04,Nübe Centro,Mostrador,Americano,1,5000,Nequi,C299
2723,2026-08-22,08:14,Nübe Altico,Mostrador,Croissant,3,6000,Tarjeta,
7398,2026-09-26,08:24,Nübe Centro,Domicilio,Croissant,1,6000,Efectivo,C024
4477,04/09/2026,17:36,Nübe Centro,Mostrador,Croissant de almendras,2,8000,Tarjeta,C062
490,2026-08-07,07:06,Nübe Centro,Mostrador,Americano,1,5000,Nequi,
7356,25/09/2026,10:58,Nübe Altico,Mostrador,Croissant de almendras,1,8000,Tarjeta,C025
91,2026-08-03,07:38,Nübe Altico,Mostrador,Americano,1,5000,Tarjeta,
977,2026-08-09,08:58,Nübe Altico,Domicilio,Croissant,2,6000,Nequi,
462,2026-08-06,08:15,Nübe Altico,Mostrador,Americano,1,5000,Nequi,
1701,2026-08-15,09:34,Nübe Altico,Domicilio,Americano,1,5000,Nequi,C197
4397,2026-09-03,16:21,altico,Mostrador,Tinto,3,3000,EFECTIVO,
3203,2026-08-26,16:24,Nübe Centro,Mostrador,Frappé de café,1,11000,Nequi,
463,2026-08-06,07:28,Nübe Altico,Mostrador,Chocolate caliente,1,7500,TARJETA,
2285,2026-08-19,10:48,Nübe Centro,Mostrador,Americano,1,$5.000,Efectivo,C186
6846,2026-09-21,14:00,altico,Mostrador,Croissant,1,6000,Tarjeta,
7399,2026-09-26,20:24,Nübe Centro,Mostrador,croissant,1,6000,EFECTIVO,
3996,2026-08-31,08:50,Nübe Altico,Mostrador,Chocolate caliente,2,7500,Efectivo,C089
6377,2026-09-18,15:41,Nübe Altico,Mostrador,Tinto,1,3000,Tarjeta,
7367,2026-09-26,13:34,Nübe Centro,Domicilio,Latte,1,9000,Efectivo,
3252,2026-08-26,07:07,Nübe Centro,Mostrador,Latte,1,9000,Efectivo,C138
883,2026-08-09,08:16,Nübe Centro,Domicilio,Croissant,1,$6.000,Efectivo,
1103,2026-08-11,09:49,Nübe Centro,Mostrador,Americano,1,5000,Tarjeta,
3675,2026-08-29,17:22,Nübe Centro,Mostrador,Croissant,1,$6.000,Nequi,C068
5448,11/09/2026,09:45,Nübe Centro,Mostrador,Croissant,1,$6.000,Nequi,
5043,08/09/2026,08:57,Nübe Centro,Mostrador,Capuchino,2,8500,Nequi,
4871,2026-09-06,20:13,Nübe Altico,Mostrador,Croissant,1,6000,Tarjeta,
1750,2026-08-15,06:08,Nübe Altico,Mostrador,Chocolate caliente,1,7500,Nequi,
5844,2026-09-14,15:39,Nübe Centro,Mostrador,Americano,1,5000,Nequi,
6693,2026-09-20,08:27,Nübe Centro,Domicilio,Croissant,1,6000,TARJETA,
2105,2026-08-18,10:43,Nübe Centro,Mostrador,Tinto,1,3000,Nequi,C243
1190,2026-08-11,10:44,Nübe Altico,Domicilio,Croissant,1,6000,Nequi,C244
1152,2026-08-11,08:56,Nübe Altico,Mostrador,Tinto,1,$3.000,Efectivo,C174
5977,2026-09-15,15:06,Nube Centro ,Mostrador,Croissant,1,6000,Nequi,C248
1869,2026-08-16,08:45,Nübe Altico,Mostrador,Tinto,1,3000,Tarjeta,
2321,2026-08-19,17:58,Nübe Altico,Domicilio,Croissant de almendras,1,8000,Efectivo,
3031,2026-08-24,17:30,Nübe Centro,Domicilio,Latte,1,9000,Efectivo,C250
2223,19/08/2026,15:02,Nübe Centro,Mostrador,Americano,,5000,Efectivo,C063
6795,2026-09-21,10:49,Nübe Centro,Mostrador,Croisant,1,6000,TARJETA,
5896,2026-09-14,17:23,Nübe Altico,Mostrador,AMERICANO,1,5000,TARJETA,
4353,2026-09-03,20:27,Nübe Centro,Mostrador,Croissant de almendras,1,8000,Efectivo,C042
1347,2026-08-13,15:11,Nübe Centro,Mostrador,Chocolate caliente,1,7500,Efectivo,
6805,2026-09-21,16:36,Nübe Centro,Mostrador,Croissant de almendras,1,8000,Tarjeta,C099
6209,17/09/2026,08:56,Nübe Centro,Mostrador,Chocolate caliente,1,7500,Tarjeta,
2665,2026-08-22,16:49,Nübe Centro,Mostrador,Frappé de café,1,11000,EFECTIVO,
2555,2026-08-21,09:44,Nübe Altico,Mostrador,Tinto,1,3000,Tarjeta,
5451,2026-09-11,08:02,Nübe Centro,Mostrador,Chocolate  caliente,1,7500,Nequi,
2670,2026-08-22,08:54,Nübe Centro,Domicilio,Tinto,1 und,3000,Nequi,C016
4031,2026-08-31,15:25,Nübe Altico,Mostrador,Tinto,2,3000,Tarjeta,C121
7362,2026-09-25,10:49,Nübe Altico,Mostrador,americano,1,5000,Nequi,C027
3609,2026-08-29,12:11,Nübe Centro,Mostrador,Frappé de café,1,11000,Nequi,
3715,2026-08-29,12:07,Nübe Altico,Mostrador,Latte,1,9000,Nequi,
3911,2026-08-30,15:17,Nübe Altico,Mostrador,Croissant,1,6000,Nequi,
3671,29/08/2026,17:54,Nübe Centro,Mostrador,Capuchino,1,8500,Nequi,C194
6580,2026-09-19,12:04,Nübe Altico,Domicilio,Croissant,1,6000,Nequi,
990,2026-08-09,08:25,Nübe Altico,Mostrador,Croissant de almendras,1,8000,EFECTIVO,
1715,2026-08-15,08:11,Nübe Altico,Domicilio,Capuchino,1,8500,Efectivo,C128
2757,22/08/2026,18:59,Nübe Altico,Mostrador,Frappé de café,1,11000,Efectivo,
469,2026-08-07,15:54,Nübe Centro,Mostrador,Tinto,1,3000,Nequi,
6423,2026-09-18,17:46,Nübe Altico,Mostrador,Croissant,1,6000,Nequi,C013
2868,2026-08-23,11:50,Nube Centro ,Mostrador,Tinto,1,3000,Tarjeta,C104
1058,2026-08-10,20:15,NUBE ALTICO,Mostrador,CROISSANT ,1,6000,Nequi,C085
3570,2026-08-28,09:35,Nübe Altico,Domicilio,Americano,1,$5.000,Efectivo,
5375,2026-09-10,14:20,Nübe Altico,Domicilio,Latte,2,9000,Tarjeta,
4065,2026-09-01,16:53,Nübe Centro,Domicilio,Chocolate caliente,1,7500,Tarjeta,
6847,2026-09-21,13:12,Nübe Altico,Mostrador,Croissant,1,6000,Efectivo,C287
2612,2026-08-22,08:05,Nübe Centro,Mostrador,Latte,1,9000,Tarjeta,C283
6613,2026-09-19,08:19,Nübe Altico,Mostrador,Capuchino,1,8500,Tarjeta,C249
5812,2026-09-14,07:38,Nübe Centro,Mostrador,Croissant de almendras,1 und,8000,Nequi,
6165,2026-09-17,08:38,Nübe Centro,Mostrador,Croissant almendras,1,$8.000,Efectivo,C107
4566,2026-09-05,09:54,NUBE CENTRO,Mostrador,Americano,1,5000,,C228
5140,2026-09-09,16:29,Nübe Centro,Domicilio,Frappé de café,1,$11.000,Nequi,
7646,2026-09-27,06:01,Nübe Altico,Mostrador,Latte,1,9000,Tarjeta,C178
7544,2026-09-27,13:06,Nübe Centro,Mostrador,Croissant,2,,Efectivo,C135
578,07/08/2026,10:12,Nübe Altico,Mostrador,Croissant de almendras,1,8000,Efectivo,
7265,2026-09-25,18:22,centro,Mostrador,Croissant,1,$6.000,Nequi,
4897,2026-09-07,17:10,Nübe Centro,Mostrador,Croissant,1,6000,Efectivo,
5208,2026-09-09,13:21,Nübe Altico,Mostrador,Croissant,1,6000,Efectivo,
983,2026-08-09,17:09,Nübe Altico,Domicilio,Frappé de café,1,11000,NEQUI,C162
2579,21/08/2026,13:43,Nübe Altico,Domicilio,TINTO,1,3000,Efectivo,C171
3214,2026-08-26,07:31,Nübe Centro,Mostrador,Croissant de almendras,2,8000,Tarjeta,C024
3405,2026-08-27,10:36,Nübe Altico,Mostrador,Chocolate caliente,1,7500,Tarjeta,
5824,2026-09-14,17:49,Nübe Centro,Domicilio,Latte,2,9000,Efectivo,C291
4799,2026-09-06,08:20,Nübe Centro,Mostrador,Latte,1,$9.000,Efectivo,
2866,2026-08-23,17:49,Nube Centro ,Mostrador,Capuchino,1,8500,NEQUI,
6882,2026-09-21,10:19,Nübe Altico,Mostrador,Latte,2,9000,Efectivo,
4338,2026-09-03,12:09,Nübe Centro,Mostrador,Americano,3,5000,Nequi,
2487,2026-08-21,15:03,Nübe Centro,Mostrador,Tinto ,1,3000,Tarjeta,
3456,2026-08-27,11:10,Nübe El Altico,Mostrador,Latte,1 und,9000,Tarjeta,C024
7657,2026-09-27,15:44,Nübe Altico,Mostrador,Chocolate caliente,1 und,7500,Nequi,C237
227,2026-08-05,09:30,Nübe Centro,Mostrador,Americano,3,5000,Tarjeta,
3584,2026-08-28,17:20,Nübe Altico,Domicilio,Americano,1,5000,Nequi,C046
4589,05/09/2026,18:21,Nübe Centro,Mostrador,Chocolate caliente,1,7500,Nequi,
5883,2026-09-14,18:08,Nübe Centro,Mostrador,Capuchino,1,8500,Tarjeta,C259
3781,2026-08-29,17:31,Nübe Altico,Mostrador,Tinto,3,3000,Tarjeta,
5438,2026-09-11,09:01,Nübe Centro,Mostrador,Capuchino,1,8500,Tarjeta,
1186,2026-08-11,09:18,Nübe Altico,Mostrador,Americano,1,5000,Tarjeta,C196
2602,2026-08-22,10:49,Nübe Centro,Mostrador,Croissant de almendras,1,8000,Efectivo,
3161,2026-08-25,10:22,Nübe Centro,Domicilio,Americano,1,5000,Tarjeta,C113
5581,2026-09-12,13:49,Nübe Centro,Domicilio,Croissant,1,6000,Tarjeta,C050
1293,2026-08-12,07:34,Nübe Altico,Mostrador,Tinto,1,3000,Nequi,
6699,2026-09-20,09:56,Nübe Centro,Mostrador,Latte,1,9000,Efectivo,
2209,2026-08-19,09:49,Nübe Centro,Mostrador,Croissant,1,6000,NEQUI,C276
4890,2026-09-07,07:38,Nübe Centro,Mostrador,Tinto,2,3000,Nequi,C047
4481,2026-09-04,09:02,NUBE CENTRO,Mostrador,Capuchino,1,8500,Nequi,
6249,2026-09-17,09:00,Nübe Altico,Mostrador,Tinto,1,3000,Efectivo,
2266,2026-08-19,17:49,Nübe Centro,Mostrador,Frappé de café,1,11000,NEQUI,
699,2026-08-08,08:36,Nübe Centro,Mostrador,Croissant,1,6000,Efectivo,
2575,2026-08-21,07:45,Nübe El Altico,Mostrador,Latte,1,9000,Efectivo,
6512,19/09/2026,08:27,centro,Mostrador,Croissant,1,6000,TARJETA,
3736,29/08/2026,18:40,altico,Mostrador,Croissant,1,6000,Nequi,
1731,2026-08-15,12:35,Nübe Altico,Mostrador,Capuchino,1,8500,Nequi,C073
7516,2026-09-26,09:37,Nübe Altico,Mostrador,croissant de almendras,1,8000,NEQUI,C149
6472,2026-09-19,07:52,centro,Domicilio,Tinto,1,3000,EFECTIVO,C005
1157,2026-08-11,07:52,Nübe Altico,Mostrador,Croissant de almendras,1,8000,Nequi,
3236,2026-08-26,16:33,Nübe Centro,Mostrador,Latte,1,9000,Nequi,C213
5210,2026-09-09,10:43,Nübe Altico,Mostrador,Latte,1,9000,Tarjeta,
6761,2026-09-20,15:41,Nübe Altico,Mostrador,Chocolate caliente,2,7500,Nequi,
1013,2026-08-10,06:20,Nübe Centro,Mostrador,Frappé de café,1,11000,Nequi,
745,2026-08-08,07:47,Nübe Centro,Domicilio,Latte,1,9000,Nequi,C139
3811,2026-08-30,09:29,Nübe Centro,Mostrador,Chocolate  caliente,2,7500,Efectivo,C058
217,2026-08-04,10:24,Nübe Altico,Domicilio,Croissant,1,6000,Efectivo,
3658,2026-08-29,10:55,Nübe Centro,Mostrador,Americano,1,5000,Nequi,
4620,2026-09-05,07:21,Nübe Centro,Domicilio,Tinto,1,3000,Nequi,
6575,2026-09-19,16:16,Nübe Altico,Mostrador,Tinto,1 und,3000,Efectivo,
6303,2026-09-18,08:08,Nübe Centro,Mostrador,Capuccino,1 und,8500,Tarjeta,
5917,2026-09-14,08:57,Nübe Altico,Mostrador,americano,1,5000,Tarjeta,C223
588,2026-08-07,09:20,Nübe Altico,Domicilio, Capuchino ,1,8500,Nequi,
5688,2026-09-13,19:27,Nübe Centro,Mostrador,Chocolate caliente,2,7500,Tarjeta,
3148,2026-08-25,19:06,Nübe Centro,Mostrador,Croissant,2,6000,Nequi,C068
1762,2026-08-15,15:23,Nübe Altico,Mostrador,Capuchino,1,8500,Efectivo,C168
6607,19/09/2026,16:21,Nübe Altico,Domicilio,Chocolate caliente,1,$7.500,Nequi,
6663,2026-09-20,13:30,Nübe Centro,Mostrador,Tinto,3,3000,Tarjeta,
2038,17/08/2026,10:39,Nübe Altico,Mostrador,Latte,1,9000,Efectivo,
1187,2026-08-11,10:26,Nübe Altico,Mostrador,Capuchino,1,8500,Nequi,
7601,2026-09-27,17:33,Nübe Centro,Mostrador,Capuchino,1,8500,Tarjeta,
6160,2026-09-16,08:26,Nübe Altico,Mostrador,Americano,1,5000,Nequi,C279
668,08/08/2026,18:22,Nübe Centro,Mostrador,Capuchino,3,8500,Nequi,
4270,2026-09-02,13:36,Nübe Altico,Mostrador,Tinto,1,3000,Efectivo,
2079,2026-08-17,18:04,Nübe Altico,Mostrador,Frappé de café,1,11000,Nequi,C001
2510,2026-08-21,14:15,Nübe Centro,Domicilio,chocolate caliente,1,7500,EFECTIVO,C065
3027,2026-08-24,16:43,Nübe Centro,Mostrador,Frappé de café,1,11000,Tarjeta,
3238,2026-08-26,14:37,Nübe Centro,Domicilio,Capuchino,1,8500,Efectivo,C054
1502,2026-08-14,09:10,Nübe Centro,Domicilio,Capuchino,1,8500,EFECTIVO,
62,03/08/2026,09:25,Nübe Centro,Domicilio,Capuchino,2,8500,Nequi,
6391,2026-09-18,10:29,Nübe Altico,Domicilio,Tinto,2,3000,Tarjeta,
1373,13/08/2026,13:55,Nübe Centro,Mostrador,Americano,1,5000,Efectivo,
6430,2026-09-18,07:27,Nübe Altico,Mostrador,Capuchino,1,8500,Nequi,C030
1850,16/08/2026,07:51,Nübe Centro,Mostrador,Capuchino,1,8500,Efectivo,C124
5865,2026-09-14,08:29,Nübe Centro,Domicilio,Frappé de café,1,11000,Nequi,C264
697,2026-08-08,09:12,Nübe Centro,Mostrador,Latte,1,9000,EFECTIVO,
1672,2026-08-15,10:45,Nübe Centro,Mostrador,CROISSANT ,1,6000,Efectivo,C241
2329,2026-08-19,07:29,Nübe Altico,Domicilio,Latte,1,9000,Tarjeta,C153
3160,2026-08-25,16:50,Nübe Centro,Mostrador,Croissant,1,6000,Tarjeta,C274
3528,28/08/2026,09:16,Nübe Centro,Domicilio,latte,1,9000,Efectivo,
4069,2026-09-01,16:31,Nube Centro ,Mostrador,Croissant,1,6000,Tarjeta,C159
7173,2026-09-24,11:41,Nübe Centro,Mostrador,Capuchino,1,8500,Efectivo,
6934,2026-09-22,09:42,Nübe Centro,Mostrador,Americano,1,5000,Nequi,
4545,2026-09-04,15:19,Nübe Altico,Mostrador,Croissant,1,6000,Nequi,
844,2026-08-08,15:15,Nübe Altico,Domicilio,Latte,1,9000,Tarjeta,
3149,2026-08-25,15:36,Nübe Centro,Domicilio,Tinto,1,3000,Efectivo,
6632,2026-09-20,08:54,Nübe Centro,Mostrador,TINTO,1 und,3000,Efectivo,
1381,2026-08-13,10:04,Nübe Centro,Mostrador,Chocolate caliente,2,7500,Efectivo,C118
2338,2026-08-20,09:03,Nübe Centro,Mostrador,Chocolate caliente,2,7500,Efectivo,
5816,2026-09-14,07:44,Nübe Centro,Domicilio,Americano,1,5000,Efectivo,C170
2643,2026-08-22,08:56,Nübe Centro,Mostrador,Americano,1 und,5000,Nequi,
6847,2026-09-21,13:12,Nübe Altico,Mostrador,Late,1,9000,Efectivo,C287
4103,2026-09-01,19:14,Nübe Centro,Mostrador,Capuchino,1,8500,TARJETA,C010
7278,2026-09-25,16:37,Nübe Centro,Domicilio,Tinto,1,3000,Tarjeta,
3965,2026-08-31,12:51,Nübe Centro,Mostrador,Tinto,1,3000,Nequi,C170
7233,2026-09-25,12:48,Nübe Centro,Domicilio,Latte,1,9000,EFECTIVO,C170
6629,2026-09-20,08:25,Nübe Centro,Mostrador,Tinto,3,3000,Tarjeta,
138,2026-08-04,07:07,Nübe Centro,Mostrador,Croissant,2,6000,Tarjeta,C239
5919,2026-09-14,11:02,Nübe Altico,Mostrador,Croissant de almendras,1 und,8000,Efectivo,
5969,2026-09-15,16:14,Nübe Centro,Mostrador,Tinto,1,3000,Nequi,
698,08/08/2026,08:01,Nübe Centro,Domicilio,Tinto,1,3000,Nequi,
1637,2026-08-15,11:11,Nübe Centro,Mostrador,Latte,1,9000,Tarjeta,C022
7195,2026-09-24,08:33,Nübe Altico,Mostrador,Latte,1,9000,,C181
1604,2026-08-15,15:42,Nübe Centro,Mostrador,CAPUCHINO,1,8500,Tarjeta,
2225,2026-08-19,07:24,Nübe Centro,Mostrador,CAPUCHINO,1,8500,Nequi,
1607,2026-08-15,13:58,Nübe Centro,Mostrador,Croissant,1,6000,Nequi,C191
3332,2026-08-27,07:27,Nübe Centro,Mostrador,Capuchino,1,8500,Tarjeta,
1911,2026-08-16,19:39,Nübe Altico,Mostrador,Chocolate caliente,1,,Nequi,
5381,2026-09-10,07:24,NUBE ALTICO,Mostrador,Tinto,3,3000,Nequi,C151
5402,2026-09-11,10:08,Nübe Centro,Mostrador,Croissant,2,6000,Efectivo,
7077,2026-09-23,17:59,Nübe Altico,Domicilio,Latte,1,9000,,C167
2751,2026-08-22,17:44,Nübe Altico,Mostrador,capuchino,1,8500,Efectivo,
3868,2026-08-30,08:11,Nübe Altico,Mostrador,latte,2,9000,Tarjeta,
4616,2026-09-05,09:45,Nübe Centro,Mostrador,Frappé de café,2,11000,Nequi,
616,2026-08-07,07:34,Nübe Altico,Mostrador,Tinto,2,$3.000,Tarjeta,C163
2947,23/08/2026,11:45,Nübe Altico,Mostrador,Frappé de café,1,11000,Tarjeta,C144
6577,2026-09-19,14:37,Nübe Altico,Mostrador,Americano,1,5000,Efectivo,
5795,2026-09-13,16:44,Nübe El Altico,Domicilio,Americano,1,5000,EFECTIVO,C279
6535,2026-09-19,19:59,Nübe Centro,Mostrador,Croissant,1,6000,NEQUI,
7569,2026-09-27,09:36,Nübe Centro,Mostrador,Croissant,1,6000,Nequi,C011
1143,2026-08-11,11:00,Nübe Centro,Domicilio,Tinto,1,3000,Tarjeta,C074
4575,05/09/2026,17:04,NUBE CENTRO,Mostrador,Capuchino,2,8500,NEQUI,C284
3576,2026-08-28,10:56,Nübe Altico,Mostrador,Croissant,1,6000,Nequi,C178
1032,2026-08-10,07:28,Nübe Centro,Mostrador,Chocolate caliente,1,7500,Efectivo,C244
4711,2026-09-05,10:32,Nübe Altico,Mostrador,Chocolate caliente,1,7500,Efectivo,
3824,2026-08-30,06:01,Nübe Centro,Mostrador,Tinto,1,3000,Tarjeta,
806,2026-08-08,20:38,Nübe Altico,Mostrador,Latte,1,9000,Efectivo,
6189,2026-09-17,07:40,Nübe Centro,Mostrador,Croissant,1,6000,Efectivo,
1687,2026-08-15,10:57,Nübe Centro,Mostrador,Capuchino,2,8500,,
6610,19/09/2026,15:09,Nübe Altico,Mostrador,Chocolate caliente,2,7500,Nequi,C289
5306,2026-09-10,16:49,Nübe Centro,Domicilio,croissant,1,6000,Nequi,
789,2026-08-08,12:26,Nübe Altico,Mostrador,americano,1,5000,Tarjeta,C265
5530,2026-09-12,09:37,Nübe Centro,Mostrador,Croissant de almendras,1,8000,Efectivo,
275,2026-08-05,15:55,Nübe Centro,Mostrador,Capuchino,1 und,8500,Tarjeta,C066
2063,2026-08-17,10:52,Nübe Altico,Mostrador,Croissant,1,6000,Efectivo,
229,2026-08-05,17:18,Nübe Centro,Mostrador,Capuchino,1,8500,Nequi,
6685,20/09/2026,20:33,Nube Centro ,Domicilio,Chocolate caliente,2,$7.500,Efectivo,
7599,2026-09-27,09:05,Nübe Centro,Mostrador,Tinto,2,3000,Efectivo,
6174,2026-09-17,17:10,Nübe Centro,Mostrador,Tinto,1,$3.000,Efectivo,
4445,2026-09-04,12:42,Nübe Centro,Mostrador,Frappé de café,1,$11.000,Efectivo,
1796,2026-08-16,10:16,Nübe Centro,Mostrador,Croissant de almendras,1,8000,Tarjeta,C175
1863,2026-08-16,14:44,Nübe Altico,Mostrador,Latte,1,9000,Nequi,C053
1989,2026-08-17,12:57,Nübe Centro,Mostrador,Chocolate caliente,1,7500,Tarjeta,C172
2466,2026-08-21,12:13,Nübe Centro,Mostrador,Latte,1,9000,Tarjeta,C166
2013,2026-08-17,17:28,Nübe Altico,Mostrador,Tinto,2,3000,NEQUI,
4710,2026-09-05,09:46,Nübe Altico,Mostrador,Americano,1,5000,Efectivo,
5097,2026-09-08,09:32,Nübe Altico,Mostrador,Tinto,1,3000,Tarjeta,
6211,2026-09-17,11:49,Nübe Centro,Mostrador,Capuchino,,$8.500,Nequi,
1748,2026-08-15,07:31,Nübe Altico,Domicilio,Chocolate caliente,1,7500,Efectivo,
1068,2026-08-10,15:41,Nübe Altico,Domicilio,Capuchino,1,8500,Nequi,C142
2898,2026-08-23,07:07,Nübe Centro,Domicilio,Frappé de café,1,11000,Nequi,
3319,2026-08-27,10:25,Nübe Centro,Mostrador,Tinto,1,3000,Nequi,
4251,2026-09-02,09:44,Nübe Centro,Mostrador,Capuchino,1,8500,Tarjeta,
4887,2026-09-07,17:10,Nübe Centro,Mostrador,Tinto,1,3000,Nequi,
1988,2026-08-17,09:09,Nübe Centro,Mostrador,Croissant,1,6000,Nequi,
1899,2026-08-16,18:38,Nübe Altico,Mostrador,Americano,1,5000,EFECTIVO,C198
5602,2026-09-12,07:30,Nübe Centro,Domicilio,Croissant de almendras,1,8000,Tarjeta,C027
4876,2026-09-06,07:48,Nübe Altico,Mostrador,Americano,1,5000,Efectivo,
1065,10/08/2026,06:26,Nübe Altico,Domicilio,Capuchino,1,8500,Nequi,C295
7098,2026-09-23,08:42,Nübe Altico,Mostrador,Tinto,2,3000,Efectivo,C118
1406,2026-08-13,13:03,Nübe Altico,Mostrador,Americano,2,5000,Efectivo,C061
3599,29/08/2026,15:39,Nübe Centro,Mostrador,Croissant de almendras,1,$8.000,Nequi,C160
628,2026-08-07,09:15,Nübe Altico,Domicilio,Tinto,1,3000,Efectivo,
4095,2026-09-01,11:40,Nübe Centro,Mostrador,Croissant,2,6000,Nequi,
5881,2026-09-14,09:02,Nübe Centro,Mostrador,Americano,1,5000,NEQUI,C221
5711,2026-09-13,08:32,Nübe Centro,Mostrador,Capuchino,1,$8.500,Nequi,
1041,2026-08-10,10:01,Nübe Centro,Domicilio,Tinto,1,3000,Efectivo,
6813,2026-09-21,09:02,Nübe Centro,Mostrador,Tinto,2,3000,Nequi,C069
3720,2026-08-29,07:59,Nübe Altico,Domicilio,Croissant almendras,0,8000,Tarjeta,
5922,2026-09-14,07:19,Nübe Altico,Mostrador,Latte,1,9000,Efectivo,
3393,2026-08-27,08:24,Nübe Centro,Mostrador,Capuchino,1,8500,Tarjeta,C061
1034,2026-08-10,13:33,Nübe Centro,Mostrador,Frappé de café,1,11000,Efectivo,
612,2026-08-07,10:12,Nübe Altico,Mostrador,Tinto,1,$3.000,Tarjeta,C292
1723,15/08/2026,16:34,altico,Mostrador,Capuchino,1,8500,Tarjeta,
4643,2026-09-05,11:01,Nübe Centro,Mostrador,croissant,1,6000,Tarjeta,C194
1688,2026-08-15,08:29,Nübe Centro,Domicilio,Americano,1,5000,Efectivo,
2676,2026-08-22,09:46,Nübe Centro,Mostrador,Tinto,1,3000,Efectivo,C272
4686,2026-09-05,09:26,Nübe Altico,Mostrador,Americano,1,5000,Tarjeta,
4393,2026-09-03,11:51,Nübe Altico,Domicilio,Croissant,1,6000,Nequi,
3842,2026-08-30,16:15,Nübe Centro,Mostrador,Frappe de cafe,2,11000,Nequi,
220,2026-08-04,08:18,Nübe Altico,Mostrador,Tinto,1,3000,Nequi,
2430,2026-08-20,10:26,Nübe Altico,Domicilio,croissant de almendras,1,8000,Nequi,
1391,2026-08-13,11:03,Nübe Centro,Mostrador,Tinto,1,3000,Efectivo,
2887,2026-08-23,10:05,Nübe Centro,Mostrador,Tinto,1,3000,Nequi,
2101,2026-08-18,18:48,centro,Mostrador,Latte,1,9000,Nequi,
4427,2026-09-03,08:20,Nübe Altico,Mostrador,Croissant,1,6000,Efectivo,C036
1744,2026-08-15,08:09,Nübe Altico,Mostrador,Tinto,1,3000,Nequi,
5652,2026-09-12,07:14,Nübe Altico,Mostrador,Capuchino,1,8500,Tarjeta,C216
5018,2026-09-08,16:53,Nübe Centro,Mostrador,Chocolate caliente,1,7500,Nequi,
2112,2026-08-18,07:08,Nübe Centro,Mostrador,Americano,1,5000,Efectivo,C227
6672,2026-09-20,11:49,Nübe Centro,Mostrador,Tinto,1,3000,EFECTIVO,C139
5807,2026-09-13,07:02,Nübe Altico,Mostrador,Tinto,1,3000,Nequi,
7107,2026-09-23,17:22,Nübe Altico,Mostrador,Croissant de almendras,1,8000,Nequi,C047
3145,2026-08-25,10:49,Nübe Centro,Mostrador,Croissant de almendras,1,8000,Tarjeta,C133
1845,2026-08-16,07:47,Nübe Centro,Mostrador,Latte,1 und,9000,Efectivo,
93,2026-08-03,09:47,Nübe Altico,Mostrador,Croissant,1,6000,Nequi,
6602,2026-09-19,18:17,Nübe Altico,Mostrador,Americano,1,$5.000,Efectivo,
3544,2026-08-28,15:46,Nübe Altico,Domicilio,Croissant,1,6000,Tarjeta,
1390,2026-08-13,13:26,Nübe Centro,Mostrador,Tinto,2,3000,Efectivo,C281
209,2026-08-04,13:26,Nübe Altico,Domicilio,Croissant almendras,1,8000,Efectivo,
5837,2026-09-14,19:26,Nübe Centro,Mostrador,Latte,1,9000,Nequi,C229
4350,2026-09-03,08:02,Nübe Centro,Mostrador,Croissant,1,6000,Tarjeta,
3497,2026-08-28,16:52,Nübe Centro,Domicilio,Americano,1,5000,Efectivo,
4865,06/09/2026,18:28,Nübe Altico,Domicilio,Latte,1,9000,Nequi,
4879,2026-09-06,17:00,Nübe El Altico,Mostrador,Frappé de café,1,11000,Efectivo,C091
3508,2026-08-28,12:56,Nübe Centro,Mostrador,Americano,1,5000,Nequi,C235
2118,2026-08-18,10:20,Nübe Centro,Mostrador,Capuchino,1,8500,Tarjeta,C098
5648,2026-09-12,10:37,Nübe Altico,Mostrador,Croissant,1,6000,Nequi,
4396,2026-09-03,16:40,Nübe Altico,Mostrador,Tinto,1,3000,Nequi,
5107,2026-09-08,17:34,Nübe Altico,Mostrador,Croissant,1,6000,,
4574,2026-09-05,16:17,Nübe Centro,Mostrador,Americano,1,5000,Tarjeta,
1139,2026-08-11,10:12,Nübe Centro,Mostrador,Tinto,1 und,3000,Nequi,
739,2026-08-08,10:17,Nübe Centro,Mostrador,Croissant,1,$6.000,Efectivo,
6991,2026-09-22,16:38,Nübe Altico,Mostrador,Latte,1,,Tarjeta,
880,2026-08-09,07:19,Nübe Centro,Mostrador,Chocolate caliente,3,,Tarjeta,
7222,2026-09-24,19:55,Nübe Altico,Mostrador,Tinto,1,3000,Efectivo,
987,2026-08-09,19:31,Nübe Altico,Mostrador,Capuchino,1,8500,Tarjeta,
1837,2026-08-16,11:18,Nübe Centro,Mostrador,croissant de almendras,0,8000,Efectivo,C280
2270,2026-08-19,10:37,centro,Mostrador,Tinto,1,3000,Nequi,
5874,2026-09-14,10:22,Nübe Centro,Mostrador,Croissant,1,6000,Efectivo,C155
4581,2026-09-05,10:28,Nube Centro ,Mostrador,Frappé de café,1,$11.000,Tarjeta,C029
598,2026-08-07,09:15,Nübe Altico,Mostrador,Croissant,2,6000,Efectivo,C174
1274,2026-08-12,09:51,Nübe Altico,Mostrador,TINTO,1,3000,Tarjeta,C190
5071,2026-09-08,17:49,Nübe Centro,Mostrador,Tinto,1,3000,Nequi,
4134,2026-09-01,18:53,Nübe Altico,Mostrador,Frappé de café,1,11000,Nequi,
493,2026-08-07,09:29,Nube Centro ,Mostrador,Americano,1,5000,Nequi,C287
3144,25/08/2026,09:14,Nübe Centro,Mostrador,Americano,3,5000,Tarjeta,C108
7099,2026-09-23,17:29,NUBE ALTICO,Mostrador,Capuchino,1,$8.500,Tarjeta,C292
2948,2026-08-23,06:01,Nübe El Altico,Mostrador,Capuchino,1,8500,Efectivo,
2214,19/08/2026,09:11,Nübe Centro,Mostrador,Croissant,1,$6.000,EFECTIVO,
3057,2026-08-24,09:00,Nübe Altico,Mostrador,Croissant,1,6000,Efectivo,
7502,2026-09-26,13:37,Nübe Altico,Mostrador,Late,1,9000,Efectivo,
3772,2026-08-29,13:48,NUBE ALTICO,Domicilio,Tinto,1,3000,Tarjeta,
5457,2026-09-11,19:43,Nübe Centro,Mostrador,Capuchino,1,8500,Efectivo,
4507,2026-09-04,09:41,Nübe Altico,Domicilio,frappé de café,3,11000,Nequi,
7034,2026-09-23,08:43,Nübe Centro,Mostrador,Capuchino,1,8500,Tarjeta,
3257,26/08/2026,16:10,Nübe Centro,Mostrador,Chocolate caliente,1,7500,EFECTIVO,C032
6732,2026-09-20,08:53,Nübe Altico,Domicilio, Capuchino ,2,8500,Tarjeta,C271
827,2026-08-08,14:09,Nübe Altico,Mostrador,Croissant de almendras,2,$8.000,Efectivo,C270
1996,2026-08-17,20:54,Nübe Centro,Mostrador,Capuchino,1,$8.500,,C109
5310,2026-09-10,08:20,Nübe Centro,Domicilio, LATTE,2,9000,Nequi,
5825,2026-09-14,07:04,Nübe Centro,Mostrador,Croissant de almendras,1,8000,Efectivo,C115
6797,21/09/2026,12:47,Nübe Centro,Mostrador,Croissant de almendras,1,8000,Efectivo,
123,04/08/2026,08:03,Nübe Centro,Mostrador,Americano,1 und,5000,Nequi,C255
6159,2026-09-16,18:20,Nübe Altico,Domicilio,Americano,1,5000,Efectivo,
1436,2026-08-13,10:19,NUBE ALTICO,Domicilio,Croissant,2,$6.000,Tarjeta,
2636,2026-08-22,15:08,Nübe Centro,Mostrador,Croissant,1,6000,EFECTIVO,
2289,2026-08-19,09:46,Nübe El Altico,Mostrador,Capuccino,1,8500,Nequi,
809,2026-08-08,16:00,Nübe Altico,Domicilio,Croissant,1,6000,Tarjeta,
211,2026-08-04,10:18,Nübe Altico,Domicilio,CAPUCHINO,1,8500,Tarjeta,C187
4575,05/09/2026,17:04,Nübe Centro,Mostrador,Croissant,1,6000,Nequi,C284
896,2026-08-09,09:11,Nübe Centro,Mostrador,Tinto ,1,3000,Efectivo,
955,2026-08-09,12:20,Nübe Altico,Domicilio,Latte,1,9000,Nequi,
3955,2026-08-31,17:32,Nübe Centro,Mostrador,Latte,1 und,9000,Nequi,
198,2026-08-04,10:01,Nübe Altico,Domicilio,Croissant,1,6000,Efectivo,
3383,2026-08-27,17:04,Nübe Centro,Mostrador,Latte,1,9000,Tarjeta,C144
4796,2026-09-06,09:23,Nübe Centro,Mostrador,Tinto,1,$3.000,Nequi,
906,09/08/2026,07:29,NUBE CENTRO,Mostrador,Americano,1,5000,NEQUI,C266
4629,2026-09-05,19:26,Nübe Centro,Domicilio,Croissant de almendras,1,$8.000,Nequi,
6998,2026-09-23,07:28,Nübe Centro,Mostrador,Croissant,1,6000,Nequi,C134
1709,2026-08-15,18:10,NUBE ALTICO,Mostrador,Latte,1,9000,Nequi,
5945,2026-09-14,14:08,Nübe Altico,Mostrador,Croissant almendras,1,8000,Tarjeta,
4955,2026-09-07,12:14,Nübe Altico,Mostrador,Capuchino,1,8500,Tarjeta,
7481,2026-09-26,15:49,Nübe Altico,Mostrador,Croissant,2,6000,Efectivo,C129
2287,2026-08-19,09:01,Nübe Altico,Mostrador,Capuchino,1,8500,Efectivo,
273,2026-08-05,11:52,Nübe Centro,Mostrador,Americano,1,$5.000,Nequi,
3174,2026-08-25,20:01,Nübe Altico,Mostrador,Croissant,1,6000,Tarjeta,
1797,16/08/2026,15:19,Nübe Centro,Mostrador,Latte,1,9000,Nequi,C297
1720,2026-08-15,13:20,Nübe Altico,Mostrador,Chocolate caliente,1,7500,Tarjeta,C095
6962,2026-09-22,17:29,Nübe El Altico,Mostrador,Croissant,2,$6.000,,C039
4926,2026-09-07,10:11,Nübe Centro,Mostrador,Chocolate caliente,1,7500,Efectivo,
5278,2026-09-10,19:13,Nübe Centro,Domicilio,Latte,2,9000,Nequi,C004
1501,2026-08-14,08:00,Nube Centro ,Mostrador,Americano,1,$5.000,EFECTIVO,C124
2015,2026-08-17,07:32,Nübe Altico,Mostrador,Croisant,2,6000,Nequi,C189
2651,2026-08-22,13:15,NUBE CENTRO,Domicilio,Latte,1,9000,Efectivo,C279
6346,2026-09-18,20:31,Nübe Centro,Mostrador,Tinto,1,3000,Efectivo,
3413,2026-08-27,11:41,Nübe Altico,Mostrador,Tinto,1 und,3000,Nequi,C139
6206,2026-09-17,17:54,Nübe Centro,Domicilio,Frappé de café,1,11000,Efectivo,
4712,2026-09-05,14:36,Nübe Altico,Mostrador,AMERICANO,2,5000,Nequi,
5696,2026-09-13,07:00,Nübe Centro,Mostrador,Latte,2,9000,EFECTIVO,
6979,2026-09-22,14:07,Nübe Altico,Mostrador,Latte,1,9000,Efectivo,
980,2026-08-09,20:39,Nübe Altico,Domicilio,Americano,1,5000,Nequi,
2498,2026-08-21,09:46,Nübe Centro,Mostrador,Croissant,1,6000,Tarjeta,
3309,2026-08-26,13:05,Nübe Altico,Mostrador,Americano,2,5000,Efectivo,
821,2026-08-08,16:38,Nübe Altico,Mostrador,Latte,1 und,9000,Nequi,
1592,15/08/2026,07:49,Nübe Centro,Mostrador,Capuchino,2 und,8500,Tarjeta,C043
6330,2026-09-18,09:02,Nübe Centro,Mostrador,Tinto,1,3000,Efectivo,
2327,2026-08-19,08:51,Nübe Altico,Mostrador,Chocolate caliente,2,7500,Efectivo,
6392,2026-09-18,14:14,Nübe Altico,Mostrador,Croissant,1,6000,Nequi,C187
7142,2026-09-24,14:22,Nübe Centro,Mostrador,Capuchino,1,8500,Nequi,C033
7341,2026-09-25,10:55,Nübe Altico,Mostrador,Tinto,1,3000,Nequi,C187
3398,2026-08-27,14:24,Nübe Altico,Mostrador,Tinto,1,$3.000,Tarjeta,
1683,2026-08-15,08:30,Nübe Centro,Mostrador,Chocolate caliente,1,7500,Efectivo,
221,2026-08-04,15:12,Nübe Altico,Mostrador,Croissant de almendras,1,8000,Nequi,
1405,2026-08-13,09:35,Nübe Altico,Mostrador,Chocolate caliente,1,7500,Tarjeta,C205
7091,2026-09-23,07:12,Nübe Altico,Mostrador,Croissant,1,6000,Tarjeta,
2571,21/08/2026,07:45,Nübe Altico,Mostrador,Capuchino,1,8500,Efectivo,C157
3901,2026-08-30,19:40,Nübe Altico,Mostrador,Frappé de café,2,11000,Tarjeta,
3574,2026-08-28,13:45,Nübe Altico,Mostrador,Frappé de café,1,11000,Tarjeta,
2102,2026-08-18,15:43,Nübe Centro,Domicilio,Capuchino,1,8500,Tarjeta,C066
1453,2026-08-14,09:20,Nübe Centro,Mostrador,Frappé de café,2,11000,Nequi,
2362,2026-08-20,07:20,Nübe Centro,Mostrador,Late,1,9000,Tarjeta,
4521,2026-09-04,10:46,Nübe Altico,Mostrador,Late,1,9000,Tarjeta,C019
242,2026-08-05,18:06,Nübe Centro,Mostrador,Latte,1,9000,Efectivo,
1445,2026-08-14,11:34,Nübe Centro,Mostrador,Tinto,1,3000,Nequi,C197
7387,2026-09-26,10:55,Nübe Centro,Mostrador,Chocolate caliente,1,7500,Nequi,
3666,2026-08-29,10:17,Nübe Centro,Mostrador,croissant,1 und,,EFECTIVO,C072
48,2026-08-03,16:16,Nübe Centro,Mostrador,Latte,1,9000,Nequi,
5482,2026-09-11,09:03,Nübe Altico,Domicilio,Capuchino,1,8500,Efectivo,
3196,2026-08-25,10:54,Nübe El Altico,Mostrador,Tinto,1,3000,Nequi,
920,2026-08-09,09:06,Nübe Centro,Mostrador,Late,2,9000,Tarjeta,C026
914,2026-08-09,17:28,Nübe Centro,Mostrador,Capuchino,2,8500,Efectivo,
6016,2026-09-15,08:14,Nübe Altico,Domicilio,Capuchino,1,$8.500,Efectivo,
1952,2026-08-17,14:53,Nübe Centro,Mostrador,Croissant de almendras,1,8000,Nequi,
2558,2026-08-21,07:00,Nübe Altico,Mostrador,Croissant de almendras,2,8000,Nequi,
819,2026-08-08,19:41,Nübe Altico,Mostrador,Croissant,1,6000,Nequi,
2420,2026-08-20,11:57,Nübe Altico,Mostrador,Tinto,1,3000,Nequi,C060
5550,2026-09-12,15:29,Nübe Centro,Domicilio,Americano,1,5000,NEQUI,C124
6822,2026-09-21,17:07,Nübe Centro,Mostrador,Latte,1,9000,Nequi,
7427,2026-09-26,07:37,Nübe Centro,Domicilio,Americano,2,5000,Efectivo,
4660,2026-09-05,06:44,Nübe Centro,Mostrador,Croissant de almendras,1,8000,Tarjeta,C073
922,2026-08-09,15:45,Nübe Centro,Mostrador,Tinto,1,3000,Nequi,C248
3285,2026-08-26,17:11,Nübe Altico,Mostrador,Frappé de café,3,11000,Efectivo,C126
4720,2026-09-05,08:03,Nübe Altico,Mostrador,Croisant,1,6000,Tarjeta,C153
1528,2026-08-14,07:22,Nübe Altico,Mostrador,Americano,1,5000,Efectivo,C265
1762,2026-08-15,15:23,Nübe Altico,Mostrador,Chocolate caliente,2,7500,Efectivo,C168
5462,2026-09-11,08:16,Nübe Centro,Mostrador,Chocolate  caliente,1,7500,TARJETA,C157
5932,2026-09-14,15:01,Nübe Altico,Mostrador,Croissant,2,6000,Tarjeta,C256
3085,2026-08-24,09:29,NUBE ALTICO,Domicilio,Americano,1,5000,Nequi,C081
2899,2026-08-23,08:59,Nübe Altico,Mostrador,Croissant de almendras,2,8000,Tarjeta,C234
615,2026-08-07,16:42,Nübe Altico,Mostrador,Tinto ,2,3000,TARJETA,
167,2026-08-04,09:52,Nübe Centro,Domicilio,Croissant de almendras,1,8000,Nequi,C195
4638,2026-09-05,07:15,Nübe Centro,Domicilio,Tinto ,1,3000,Efectivo,
273,2026-08-05,11:52,Nübe Centro,Mostrador,croissant de almendras,1,8000,Nequi,
3892,2026-08-30,08:15,Nübe Altico,Mostrador,Americano,0,5000,Efectivo,
3387,2026-08-27,08:46,Nübe Centro,Domicilio,Capuchino,2,8500,Nequi,
1128,2026-08-11,11:17,Nübe Centro,Domicilio,Frappé de café,1,11000,Nequi,C274
2620,22/08/2026,07:02,Nübe Centro,Mostrador,Frappé de café,1,11000,Efectivo,
1109,2026-08-11,11:42,Nübe Centro,Mostrador,Americano,1,5000,Nequi,C182
1711,15/08/2026,07:24,Nübe Altico,Domicilio,Tinto,1,3000,Tarjeta,
4285,2026-09-02,08:19,Nübe Altico,Mostrador,Capuchino,1,8500,Tarjeta,C170
504,2026-08-07,07:59,NUBE CENTRO,Mostrador,Chocolate caliente,1,7500,Tarjeta,
3571,2026-08-28,09:16,Nübe Altico,Domicilio,Frappé de café,1,11000,Nequi,
7081,2026-09-23,12:05,Nübe Altico,Mostrador,Tinto,1,3000,Efectivo,
6608,2026-09-19,07:05,Nübe Altico,Mostrador,Americano,2,5000,Efectivo,
215,2026-08-04,09:43,Nübe Altico,Mostrador,Capuchino,2,8500,NEQUI,C047
2828,2026-08-23,20:03,Nübe Centro,Mostrador,Capuchino,1,8500,Efectivo,C175
2527,2026-08-21,16:15,Nübe Centro,Domicilio, LATTE,,9000,Nequi,
7054,2026-09-23,10:38,Nübe Centro,Mostrador,Tinto,1,3000,Tarjeta,
6504,2026-09-19,15:56,Nübe Centro,Mostrador,Croissant de almendras,1,8000,Tarjeta,
5823,2026-09-14,10:24,Nübe Centro,Mostrador,Frappé de café,1,11000,Tarjeta,
3115,2026-08-25,13:57,Nübe Centro,Mostrador,americano,1,5000,Nequi,
2817,2026-08-23,08:41,Nübe Centro,Mostrador,Tinto,1,3000,Tarjeta,C147
5308,2026-09-10,08:02,Nübe Centro,Mostrador,Croissant,1,6000,Nequi,C268
6414,2026-09-18,07:51,Nübe Altico,Mostrador,Croissant,1,6000,Efectivo,
1980,2026-08-17,16:33,Nübe Centro,Domicilio,latte,1,9000,Efectivo,
4448,2026-09-04,08:20,Nübe Centro,Mostrador,Croissant de almendras,1,8000,Efectivo,
2306,19/08/2026,18:49,Nübe Altico,Mostrador,Croissant,2,6000,Efectivo,
4186,2026-09-02,07:48,Nübe Centro,Mostrador,Americano,1,5000,Tarjeta,C271
4602,2026-09-05,10:30,Nübe Centro,Mostrador,Capuchino,1,8500,Tarjeta,C282
5817,2026-09-14,12:48,Nübe Centro,Mostrador,Croissant,1,6000,Nequi,C042
4219,2026-09-02,12:07,Nübe Centro,Domicilio,Capuchino,1,8500,Efectivo,C210
6139,2026-09-16,08:03,Nübe Altico,Domicilio,Croissant,1,6000,Nequi,
5639,2026-09-12,15:05,NUBE ALTICO,Domicilio,Croissant,1,$6.000,Efectivo,
1164,2026-08-11,08:03,Nübe Altico,Mostrador,Frappé de café,2,11000,Tarjeta,C199
3943,2026-08-31,15:59,centro,Mostrador,Frappé de café,1,11000,Tarjeta,
2787,2026-08-22,12:14,Nübe Altico,Mostrador,Croissant,2,6000,Efectivo,
1107,2026-08-11,10:55,Nübe Centro,Mostrador,Tinto,1,3000,Efectivo,C048
870,2026-08-09,10:36,Nübe Centro,Mostrador,Tinto,,3000,Nequi,C095
2164,2026-08-18,07:47,Nübe Altico,Mostrador,TINTO,1,3000,Efectivo,
3904,2026-08-30,18:19,Nübe Altico,Mostrador,Latte,1,9000,EFECTIVO,
5489,2026-09-11,16:35,Nübe Altico,Mostrador,Tinto,2,3000,Efectivo,
5322,2026-09-10,14:59,Nübe Centro,Mostrador,Chocolate caliente,1,7500,Tarjeta,
400,2026-08-06,17:49,Nübe Centro,Mostrador,Late,,9000,Nequi,
7157,2026-09-24,15:49,Nübe Centro,Domicilio,Frappé de café,2,11000,Efectivo,C111
3946,2026-08-31,17:59,Nübe Centro,Mostrador,latte,1,,Efectivo,
5239,2026-09-09,09:43,Nübe Altico,Mostrador,Chocolate  caliente,1,7500,Efectivo,
6843,2026-09-21,08:16,Nübe Altico,Domicilio,Capuchino,1,$8.500,Tarjeta,
7621,2026-09-27,12:55,Nübe Altico,Domicilio,Capuchino,1,8500,Tarjeta,
2160,2026-08-18,12:56,Nübe Centro,Mostrador,Tinto,1,3000,Tarjeta,C237
5155,09/09/2026,14:37,Nübe Centro,Mostrador,Croissant de almendras,1,8000,Nequi,
5726,2026-09-13,11:24,Nübe Centro,Mostrador,Frappé de café,1,11000,Efectivo,C183
509,2026-08-07,14:14,Nübe Centro,Mostrador,Croissant de almendras,1,8000,Nequi,
2247,2026-08-19,16:15,Nübe Centro,Mostrador,Chocolate caliente,1,7500,Nequi,
2443,2026-08-20,19:38,Nübe Altico,Mostrador,Tinto,2,3000,Efectivo,C070
6689,2026-09-20,07:21,Nübe Centro,Mostrador,Americano,1,5000,Nequi,
3766,29/08/2026,20:49,Nübe El Altico,Mostrador,Croissant,1,6000,Efectivo,
7142,2026-09-24,14:22,Nübe Centro,Mostrador,Frappé de café,1,$11.000,Nequi,C033
2702,2026-08-22,10:48,Nube Centro ,Mostrador,Chocolate caliente,1,7500,Efectivo,
470,2026-08-07,09:34,Nube Centro ,Mostrador,Croissant almendras,1,8000,Nequi,C293
1916,2026-08-17,12:09,Nübe Centro,Mostrador,Croissant,2,6000,Nequi,C043
600,2026-08-07,08:19,Nübe Altico,Mostrador,Tinto,1,$3.000,Tarjeta,
3608,2026-08-29,11:52,NUBE CENTRO,Mostrador,Frappe de cafe,1,11000,Tarjeta,
7632,2026-09-27,08:17,Nübe Altico,Mostrador,Frappé de café,1,11000,Nequi,
5305,10/09/2026,10:42,Nübe Centro,Domicilio,Tinto,1,3000,Tarjeta,C053
6073,2026-09-16,07:50,Nübe Centro,Mostrador,Croissant de almendras,1,8000,Nequi,
1257,2026-08-12,08:41,Nübe Centro,Domicilio,Croissant,1,6000,Nequi,C006
5186,2026-09-09,07:46,Nübe Centro,Mostrador,Americano,1,$5.000,Efectivo,C293
5144,09/09/2026,08:04,Nübe Centro,Mostrador,Croissant,1,6000,Efectivo,
7282,2026-09-25,07:32,Nübe Centro,Mostrador, LATTE,1,9000,Tarjeta,C159
2649,2026-08-22,13:01,Nübe Centro,Mostrador,Croissant,1,6000,Efectivo,C158
4487,2026-09-04,08:40,Nübe Centro,Mostrador,Americano,1,5000,Nequi,
4716,2026-09-05,07:19,NUBE ALTICO,Mostrador,Tinto ,1,3000,Tarjeta,
3754,2026-08-29,06:26,Nübe Altico,Mostrador,Capuchino,1,8500,TARJETA,
617,2026-08-07,10:36,Nübe Altico,Domicilio,Capuchino,1,8500,Nequi,C202
4415,2026-09-03,17:27,Nübe Altico,Domicilio,Capuchino,1,8500,Efectivo,C237
5615,2026-09-12,11:54,Nübe Altico,Mostrador,Latte,2,9000,Efectivo,C210
5575,2026-09-12,10:08,Nübe Centro,Domicilio,Capuchino,1,8500,Tarjeta,C179
2220,19/08/2026,11:33,Nübe Centro,Mostrador,Croissant de almendras,,8000,Tarjeta,
6067,2026-09-16,10:03,Nübe Centro,Mostrador,Croissant,1,6000,Tarjeta,
4821,2026-09-06,07:01,Nübe Centro,Mostrador,Chocolate caliente,1,7500,Nequi,
6203,2026-09-17,09:34,Nübe Centro,Mostrador,Capuchino,2,8500,Nequi,
7358,2026-09-25,19:30,Nübe Altico,Mostrador,Tinto,1 und,3000,Nequi,
2564,2026-08-21,11:24,Nübe Altico,Domicilio,AMERICANO,1,5000,Tarjeta,
2973,2026-08-24,10:35,Nübe Centro,Mostrador,Latte,1,9000,Tarjeta,
5314,2026-09-10,09:36,Nübe Centro,Domicilio,Croissant de almendras,2,8000,Tarjeta,
6806,2026-09-21,20:01,Nübe Centro,Mostrador,Capuchino,2,8500,Tarjeta,
2555,2026-08-21,09:44,Nübe Altico,Mostrador,Capuchino,2,8500,Tarjeta,
4158,2026-09-01,08:26,Nübe Altico,Domicilio,Croissant,1,6000,Nequi,C295
3314,26/08/2026,20:21,Nübe Altico,Domicilio,latte,2,9000,Tarjeta,C287
5716,2026-09-13,07:19,Nübe Centro,Mostrador,Capuchino,1,8500,Efectivo,
1601,15/08/2026,08:50,NUBE CENTRO,Domicilio,Chocolate caliente,3,7500,Efectivo,
4221,2026-09-02,09:50,Nübe Centro,Mostrador,Capuchino,2,8500,Efectivo,
280,2026-08-05,15:20,Nübe Altico,Mostrador,Tinto,2,3000,EFECTIVO,
973,2026-08-09,10:05,Nübe Altico,Mostrador,Latte,1,9000,Nequi,C093
6598,2026-09-19,07:11,NUBE ALTICO,Mostrador,Croissant,1,6000,Efectivo,
6715,2026-09-20,16:22,Nübe El Altico,Mostrador,chocolate caliente,2,7500,Efectivo,C213
7409,2026-09-26,09:37,Nübe Centro,Mostrador,Tinto ,2,3000,Tarjeta,
5096,2026-09-08,09:23,Nübe Altico,Domicilio,Croissant,1,$6.000,Efectivo,
4607,2026-09-05,18:42,Nübe Centro,Mostrador,CROISSANT ,2,6000,Nequi,
3730,2026-08-29,18:06,Nübe Altico,Mostrador,Croissant,1,6000,Efectivo,
6069,2026-09-16,09:03,Nübe Centro,Domicilio,Croissant,1 und,6000,Efectivo,
4355,2026-09-03,08:16,Nübe Centro,Domicilio,CROISSANT ,3,6000,Tarjeta,
5826,2026-09-14,10:10,Nübe Centro,Mostrador,Chocolate caliente,1,7500,Efectivo,
1952,2026-08-17,14:53,Nübe Centro,Mostrador,Croissant de almendras,1,8000,Nequi,
6328,2026-09-18,20:34,Nübe Centro,Mostrador,Croissant de almendras,1 und,8000,Nequi,
5367,2026-09-10,11:08,Nübe Altico,Mostrador,Capuchino,2,,Nequi,
7659,2026-09-27,15:21,NUBE ALTICO,Domicilio,Frappé de café,1,11000,Efectivo,C284
1304,2026-08-12,13:58,Nübe Altico,Mostrador,Capuchino,1,8500,Tarjeta,C107
6810,2026-09-21,06:06,Nübe Centro,Mostrador,Croisant,3,6000,Tarjeta,
5570,2026-09-12,10:28,Nübe Centro,Mostrador,Americano,2,5000,Tarjeta,
2759,2026-08-22,07:33,Nübe Altico,Mostrador,Croissant,1,6000,Tarjeta,C031
2842,2026-08-23,07:19,Nübe Centro,Mostrador,Tinto,1,3000,Nequi,
2147,2026-08-18,10:41,Nübe Centro,Domicilio,Tinto,2,3000,Tarjeta,
4128,2026-09-01,15:57,Nübe Centro,Mostrador, Capuchino ,1,8500,Efectivo,
5299,2026-09-10,08:00,Nübe Centro,Domicilio,Croisant,2,6000,TARJETA,
4161,2026-09-01,07:29,Nübe Altico,Domicilio,Croissant,2,6000,Efectivo,
4943,2026-09-07,17:16,Nube Centro ,Mostrador,Croissant,2 und,6000,Efectivo,
5743,2026-09-13,13:58,Nübe Centro,Domicilio,Tinto,1,$3.000,EFECTIVO,
3417,2026-08-27,12:00,Nübe Altico,Domicilio,Tinto,1,3000,Efectivo,
5868,2026-09-14,16:51,Nübe Centro,Mostrador, LATTE,3,,Nequi,C097
4332,2026-09-03,14:29,Nübe Centro,Mostrador,Americano,1,5000,Nequi,
637,2026-08-07,07:01,Nübe Altico,Domicilio,Latte,1,9000,Efectivo,C148
6696,2026-09-20,12:45,Nübe Centro,Mostrador,Croissant,2,,Efectivo,C024
5008,2026-09-08,10:28,Nube Centro ,Mostrador,Chocolate caliente,1,7500,Tarjeta,C122
2369,2026-08-20,07:21,Nübe Centro,Mostrador,Capuchino,1,8500,Efectivo,
4382,2026-09-03,15:40,Nübe Altico,Mostrador,Chocolate  caliente,1,7500,Efectivo,
5,2026-08-03,09:09,Nübe Centro,Mostrador,Frappé de café,1,11000,Tarjeta,
7332,2026-09-25,10:36,Nübe Altico,Domicilio,Capuchino,1,8500,Efectivo,
1179,2026-08-11,14:39,Nübe Altico,Mostrador,Croissant de almendras,1,8000,Tarjeta,C293
1363,2026-08-13,09:41,NUBE CENTRO,Mostrador,Latte,1,9000,Efectivo,
2638,2026-08-22,06:36,Nübe Centro,Mostrador,Tinto,1,3000,Efectivo,C278
6301,18/09/2026,08:53,Nube Centro ,Domicilio,latte,1,9000,Efectivo,
1337,2026-08-13,17:09,Nübe Centro,Mostrador,Capuchino,3,8500,Tarjeta,
3731,2026-08-29,11:17,Nübe Altico,Mostrador,Capuchino,1,8500,Nequi,
3489,2026-08-28,10:00,Nübe Centro,Mostrador,Tinto,1,3000,Tarjeta,
4135,2026-09-01,17:45,Nübe Altico,Domicilio,Chocolate  caliente,1,$7.500,Tarjeta,
3681,2026-08-29,15:41,Nübe Centro,Mostrador,Croissant,1,$6.000,Efectivo,C036
3537,2026-08-28,07:25,Nübe Altico,Mostrador,Croissant,1,6000,Nequi,
5631,2026-09-12,13:08,Nübe Altico,Domicilio,Croissant,1,6000,Nequi,
3188,25/08/2026,07:50,Nübe Altico,Domicilio,Tinto,1,3000,Tarjeta,
1397,2026-08-13,13:28,Nübe Altico,Mostrador,Tinto,1 und,3000,Tarjeta,C203
342,2026-08-06,09:21,Nübe Centro,Mostrador,Latte,1,9000,Tarjeta,C177
4412,2026-09-03,17:15,Nübe Altico,Mostrador,Capuchino,1,8500,Nequi,C039
3731,29/08/2026,11:17,Nübe Altico,Mostrador,Croissant,1,6000,Nequi,
5703,2026-09-13,08:03,Nübe Centro,Mostrador,Capuchino,1,8500,Tarjeta,
4871,2026-09-06,20:13,Nübe Altico,Mostrador,croissant de almendras,1,8000,Tarjeta,
6374,2026-09-18,07:00,Nübe Centro,Mostrador,Latte,1,$9.000,Nequi,
7132,24/09/2026,09:22,Nübe Centro,Mostrador,AMERICANO,2,5000,Tarjeta,
1889,2026-08-16,20:38,Nübe Altico,Mostrador,Tinto,1,3000,Nequi,
4592,2026-09-05,08:03,Nübe Centro,Mostrador,Capuchino,1,8500,Nequi,
34,2026-08-03,07:25,Nübe Centro,Mostrador,Tinto,1,3000,Nequi,C123
784,2026-08-08,16:32,Nübe Altico,Domicilio,Latte,1,9000,Nequi,
6682,2026-09-20,07:24,Nübe Centro,Mostrador,Capuchino,1,8500,Tarjeta,
152,04/08/2026,17:41,Nübe Centro,Mostrador,capuchino,1,$8.500,Tarjeta,
1445,2026-08-14,11:34,centro,Mostrador,Capuchino,1,8500,Nequi,C197
5443,2026-09-11,12:54,Nübe Centro,Mostrador, LATTE,1,9000,Efectivo,C119
2668,2026-08-22,13:38,Nübe Centro,Mostrador,Tinto,1,$3.000,Nequi,C240
7574,2026-09-27,07:32,centro,Mostrador,CROISSANT ,1,6000,Tarjeta,
5747,2026-09-13,09:12,Nübe Altico,Mostrador,Latte,1,9000,Nequi,
193,04/08/2026,08:30,Nübe Altico,Domicilio,Croissant de almendras,1,8000,Nequi,C138
3885,2026-08-30,09:39,Nübe Altico,Mostrador,Capuchino,1,8500,Efectivo,
609,2026-08-07,12:22,Nübe Altico,Mostrador,Tinto,1,3000,Efectivo,
3171,2026-08-25,15:58,Nübe Altico,Mostrador,Frappé de café,1,11000,Efectivo,
2438,2026-08-20,15:13,Nübe Altico,Mostrador,Tinto,1,3000,Efectivo,
598,2026-08-07,09:15,Nübe Altico,Mostrador,Chocolate caliente,1,7500,Efectivo,C174
511,2026-08-07,11:42,Nübe Centro,Mostrador,Frappé de café,1,11000,Efectivo,
123,04/08/2026,08:03,Nübe Centro,Mostrador, Capuchino ,1,8500,Nequi,C255
6926,2026-09-22,10:02,Nübe Centro,Domicilio,Tinto,1 und,3000,Nequi,C265
1101,2026-08-11,09:53,Nübe Centro,Mostrador,AMERICANO,1,5000,Tarjeta,C046
637,2026-08-07,07:01,Nübe Altico,Domicilio,Chocolate caliente,1,7500,Efectivo,C148
6752,2026-09-20,06:05,Nübe Altico,Mostrador,Latte,1 und,9000,Nequi,
4055,2026-09-01,17:39,Nübe Centro,Mostrador,Croissant,1,,Tarjeta,C069
3696,2026-08-29,07:22,Nübe Centro,Mostrador,Capuchino,1,8500,Tarjeta,
4768,2026-09-06,15:38,Nübe Centro,Mostrador,Americano,1,,Nequi,
4388,2026-09-03,18:17,Nübe Altico,Domicilio,capuchino,1 und,8500,Efectivo,C119
7386,2026-09-26,16:30,Nübe Centro,Mostrador,Frappé de café,1 und,11000,Tarjeta,C036
2217,2026-08-19,07:48,Nübe Centro,Mostrador,Latte,1,$9.000,Efectivo,
3086,2026-08-24,09:34,Nübe Altico,Mostrador,Croissant de almendras,1,8000,Nequi,
314,2026-08-05,13:33,Nübe Altico,Domicilio,AMERICANO,1,5000,Nequi,C281
4841,2026-09-06,09:31,Nübe Altico,Domicilio,Tinto,1,3000,Efectivo,
4167,2026-09-01,09:36,Nübe Altico,Domicilio,Latte,1,,Nequi,C006
428,2026-08-06,12:19,Nübe Altico,Mostrador,Americano,1,5000,Tarjeta,C185
5466,2026-09-11,09:22,Nübe Centro,Mostrador,Tinto,1,$3.000,Nequi,C135
5016,2026-09-08,13:17,Nübe Centro,Mostrador,Croissant,1,6000,TARJETA,C300
1869,16/08/2026,08:45,Nübe Altico,Mostrador,Croissant,1,6000,Tarjeta,
7317,2026-09-25,16:29,Nübe El Altico,Mostrador,Croissant,3,6000,Tarjeta,C050
7316,2026-09-25,09:45,Nübe Altico,Mostrador,Capuchino,1,8500,Efectivo,
2867,2026-08-23,12:30,Nübe Centro,Mostrador,Chocolate caliente,1,7500,Nequi,
6220,2026-09-17,09:59,Nübe Centro,Mostrador,Chocolate caliente,2,7500,Tarjeta,C161
6953,2026-09-22,09:05,Nübe Altico,Mostrador,Americano,1,5000,Tarjeta,
2640,2026-08-22,06:58,Nübe Centro,Mostrador,Americano,2,5000,Nequi,C184
4021,2026-08-31,08:45,Nübe Altico,Domicilio,Americano,1,5000,,C041
930,2026-08-09,15:21,Nübe Centro,Mostrador,Croissant,1,6000,Efectivo,
84,2026-08-03,07:27,Nübe Altico,Mostrador,Tinto,2,3000,NEQUI,
6102,2026-09-16,07:51,Nübe Centro,Mostrador,Croissant,1,6000,Nequi,C275
3258,2026-08-26,07:43,Nübe Centro,Mostrador,Capuchino,1,8500,Efectivo,C099
4114,2026-09-01,12:43,Nübe Centro,Mostrador,Croissant,2,6000,Tarjeta,
6675,2026-09-20,17:14,Nübe Centro,Domicilio,Croissant,1,6000,Efectivo,
3884,2026-08-30,09:24,Nübe Altico,Mostrador,Capuchino,1,8500,Nequi,C196
2016,2026-08-17,10:41,Nübe Altico,Mostrador,Croissant,2,6000,Nequi,
2469,2026-08-21,12:39,Nübe Centro,Mostrador,Chocolate caliente,2,7500,Efectivo,C173
4232,2026-09-02,09:50,Nübe Centro,Mostrador,Croissant de almendras,,8000,Tarjeta,
7061,2026-09-23,08:40,Nübe Altico,Mostrador,Croissant,1,$6.000,Tarjeta,
1464,2026-08-14,10:02,Nübe Centro,Mostrador,Americano,1,5000,Efectivo,
1176,2026-08-11,10:17,Nübe Altico,Mostrador,Croissant de almendras,1,8000,Efectivo,C283
5217,2026-09-09,07:38,Nübe Altico,Mostrador,Latte,1,9000,Efectivo,
808,2026-08-08,08:03,Nübe Altico,Mostrador,Tinto,1,3000,Efectivo,
1606,2026-08-15,09:29,Nübe Centro,Mostrador,Croissant,1,6000,Efectivo,C168
6723,2026-09-20,14:33,altico,Mostrador,Tinto,1,3000,Efectivo,
3202,26/08/2026,10:24,centro,Mostrador,Americano,1,5000,Nequi,
2273,2026-08-19,17:04,centro,Mostrador,CROISSANT ,1,6000,Efectivo,
2252,2026-08-19,17:05,Nübe Centro,Mostrador,Latte,1,9000,Nequi,
2682,2026-08-22,19:53,Nübe Centro,Mostrador,Croissant,1,6000,Nequi,
5787,2026-09-13,06:25,Nübe Altico,Mostrador,CAPUCHINO,1,8500,Efectivo,C294
4853,2026-09-06,18:28,Nübe Altico,Mostrador,Capuchino,2,8500,Tarjeta,
5096,2026-09-08,09:23,Nübe Altico,Domicilio,chocolate caliente,1,7500,Efectivo,
6074,2026-09-16,07:35,Nübe Centro,Mostrador,Croissant de almendras,2,8000,Tarjeta,
6957,22/09/2026,08:02,Nübe Altico,Mostrador,Latte,2,9000,Tarjeta,C011
3975,2026-08-31,13:25,Nübe Centro,Mostrador,Latte,1,9000,Tarjeta,C066
71,03/08/2026,09:15,Nübe Altico,Mostrador,Capuchino,1,8500,Efectivo,C141
7544,2026-09-27,13:06,Nübe Centro,Mostrador,Capuchino,1,8500,Efectivo,C135
4043,2026-08-31,08:17,Nübe Altico,Mostrador,Capuchino,1,8500,NEQUI,C103
4191,2026-09-02,15:31,Nübe Centro,Mostrador,Capuchino,1,8500,Tarjeta,
6711,2026-09-20,16:33,Nübe Altico,Mostrador,Americano,1,5000,Efectivo,C129
5237,2026-09-09,15:42,Nübe Altico,Mostrador,Capuchino,1,8500,Efectivo,
4217,2026-09-02,10:50,Nübe Centro,Domicilio,CROISSANT ,1,$6.000,Efectivo,
347,2026-08-06,17:17,Nübe Centro,Mostrador,Latte,1,9000,Tarjeta,
6987,2026-09-22,08:10,Nübe Altico,Mostrador,Capuchino,1,8500,Nequi,C233
3410,2026-08-27,20:54,Nübe El Altico,Mostrador,croissant de almendras,1,8000,Tarjeta,
5999,2026-09-15,15:26,Nube Centro ,Mostrador,Frappé de café,1,11000,Nequi,C291
692,2026-08-08,12:54,Nübe Centro,Mostrador,Tinto,1,3000,Tarjeta,
3096,25/08/2026,13:26,Nübe Centro,Mostrador,AMERICANO,2,5000,Nequi,
3598,2026-08-28,16:41,Nübe Altico,Mostrador,Frappé de café,1,11000,Nequi,C069
1408,2026-08-13,13:42,Nübe Altico,Mostrador,Capuchino,1,8500,NEQUI,
5478,2026-09-11,07:35,Nübe Altico,Mostrador,croissant de almendras,1,8000,Tarjeta,C242
4954,07/09/2026,19:40,Nübe El Altico,Mostrador,Late,1,9000,Efectivo,
4816,2026-09-06,09:54,Nübe Centro,Mostrador,Capuchino,1,8500,EFECTIVO,C069
6027,2026-09-15,08:59,Nübe Altico,Mostrador,Croissant,1,6000,Efectivo,
7588,2026-09-27,09:08,Nübe Centro,Mostrador,Capuchino,1,8500,Nequi,C255
2737,2026-08-22,15:15,NUBE ALTICO,Mostrador,Tinto,,3000,NEQUI,
2350,2026-08-20,08:26,Nübe Centro,Domicilio,CROISSANT ,1,6000,Tarjeta,C259
7644,2026-09-27,14:03,Nübe Altico,Mostrador,Croisant,1,6000,Efectivo,C142
448,2026-08-06,11:54,Nübe Altico,Mostrador,croissant de almendras,1,8000,Efectivo,
2871,2026-08-23,07:54,Nübe Centro,Mostrador,Americano,1,5000,EFECTIVO,C056
2611,2026-08-22,13:31,Nübe Centro,Mostrador, Capuchino ,1,8500,Tarjeta,C259
7603,27/09/2026,10:07,Nübe Centro,Mostrador,Tinto,1,3000,Tarjeta,
766,2026-08-08,14:45,Nübe Altico,Mostrador,Americano,3,5000,Nequi,
2117,2026-08-18,12:50,Nübe Centro,Mostrador,Latte,3,9000,Tarjeta,C252
5650,2026-09-12,13:07,Nübe Altico,Mostrador,Croisant,1,6000,Nequi,
6236,2026-09-17,07:55,Nübe Centro,Mostrador,Chocolate caliente,1 und,7500,Tarjeta,C294
5513,2026-09-11,11:52,Nübe Altico,Mostrador,Americano,3 und,5000,Efectivo,
7516,2026-09-26,09:37,Nübe Altico,Mostrador,Croissant,1,6000,Nequi,C149
5611,2026-09-12,10:33,Nübe Altico,Domicilio,Tinto,1,3000,Nequi,
6313,2026-09-18,12:01,Nübe Centro,Domicilio,Latte,1,9000,Tarjeta,C112
7431,2026-09-26,08:39,Nübe Centro,Domicilio,Tinto,1,$3.000,Nequi,
1263,2026-08-12,08:15,Nübe Centro,Mostrador,Croissant,1,6000,Nequi,
1771,16/08/2026,14:07,Nübe Centro,Mostrador,Capuchino,1,$8.500,NEQUI,C177
4098,2026-09-01,10:23,Nübe Centro,Mostrador,Croissant,1,6000,Tarjeta,
7526,2026-09-26,09:26,Nübe Altico,Mostrador,Americano,1,5000,Tarjeta,
6356,2026-09-18,12:38,Nübe Centro,Mostrador, Capuchino ,1,8500,Tarjeta,C176
5091,2026-09-08,11:51,Nübe Altico,Mostrador,Americano,2,5000,Tarjeta,C264
1375,2026-08-13,10:12,Nübe Centro,Mostrador,Capuchino,1,8500,Tarjeta,C219
4433,2026-09-04,09:47,Nübe Centro,Mostrador,Tinto,1,3000,Nequi,
3374,2026-08-27,09:16,Nübe Centro,Mostrador,Capuchino,1,8500,Tarjeta,
2505,21/08/2026,09:19,Nübe Centro,Domicilio,Americano,1,5000,TARJETA,
3453,2026-08-27,10:58,Nübe Altico,Mostrador,Capuchino,1,8500,Nequi,
1791,2026-08-16,10:31,Nübe Centro,Mostrador,Chocolate caliente,1,7500,Nequi,
424,2026-08-06,17:11,Nübe Altico,Mostrador,Tinto,1,$3.000,Tarjeta,C045
5809,13/09/2026,07:13,Nübe Altico,Mostrador,Tinto ,1,3000,Nequi,
5555,2026-09-12,17:21,Nübe Centro,Domicilio,Americano,1,5000,Efectivo,
5106,2026-09-08,10:29,Nübe Altico,Mostrador,Latte,1,$9.000,Efectivo,
1725,2026-08-15,17:29,Nübe Altico,Mostrador,Croissant,1,6000,Nequi,
3281,2026-08-26,10:16,Nübe Altico,Mostrador,Capuchino,1 und,8500,Nequi,
3737,2026-08-29,09:31,Nübe Altico,Mostrador,Croissant almendras,1,8000,Tarjeta,
6708,2026-09-20,09:17,Nübe Altico,Mostrador,Americano,1,5000,Efectivo,
5480,2026-09-11,14:25,Nübe Altico,Mostrador,Americano,1 und,5000,Nequi,
7405,2026-09-26,17:15,Nübe Centro,Mostrador,Croissant,1,6000,Efectivo,C236
1890,2026-08-16,11:55,Nübe Altico,Mostrador,Croissant,1,6000,Nequi,
5813,2026-09-14,08:45,NUBE CENTRO,Mostrador,Croissant,2 und,6000,Tarjeta,C166
5312,2026-09-10,09:24,Nübe Centro,Mostrador,Croissant,2,6000,Nequi,C220
4047,2026-08-31,10:52,Nübe Altico,Mostrador,Capuchino,1,8500,,
3858,2026-08-30,16:31,Nübe Centro,Domicilio,Croissant,2,$6.000,Nequi,
428,2026-08-06,12:19,Nübe Altico,Mostrador,Capuchino,2,8500,Tarjeta,C185
7087,2026-09-23,08:15,Nübe Altico,Mostrador,Frappé de café,1,11000,Efectivo,C150
1638,2026-08-15,10:28,Nübe Centro,Mostrador, Capuchino ,2,8500,Nequi,
6792,2026-09-21,07:49,Nübe Centro,Domicilio,Capuchino,1,$8.500,Efectivo,C284
2203,2026-08-18,07:37,Nübe Altico,Mostrador,Croissant,1,6000,Tarjeta,C081
5470,11/09/2026,08:26,Nübe Altico,Mostrador,Croissant,1,6000,Efectivo,C152
4080,2026-09-01,07:49,Nübe Centro,Mostrador,croissant de almendras,1,8000,Tarjeta,C012
7080,2026-09-23,11:45,Nübe Altico,Mostrador,Chocolate caliente,1,7500,Tarjeta,
721,08/08/2026,08:17,Nübe Centro,Mostrador, Capuchino ,1,8500,Tarjeta,C005
558,2026-08-07,19:55,Nübe Centro,Mostrador,chocolate caliente,1,7500,Tarjeta,
6620,2026-09-19,08:42,Nübe Altico,Mostrador,Latte,1,9000,Tarjeta,
4580,2026-09-05,06:19,Nübe Centro,Mostrador,Croissant,2,6000,Nequi,C300
6146,16/09/2026,16:34,Nübe Altico,Domicilio,Tinto,2,3000,Tarjeta,C264
4571,2026-09-05,08:10,Nübe Centro,Mostrador,Latte,1,9000,Nequi,
3793,2026-08-30,16:43,Nübe Centro,Mostrador,Capuchino,1,8500,Efectivo,
5694,13/09/2026,08:24,Nübe Centro,Mostrador,Croissant de almendras,1,8000,Nequi,
6791,2026-09-21,07:15,Nübe Centro,Mostrador,Chocolate caliente,1,7500,Efectivo,
3810,2026-08-30,17:35,Nübe Centro,Mostrador,Capuchino,2,8500,Efectivo,
329,2026-08-05,09:08,Nübe Altico,Domicilio,Croissant,1,6000,Tarjeta,
319,2026-08-05,08:08,Nübe Altico,Mostrador,Croissant de almendras,2 und,8000,Tarjeta,C055
3385,2026-08-27,06:09,Nübe Centro,Mostrador,Capuchino,1,8500,Nequi,
7193,2026-09-24,16:39,Nübe Altico,Mostrador,Croissant,1,6000,Tarjeta,
3917,30/08/2026,08:31,Nübe Altico,Mostrador,Capuchino,1,8500,Tarjeta,C004
3779,2026-08-29,08:46,Nübe Altico,Mostrador,Chocolate caliente,2,7500,Efectivo,
3250,2026-08-26,07:32,Nübe Centro,Domicilio,Croissant,1,6000,Nequi,
3862,2026-08-30,08:18,Nübe Centro,Mostrador,Frappé de café,1,11000,Efectivo,
1727,15/08/2026,13:04,Nübe Altico,Mostrador,Tinto,1,3000,Tarjeta,C033
7650,2026-09-27,18:57,Nübe Altico,Mostrador,Chocolate caliente,1,7500,Efectivo,
2549,2026-08-21,15:02,Nübe Altico,Domicilio,Capuchino,1,8500,Efectivo,C221
36,2026-08-03,15:38,Nübe Centro,Mostrador,Chocolate caliente,1,$7.500,Efectivo,C215
4925,2026-09-07,10:37,Nübe Centro,Mostrador,croissant de almendras,1,8000,Efectivo,
4281,2026-09-02,14:59,Nübe Altico,Mostrador,Tinto,2,3000,NEQUI,C215
5307,2026-09-10,12:32,Nübe Centro,Domicilio,Capuchino,2,8500,Tarjeta,C235
481,07/08/2026,16:22,Nübe Centro,Mostrador,Latte,1,9000,Efectivo,
7543,2026-09-27,10:45,Nübe Centro,Mostrador,Croissant de almendras,1,8000,Efectivo,
7251,2026-09-25,11:08,NUBE CENTRO,Domicilio,Capuchino,2,8500,Efectivo,C202
6681,2026-09-20,13:16,Nübe Centro,Domicilio,Croissant,1,,Nequi,
2294,2026-08-19,13:54,Nübe Altico,Domicilio,Capuchino,1,8500,Efectivo,
1296,2026-08-12,07:42,Nübe Altico,Mostrador,Tinto ,1,3000,Tarjeta,C295
2379,2026-08-20,15:06,Nübe Centro,Mostrador,frappé de café,1,11000,Nequi,
5520,2026-09-11,12:10,Nübe Altico,Domicilio,Latte,3,9000,Nequi,
5259,2026-09-10,07:21,Nübe Centro,Mostrador,Americano,1,5000,Nequi,
5753,2026-09-13,11:11,Nübe Altico,Mostrador,Latte,1,9000,Nequi,
372,2026-08-06,18:21,Nübe Centro,Mostrador,Croissant,1,6000,NEQUI,
5503,2026-09-11,11:10,Nübe Altico,Mostrador,Capuchino,2,8500,Efectivo,C207
6746,20/09/2026,08:15,Nübe Altico,Domicilio,Tinto,1,3000,Nequi,
1805,2026-08-16,08:02,Nübe Centro,Mostrador,Tinto,2,3000,Nequi,C084
785,08/08/2026,19:26,Nübe Altico,Domicilio,Croissant,1,6000,Nequi,C157
2648,22/08/2026,11:04,Nübe Centro,Mostrador,Americano,1,5000,Efectivo,
850,08/08/2026,17:40,Nübe Altico,Domicilio,Americano,1,5000,Tarjeta,C286
7582,2026-09-27,06:19,Nübe Centro,Mostrador,Capuchino,1,8500,Nequi,C200
5287,2026-09-10,07:38,Nübe Centro,Domicilio,Croissant,1,$6.000,Efectivo,C103
1892,2026-08-16,08:18,Nübe Altico,Domicilio,Capuchino,1,8500,Efectivo,
817,2026-08-08,08:41,Nübe Altico,Mostrador,Tinto,1,3000,Nequi,
2567,2026-08-21,09:37,Nübe Altico,Mostrador,Croissant,1,6000,Efectivo,C247
4890,2026-09-07,07:38,Nübe Centro,Mostrador,Capuchino,1,8500,Nequi,C047
4254,2026-09-02,15:57,Nübe Centro,Mostrador,Latte,1,9000,Efectivo,
4218,2026-09-02,09:56,Nübe Centro,Mostrador,Croissant,1,6000,Nequi,
4297,2026-09-02,09:00,Nübe Altico,Mostrador,Latte,1,9000,Efectivo,
587,2026-08-07,12:14,Nübe Altico,Mostrador,Americano,1,5000,Efectivo,
4777,2026-09-06,11:32,Nübe Centro,Mostrador,CROISSANT ,1,6000,Nequi,
6392,2026-09-18,14:14,Nübe Altico,Mostrador,Tinto,2,$3.000,Nequi,C187
6781,2026-09-21,10:20,Nübe Centro,Mostrador,Croissant de almendras,1,8000,Efectivo,
7581,2026-09-27,16:02,Nübe Centro,Mostrador,Croissant,1,6000,Nequi,
7634,2026-09-27,07:41,Nübe Altico,Domicilio,Tinto,1,3000,,
3095,2026-08-25,12:54,Nübe Centro,Mostrador,frappé de café,2,11000,Tarjeta,
7261,25/09/2026,13:35,Nübe Centro,Mostrador,Chocolate  caliente,1,7500,EFECTIVO,
3677,2026-08-29,19:32,Nübe Centro,Mostrador,Americano,1,5000,Nequi,C154
4825,06/09/2026,08:34,Nübe Centro,Mostrador,Tinto,2,3000,Efectivo,C218
6870,2026-09-21,06:00,Nübe Altico,Mostrador,Capuchino,1,$8.500,Nequi,
5734,2026-09-13,10:07,Nübe Centro,Mostrador,Tinto,1,3000,Tarjeta,
5074,08/09/2026,09:29,Nübe Altico,Mostrador,Latte,1,9000,Tarjeta,C196
7427,2026-09-26,07:37,centro,Domicilio,Capuchino,3,8500,Efectivo,
5078,2026-09-08,13:38,Nübe Altico,Mostrador,Tinto,1,3000,Nequi,
5218,2026-09-09,09:34,Nübe Altico,Mostrador,Croissant,1,6000,Efectivo,
5698,13/09/2026,16:10,Nübe Centro,Mostrador,Latte,1,9000,Nequi,
4179,02/09/2026,19:10,Nübe Centro,Mostrador,Croissant de almendras,1,8000,Efectivo,
1899,2026-08-16,18:38,Nübe Altico,Mostrador,Frappé de café,1,11000,EFECTIVO,C198
5176,2026-09-09,06:14,Nübe Centro,Mostrador,Chocolate caliente,1 und,7500,Nequi,C251
3413,2026-08-27,11:41,Nübe Altico,Mostrador,Americano,1,5000,Nequi,C139
2736,2026-08-22,16:51,Nübe Altico,Mostrador,Frappe de cafe,1,11000,Nequi,
266,2026-08-05,09:37,Nübe Centro,Mostrador,Tinto,1,3000,NEQUI,
3804,2026-08-30,10:26,Nübe Centro,Mostrador,Tinto,1,3000,Efectivo,
3229,2026-08-26,09:38,Nübe Centro,Mostrador,Chocolate caliente,1,7500,Efectivo,C006
4146,2026-09-01,06:46,Nübe Altico,Mostrador,Americano,1,5000,Tarjeta,C093
1805,2026-08-16,08:02,Nübe Centro,Mostrador,AMERICANO,1,5000,Nequi,C084
5948,2026-09-14,16:59,Nübe Altico,Mostrador,Tinto,1,$3.000,Efectivo,
5360,2026-09-10,10:41,Nübe Altico,Domicilio,Frappé de café,1,11000,Tarjeta,
4570,2026-09-05,17:48,centro,Mostrador,Croissant de almendras,1,8000,Tarjeta,
528,2026-08-07,16:25,Nübe Centro,Mostrador,Tinto,1,$3.000,Efectivo,C154
6018,2026-09-15,12:56,Nübe El Altico,Mostrador, Capuchino ,2,8500,Tarjeta,C291
2488,2026-08-21,12:54,Nübe Centro,Mostrador,Capuchino,1,8500,Tarjeta,C042
7224,2026-09-24,08:21,Nübe Altico,Mostrador,Americano,1,5000,Tarjeta,
6993,22/09/2026,08:30,Nübe El Altico,Mostrador,Frappé de café,2,,NEQUI,C067
6836,2026-09-21,09:45,Nübe Centro,Mostrador,Capuchino,1,8500,Tarjeta,
4952,2026-09-07,08:48,Nübe Altico,Mostrador,Croissant,1,6000,Efectivo,C196
1185,11/08/2026,12:59,Nübe Altico,Mostrador,Croissant de almendras,1,8000,Tarjeta,
6273,2026-09-17,17:19,Nübe Altico,Mostrador,capuchino,1,8500,Tarjeta,C065
1385,2026-08-13,16:32,Nübe Centro,Mostrador,Tinto,1 und,3000,Tarjeta,C134
7389,26/09/2026,09:46,Nübe Centro,Domicilio,Latte,,$9.000,Nequi,C024
639,07/08/2026,10:27,Nübe Altico,Domicilio,Americano,1,5000,Nequi,C078
545,2026-08-07,07:48,Nübe Centro,Domicilio,Tinto,1,3000,Tarjeta,
6298,2026-09-18,18:30,Nübe Centro,Mostrador,Frappé de café,2,11000,NEQUI,
144,2026-08-04,15:42,Nübe Centro,Domicilio,Chocolate caliente,1,7500,Tarjeta,
5889,2026-09-14,08:04,Nübe Centro,Mostrador,Chocolate caliente,1,7500,Efectivo,
3897,2026-08-30,15:48,Nübe El Altico,Mostrador,Tinto,1,3000,,
3541,2026-08-28,09:05,Nübe Altico,Domicilio,Croissant,2,6000,Efectivo,C200
7178,2026-09-24,07:39,altico,Mostrador,Americano,2,5000,Efectivo,
2528,2026-08-21,07:45,Nübe Centro,Domicilio,Chocolate caliente,2,7500,NEQUI,C073
2930,2026-08-23,09:09,Nübe Altico,Domicilio,Croissant de almendras,1,8000,Efectivo,C275
6440,2026-09-18,08:41,Nübe Altico,Mostrador,Tinto,1,3000,Tarjeta,C016
4039,2026-08-31,15:51,Nübe Altico,Mostrador,Tinto,1,$3.000,Nequi,
595,2026-08-07,17:31,Nübe Altico,Mostrador,Americano,1,5000,Tarjeta,
7593,2026-09-27,17:48,Nübe Centro,Domicilio,Tinto,1,3000,Tarjeta,
2345,2026-08-20,10:18,Nübe Centro,Domicilio,Americano,1,5000,Tarjeta,
4968,2026-09-07,18:34,Nübe Altico,Mostrador,Latte,1,9000,Tarjeta,
7313,2026-09-25,15:01,Nübe Altico,Mostrador,Croissant de almendras,1,$8.000,,C299
6518,2026-09-19,06:36,centro,Mostrador,Croissant,1,6000,Tarjeta,C003
3922,2026-08-31,10:38,Nübe Centro,Mostrador,Tinto,2,3000,Nequi,
2829,2026-08-23,08:44,Nübe Centro,Mostrador,Croissant,1,6000,Tarjeta,C147
5318,2026-09-10,08:38,Nübe Centro,Mostrador, LATTE,1,9000,Nequi,C181
1066,2026-08-10,19:11,Nübe Altico,Mostrador,Croissant,1,6000,Nequi,
455,2026-08-06,09:19,Nübe Altico,Mostrador,Croissant de almendras,1,8000,Efectivo,
2695,2026-08-22,11:14,Nübe Centro,Domicilio,Frappé de café,2,11000,,
1955,2026-08-17,09:51,Nübe Centro,Mostrador,Croissant,1,6000,Tarjeta,C157
2862,23/08/2026,10:12,NUBE CENTRO,Mostrador,Capuchino,1,8500,Nequi,C021
4184,2026-09-02,08:47,Nübe Centro,Mostrador,Tinto,1,3000,Nequi,C277
6954,2026-09-22,13:34,altico,Mostrador,Croissant,1,6000,Nequi,
1393,2026-08-13,08:02,Nübe Altico,Mostrador,Tinto,1 und,3000,Efectivo,C294
111,2026-08-04,14:54,Nübe Centro,Domicilio,Americano,1,5000,Nequi,
4212,2026-09-02,09:16,Nube Centro ,Mostrador,Americano,1 und,5000,Efectivo,
2329,2026-08-19,07:29,Nübe Altico,Domicilio,Chocolate caliente,1,7500,TARJETA,C153
4672,2026-09-05,19:55,Nübe Altico,Mostrador,Croissant,1,6000,Tarjeta,
3061,24/08/2026,17:00,Nübe Altico,Mostrador,Croissant,2,6000,Efectivo,C037
6509,2026-09-19,19:01,Nübe Centro,Mostrador,Latte,1,9000,Tarjeta,
5310,2026-09-10,08:20,Nübe Centro,Domicilio,Capuchino,1,8500,Nequi,
1805,2026-08-16,08:02,Nübe Centro,Mostrador,Croissant,1,6000,Nequi,C084
5568,2026-09-12,18:18,Nübe Centro,Mostrador,Chocolate caliente,1,7500,Nequi,C280
1252,2026-08-12,09:00,Nübe Centro,Mostrador,AMERICANO,1,5000,Tarjeta,C177
6970,2026-09-22,12:49,Nübe Altico,Mostrador,Latte,2,9000,Tarjeta,
2146,2026-08-18,06:06,Nübe Centro,Mostrador,Americano,1,5000,Efectivo,
5914,2026-09-14,16:25,NUBE ALTICO,Mostrador,CROISSANT ,1,6000,TARJETA,C172
5903,2026-09-14,06:04,Nübe Altico,Mostrador,Capuchino,1,$8.500,Nequi,
5363,2026-09-10,08:07,Nübe Altico,Domicilio,Capuchino,1,$8.500,Nequi,
4212,2026-09-02,09:16,Nübe Centro,Mostrador,Croissant,1,6000,Efectivo,
1188,2026-08-11,17:55,Nübe Altico,Mostrador,Croissant,1,6000,Nequi,C268
5386,2026-09-10,16:00,Nübe Altico,Mostrador,Croissant,2,6000,Efectivo,
1447,2026-08-14,13:13,Nübe Centro,Mostrador,Croissant de almendras,1 und,8000,Nequi,
7357,2026-09-25,11:07,Nübe Altico,Mostrador,tinto,1 und,3000,Nequi,C275
3709,2026-08-29,14:29,Nübe Centro,Mostrador,Frappé de café,1,$11.000,NEQUI,
1213,2026-08-12,10:25,Nübe Centro,Mostrador,Tinto,1 und,3000,Efectivo,
5563,2026-09-12,07:24,Nübe Centro,Mostrador,Croissant,1,6000,Nequi,C085
5000,2026-09-08,10:48,Nübe Centro,Mostrador,Croissant de almendras,2,8000,Efectivo,
1147,2026-08-11,08:14,Nübe Centro,Mostrador,Americano,1,$5.000,,
1821,2026-08-16,16:20,Nübe Centro,Mostrador,Capuchino,1 und,8500,Efectivo,C085
3034,2026-08-24,16:25,Nübe Centro,Mostrador,Frappé de café,1,11000,Tarjeta,C250
3426,27/08/2026,09:11,Nübe Altico,Mostrador,Latte,1,9000,Nequi,
4525,2026-09-04,10:29,Nübe El Altico,Mostrador,Croissant,1,6000,Tarjeta,
6308,2026-09-18,07:58,Nübe Centro,Mostrador,Americano,1,5000,Tarjeta,C221
5333,2026-09-10,08:08,Nübe Altico,Domicilio,Latte,1,9000,Nequi,
497,2026-08-07,11:12,Nübe Centro,Mostrador,Americano,2,5000,Nequi,
5115,2026-09-08,15:55,Nübe Altico,Mostrador,Capuchino,1,8500,Efectivo,C163
7419,2026-09-26,09:33,Nübe Centro,Mostrador,Capuchino,1,8500,Tarjeta,C120
3437,2026-08-27,10:53,Nübe Altico,Mostrador,Croissant,1,6000,Nequi,C217
1282,2026-08-12,06:28,Nübe Altico,Mostrador,Chocolate caliente,1,$7.500,Efectivo,
6695,2026-09-20,07:56,Nube Centro ,Mostrador,Chocolate caliente,1,7500,Nequi,
4469,2026-09-04,10:41,Nübe Centro,Mostrador,tinto,1,3000,EFECTIVO,
4333,03/09/2026,07:14,Nübe Centro,Mostrador,Croissant,1,6000,Nequi,
5941,2026-09-14,20:02,Nübe Altico,Mostrador,Chocolate caliente,1,7500,Nequi,
6142,2026-09-16,11:01,Nübe Altico,Mostrador,Frappé de café,2,11000,Tarjeta,C023
7337,25/09/2026,08:29,Nübe Altico,Mostrador,Latte,1,,Nequi,
7306,2026-09-25,07:58,Nube Centro ,Domicilio,Croissant,1,6000,Nequi,
5301,10/09/2026,12:09,Nube Centro ,Domicilio,Capuchino,1,8500,Tarjeta,C292
4529,2026-09-04,13:26,Nübe Altico,Domicilio,Tinto,1,3000,Nequi,C145
593,2026-08-07,11:00,Nübe Altico,Domicilio,Croissant,1,6000,Efectivo,C189
2282,2026-08-19,10:08,Nübe Centro,Mostrador,Capuchino,2,8500,Efectivo,
417,06/08/2026,07:29,Nübe Altico,Mostrador,Americano,1,5000,Efectivo,
2552,2026-08-21,11:32,Nübe Altico,Mostrador,Croissant de almendras,1,8000,Nequi,
285,2026-08-05,12:08,Nübe Altico,Mostrador,Chocolate caliente,1,7500,Tarjeta,
6370,2026-09-18,17:28,Nübe Centro,Mostrador,Latte,1,9000,EFECTIVO,
720,2026-08-08,07:11,Nübe Centro,Mostrador,Americano,1 und,5000,Nequi,
6699,2026-09-20,09:56,Nübe Centro,Mostrador,Capuchino,1,8500,Efectivo,
211,2026-08-04,10:18,Nübe Altico,Domicilio,Tinto,1,,Tarjeta,C187
6688,2026-09-20,10:57,Nübe Centro,Mostrador,Capuchino,1,8500,Tarjeta,
3131,2026-08-25,08:30,Nübe Centro,Mostrador,CROISSANT ,3,6000,Efectivo,
5442,2026-09-11,08:53,Nübe Centro,Mostrador,Croissant,1,6000,Tarjeta,
7213,2026-09-24,11:48,Nübe Altico,Mostrador,Tinto,1,3000,Efectivo,C076
4937,2026-09-07,08:45,Nübe Centro,Mostrador,Latte,1,$9.000,TARJETA,
6322,2026-09-18,08:30,Nübe Centro,Mostrador,Latte,2,9000,Tarjeta,C292
6346,18/09/2026,20:31,Nübe Centro,Mostrador,frappé de café,1,11000,Efectivo,
5505,2026-09-11,08:22,Nübe El Altico,Mostrador,Croissant,1,6000,Tarjeta,C258
5681,13/09/2026,13:21,Nübe Centro,Mostrador,Croissant de almendras,3,8000,Nequi,C214
7545,27/09/2026,18:11,Nübe Centro,Mostrador,Croissant,1,6000,Efectivo,
4750,2026-09-06,08:38,Nübe Centro,Mostrador,tinto,1,3000,Efectivo,C092
3598,2026-08-28,16:41,Nübe Altico,Mostrador,Latte,3,9000,Nequi,C069
1373,2026-08-13,13:55,Nube Centro ,Mostrador,Capuchino,1,8500,Efectivo,
3411,2026-08-27,07:07,Nübe Altico,Domicilio,Frappé de café,1,11000,Nequi,
1580,2026-08-15,15:29,Nübe Centro,Mostrador,Latte,1,$9.000,Nequi,
1309,2026-08-12,17:58,Nübe Altico,Mostrador,Croissant,1,6000,Efectivo,C255
3058,2026-08-24,07:30,Nübe Altico,Mostrador, Capuchino ,1,8500,Nequi,
3042,2026-08-24,08:56,Nübe Centro,Mostrador,Croissant,1,6000,Tarjeta,
4347,2026-09-03,16:14,Nübe Centro,Mostrador,frappé de café,2,11000,Nequi,C072
225,2026-08-05,11:38,Nübe Centro,Mostrador,Croissant,1,6000,Efectivo,
2528,2026-08-21,07:45,Nübe Centro,Domicilio,Chocolate caliente,2,7500,NEQUI,C073
6138,2026-09-16,09:03,altico,Domicilio,Latte,1,9000,Tarjeta,C177
1010,2026-08-10,08:21,Nübe Centro,Mostrador,Croissant,1,6000,Nequi,
4410,2026-09-03,11:52,Nübe Altico,Mostrador,Latte,1,9000,Nequi,C153
5105,2026-09-08,18:06,Nübe Altico,Domicilio,Frappé de café,1,11000,NEQUI,
3591,2026-08-28,11:58,Nübe Altico,Mostrador,Capuchino,1,8500,Nequi,C059
6484,2026-09-19,07:15,Nübe Centro,Mostrador,Croissant de almendras,2,,EFECTIVO,
4291,02/09/2026,13:32,Nübe Altico,Mostrador,Tinto,1,3000,Nequi,
6272,2026-09-17,19:56,Nübe Altico,Domicilio,capuchino,1,8500,Nequi,C093
2990,2026-08-24,15:36,Nübe Centro,Mostrador,Croissant de almendras,1,8000,Nequi,
2891,2026-08-23,13:22,Nübe Centro,Mostrador,Latte,1,9000,Tarjeta,
6213,2026-09-17,16:47,Nübe Centro,Mostrador,Croissant,2,6000,Efectivo,
43,2026-08-03,08:52,Nübe Centro,Mostrador,Capuchino,2,8500,Tarjeta,C077
2657,2026-08-22,12:55,Nübe Centro,Mostrador,Croisant,1,6000,Tarjeta,C012
6204,2026-09-17,16:50,Nübe Centro,Mostrador,Capuchino,2 und,8500,Efectivo,
1069,2026-08-10,10:05,NUBE ALTICO,Mostrador,Capuchino,1,8500,Tarjeta,
3875,30/08/2026,09:17,Nübe Altico,Domicilio,Frappé de café,1,11000,Nequi,C062
1673,2026-08-15,07:00,Nübe Centro,Mostrador,Croissant,1,6000,Tarjeta,
5780,2026-09-13,09:38,Nübe Altico,Domicilio,Chocolate caliente,2,7500,Nequi,C122
5196,2026-09-09,15:12,Nübe Altico,Domicilio,Tinto,1,3000,Tarjeta,
6956,2026-09-22,09:58,Nübe Altico,Mostrador,Croissant,1,6000,Nequi,C211
2377,2026-08-20,09:59,Nübe Centro,Mostrador,Capuchino,1,8500,Nequi,
2435,2026-08-20,17:10,Nübe Altico,Mostrador,Croissant,1,6000,Nequi,C182
6424,2026-09-18,17:48,Nübe Altico,Mostrador,Chocolate caliente,1,7500,Tarjeta,
7515,2026-09-26,10:11,Nübe Altico,Mostrador,Croissant,1,6000,Efectivo,C289
297,2026-08-05,17:06,Nübe Altico,Mostrador,AMERICANO,1,5000,Efectivo,
7639,2026-09-27,11:47,Nübe Altico,Mostrador,Tinto,1,3000,Nequi,
3707,2026-08-29,15:24,Nübe Centro,Mostrador,Frappé de café,2,11000,Nequi,C282
2208,2026-08-19,16:54,centro,Mostrador,Tinto,1,3000,Tarjeta,
1519,2026-08-14,07:14,Nübe Centro,Mostrador,Croissant,1,6000,Efectivo,
836,2026-08-08,15:00,Nübe Altico,Domicilio,Tinto,1,3000,Efectivo,
2318,2026-08-19,07:10,Nübe Altico,Mostrador,Latte,2,9000,Nequi,C027
5108,2026-09-08,09:12,Nübe Altico,Mostrador,croissant,1,6000,Tarjeta,C011
1268,2026-08-12,08:55,Nübe Centro,Mostrador,Capuchino,2,8500,Nequi,
6211,2026-09-17,11:49,Nübe Centro,Mostrador,Croissant,2,6000,Nequi,
2238,2026-08-19,10:09,Nübe Centro,Mostrador,Frappé de café,2,11000,Efectivo,C082
6308,2026-09-18,07:58,centro,Mostrador,Tinto,1,3000,Tarjeta,C221
5588,12/09/2026,08:10,NUBE CENTRO,Mostrador,Late,,,,C232
4064,2026-09-01,11:20,Nube Centro ,Domicilio,Chocolate caliente,1,7500,Tarjeta,
1664,2026-08-15,12:24,Nübe Centro,Mostrador,Croissant de almendras,2,8000,Nequi,
5342,2026-09-10,06:30,Nübe Altico,Mostrador,Tinto,1,$3.000,Efectivo,
926,2026-08-09,15:32,Nübe Centro,Domicilio,Croissant,1,6000,Tarjeta,C124
7661,27/09/2026,15:01,Nübe Altico,Mostrador,Frappé de café,2,11000,Efectivo,
7044,2026-09-23,07:02,Nübe Centro,Domicilio,Capuchino,1,8500,Efectivo,C271
4848,2026-09-06,09:08,Nübe Altico,Mostrador,Frappé de café,1,11000,Tarjeta,
5757,2026-09-13,06:18,Nübe Altico,Mostrador,Croissant de almendras,1,8000,,
4231,2026-09-02,13:30,Nübe Centro,Mostrador,Croissant,1,6000,Nequi,C112
35,2026-08-03,19:01,Nübe Centro,Mostrador,Frappé de café,1,11000,Tarjeta,
5913,2026-09-14,08:37,Nübe Altico,Mostrador,Croissant,1,6000,Nequi,
7501,2026-09-26,12:01,Nübe Altico,Mostrador,Croissant,2,6000,Nequi,
5318,2026-09-10,08:38,Nübe Centro,Mostrador,Croissant,1,6000,NEQUI,C181
6873,2026-09-21,17:03,NUBE ALTICO,Mostrador,Croissant almendras,1,8000,Tarjeta,C105
2293,2026-08-19,14:55,Nübe Altico,Mostrador,Croissant,2,6000,Nequi,C044
3297,2026-08-26,12:21,Nübe Altico,Domicilio,Tinto,1,3000,Tarjeta,
7465,26/09/2026,08:37,Nübe Altico,Domicilio,Croissant de almendras,1,8000,Nequi,
1753,2026-08-15,08:24,Nübe Altico,Mostrador,Latte,1,9000,Efectivo,
2814,2026-08-23,07:12,Nübe Centro,Mostrador,Tinto,1,3000,Efectivo,
5032,2026-09-08,15:04,Nübe Centro,Mostrador,Croissant,1,6000,Nequi,
2113,2026-08-18,12:14,Nübe Centro,Domicilio,Capuchino,1,8500,Tarjeta,C272
7503,26/09/2026,07:51,NUBE ALTICO,Mostrador,Americano,1,5000,Efectivo,
3490,2026-08-28,15:18,Nube Centro ,Mostrador,Capuchino,3,8500,Nequi,C299
7435,2026-09-26,18:14,Nübe Centro,Mostrador,Chocolate caliente,1,7500,EFECTIVO,
780,2026-08-08,07:37,Nübe Altico,Domicilio,Tinto,1 und,3000,Nequi,
491,2026-08-07,17:39,Nübe Centro,Domicilio,Capuccino,1,8500,Tarjeta,C240
3351,2026-08-27,07:45,Nube Centro ,Mostrador,Tinto,1,3000,Nequi,C003
3340,2026-08-27,14:50,Nübe Centro,Mostrador,Chocolate caliente,1,7500,Efectivo,
3326,2026-08-27,12:23,Nübe Centro,Mostrador,Croissant,1,6000,Efectivo,C234
5232,2026-09-09,13:50,Nübe Altico,Domicilio,Croissant,2,6000,Nequi,
4283,02/09/2026,18:23,Nübe Altico,Mostrador,Latte,1,9000,Nequi,C054
7041,2026-09-23,07:36,Nübe Centro,Domicilio,Latte,2,9000,TARJETA,
3617,29/08/2026,13:02,Nübe Centro,Mostrador,Croissant de almendras,1,8000,Tarjeta,
1236,2026-08-12,09:03,Nübe Centro,Mostrador,Tinto,1,3000,Tarjeta,C178
7208,2026-09-24,14:19,Nübe Altico,Domicilio,Tinto,1,3000,Nequi,C058
4201,2026-09-02,17:49,Nübe Centro,Domicilio,Frappé de café,1,11000,Efectivo,
2269,19/08/2026,12:36,Nübe Centro,Mostrador,Tinto,1,3000,Efectivo,C016
4226,2026-09-02,13:55,Nübe Centro,Mostrador,Tinto,1,3000,Efectivo,
694,08/08/2026,08:05,Nübe Centro,Mostrador,Capuchino,1,8500,Efectivo,
5890,2026-09-14,16:49,Nübe Altico,Mostrador,Frappé de café,2,11000,Nequi,
1976,2026-08-17,19:54,Nübe Centro,Mostrador,Latte,1,$9.000,Efectivo,
1334,2026-08-13,07:29,Nübe Centro,Mostrador,Americano,1,5000,Tarjeta,
2046,17/08/2026,14:26,Nübe Altico,Domicilio,Americano,1,5000,Tarjeta,C204
3945,2026-08-31,09:58,Nübe Centro,Mostrador,Frappé de café,1,11000,Efectivo,
400,2026-08-06,17:49,Nübe Centro,Mostrador,americano,1,$5.000,NEQUI,
5722,2026-09-13,17:46,Nübe Centro,Mostrador,Frappé de café,1,11000,Tarjeta,C024
2135,2026-08-18,07:48,Nübe Centro,Domicilio,Croissant,2,6000,Nequi,C046
6951,2026-09-22,13:28,Nube Centro ,Mostrador,Tinto,1,3000,EFECTIVO,C081
5767,2026-09-13,13:47,Nübe Altico,Mostrador,TINTO,1,3000,Nequi,C183
2319,2026-08-19,11:58,Nübe Altico,Domicilio,Capuchino,1,8500,Tarjeta,
5845,2026-09-14,19:48,Nübe Centro,Mostrador,Frappé de café,1,11000,Tarjeta,
5422,11/09/2026,09:29,Nübe Centro,Mostrador,Tinto,1,3000,Nequi,
6879,2026-09-21,06:29,Nübe Altico,Mostrador,Croissant,2,6000,TARJETA,
2581,2026-08-21,15:18,Nübe Altico,Domicilio,Americano,3,5000,Efectivo,
2949,2026-08-23,15:25,Nübe Altico,Mostrador,Tinto,1,3000,Nequi,
6294,2026-09-18,09:31,Nübe Centro,Domicilio,Americano,1 und,5000,Nequi,
3129,2026-08-25,08:40,Nübe Centro,Mostrador,Tinto,1 und,3000,Efectivo,
2616,2026-08-22,17:31,Nübe Centro,Domicilio,Tinto,1,3000,Nequi,C109
65,2026-08-03,16:53,Nübe Altico,Domicilio,Capuccino,1,$8.500,Efectivo,C279
897,2026-08-09,16:55,Nübe Centro,Mostrador,Tinto,1,3000,Efectivo,
6093,2026-09-16,07:14,Nübe Centro,Mostrador,Frappé de café,1,,Tarjeta,C027
1703,2026-08-15,16:53,Nübe Altico,Domicilio,Tinto,1,3000,Efectivo,C284
1184,2026-08-11,12:17,Nübe Altico,Mostrador,Croissant de almendras,1,$8.000,TARJETA,C045
3243,2026-08-26,07:23,Nübe Centro,Mostrador,Americano,1,$5.000,Efectivo,
4187,02/09/2026,10:11,centro,Mostrador,Latte,1,,Nequi,
4556,2026-09-04,17:48,Nübe Altico,Mostrador,Latte,1,9000,Efectivo,C114
7560,2026-09-27,15:57,Nübe Centro,Mostrador,Capuchino,1,8500,Nequi,C040
1834,2026-08-16,09:24,Nübe Centro,Domicilio,croissant de almendras,1,8000,Tarjeta,
2312,2026-08-19,16:25,Nübe Altico,Mostrador,Tinto,1,3000,Tarjeta,
1289,2026-08-12,08:43,Nübe Altico,Mostrador,Latte,1,9000,Efectivo,C228
4092,2026-09-01,12:54,Nübe Centro,Mostrador,Tinto,1,3000,Nequi,C255
185,2026-08-04,18:38,Nübe Altico,Mostrador,Latte,1,9000,Tarjeta,
7080,2026-09-23,11:45,Nübe Altico,Mostrador, Capuchino ,1,8500,Tarjeta,
5415,2026-09-11,15:40,Nübe Centro,Mostrador,Frappé de café,1,$11.000,TARJETA,C075
3879,2026-08-30,20:05,Nübe Altico,Mostrador, Capuchino ,1,8500,Tarjeta,
1480,2026-08-14,09:47,Nübe Centro,Mostrador,Americano,1,$5.000,Efectivo,
7391,2026-09-26,06:57,Nübe Centro,Mostrador,Americano,1,5000,Efectivo,
105,2026-08-03,10:07,Nübe Altico,Mostrador,TINTO,1,3000,NEQUI,
778,2026-08-08,07:24,Nübe Altico,Mostrador,Capuchino,1,8500,Tarjeta,
5005,2026-09-08,15:35,Nübe Centro,Domicilio,Croissant de almendras,1,8000,Nequi,C253
7251,2026-09-25,11:08,Nübe Centro,Domicilio,frappé de café,1 und,11000,Efectivo,C202
4818,2026-09-06,09:12,Nübe Centro,Mostrador,Capuchino,1,8500,Tarjeta,C231
4386,03/09/2026,15:28,Nübe Altico,Mostrador,Tinto,1,3000,Tarjeta,C247
571,2026-08-07,19:42,Nübe Altico,Domicilio,Croissant,1,6000,EFECTIVO,
4784,06/09/2026,07:20,Nübe Centro,Mostrador,Capuchino,1,8500,Nequi,
5064,2026-09-08,13:19,Nübe Centro,Mostrador,Late,1,9000,Tarjeta,C164
6861,2026-09-21,08:46,NUBE ALTICO,Mostrador,Tinto,1,3000,Efectivo,
4499,04/09/2026,07:08,Nübe Centro,Mostrador,Tinto ,1,3000,Tarjeta,
6292,2026-09-18,07:53,Nübe Centro,Domicilio,Croissant de almendras,1 und,8000,Tarjeta,
5484,2026-09-11,12:34,Nübe Altico,Domicilio,Capuchino,1,8500,Efectivo,
2418,2026-08-20,16:01,Nübe Altico,Mostrador,Frappé de café,1,11000,Nequi,
9,2026-08-03,18:08,Nübe Centro,Domicilio,Frappé de café,1,11000,TARJETA,
7530,26/09/2026,09:13,Nübe Altico,Domicilio,Capuchino,1,8500,Nequi,C215
2190,18/08/2026,08:34,Nübe Altico,Mostrador,Americano,1,5000,Nequi,
6220,17/09/2026,09:59,Nübe Centro,Mostrador,Croissant,1,6000,Tarjeta,C161
2197,2026-08-18,10:53,Nübe Altico,Mostrador,Croissant,0,6000,Nequi,
2890,2026-08-23,13:16,Nübe Centro,Mostrador,Croissant,1,6000,Efectivo,
5852,2026-09-14,07:17,Nübe Centro,Mostrador,Americano,1,5000,Nequi,
1062,2026-08-10,13:13,Nübe Altico,Mostrador,Croissant de almendras,1,8000,Efectivo,C060
2344,2026-08-20,18:49,Nübe Centro,Mostrador,Frappé de café,1,11000,Efectivo,
2466,2026-08-21,12:13,Nübe Centro,Mostrador,Tinto,1,3000,Tarjeta,C166
1081,2026-08-10,10:25,Nübe Altico,Mostrador,Capuchino,2,8500,Efectivo,
6844,21/09/2026,13:27,Nübe Altico,Domicilio,Croissant de almendras,1,8000,Tarjeta,C136
5697,2026-09-13,10:54,Nübe Centro,Mostrador,Tinto,2,3000,Tarjeta,
3806,30/08/2026,17:33,NUBE CENTRO,Domicilio,Chocolate caliente,1,7500,Nequi,C018
3156,2026-08-25,18:56,Nübe Centro,Mostrador,Americano,1,5000,Efectivo,C157
2892,2026-08-23,07:58,Nübe Centro,Mostrador,frappé de café,2,11000,Nequi,
5868,2026-09-14,16:51,Nübe Centro,Mostrador,Croissant,1,$6.000,NEQUI,C097
3199,2026-08-25,08:49,Nübe Altico,Mostrador,Latte,2,9000,Nequi,C023
5848,2026-09-14,09:13,Nübe Centro,Mostrador,Tinto,3,3000,Efectivo,
5466,11/09/2026,09:22,Nübe Centro,Mostrador,Croissant,1,6000,Nequi,C135
149,2026-08-04,08:51,Nübe Centro,Domicilio,Latte,1,9000,Tarjeta,
7091,2026-09-23,07:12,Nübe Altico,Mostrador,Tinto,1,3000,Tarjeta,
2201,2026-08-18,16:42,Nübe Altico,Domicilio,Croissant,1,6000,Tarjeta,
6579,2026-09-19,09:32,Nübe Altico,Mostrador,Tinto,2 und,3000,Efectivo,C087
5164,2026-09-09,17:42,NUBE CENTRO,Domicilio,Frappé de café,1,11000,Tarjeta,
819,2026-08-08,19:41,altico,Mostrador,Croissant de almendras,1,$8.000,Nequi,
7480,2026-09-26,07:45,Nübe Altico,Domicilio,Tinto,2,3000,Nequi,
1428,13/08/2026,19:23,Nübe Altico,Mostrador,Frappé de café,1,$11.000,Nequi,C162
4981,2026-09-07,07:10,Nübe Altico,Mostrador,Capuchino,1,8500,Nequi,
4108,2026-09-01,12:27,Nübe Centro,Mostrador,Americano,1,5000,Tarjeta,C269
4443,2026-09-04,08:56,Nübe Centro,Mostrador,Latte,1,9000,Nequi,C162
1979,17/08/2026,15:12,Nübe Centro,Mostrador,Americano,1,5000,Efectivo,
4168,2026-09-01,09:04,Nübe Altico,Mostrador,Croissant de almendras,2,8000,Efectivo,
1268,12/08/2026,08:55,Nübe Centro,Mostrador,Americano,1,5000,Nequi,
2143,2026-08-18,10:10,Nübe Centro,Mostrador,Americano,1,5000,EFECTIVO,
6246,2026-09-17,09:31,Nübe Altico,Domicilio,Croissant de almendras,1,8000,Tarjeta,
3392,2026-08-27,11:11,Nübe Centro,Mostrador,Capuchino,3,8500,Nequi,
4342,2026-09-03,16:06,centro,Domicilio,Croissant de almendras,1,8000,Nequi,
1881,2026-08-16,14:37,Nübe Altico,Mostrador,Americano,1,5000,Nequi,
328,2026-08-05,10:14,Nübe Altico,Mostrador,Capuchino,1,8500,Nequi,
4840,2026-09-06,15:58,Nübe Altico,Mostrador,Tinto,2,3000,Nequi,
680,2026-08-08,11:26,Nübe Centro,Domicilio,Chocolate caliente,1,7500,Nequi,C175
2177,2026-08-18,08:44,Nübe Altico,Domicilio,Capuchino,1,8500,Efectivo,C095
6870,2026-09-21,06:00,Nübe Altico,Mostrador,Americano,1,5000,Nequi,
191,2026-08-04,17:32,Nübe Altico,Mostrador,Tinto,1,3000,Nequi,
4472,2026-09-04,17:22,Nübe Centro,Mostrador,Tinto,1 und,3000,Efectivo,C060
2974,24/08/2026,19:39,Nübe Centro,Domicilio,Croissant,1,6000,Efectivo,
5712,2026-09-13,16:45,Nübe Centro,Mostrador,Croissant,1,6000,Tarjeta,C280
5588,2026-09-12,08:10,Nübe Centro,Mostrador,Americano,1,5000,Efectivo,C232
6679,2026-09-20,11:44,Nübe Centro,Domicilio,Croissant,1,6000,Efectivo,
3461,2026-08-28,08:31,Nübe Centro,Domicilio, LATTE,1,9000,Nequi,
3478,2026-08-28,13:35,Nübe Centro,Domicilio,Latte,1,9000,TARJETA,
4832,06/09/2026,08:02,Nübe Centro,Mostrador,Capuchino,1,8500,Efectivo,C001
2402,2026-08-20,09:22,Nübe Centro,Mostrador,Tinto,1,3000,Tarjeta,C021
159,2026-08-04,08:04,Nübe Centro,Mostrador,Latte,3,9000,Tarjeta,
4026,2026-08-31,13:16,Nübe Altico,Domicilio,Tinto,1,3000,Efectivo,C021
246,2026-08-05,16:32,Nube Centro ,Mostrador,Americano,1,5000,Nequi,
920,09/08/2026,09:06,Nübe Centro,Mostrador,Chocolate caliente,2,7500,Tarjeta,C026
7597,2026-09-27,20:18,Nübe Centro,Mostrador,Tinto,1,3000,Nequi,
7411,2026-09-26,13:24,Nübe Centro,Mostrador,Americano,2,5000,Nequi,
3470,28/08/2026,18:08,Nübe Centro,Mostrador,Americano,1,5000,Tarjeta,C208
1241,2026-08-12,13:54,Nübe Centro,Domicilio,AMERICANO,3,5000,Efectivo,
1213,12/08/2026,10:25,Nübe Centro,Mostrador,Americano,1,5000,Efectivo,
1321,2026-08-13,15:44,Nübe Centro,Mostrador,Chocolate caliente,2,7500,Tarjeta,
5019,2026-09-08,08:29,Nübe Centro,Mostrador,Capuchino,1,8500,Efectivo,
6059,2026-09-16,14:55,Nube Centro ,Mostrador,Frappé de café,1,11000,Tarjeta,C269
7315,2026-09-25,14:11,Nübe Altico,Mostrador,Tinto,1,3000,Nequi,
1507,2026-08-14,18:13,Nübe Centro,Mostrador,croissant de almendras,1,8000,Nequi,
2698,2026-08-22,15:49,Nübe Centro,Mostrador,Croissant,1,6000,Efectivo,C019
3580,2026-08-28,07:59,altico,Domicilio,Latte,1,$9.000,Nequi,C204
2286,2026-08-19,08:06,Nübe Altico,Domicilio,Latte,1,9000,Nequi,C275
517,2026-08-07,08:56,Nübe Centro,Domicilio,Capuchino,3,8500,Efectivo,C071
5616,12/09/2026,09:52,Nübe Altico,Mostrador,Croissant de almendras,1,8000,Efectivo,C167
6101,2026-09-16,16:11,centro,Mostrador,Frappé de café,1,11000,Tarjeta,C015
1295,2026-08-12,15:04,Nübe Altico,Domicilio,Capuchino,1,8500,EFECTIVO,C154
5538,2026-09-12,14:01,Nube Centro ,Domicilio,CROISSANT ,3,6000,TARJETA,
5690,2026-09-13,16:45,Nübe Centro,Mostrador,Croissant,1,6000,Nequi,
4390,2026-09-03,10:42,Nübe Altico,Mostrador,Americano,1,5000,Nequi,
1531,2026-08-14,09:57,Nübe Altico,Mostrador,Croissant,1,6000,Nequi,C071
5212,2026-09-09,20:26,Nübe Altico,Mostrador,Americano,1,5000,Efectivo,
5222,2026-09-09,08:45,Nübe Altico,Mostrador,Tinto,1,3000,Efectivo,
7159,2026-09-24,08:19,Nübe Centro,Mostrador,Croissant de almendras,1,8000,Efectivo,
3118,2026-08-25,16:06,Nübe Centro,Mostrador,Tinto,1,3000,Efectivo,
6835,2026-09-21,10:09,Nübe Centro,Mostrador,frappé de café,1,$11.000,Efectivo,
3347,27/08/2026,10:23,Nübe Centro,Mostrador,Americano,1,5000,Tarjeta,
1735,2026-08-15,20:53,Nübe Altico,Mostrador,Chocolate caliente,1,7500,Efectivo,C029
2835,2026-08-23,17:31,centro,Mostrador,Tinto,1,3000,Efectivo,
4609,2026-09-05,08:49,Nübe Centro,Mostrador,Croissant,1,6000,Efectivo,C241
2482,2026-08-21,08:33,Nübe Centro,Domicilio,Chocolate caliente,1,7500,Tarjeta,
6485,19/09/2026,11:58,Nübe Centro,Mostrador,Latte,1,9000,Nequi,C230
1902,2026-08-16,07:49,Nübe Altico,Mostrador,Croissant,1,6000,EFECTIVO,C261
4301,2026-09-03,09:54,Nübe Centro,Mostrador,Latte,1,9000,Efectivo,
7592,2026-09-27,18:43,Nübe Centro,Domicilio,Chocolate caliente,1,$7.500,Efectivo,
848,08/08/2026,16:06,Nübe Altico,Domicilio,Capuccino,1,$8.500,Efectivo,
4129,2026-09-01,15:16,Nübe Centro,Mostrador,Croissant,1,$6.000,Nequi,
5608,2026-09-12,10:42,Nübe Altico,Mostrador,Late,1,9000,Efectivo,C003
5705,2026-09-13,11:06,Nübe Centro,Domicilio,AMERICANO,1,5000,Efectivo,C295
6324,2026-09-18,13:52,Nübe Centro,Mostrador,Chocolate caliente,1,7500,Tarjeta,C092
3034,2026-08-24,16:25,Nübe Centro,Mostrador,Tinto,2,$3.000,Tarjeta,C250
6364,2026-09-18,13:25,Nübe Centro,Domicilio,Tinto,1 und,3000,Nequi,
5156,2026-09-09,13:33,Nübe Centro,Mostrador,frappé de café,2,11000,Nequi,
4582,2026-09-05,15:27,Nube Centro ,Domicilio,Americano,1,5000,Nequi,
2944,2026-08-23,06:08,Nübe Altico,Mostrador,Croissant de almendras,1,8000,Efectivo,C263
2453,2026-08-21,09:21,Nübe Centro,Domicilio,Americano,1,5000,Efectivo,
4924,2026-09-07,11:19,Nube Centro ,Mostrador,Capuchino,1,8500,Nequi,
43,2026-08-03,08:52,Nübe Centro,Mostrador,Croissant,1,6000,Tarjeta,C077
1223,2026-08-12,20:20,Nübe Centro,Mostrador,Croissant,2,6000,Nequi,
3277,2026-08-26,13:55,Nübe Altico,Mostrador,Croissant,1,6000,Tarjeta,C254
3704,2026-08-29,14:11,Nübe Centro,Mostrador,Tinto,3,3000,Efectivo,
7086,2026-09-23,17:59,Nübe Altico,Mostrador,Capuchino,1,$8.500,Efectivo,C261
1523,2026-08-14,07:36,Nübe Altico,Mostrador,Frappé de café,1,11000,Tarjeta,C085
1703,15/08/2026,16:53,Nübe Altico,Domicilio,Americano,1,5000,Efectivo,C284
2748,2026-08-22,08:12,Nübe Altico,Mostrador,Latte,1,9000,Efectivo,
2119,18/08/2026,17:49,Nübe Centro,Mostrador,Americano,1 und,5000,Tarjeta,
404,2026-08-06,07:17,NUBE CENTRO,Mostrador,Croissant,1,6000,Efectivo,C155
1477,2026-08-14,06:27,Nübe Centro,Mostrador,Croissant,2,6000,Tarjeta,
6359,2026-09-18,10:50,Nübe Centro,Domicilio,Croissant,1,6000,Efectivo,
3765,2026-08-29,08:34,Nübe Altico,Mostrador,Capuchino,1 und,8500,Efectivo,C120
6009,2026-09-15,08:38,Nübe Altico,Domicilio,Tinto,2,3000,Efectivo,C289
339,2026-08-06,13:09,centro,Mostrador,Latte,1,$9.000,Efectivo,
6133,2026-09-16,14:08,Nübe Altico,Mostrador,Tinto,1,3000,Tarjeta,
6558,2026-09-19,12:21,Nübe Altico,Mostrador,Americano,1,5000,Efectivo,C031
3430,2026-08-27,11:15,Nübe Altico,Mostrador,Frappé de café,1,11000,Tarjeta,C287
6816,2026-09-21,12:41,Nübe Centro,Mostrador,Capuchino,1,8500,Nequi,C071
5477,2026-09-11,11:35,Nübe Altico,Mostrador,Chocolate caliente,1,7500,Nequi,
4545,2026-09-04,15:19,Nübe Altico,Mostrador,Capuchino,1,8500,Nequi,
3438,2026-08-27,13:27,Nübe Altico,Domicilio,Croissant de almendras,1 und,8000,EFECTIVO,
86,2026-08-03,13:34,Nübe Altico,Domicilio,Frappé de café,1,11000,Efectivo,C202
5532,2026-09-12,17:14,Nübe Centro,Mostrador,Capuchino,1,$8.500,Efectivo,C119
1420,2026-08-13,08:16,Nübe Altico,Mostrador,Tinto,1,3000,Tarjeta,C125
1210,2026-08-12,11:39,NUBE CENTRO,Mostrador,Latte,1,9000,Efectivo,
2810,2026-08-23,09:03,Nübe Centro,Mostrador,Croissant de almendras,1,8000,Nequi,C241
5744,2026-09-13,14:07,Nübe Centro,Mostrador,Capuchino,1,$8.500,Nequi,
7368,2026-09-26,19:38,Nübe Centro,Mostrador,Chocolate caliente,2,7500,Efectivo,
2383,2026-08-20,15:52,Nübe Centro,Mostrador,Americano,1,5000,Tarjeta,
193,04/08/2026,08:30,Nübe Altico,Domicilio,Croissant de almendras,1,8000,Nequi,C138
5075,2026-09-08,10:14,Nübe Altico,Mostrador,Frappé de café,2,11000,Efectivo,
4911,2026-09-07,08:33,Nübe Centro,Mostrador,Latte,2,9000,Nequi,C022
2910,2026-08-23,08:18,Nübe Altico,Mostrador,Croissant,1,6000,Nequi,C088
4778,2026-09-06,11:40,Nübe Centro,Domicilio,Tinto,2,3000,Nequi,
1947,2026-08-17,07:25,Nübe Centro,Mostrador,Latte,1,9000,Nequi,C135
5526,2026-09-11,07:47,Nübe Altico,Domicilio,latte,2,9000,Tarjeta,
6946,22/09/2026,08:09,Nübe Centro,Mostrador,Capuchino,1,8500,Efectivo,C096
1707,2026-08-15,07:11,Nübe Altico,Mostrador,Capuchino,1,8500,EFECTIVO,C068
5656,2026-09-13,09:46,Nübe Centro,Mostrador,Croissant,1,6000,Efectivo,
2851,2026-08-23,08:21,Nübe Centro,Mostrador,Chocolate caliente,1,7500,Efectivo,
6216,2026-09-17,07:02,Nübe Centro,Mostrador,Tinto,1,3000,Nequi,C239
4549,2026-09-04,19:39,Nübe Altico,Mostrador,Tinto,1,3000,Tarjeta,
5033,2026-09-08,12:12,Nübe Centro,Mostrador,Latte,2,9000,Nequi,C092
7614,2026-09-27,07:29,Nübe Centro,Domicilio,Croissant,1,6000,Nequi,
4405,03/09/2026,08:30,Nübe Altico,Mostrador,Croissant,1,6000,Tarjeta,
1627,2026-08-15,10:15,Nübe Centro,Mostrador,Capuchino,1,8500,Tarjeta,C181
1774,2026-08-16,10:48,Nübe Centro,Mostrador,Latte,1,9000,Efectivo,
105,2026-08-03,10:07,Nübe Altico,Mostrador,croissant,1,6000,Nequi,
6146,2026-09-16,16:34,Nübe Altico,Domicilio,Latte,1,9000,TARJETA,C264
7674,2026-09-27,16:06,Nübe Altico,Mostrador,americano,1,$5.000,Efectivo,C045
4927,2026-09-07,08:53,Nübe Centro,Mostrador,Capuchino,1,8500,Nequi,
5880,2026-09-14,19:15,Nübe Centro,Mostrador,Croissant de almendras,1,8000,Efectivo,C276
3263,2026-08-26,14:12,Nübe Altico,Mostrador,tinto,1,3000,Nequi,
6167,2026-09-17,11:02,Nübe Centro,Mostrador,Capuchino,1,8500,Tarjeta,
5051,2026-09-08,18:29,Nübe Centro,Mostrador,Chocolate caliente,1,7500,Tarjeta,
4871,2026-09-06,20:13,Nübe Altico,Mostrador,Capuchino,1,8500,Tarjeta,
1973,2026-08-17,11:05,Nübe Centro,Mostrador,Latte,2,9000,,C203
2559,21/08/2026,16:46,Nübe Altico,Mostrador,Tinto,1,3000,Tarjeta,
3020,24/08/2026,17:12,Nübe Centro,Mostrador,americano,1,5000,Tarjeta,C250
3835,2026-08-30,07:51,Nübe Centro,Mostrador,Croissant,1,6000,Efectivo,
1223,2026-08-12,20:20,Nübe Centro,Mostrador,Tinto,1,3000,Nequi,
3928,2026-08-31,07:28,Nübe Centro,Mostrador,Tinto,1,3000,,
2960,2026-08-23,11:15,Nübe Altico,Mostrador,Frappé de café,1,11000,Efectivo,
6026,2026-09-15,08:35,Nübe Altico,Mostrador,Croissant de almendras,1,8000,NEQUI,C261
3604,29/08/2026,12:56,Nübe Centro,Mostrador,Tinto,2,3000,Efectivo,
997,2026-08-09,06:55,Nübe Altico,Mostrador,Tinto,1,3000,Nequi,
1708,2026-08-15,09:10,Nübe Altico,Mostrador,Americano,2,5000,Tarjeta,C059
7064,2026-09-23,09:38,Nübe Altico,Mostrador,Latte,1,9000,Tarjeta,C215
6500,2026-09-19,19:08,Nübe Centro,Mostrador,Capuchino,1,8500,Nequi,C212
1592,2026-08-15,07:49,Nübe Centro,Mostrador,Tinto,1,$3.000,Tarjeta,C043
1305,2026-08-12,08:37,Nübe Altico,Domicilio,Croissant,2,6000,Tarjeta,
7343,2026-09-25,11:48,Nübe Altico,Mostrador,Latte,2,9000,Nequi,
4849,2026-09-06,12:32,Nübe Altico,Mostrador,latte,0,9000,Tarjeta,
2638,2026-08-22,06:36,Nübe Centro,Mostrador,Tinto,1,3000,Efectivo,C278
3625,29/08/2026,16:06,Nübe Centro,Mostrador,CAPUCHINO,2,8500,Tarjeta,
7261,2026-09-25,13:35,Nübe Centro,Mostrador,Tinto,1,3000,Efectivo,
3834,2026-08-30,12:39,Nübe Centro,Mostrador,Chocolate caliente,1,7500,Efectivo,
7370,2026-09-26,17:44,Nübe Centro,Domicilio,Capuchino,2,$8.500,Efectivo,
1158,2026-08-11,14:54,Nübe Altico,Mostrador,americano,1,5000,Nequi,
4222,02/09/2026,08:45,Nübe Centro,Mostrador, Capuchino ,3,8500,Nequi,C018
62,2026-08-03,09:25,Nübe Centro,Domicilio,Frappé de café,1,11000,Nequi,
800,2026-08-08,16:18,Nübe Altico,Mostrador,Tinto ,1,3000,Tarjeta,
4261,2026-09-02,09:39,Nübe Altico,Domicilio,Tinto,3,3000,,C174
2043,2026-08-17,14:41,Nübe Altico,Mostrador,Frappé de café,1,11000,Tarjeta,
3749,2026-08-29,10:50,Nübe Altico,Mostrador,Latte,1,9000,Efectivo,
3824,2026-08-30,06:01,Nübe Centro,Mostrador,Chocolate caliente,1,7500,Tarjeta,
6779,2026-09-21,09:08,Nube Centro ,Domicilio,Croissant,1,6000,Tarjeta,C083
624,2026-08-07,11:45,Nübe Altico,Mostrador,Latte,1,9000,Efectivo,
29,03/08/2026,15:18,Nübe Centro,Domicilio,Croissant,1,6000,Nequi,C043
3466,2026-08-28,07:45,Nübe Centro,Mostrador,latte,1,9000,Tarjeta,C113
7062,2026-09-23,09:06,Nübe El Altico,Domicilio,Tinto,1,3000,Nequi,
4439,2026-09-04,19:17,Nübe Centro,Domicilio,Tinto,1,3000,Tarjeta,C198
2836,23/08/2026,16:37,Nübe Centro,Mostrador,Croissant,1,6000,Efectivo,C108
4990,07/09/2026,16:18,Nübe Altico,Mostrador,Latte,2,9000,Nequi,
4377,2026-09-03,14:32,Nübe Altico,Mostrador,Frappe de cafe,1,,,
5444,2026-09-11,14:16,Nübe Centro,Mostrador,Croissant de almendras,1,$8.000,Nequi,
5046,2026-09-08,10:39,Nube Centro ,Mostrador,Frappé de café,2,11000,Nequi,C294
1806,2026-08-16,08:24,Nübe Centro,Mostrador,Americano,1,5000,Efectivo,
7088,23/09/2026,06:19,Nübe Altico,Domicilio,Latte,1,9000,Nequi,
7288,2026-09-25,20:42,Nübe Centro,Mostrador,Croissant,1,6000,Nequi,
4115,2026-09-01,07:58,Nübe Centro,Mostrador,Americano,1,5000,Tarjeta,C216
1657,2026-08-15,16:52,Nübe Centro,Mostrador,Tinto,1,3000,TARJETA,
3927,2026-08-31,13:53,Nübe Centro,Mostrador,Capuchino,1,8500,Efectivo,C047
2962,2026-08-23,17:17,Nübe El Altico,Mostrador,Capuchino,1 und,$8.500,Tarjeta,C063
4748,2026-09-06,09:32,Nübe Centro,Mostrador,Croissant,2,6000,Tarjeta,
2103,2026-08-18,13:01,Nübe Centro,Domicilio,Croissant,1,6000,Efectivo,C010
375,2026-08-06,07:58,Nübe Centro,Mostrador,Capuchino,1 und,8500,Tarjeta,C205
7676,2026-09-27,09:10,NUBE ALTICO,Mostrador,Latte,2,9000,Efectivo,
5549,2026-09-12,15:18,Nube Centro ,Mostrador,Croissant de almendras,2 und,$8.000,Efectivo,
6669,2026-09-20,14:50,Nübe Centro,Mostrador,Croissant de almendras,1,8000,Tarjeta,
3434,2026-08-27,07:16,Nübe Altico,Mostrador,Croissant de almendras,1,8000,Efectivo,C215
6090,16/09/2026,13:15,Nübe Centro,Mostrador,Frappé de café,1,11000,TARJETA,C014
6079,2026-09-16,09:03,NUBE CENTRO,Mostrador,Frappé de café,1,11000,Efectivo,
6756,2026-09-20,15:37,Nübe Altico,Domicilio,Croissant de almendras,1,8000,Nequi,
1386,2026-08-13,09:01,Nübe Centro,Mostrador,croissant,1,6000,Nequi,C181
1138,2026-08-11,08:37,Nübe Centro,Domicilio,Tinto,2,3000,Efectivo,C104
4032,2026-08-31,09:55,Nübe Altico,Mostrador,Chocolate caliente,1,7500,Nequi,
5454,2026-09-11,13:04,Nübe Centro,Domicilio,Croissant,1,6000,Tarjeta,
443,2026-08-06,17:03,NUBE ALTICO,Mostrador,Americano,1,5000,Nequi,
2444,2026-08-21,18:27,Nübe Centro,Domicilio,Tinto,1,3000,NEQUI,
5348,10/09/2026,09:19,Nübe Altico,Domicilio,Chocolate caliente,1,7500,Efectivo,C287
4932,2026-09-07,07:47,Nübe Centro,Mostrador,Americano,1,5000,Efectivo,
3902,2026-08-30,07:57,Nübe Altico,Mostrador,Capuchino,1,8500,Nequi,
2554,2026-08-21,19:20,Nübe Altico,Mostrador,Tinto,1,3000,Efectivo,
6664,2026-09-20,09:17,centro,Domicilio,Croissant,1,6000,Nequi,
2042,2026-08-17,16:43,Nübe Altico,Mostrador,Latte,1 und,9000,,
7176,2026-09-24,16:56,Nübe Centro,Domicilio,Capuchino,1,8500,Efectivo,
93,2026-08-03,09:47,Nübe Altico,Mostrador,Americano,1,5000,Nequi,
3925,2026-08-31,20:07,Nübe Centro,Mostrador,TINTO,1,3000,Nequi,
5109,2026-09-08,07:14,Nübe Altico,Domicilio,Capuchino,3,8500,Nequi,
5214,2026-09-09,15:35,NUBE ALTICO,Mostrador,Capuchino,1,8500,Nequi,
980,09/08/2026,20:39,Nübe Altico,Domicilio,Croissant,1 und,6000,Nequi,
2384,20/08/2026,18:26,Nübe Centro,Domicilio,Americano,1,5000,Tarjeta,C291
2536,2026-08-21,11:01,Nübe Altico,Domicilio,Latte,1,9000,Nequi,
1519,14/08/2026,07:14,centro,Mostrador,chocolate caliente,1,7500,Efectivo,
6352,2026-09-18,10:33,Nübe Centro,Mostrador,Latte,1,9000,Nequi,
2236,2026-08-19,09:44,Nübe Centro,Mostrador,Americano,1,5000,Efectivo,
5342,2026-09-10,06:30,Nübe Altico,Mostrador,Croissant,1,6000,Efectivo,
6485,2026-09-19,11:58,Nübe Centro,Mostrador,croissant de almendras,1,$8.000,Nequi,C230
4776,2026-09-06,18:54,Nübe Centro,Mostrador,Americano,1 und,$5.000,Nequi,
6340,2026-09-18,12:21,Nübe Centro,Mostrador,AMERICANO,3,5000,Efectivo,
3409,2026-08-27,19:03,Nübe Altico,Mostrador,Tinto,1,3000,Nequi,C128
1465,2026-08-14,17:43,Nübe Centro,Mostrador,Americano,1,5000,Tarjeta,
2474,2026-08-21,16:04,Nübe Centro,Mostrador,Croissant de almendras,1,8000,Nequi,
7042,2026-09-23,17:40,Nübe Centro,Domicilio,Tinto,1,,Efectivo,
6892,2026-09-22,17:44,Nübe Centro,Mostrador,Americano,1,5000,Efectivo,C213
1807,2026-08-16,20:40,Nübe Centro,Mostrador,Latte,1,9000,Nequi,C028
4734,2026-09-05,08:59,Nübe El Altico,Mostrador,TINTO,1,3000,Nequi,C257
3610,2026-08-29,14:11,Nübe Centro,Mostrador,Tinto ,1,3000,Nequi,
3642,2026-08-29,12:11,Nübe Centro,Mostrador,Chocolate caliente,1,$7.500,Efectivo,C223
2668,2026-08-22,13:38,Nübe Centro,Mostrador,Latte,1,9000,Nequi,C240
1584,2026-08-15,14:45,Nube Centro ,Mostrador,Chocolate  caliente,1,7500,Efectivo,
7676,2026-09-27,09:10,Nübe Altico,Mostrador,Capuccino,2,$8.500,Efectivo,
2260,2026-08-19,10:51,Nübe Centro,Mostrador,Croissant de almendras,1,8000,Nequi,
54,2026-08-03,08:02,Nübe Centro,Mostrador,Tinto,1,3000,Tarjeta,
4391,2026-09-03,08:18,Nübe Altico,Domicilio,Croissant,1,6000,Nequi,
6394,2026-09-18,06:48,Nübe Altico,Mostrador,Croissant de almendras,1,8000,Nequi,
2612,2026-08-22,08:05,Nübe Centro,Mostrador,americano,1,5000,Tarjeta,C283
7004,2026-09-23,10:45,Nübe Centro,Mostrador,Tinto,1,3000,Tarjeta,C224
839,2026-08-08,08:25,Nübe Altico,Mostrador,Latte,1,9000,Nequi,
3093,2026-08-25,11:09,Nube Centro ,Mostrador,Frappé de café,1,11000,Tarjeta,C092
3486,2026-08-28,16:05,Nübe Centro,Mostrador,Tinto,1,3000,Nequi,C203
4690,2026-09-05,14:36,Nübe Altico,Domicilio,Chocolate caliente,1,7500,Nequi,C167
175,04/08/2026,16:03,Nübe Centro,Mostrador,Capuchino,1,8500,Nequi,
884,2026-08-09,10:23,Nübe Centro,Mostrador,Capuchino,1,8500,Nequi,
862,09/08/2026,10:39,Nübe Centro,Mostrador,Capuchino,2,8500,Nequi,
2446,2026-08-21,10:04,Nübe Centro,Mostrador,tinto,1,3000,Tarjeta,
2542,21/08/2026,07:57,Nübe Altico,Mostrador,Croissant,1 und,6000,Nequi,
5334,2026-09-10,14:00,Nübe Altico,Mostrador,Capuchino,1,8500,NEQUI,
4431,2026-09-04,09:48,Nübe Centro,Mostrador,croissant,1,6000,Efectivo,
7262,2026-09-25,09:26,Nübe Centro,Mostrador,Croissant,1,6000,EFECTIVO,C260
1195,2026-08-11,07:06,Nübe Altico,Mostrador,Americano,2,5000,Tarjeta,
1706,2026-08-15,12:13,Nübe Altico,Mostrador,Croissant de almendras,1,8000,Nequi,C004
4745,2026-09-06,07:22,Nübe Centro,Mostrador,Americano,1,5000,Efectivo,
1145,2026-08-11,11:45,NUBE CENTRO,Mostrador,Tinto,1,3000,Nequi,C195
3448,2026-08-27,08:46,Nübe Altico,Mostrador,Croissant,1 und,6000,Nequi,
7499,2026-09-26,07:24,Nübe Altico,Mostrador,Americano,1 und,5000,Efectivo,
5271,2026-09-10,07:23,Nübe Centro,Mostrador, LATTE,1,9000,Tarjeta,
4733,2026-09-05,12:07,Nübe Altico,Mostrador,Frappé de café,1,11000,Efectivo,
895,2026-08-09,06:52,Nübe Centro,Mostrador,Croissant,1,6000,Nequi,C072
7496,2026-09-26,20:56,Nübe Altico,Domicilio,Frappé de café,1,$11.000,,C085
3233,2026-08-26,08:35,Nübe Centro,Mostrador,Tinto,1,3000,Efectivo,
2835,2026-08-23,17:31,Nube Centro ,Mostrador,croissant,2,6000,Efectivo,
1297,2026-08-12,07:05,Nübe Altico,Mostrador,Latte,1,9000,Nequi,C068
4826,2026-09-06,10:34,Nübe Centro,Domicilio,Tinto,1,3000,Efectivo,
6603,2026-09-19,09:51,altico,Mostrador,Croissant de almendras,2 und,8000,Efectivo,C186
626,2026-08-07,17:20,Nübe Altico,Mostrador,Tinto,0,3000,Efectivo,C010
4819,2026-09-06,18:39,Nübe Centro,Mostrador,Frappé de café,1 und,11000,Nequi,
6815,2026-09-21,09:26,Nübe Centro,Domicilio,Latte,1,9000,Nequi,
1964,2026-08-17,09:21,Nübe Centro,Mostrador,Chocolate caliente,,7500,Nequi,C044
7505,2026-09-26,06:42,Nübe Altico,Mostrador,Chocolate caliente,1,7500,Nequi,
6421,2026-09-18,09:10,Nübe El Altico,Mostrador,Tinto,1,3000,Efectivo,C279
7520,2026-09-26,18:54,Nübe Altico,Domicilio,Americano,3,5000,Tarjeta,C195
1439,2026-08-14,07:24,Nübe Centro,Mostrador,Croissant,2 und,6000,Tarjeta,C052
1714,2026-08-15,07:05,Nübe Altico,Mostrador,Frappé de café,0,11000,Efectivo,
841,2026-08-08,09:25,Nübe Altico,Domicilio,Capuchino,1,8500,Efectivo,
5221,2026-09-09,10:18,Nübe Altico,Mostrador,Croissant,0,6000,Nequi,C141
1352,2026-08-13,20:34,Nübe Centro,Mostrador,Capuchino,1,8500,Efectivo,C075
109,2026-08-04,13:19,Nübe Centro,Mostrador,Chocolate caliente,1,7500,Efectivo,C126
5599,12/09/2026,16:03,Nübe Centro,Domicilio,americano,3,5000,Efectivo,C009
3723,2026-08-29,08:33,Nübe Altico,Mostrador,Croissant,1,$6.000,Tarjeta,
4100,01/09/2026,16:41,Nübe Centro,Domicilio,Tinto,1,3000,Nequi,
1999,2026-08-17,09:26,Nübe Centro,Mostrador,Latte,1,9000,NEQUI,
4432,2026-09-04,13:58,centro,Mostrador,Croissant de almendras,1,8000,Nequi,
140,2026-08-04,07:03,Nübe Centro,Domicilio,Chocolate caliente,2,7500,EFECTIVO,
1560,2026-08-14,08:50,Nübe Altico,Mostrador,Croissant de almendras,1,8000,Efectivo,C174
2719,2026-08-22,09:18,Nübe Altico,Mostrador,Croissant de almendras,2,8000,Nequi,C251
4137,2026-09-01,15:31,Nübe Altico,Mostrador,Tinto,2,3000,Efectivo,
6928,22/09/2026,12:10,Nübe Centro,Mostrador,latte,1,9000,Efectivo,
2363,2026-08-20,11:42,Nübe Centro,Mostrador,Tinto,1,3000,Tarjeta,C037
962,2026-08-09,07:59,Nübe Altico,Mostrador,Croissant de almendras,2,8000,Efectivo,
3794,2026-08-30,17:03,Nübe Centro,Mostrador,Tinto,1,3000,Nequi,
4461,04/09/2026,09:51,Nübe Centro,Mostrador,Croissant,1,6000,EFECTIVO,
5476,2026-09-11,17:12,Nübe Altico,Domicilio,Latte,1,9000,EFECTIVO,C166
5182,2026-09-09,13:42,Nübe Centro,Domicilio,Croissant de almendras,1,8000,Nequi,C078
4455,2026-09-04,09:40,NUBE CENTRO,Mostrador,Croissant de almendras,2,$8.000,Tarjeta,
3659,2026-08-29,11:19,Nübe Centro,Mostrador,Americano,2,5000,Efectivo,
5400,2026-09-11,14:17,Nübe Centro,Mostrador,Croissant,1,6000,Efectivo,C273
3345,2026-08-27,07:07,Nube Centro ,Mostrador,Croissant de almendras,2,8000,Tarjeta,
6016,2026-09-15,08:14,Nübe Altico,Domicilio,tinto,1,3000,Efectivo,
5146,2026-09-09,12:08,Nübe Centro,Mostrador,Frappé de café,1,11000,Nequi,
5346,2026-09-10,12:09,Nübe Altico,Mostrador,Chocolate caliente,0,7500,Nequi,C280
4264,2026-09-02,14:49,Nübe Altico,Mostrador,Latte,1,9000,Tarjeta,
4384,2026-09-03,10:13,Nübe Altico,Mostrador,Latte,1,9000,TARJETA,
7586,27/09/2026,11:24,Nübe Centro,Mostrador,Capuchino,1,8500,Efectivo,
2837,2026-08-23,15:14,Nübe Centro,Mostrador,Chocolate caliente,1,7500,Efectivo,
2335,2026-08-20,08:10,NUBE CENTRO,Mostrador,Croissant de almendras,1,8000,Efectivo,
3106,25/08/2026,08:59,Nübe Centro,Mostrador,Tinto,1,3000,Nequi,C024
4948,2026-09-07,10:30,Nübe Altico,Mostrador,Capuchino,1,8500,Efectivo,C010
4792,2026-09-06,08:30,Nübe Centro,Mostrador,Capuchino,1,8500,Nequi,
581,2026-08-07,08:12,Nübe Altico,Mostrador,Croissant,1,6000,Nequi,
1140,2026-08-11,19:35,Nübe Centro,Domicilio,latte,2,9000,Nequi,
3354,2026-08-27,09:44,centro,Mostrador,Croissant,1,6000,Tarjeta,C019
4445,2026-09-04,12:42,Nübe Centro,Mostrador,Latte,1,9000,Efectivo,
498,2026-08-07,13:53,Nübe Centro,Domicilio,Capuchino,1,8500,Tarjeta,C061
816,2026-08-08,19:48,Nübe Altico,Mostrador,americano,1,$5.000,Tarjeta,
2061,2026-08-17,16:28,Nübe Altico,Mostrador,Tinto,2,3000,Tarjeta,C115
5965,2026-09-15,17:13,NUBE CENTRO,Mostrador,Tinto ,1,3000,Nequi,C019
4558,2026-09-04,08:58,Nübe El Altico,Mostrador,Croissant,3,6000,Nequi,
2075,17/08/2026,11:53,Nübe Altico,Domicilio,Frappé de café,1,11000,Nequi,C211
2840,2026-08-23,12:53,Nübe Centro,Domicilio,Frappé de café,1,11000,Nequi,C144
4651,2026-09-05,10:27,Nübe Centro,Mostrador,Latte,1,9000,Efectivo,C175
2099,18/08/2026,09:14,Nübe Centro,Mostrador,Tinto,1,3000,Efectivo,
2098,2026-08-18,08:05,Nübe Centro,Domicilio,americano,1,5000,Tarjeta,
853,09/08/2026,07:23,Nübe Centro,Mostrador,Latte,,$9.000,EFECTIVO,
1110,2026-08-11,11:29,Nube Centro ,Domicilio,Tinto,1,3000,,C211
3109,2026-08-25,16:51,Nübe Centro,Mostrador,Croissant,2,6000,Nequi,
1289,2026-08-12,08:43,Nübe Altico,Mostrador,Tinto,1,3000,EFECTIVO,C228
7155,24/09/2026,09:46,Nübe Centro,Mostrador,Croissant,1,$6.000,Tarjeta,
2365,2026-08-20,17:50,NUBE CENTRO,Mostrador,Frappé de café,1,11000,Efectivo,
7587,2026-09-27,09:39,Nübe Centro,Mostrador,Latte,1,9000,Nequi,C237
6247,2026-09-17,08:19,Nübe Altico,Mostrador,Capuchino,1,8500,Tarjeta,C125
4342,2026-09-03,16:06,Nübe Centro,Domicilio,Americano,2,5000,Nequi,
4104,2026-09-01,19:02,Nübe Centro,Domicilio,Tinto,1,3000,Nequi,
2397,2026-08-20,16:38,Nübe Centro,Mostrador,Latte,1,9000,Nequi,C082
2900,2026-08-23,18:12,Nübe Altico,Mostrador,Capuchino,3,8500,Nequi,
3549,2026-08-28,09:18,Nübe Altico,Domicilio,Tinto,1,3000,Efectivo,C060
2740,2026-08-22,19:15,Nübe Altico,Mostrador,Croissant,2,6000,Efectivo,C136
423,2026-08-06,07:30,Nübe Altico,Mostrador,Tinto,1,3000,Efectivo,C275
5141,2026-09-09,08:33,Nübe Centro,Mostrador,Tinto,1,3000,Nequi,
4560,2026-09-04,15:26,Nübe Altico,Domicilio,Frappé de café,1,11000,Tarjeta,C256
4878,2026-09-06,11:20,Nübe Altico,Mostrador,chocolate caliente,2,7500,Nequi,C069
2589,2026-08-21,08:31,Nübe Altico,Mostrador,Tinto,3,3000,Tarjeta,
6186,2026-09-17,16:27,Nübe Centro,Domicilio,Frappé de café,2,11000,Nequi,C287
1987,2026-08-17,14:58,Nübe Centro,Mostrador,Frappé de café,1,11000,Efectivo,
7005,2026-09-23,15:01,Nübe Centro,Mostrador,Croissant,1,6000,,
5654,2026-09-12,10:37,Nübe Altico,Mostrador,Croissant de almendras,1,8000,Efectivo,C109
5953,2026-09-15,10:33,centro,Domicilio,Tinto,1,3000,Tarjeta,C298
6971,2026-09-22,07:30,Nübe Altico,Mostrador,Capuchino,1,8500,Nequi,
1765,2026-08-16,10:42,Nübe Centro,Domicilio,Latte,1,9000,Efectivo,
2198,2026-08-18,07:21,Nübe Altico,Mostrador,Tinto,1 und,3000,Efectivo,
3729,29/08/2026,09:04,Nübe Altico,Mostrador,americano,1,$5.000,Efectivo,C120
2686,2026-08-22,15:13,Nübe Centro,Domicilio,Croissant,3,6000,NEQUI,
1968,2026-08-17,15:39,Nübe Centro,Mostrador,Croissant de almendras,2,8000,Tarjeta,
7606,2026-09-27,10:26,Nübe Centro,Mostrador,Croissant,1,$6.000,Efectivo,
1228,2026-08-12,11:31,centro,Mostrador,Capuchino,1,8500,Tarjeta,C184
6534,19/09/2026,10:16,Nübe Centro,Mostrador,Americano,1,$5.000,Efectivo,C167
1001,09/08/2026,17:03,Nübe Altico,Mostrador,Croissant de almendras,1,8000,Efectivo,C112
2965,23/08/2026,09:01,Nübe Altico,Mostrador,Chocolate caliente,1,7500,Efectivo,
2992,2026-08-24,16:05,Nübe Centro,Mostrador,Capuchino,1,8500,Efectivo,
482,2026-08-07,10:54,Nübe Centro,Mostrador,Croissant almendras,1,8000,Efectivo,
3384,2026-08-27,18:44,Nübe Centro,Domicilio,Tinto ,1,3000,Tarjeta,
413,2026-08-06,16:27,Nübe Altico,Mostrador,Frappé de café,1,11000,Nequi,
4599,2026-09-05,10:17,Nübe Centro,Mostrador,Tinto,1,3000,Efectivo,C264
3148,2026-08-25,19:06,Nübe Centro,Mostrador,Capuchino,1,8500,Nequi,C068
3575,2026-08-28,19:32,Nübe Altico,Mostrador,croissant,1,6000,Nequi,
1695,2026-08-15,07:55,Nübe Centro,Mostrador,Croissant de almendras,1,$8.000,Efectivo,C294
2264,2026-08-19,13:36,Nübe Centro,Mostrador,CROISSANT ,1,6000,Efectivo,C091
5680,2026-09-13,07:44,Nübe Centro,Mostrador,TINTO,3,3000,Tarjeta,
176,2026-08-04,08:42,Nübe El Altico,Domicilio,Chocolate caliente,1,7500,Nequi,C240
5216,2026-09-09,14:20,Nübe Altico,Domicilio,Croissant de almendras,2,8000,Nequi,
2763,22/08/2026,15:51,Nübe Altico,Domicilio,Croissant,2,6000,Nequi,
2778,2026-08-22,16:38,Nübe Altico,Mostrador,Latte,1,9000,Efectivo,C114
2577,21/08/2026,09:23,Nübe Altico,Mostrador,Tinto,1,3000,EFECTIVO,C284
7024,23/09/2026,10:10,Nübe Centro,Domicilio,Tinto,1,3000,Efectivo,
6045,2026-09-15,16:04,Nübe Altico,Mostrador,Tinto,1,3000,Nequi,C203
1235,2026-08-12,08:03,Nübe Centro,Domicilio,Latte,2,9000,Tarjeta,C001
4236,02/09/2026,18:09,Nübe Centro,Mostrador,Capuccino,1 und,$8.500,Nequi,C120
2886,2026-08-23,18:36,Nübe Centro,Mostrador,Americano,1,5000,Tarjeta,
4133,2026-09-01,13:17,Nübe Altico,Mostrador,Frappé de café,1,11000,TARJETA,
2455,2026-08-21,14:50,Nübe Centro,Domicilio,croissant,2,,Efectivo,
2366,20/08/2026,09:38,Nübe Centro,Mostrador,Capuchino,1,8500,Nequi,C206
1857,2026-08-16,09:03,Nübe Centro,Mostrador,Chocolate  caliente,1,7500,Tarjeta,C233
2792,2026-08-22,08:38,Nübe Altico,Domicilio,Capuchino,1,8500,Tarjeta,C038
4211,02/09/2026,10:24,Nübe Centro,Mostrador,americano,1,5000,Nequi,
1864,2026-08-16,09:45,Nübe Altico,Domicilio,Croissant,1,,Nequi,
2875,23/08/2026,16:13,Nübe Centro,Mostrador,Croissant de almendras,2,8000,Tarjeta,
6823,2026-09-21,10:12,Nübe Centro,Mostrador,Americano,1,$5.000,Tarjeta,C052
3899,2026-08-30,13:28,Nübe Altico,Mostrador,Croissant almendras,1,8000,Tarjeta,
1540,2026-08-14,20:39,Nübe Altico,Mostrador,Croissant,1,6000,Efectivo,
7443,2026-09-26,12:32,Nübe Centro,Domicilio,Croissant de almendras,1,8000,Efectivo,C198
1153,2026-08-11,07:26,Nübe Altico,Mostrador,Latte,3,9000,EFECTIVO,
2774,2026-08-22,15:33,Nübe Altico,Mostrador,Capuchino,1,8500,Efectivo,
409,06/08/2026,08:33,Nübe Centro,Mostrador,Americano,1,5000,Efectivo,
665,2026-08-08,07:05,Nübe Centro,Domicilio,Tinto ,1,3000,Nequi,C166
5751,2026-09-13,11:07,Nübe El Altico,Domicilio,Latte,1,$9.000,Efectivo,C269
4403,2026-09-03,10:43,Nübe Altico,Mostrador,Croissant,1,6000,Tarjeta,
5633,2026-09-12,15:59,Nübe Altico,Domicilio,Chocolate caliente,1,7500,Efectivo,
1348,2026-08-13,20:03,Nübe Centro,Mostrador,Croisant,2,6000,Tarjeta,
5456,2026-09-11,08:27,Nübe Centro,Mostrador,Capuchino,1,8500,Tarjeta,
5056,2026-09-08,07:54,Nübe Centro,Domicilio,Latte,1,9000,Nequi,C084
1191,2026-08-11,13:58,Nübe Altico,Mostrador,Tinto,1,3000,Nequi,
7421,2026-09-26,11:31,Nübe Centro,Domicilio,Chocolate caliente,1,7500,Efectivo,
1442,2026-08-14,19:08,Nübe Centro,Domicilio,Americano,1,5000,Efectivo,
4548,2026-09-04,07:03,Nübe Altico,Mostrador,Frappé de café,1,$11.000,Tarjeta,
747,08/08/2026,10:52,Nübe Centro,Mostrador,Croissant de almendras,1,8000,Tarjeta,
6161,2026-09-16,08:14,Nübe Altico,Domicilio,Croissant,1,$6.000,Efectivo,
1064,2026-08-10,08:38,Nübe Altico,Mostrador,Americano,1,5000,TARJETA,
1723,15/08/2026,16:34,altico,Mostrador,Capuchino,1,8500,Tarjeta,
271,2026-08-05,08:49,Nübe Centro,Mostrador,Capuchino,1,8500,EFECTIVO,C124
4963,2026-09-07,16:44,Nübe Altico,Mostrador,Tinto,1,3000,EFECTIVO,C294
3744,2026-08-29,08:54,Nübe Altico,Mostrador,Croissant de almendras,1,8000,Nequi,C284
6046,2026-09-15,14:28,Nübe Altico,Mostrador,Capuchino,1,8500,Efectivo,
5839,2026-09-14,08:06,Nübe Centro,Mostrador,croissant de almendras,1,8000,Efectivo,C131
1906,2026-08-16,09:11,Nübe Altico,Domicilio,Tinto,2,$3.000,Nequi,
1074,2026-08-10,07:36,Nübe Altico,Mostrador,Croissant de almendras,1,8000,Tarjeta,C131
4661,2026-09-05,07:09,Nübe Centro,Domicilio,Chocolate caliente,2,7500,Tarjeta,C183
5227,09/09/2026,19:26,Nübe Altico,Domicilio,Croissant de almendras,1,8000,Tarjeta,
3748,2026-08-29,09:34,Nübe Altico,Mostrador,Tinto,1,3000,Efectivo,
6089,16/09/2026,17:26,Nübe Centro,Mostrador,Americano,2,5000,Tarjeta,
2324,2026-08-19,17:31,Nübe Altico,Mostrador,Frappé de café,2 und,11000,Nequi,C044
3173,2026-08-25,17:24,Nübe Altico,Mostrador,Capuchino,1,8500,Tarjeta,
4916,07/09/2026,08:03,NUBE CENTRO,Mostrador,Capuchino,1,8500,Efectivo,C065
6274,2026-09-17,08:35,Nübe El Altico,Mostrador,Tinto,2,3000,Tarjeta,C161
7293,2026-09-25,08:24,Nübe Centro,Mostrador,Croissant,1,6000,Nequi,C040
5413,2026-09-11,08:21,Nübe Centro,Mostrador,Capuchino,2,8500,Tarjeta,C273
4648,2026-09-05,18:59,Nübe Centro,Mostrador,Capuchino,1,8500,Efectivo,
4066,2026-09-01,07:07,Nübe Centro,Mostrador,Tinto,2,3000,Efectivo,C125
2735,2026-08-22,19:32,Nübe Altico,Mostrador,Capuchino,1,8500,Efectivo,C155
1870,2026-08-16,14:50,Nübe Altico,Mostrador,Tinto,1,3000,Nequi,
2342,2026-08-20,13:48,Nübe Centro,Mostrador,Croissant,1,6000,Efectivo,
2836,2026-08-23,16:37,Nübe Centro,Mostrador,Americano,1,5000,Efectivo,C108
5587,2026-09-12,18:08,centro,Mostrador,Tinto,2,3000,Nequi,
2158,2026-08-18,15:43,Nübe Centro,Mostrador,Capuchino,1,8500,Nequi,C291
7402,2026-09-26,13:18,Nübe Centro,Mostrador,Capuchino,1,8500,Tarjeta,C173
5080,2026-09-08,15:47,Nübe Altico,Mostrador,Capuchino,1 und,8500,Nequi,
1435,2026-08-13,16:10,Nübe Altico,Mostrador,Croissant de almendras,2,8000,Efectivo,
1734,15/08/2026,11:12,Nübe Altico,Domicilio, Capuchino ,1,8500,Tarjeta,C137
5223,09/09/2026,12:50,Nübe Altico,Mostrador,Tinto,1,3000,Efectivo,
459,06/08/2026,10:49,Nübe Altico,Domicilio,Croissant,1,6000,Nequi,C035
1023,10/08/2026,13:01,Nübe Centro,Mostrador,Tinto,2,$3.000,Tarjeta,
2574,2026-08-21,18:39,Nübe Altico,Domicilio,Croissant de almendras,1,$8.000,Efectivo,
5286,2026-09-10,11:51,Nübe Centro,Mostrador,CAPUCHINO,1,8500,Nequi,
4794,2026-09-06,07:31,Nübe Centro,Mostrador,Croissant,1,6000,Efectivo,C149
3958,2026-08-31,14:28,Nübe Centro,Mostrador,Latte,1,9000,Nequi,C280
640,2026-08-07,11:53,Nübe Altico,Mostrador,tinto,2,3000,Efectivo,
2984,24/08/2026,07:43,Nübe Centro,Mostrador,Croissant de almendras,2,8000,Nequi,
3924,2026-08-31,07:15,Nübe Centro,Mostrador,Frappé de café,1,11000,Tarjeta,
5558,2026-09-12,10:50,Nübe Centro,Mostrador,Latte,2,$9.000,Tarjeta,
1123,2026-08-11,09:40,Nübe Centro,Mostrador,Croissant,1,6000,Efectivo,
6451,2026-09-19,12:45,Nübe Centro,Domicilio,Frappé de café,1,11000,Tarjeta,
5997,2026-09-15,07:10,Nübe Centro,Mostrador,Croissant,1,6000,Nequi,C272
7473,26/09/2026,14:00,Nübe Altico,Mostrador,tinto,1,3000,Efectivo,
1503,2026-08-14,09:05,Nübe Centro,Mostrador,Frappé de café,2 und,11000,Nequi,C045
4849,06/09/2026,12:32,Nübe Altico,Mostrador,Tinto,1,3000,Tarjeta,
1225,2026-08-12,09:32,Nübe Centro,Domicilio,Croissant,1,$6.000,Tarjeta,
5501,2026-09-11,14:08,Nübe Altico,Domicilio,Croissant,1,6000,Efectivo,C245
20,2026-08-03,14:10,Nübe Centro,Mostrador,Chocolate caliente,1,7500,Nequi,C210
2503,2026-08-21,09:19,Nübe Centro,Mostrador,Americano,1,5000,Efectivo,C177
625,2026-08-07,19:14,Nübe Altico,Mostrador,Latte,1,9000,Efectivo,
6973,2026-09-22,12:46,Nübe Altico,Mostrador,Chocolate caliente,1,,Efectivo,C049
7002,2026-09-23,06:51,Nübe Centro,Mostrador,Tinto,1,3000,Efectivo,C095
3705,2026-08-29,11:01,Nübe Centro,Mostrador,Capuchino,1,8500,Tarjeta,C151
234,2026-08-05,07:00,Nübe Centro,Mostrador,Chocolate caliente,2,7500,Nequi,C219
5701,2026-09-13,16:54,Nübe Centro,Mostrador,Croissant,1,6000,Efectivo,
2371,20/08/2026,08:06,Nübe Centro,Domicilio,Tinto,1,3000,Nequi,C228
4033,2026-08-31,10:05,Nübe Altico,Mostrador,Americano,1,$5.000,Efectivo,
5981,2026-09-15,10:03,Nübe Centro,Mostrador,CAPUCHINO,1,8500,,
1958,17/08/2026,10:33,Nübe Centro,Mostrador,Tinto,1,$3.000,Tarjeta,C268
2918,2026-08-23,11:31,Nübe Altico,Mostrador,Capuchino,1,8500,Tarjeta,C052
1413,2026-08-13,18:30,Nübe Altico,Mostrador,Frappé de café,1,11000,Nequi,
5219,2026-09-09,17:24,Nübe Altico,Mostrador,Americano,1,5000,Efectivo,C283
536,2026-08-07,07:38,Nübe Centro,Mostrador,Tinto,1,,TARJETA,C089
3633,2026-08-29,15:29,NUBE CENTRO,Mostrador,Tinto,1,$3.000,Nequi,
961,2026-08-09,10:49,Nübe Altico,Mostrador,Americano,1,5000,Efectivo,
4691,2026-09-05,06:30,Nübe Altico,Mostrador,Tinto,1,3000,EFECTIVO,C023
1636,2026-08-15,07:46,Nübe Centro,Mostrador,Croissant de almendras,1,8000,Efectivo,
5466,11/09/2026,09:22,Nübe Centro,Mostrador,Croissant,1,6000,Nequi,C135
307,2026-08-05,19:23,Nübe Altico,Mostrador,Americano,1,5000,Nequi,C261
88,2026-08-03,16:06,Nübe Altico,Mostrador,Croissant de almendras,2,8000,Efectivo,C198
1324,2026-08-13,07:35,Nübe Centro,Domicilio,Tinto,1,3000,Tarjeta,
5723,2026-09-13,08:42,NUBE CENTRO,Mostrador,Tinto,1,3000,Efectivo,
6634,2026-09-20,17:54,Nübe Centro,Mostrador,Frappé de café,1,11000,Nequi,
5200,2026-09-09,14:00,Nübe Altico,Mostrador,Capuchino,1,8500,Nequi,
1352,2026-08-13,20:34,Nube Centro ,Mostrador,Tinto,1,3000,Efectivo,C075
2284,2026-08-19,10:41,Nübe Centro,Mostrador,Capuchino,1,8500,TARJETA,
4994,2026-09-07,16:02,Nübe Altico,Mostrador,Tinto,1,3000,Tarjeta,C079
3684,2026-08-29,16:21,Nübe Centro,Mostrador,Frappé de café,1,11000,Nequi,
3101,25/08/2026,09:16,Nübe Centro,Domicilio, Capuchino ,2,$8.500,Tarjeta,C126
4268,02/09/2026,16:07,Nübe Altico,Domicilio,Frappé de café,1,11000,Nequi,
228,2026-08-05,07:40,Nübe Centro,Mostrador,AMERICANO,1,5000,Efectivo,
3107,2026-08-25,12:26,Nübe Centro,Mostrador,Tinto,1,3000,TARJETA,C056
4472,2026-09-04,17:22,Nübe Centro,Mostrador,Capuccino,1,$8.500,Efectivo,C060
6338,2026-09-18,08:28,Nübe Centro,Domicilio,latte,1 und,9000,Efectivo,
6108,2026-09-16,09:58,Nübe Centro,Mostrador,Tinto,1,3000,Nequi,
4283,2026-09-02,18:23,Nübe Altico,Mostrador, Capuchino ,1,8500,Nequi,C054
3197,2026-08-25,11:13,Nübe Altico,Mostrador,Capuchino,1,8500,Tarjeta,C010
1566,2026-08-14,09:01,Nübe Altico,Mostrador,Capuchino,3,8500,Nequi,C124
5695,2026-09-13,07:34,Nübe Centro,Mostrador,Frappé de café,1 und,11000,Nequi,
629,2026-08-07,10:05,altico,Domicilio,Croissant de almendras,1,8000,Efectivo,
1590,2026-08-15,07:24,Nübe Centro,Mostrador,Croissant de almendras,1,8000,TARJETA,C263
4613,2026-09-05,15:47,Nübe Centro,Mostrador,Croissant,1,6000,Efectivo,C151
5245,2026-09-10,13:48,Nübe Centro,Mostrador,Tinto ,1,3000,Tarjeta,C215
6653,2026-09-20,20:29,Nübe Centro,Mostrador,Tinto,1,3000,Efectivo,
6035,2026-09-15,12:18,Nübe Altico,Mostrador,CROISSANT ,1,6000,Tarjeta,
5591,2026-09-12,08:48,Nübe Centro,Domicilio,Latte,1,9000,Nequi,C171
5081,2026-09-08,15:19,Nübe Altico,Mostrador,Croissant de almendras,1,8000,Tarjeta,
4596,2026-09-05,07:03,Nübe Centro,Mostrador,capuchino,2,8500,Tarjeta,
6456,2026-09-19,10:17,Nübe Centro,Mostrador,Capuchino,2,8500,Efectivo,
2104,2026-08-18,10:28,Nübe Centro,Mostrador,AMERICANO,1,5000,Nequi,C017
5431,2026-09-11,15:38,Nübe Centro,Domicilio,Croissant de almendras,1,8000,,C161
4712,2026-09-05,14:36,Nübe Altico,Mostrador,Croissant,2,6000,Nequi,
6639,2026-09-20,19:00,Nübe Centro,Mostrador,Latte,2,9000,Efectivo,
3874,2026-08-30,15:28,Nübe Altico,Mostrador,tinto,2,3000,Nequi,C200
6058,2026-09-16,06:32,centro,Mostrador,americano,1,5000,EFECTIVO,C207
978,2026-08-09,07:28,Nübe Altico,Mostrador,Croissant,1,6000,,
3069,2026-08-24,09:42,Nübe Altico,Mostrador,Latte,1,9000,Tarjeta,
6690,2026-09-20,13:34,Nübe Centro,Mostrador,CAPUCHINO,1,8500,Nequi,C005
638,2026-08-07,09:21,Nübe Altico,Mostrador,Croissant,2,6000,Tarjeta,
6643,2026-09-20,09:03,Nübe Centro,Mostrador,Chocolate caliente,1,7500,Nequi,
2128,2026-08-18,10:08,Nübe Centro,Mostrador,Latte,1,9000,Tarjeta,C235
3133,2026-08-25,07:20,Nübe Centro,Domicilio,Tinto,2,3000,Tarjeta,
6661,2026-09-20,11:38,Nübe Centro,Mostrador,Croissant de almendras,1,8000,Efectivo,
6410,2026-09-18,07:46,Nübe Altico,Mostrador,Latte,1,9000,Tarjeta,
2837,23/08/2026,15:14,Nübe Centro,Mostrador,Americano,1,5000,Efectivo,
7197,2026-09-24,07:07,Nübe Altico,Mostrador,Latte,1,9000,Nequi,C033
2077,2026-08-17,17:09,Nübe Altico,Domicilio,Croissant,2,6000,Efectivo,
2768,2026-08-22,14:39,Nübe Altico,Mostrador,Croissant,2,6000,Nequi,
7475,2026-09-26,06:27,Nübe Altico,Domicilio,Chocolate caliente,1,7500,NEQUI,
1567,2026-08-14,16:40,Nübe Altico,Mostrador,Croissant de almendras,1,8000,Efectivo,
6267,17/09/2026,07:38,Nübe Altico,Mostrador,Capuchino,2,$8.500,Nequi,
4621,2026-09-05,14:06,Nübe Centro,Mostrador,Croissant de almendras,1,$8.000,Nequi,
5945,2026-09-14,14:08,Nübe Altico,Mostrador,Croissant,1,6000,Tarjeta,
1077,2026-08-10,12:48,Nübe Altico,Mostrador,TINTO,1,3000,Efectivo,
4704,2026-09-05,18:08,Nübe Altico,Domicilio,Latte,1,9000,Efectivo,C139
4107,2026-09-01,19:34,Nübe Centro,Mostrador,Frappé de café,1,11000,EFECTIVO,C078
5468,2026-09-11,09:36,Nübe Centro,Domicilio,CROISSANT ,1,6000,Efectivo,C178
5010,2026-09-08,09:17,Nube Centro ,Mostrador,Americano,1,5000,Tarjeta,
1158,2026-08-11,14:54,Nübe Altico,Mostrador,Tinto,2,3000,Nequi,
2995,2026-08-24,09:49,Nübe Centro,Mostrador,Capuchino,1,8500,Nequi,C225
5599,2026-09-12,16:03,Nübe Centro,Domicilio,capuchino,1,8500,Efectivo,C009
7660,2026-09-27,18:40,Nübe Altico,Mostrador,Tinto,1,3000,Efectivo,C074
303,2026-08-05,10:12,Nübe Altico,Mostrador,Chocolate caliente,1,7500,Efectivo,
952,2026-08-09,16:51,Nübe Altico,Mostrador,croissant,2,6000,Nequi,
5391,2026-09-10,13:51,Nübe Altico,Mostrador,Tinto,1,3000,Tarjeta,C180
3219,2026-08-26,08:15,Nube Centro ,Domicilio,Latte,1,9000,Efectivo,
429,2026-08-06,09:28,Nübe Altico,Domicilio,Chocolate caliente,1,7500,Nequi,
1115,11/08/2026,13:10,Nübe Centro,Mostrador,Tinto,1,3000,NEQUI,
3940,2026-08-31,07:50,Nube Centro ,Mostrador,Americano,1,5000,Tarjeta,
3354,2026-08-27,09:44,Nübe Centro,Mostrador,Tinto ,2,3000,Tarjeta,C019
1283,2026-08-12,19:30,Nübe Altico,Domicilio,Croissant,1,6000,Tarjeta,
474,2026-08-07,15:44,Nübe Centro,Mostrador,Capuchino,1,8500,Nequi,
6937,2026-09-22,09:38,Nübe Centro,Mostrador,Chocolate  caliente,1,7500,TARJETA,C197
2121,2026-08-18,10:56,Nübe Centro,Domicilio,Tinto,1,3000,Nequi,C195
2300,2026-08-19,09:20,Nübe Altico,Mostrador,Frappé de café,1,,Tarjeta,
902,09/08/2026,18:47,Nübe Centro,Mostrador,Tinto,1,3000,Nequi,
909,2026-08-09,11:02,Nübe Centro,Mostrador,Frappé de café,1,11000,Tarjeta,
2693,2026-08-22,16:38,Nübe Centro,Mostrador,Chocolate caliente,1,7500,NEQUI,
4748,2026-09-06,09:32,Nübe Centro,Mostrador,Croissant,2,6000,Tarjeta,
5838,2026-09-14,19:43,Nübe Centro,Domicilio,Americano,1,5000,Efectivo,C230
1404,2026-08-13,07:24,Nübe Altico,Mostrador,Tinto,2,3000,Efectivo,C061
5159,2026-09-09,08:01,Nübe Centro,Mostrador,Croissant,1,6000,Efectivo,
6791,2026-09-21,07:15,Nübe Centro,Mostrador,Tinto,1,3000,Efectivo,
3246,2026-08-26,11:24,Nübe Centro,Mostrador,Tinto,1,3000,Nequi,C261
7200,2026-09-24,16:16,Nübe Altico,Mostrador,Americano,1,5000,Tarjeta,
2372,2026-08-20,16:42,NUBE CENTRO,Mostrador,Latte,3,9000,Tarjeta,C004
4262,2026-09-02,10:32,Nübe Altico,Mostrador,Tinto,1,3000,Nequi,
4112,2026-09-01,07:32,Nübe Centro,Domicilio,Croissant de almendras,3,8000,,
1755,15/08/2026,17:57,Nübe Altico,Mostrador,Tinto,2,$3.000,Tarjeta,
7665,2026-09-27,09:45,Nübe Altico,Mostrador,Chocolate caliente,1,7500,TARJETA,
1923,17/08/2026,14:19,Nübe Centro,Mostrador,Capuchino,1,8500,Efectivo,C190
5192,2026-09-09,07:15,Nübe Centro,Mostrador,Croissant de almendras,1,8000,Efectivo,
5167,2026-09-09,18:02,Nübe Centro,Mostrador,Croissant de almendras,2,8000,Efectivo,C277
7274,2026-09-25,08:47,Nube Centro ,Mostrador,Latte,1,9000,Nequi,C100
1361,2026-08-13,15:58,Nübe Centro,Mostrador,Frappé de café,1,11000,Efectivo,C162
341,2026-08-06,14:11,Nübe Centro,Mostrador,Tinto,2,3000,,
6440,2026-09-18,08:41,Nübe Altico,Mostrador,Capuchino,1,8500,Tarjeta,C016
6716,2026-09-20,10:13,Nübe Altico,Domicilio,Tinto,2,3000,Tarjeta,
1404,2026-08-13,07:24,Nübe Altico,Mostrador, LATTE,1,9000,Efectivo,C061
878,2026-08-09,16:22,Nübe Centro,Mostrador,Croissant,2,,EFECTIVO,C044
5453,11/09/2026,06:03,Nübe Centro,Mostrador,Americano,1,5000,NEQUI,
5732,2026-09-13,17:12,centro,Domicilio,Chocolate caliente,3,7500,Efectivo,
641,2026-08-07,10:30,Nübe Altico,Domicilio,Tinto,,3000,Nequi,C011
3620,2026-08-29,16:42,Nübe Centro,Mostrador,Tinto,1,3000,Nequi,
5189,2026-09-09,19:28,Nübe Centro,Mostrador,Frappé de café,1,11000,Efectivo,C253
3606,2026-08-29,09:48,centro,Domicilio,Americano,1,5000,Efectivo,
3719,2026-08-29,08:48,Nübe Altico,Mostrador,Tinto,1,3000,Nequi,C232
241,05/08/2026,10:04,Nübe Centro,Mostrador,Chocolate caliente,2,7500,Tarjeta,
3515,2026-08-28,18:21,Nübe Centro,Mostrador,Capuchino,2,8500,Tarjeta,C237
6980,2026-09-22,13:01,altico,Mostrador,Americano,1,5000,Efectivo,C182
4611,2026-09-05,12:10,Nübe Centro,Domicilio,Chocolate caliente,1,7500,Tarjeta,
3771,2026-08-29,09:33,Nübe Altico,Domicilio,Americano,1,5000,Efectivo,C180
2714,2026-08-22,11:12,Nübe Centro,Mostrador,Capuchino,3,8500,Efectivo,
4175,2026-09-01,16:02,Nübe Altico,Mostrador,Croisant,1 und,6000,Efectivo,C167
4966,2026-09-07,17:59,Nübe Altico,Domicilio,Croissant,2,6000,Tarjeta,C170
7384,2026-09-26,12:53,Nübe Centro,Domicilio,Croissant de almendras,1,8000,Nequi,
6952,2026-09-22,10:48,Nübe Altico,Mostrador,Croissant de almendras,1,8000,Tarjeta,C111
3127,2026-08-25,08:36,Nübe Centro,Mostrador,Croissant,1,6000,Efectivo,C188
6346,2026-09-18,20:31,Nübe Centro,Mostrador,Croissant,1,6000,Efectivo,
4197,2026-09-02,15:08,Nübe Centro,Domicilio,Capuchino,3,8500,Efectivo,C064
2993,24/08/2026,08:33,Nübe Centro,Mostrador,Capuchino,1,$8.500,Tarjeta,C256
4502,2026-09-04,08:25,centro,Mostrador,Tinto,1,3000,TARJETA,C187
4988,2026-09-07,10:43,Nübe Altico,Mostrador,Chocolate caliente,1,7500,Tarjeta,
535,2026-08-07,09:52,Nübe Centro,Domicilio,Americano,1,5000,Efectivo,
2556,21/08/2026,09:40,Nübe Altico,Domicilio,TINTO,1,$3.000,Efectivo,C241
7477,2026-09-26,08:39,Nübe Altico,Mostrador,Croissant almendras,1,8000,Tarjeta,
5232,2026-09-09,13:50,Nübe Altico,Domicilio,Tinto,1,$3.000,Nequi,
1451,14/08/2026,08:56,Nübe Centro,Mostrador,Croissant,1,6000,Nequi,C003
5818,2026-09-14,08:36,Nübe Centro,Mostrador,Capuchino,1,8500,Nequi,C262
1713,2026-08-15,16:49,Nübe Altico,Mostrador,Latte,2,9000,Efectivo,
940,2026-08-09,07:49,Nübe Centro,Mostrador,Croissant de almendras,3,8000,Efectivo,
2288,2026-08-19,07:30,Nübe Altico,Mostrador,latte,1,$9.000,Efectivo,C269
2266,2026-08-19,17:49,Nübe Centro,Mostrador,Tinto,2,3000,Nequi,
4188,2026-09-02,07:09,Nübe Centro,Mostrador,Capuchino,1 und,8500,Nequi,
911,2026-08-09,16:01,Nübe Centro,Mostrador,Croissant de almendras,2,8000,Nequi,
6923,2026-09-22,14:48,Nübe Centro,Domicilio,Croissant,2 und,6000,Tarjeta,C215
4528,2026-09-04,10:24,Nübe Altico,Mostrador,Frappé de café,1,11000,Nequi,
5032,2026-09-08,15:04,Nübe Centro,Mostrador,Tinto,1,3000,Nequi,
1072,2026-08-10,16:28,altico,Mostrador,Frappé de café,1,11000,Tarjeta,C243
4592,2026-09-05,08:03,Nübe Centro,Mostrador,Latte,2,9000,Nequi,
7174,2026-09-24,17:59,Nübe Centro,Mostrador,Croissant,1,6000,EFECTIVO,
1711,2026-08-15,07:24,Nübe Altico,Domicilio,Croissant,1,6000,Tarjeta,
7272,2026-09-25,07:20,Nübe Centro,Mostrador,Latte,1,9000,Tarjeta,C152
5789,2026-09-13,18:08,Nübe Altico,Mostrador,Americano,1,5000,Tarjeta,
4089,2026-09-01,07:53,Nübe Centro,Domicilio,Capuchino,1,8500,Efectivo,C041
5902,2026-09-14,14:51,Nübe Altico,Mostrador,Latte,1,,TARJETA,C190
6360,2026-09-18,10:12,Nübe Centro,Mostrador,Tinto,1,3000,Efectivo,C175
7433,2026-09-26,07:02,Nübe Centro,Domicilio,Croissant,1,6000,Nequi,
1061,2026-08-10,12:35,Nübe Altico,Mostrador,Americano,1,5000,Nequi,
3820,2026-08-30,12:46,Nübe Centro,Mostrador,Croissant de almendras,1,8000,Nequi,
